Date,Symbol,Open,High,Low,Close,Volume,Data_Source,Daily_Return,SMA_20,SMA_50,SMA_200,Rolling_Volume_20,Volatility_20,Drawdown,Trend_Signal,Long_Term_Trend,Return_ZScore,Return_Anomaly,Volatility_Spike,High_Volume_Event,Risk_Score,Event_Label
2022-01-03,AAPL,167.5514,168.8253,166.5508,167.6756,46739988,offline_fallback,,167.6756,167.6756,167.6756,46739988.0,,0.0,Neutral,Above long MA,,False,False,False,0.3,normal
2022-01-04,AAPL,161.6256,164.3918,161.4085,161.627,24327721,offline_fallback,-0.03607322711235261,164.6513,164.6513,164.6513,35533854.5,,-0.03607322711235261,Neutral,Above long MA,,False,False,False,1.9,normal
2022-01-05,AAPL,163.0594,164.8429,162.7683,163.4711,104433729,offline_fallback,0.011409603593458995,164.2579,164.2579,164.2579,58500479.333333336,,-0.025075204740582335,Neutral,Above long MA,,False,False,False,1.4,normal
2022-01-06,AAPL,165.3487,168.9578,163.0762,165.7511,49870571,offline_fallback,0.01394741945212341,164.6312,164.6312,164.6312,56343002.25,,-0.011477519686823867,Neutral,Above long MA,,False,False,False,1.0,normal
2022-01-07,AAPL,163.9466,165.8591,161.1153,164.9183,136766282,offline_fallback,-0.005024401044699034,164.68862,164.68862,164.68862,72427658.2,,-0.01644425306961783,Neutral,Above long MA,,False,False,True,1.2,high_volume
2022-01-10,AAPL,165.7222,166.8461,162.7159,166.0994,133264677,offline_fallback,0.007161727958631792,164.92375,164.92375,164.92375,82567161.33333333,0.02054143863269708,-0.009400294377953644,Neutral,Above long MA,,False,False,True,33.6,high_volume
2022-01-11,AAPL,169.1527,174.4628,167.431,171.3045,113456556,offline_fallback,0.031337259496421854,165.8352857142857,165.8352857142857,165.8352857142857,86979932.0,0.022795710426777322,0.0,Neutral,Above long MA,,False,False,False,41.8,normal
2022-01-12,AAPL,175.7375,177.5058,171.733,174.6696,82106195,offline_fallback,0.019643967321348876,166.939575,166.939575,166.939575,86370714.875,0.021654792362079057,0.0,Neutral,Above long MA,,False,False,False,37.0,normal
2022-01-13,AAPL,177.0922,179.9327,174.2593,176.9906,90511006,offline_fallback,0.013287944782606642,168.05635555555557,168.05635555555557,168.05635555555557,86830747.22222222,0.020210764036244687,0.0,Neutral,Above long MA,,False,False,False,31.8,normal
2022-01-14,AAPL,180.5516,183.3536,177.8077,179.279,99214931,offline_fallback,0.012929500210745681,169.17862,169.17862,169.17862,88069165.6,0.019009822203298745,0.0,Neutral,Above long MA,,False,False,False,24.4,normal
2022-01-17,AAPL,175.7714,179.6915,173.7075,176.5908,9481535,offline_fallback,-0.014994505770335564,169.85245454545455,169.85245454545455,169.85245454545455,80924835.54545455,0.019297210537112273,-0.014994505770335564,Neutral,Above long MA,,False,False,False,28.1,normal
2022-01-18,AAPL,178.0805,182.45,174.9747,179.7522,47992185,offline_fallback,0.017902404881794398,170.6774333333333,170.6774333333333,170.6774333333333,78180448.0,0.018693298754572714,0.0,Neutral,Above long MA,,False,False,False,22.4,normal
2022-01-19,AAPL,176.0447,179.5762,170.7347,174.5174,70526484,offline_fallback,-0.029122313941081,170.9728153846154,170.9728153846154,170.9728153846154,77591681.53846154,0.020577485684575084,-0.029122313941081,Neutral,Above long MA,,False,False,False,34.6,normal
2022-01-20,AAPL,171.5585,174.2022,171.1017,173.5702,96966857,offline_fallback,-0.00542753903049209,171.15834285714286,171.15834285714286,171.15834285714286,78975622.64285715,0.01985759726177912,-0.03439179047599972,Neutral,Above long MA,,False,False,False,31.6,normal
2022-01-21,AAPL,171.133,173.9382,168.5331,172.2994,129083785,offline_fallback,-0.007321533304680217,171.23441333333332,171.23441333333332,171.23441333333332,82316166.8,0.01927105299761641,-0.04146152314130225,Neutral,Above long MA,,False,False,False,28.4,normal
2022-01-24,AAPL,167.6078,167.9925,164.0754,167.0334,27205526,offline_fallback,-0.030563077990985454,170.97185,170.97185,170.97185,78871751.75,0.020397344700992266,-0.07075740936689501,Neutral,Above long MA,,False,False,False,35.1,normal
2022-01-25,AAPL,167.926,168.599,166.4396,166.7935,80541478,offline_fallback,-0.0014362396981681957,170.72606470588235,170.72606470588235,170.72606470588235,78969970.94117647,0.019708708541916302,-0.0720920244647909,Neutral,Above long MA,,False,False,False,31.9,normal
2022-01-26,AAPL,171.1337,172.6556,169.4963,171.8193,120355856,offline_fallback,0.030131869647198606,170.7868,170.7868,170.7868,81269186.77777778,0.020447105254645544,-0.04413242230136816,Neutral,Above long MA,,False,False,False,34.6,normal
2022-01-27,AAPL,170.5983,171.6018,167.6957,170.8619,17168983,offline_fallback,-0.005572133049081218,170.79075263157895,170.79075263157895,170.79075263157895,77895491.84210527,0.019909202650521065,-0.0494586436216079,Neutral,Above long MA,,False,False,False,32.2,normal
2022-01-28,AAPL,166.9406,168.2979,164.5266,167.2419,52424525,offline_fallback,-0.02118670107262066,170.61331,170.61331,170.61331,76621943.5,0.020020322577329906,-0.06959747919636028,Neutral,Above long MA,,False,False,False,33.3,normal
2022-01-31,AAPL,167.4426,170.7484,165.1349,167.0598,55555527,offline_fallback,-0.0010888419708218189,170.58252,170.44409523809523,170.44409523809523,77062720.45,0.01948802727352875,-0.07061054051076976,Short-term upward,Above long MA,-0.0557214500745006,False,False,False,31.7,normal
2022-02-01,AAPL,168.8708,172.8069,165.1955,169.7195,21277121,offline_fallback,0.015920646379320447,170.987145,170.4111590909091,170.4111590909091,76910190.45,0.01781957508289523,-0.055814059577573905,Short-term upward,Above long MA,0.7853691613502124,False,False,False,32.4,normal
2022-02-02,AAPL,170.8557,172.7332,167.2632,170.4031,12910982,offline_fallback,0.004027822377510981,171.333745,170.41080869565218,170.41080869565218,72334053.1,0.01770350092276388,-0.052011046318209186,Short-term upward,Above long MA,0.16565147774047884,False,False,False,22.3,normal
2022-02-03,AAPL,171.1954,174.4933,168.5578,170.4886,87147378,offline_fallback,0.0005017514352732011,171.57062,170.41405,170.41405,74197893.45,0.01748902175133827,-0.051535391500076244,Short-term upward,Above long MA,-0.020887527443865534,False,False,False,18.8,normal
2022-02-04,AAPL,166.102,169.3144,164.1705,166.2578,67966024,offline_fallback,-0.024815735480260726,171.637595,170.24779999999998,170.24779999999998,70757880.55,0.018416253028769747,-0.07507223833699939,Short-term upward,Above long MA,-1.312466101178849,False,False,False,40.3,normal
2022-02-07,AAPL,167.8634,168.8763,166.6454,167.8486,97729696,offline_fallback,0.009568272887046536,171.725055,170.1555230769231,170.1555230769231,68981131.5,0.018469402507295136,-0.06622227711260276,Short-term upward,Above long MA,0.5067567544190158,False,False,False,31.9,normal
2022-02-08,AAPL,171.3409,172.9928,166.395,169.4084,109686154,offline_fallback,0.009292898481131129,171.63025,170.12785185185186,170.12785185185186,68792611.4,0.017154936780654894,-0.05754477552986825,Short-term upward,Above long MA,0.4803643878121495,False,False,False,24.9,normal
2022-02-09,AAPL,173.8027,176.0605,170.7112,173.5916,4670859,offline_fallback,0.024692990430226658,171.57635,170.25155714285714,170.25155714285714,64920844.6,0.01749936919435588,-0.03427273769111028,Short-term upward,Above long MA,1.2610974198877511,False,False,False,34.3,normal
2022-02-10,AAPL,177.8972,181.5209,174.1171,178.3398,94102223,offline_fallback,0.02735270600651174,171.64381,170.5304620689655,170.5304620689655,65100405.45,0.018331226473853598,-0.007857483802701681,Short-term upward,Above long MA,1.3330608112905888,False,False,False,37.9,normal
2022-02-11,AAPL,181.5859,182.737,176.7014,180.6484,35485089,offline_fallback,0.01294495115504235,171.71228000000002,170.86772666666667,170.86772666666667,61913913.35,0.018331776429865065,0.0,Short-term upward,Above long MA,0.5515501707771182,False,False,False,29.7,normal
2022-02-14,AAPL,176.4339,177.1506,172.6308,175.4071,102366947,offline_fallback,-0.02901381910938594,171.653095,171.01415806451612,171.01415806451612,66558183.95,0.01920432735731502,-0.02901381910938594,Short-term upward,Above long MA,-1.6083507009549507,False,False,False,45.7,normal
2022-02-15,AAPL,170.2992,171.9446,168.9893,170.9716,138159221,offline_fallback,-0.0252868897553179,171.214065,171.012828125,171.012828125,71066535.75,0.0194923895616728,-0.05356703961950404,Short-term upward,Above long MA,-1.3467140798571742,False,False,True,47.2,high_volume
2022-02-16,AAPL,166.7963,171.288,164.373,167.6866,48395938,offline_fallback,-0.01921371736592503,170.872525,170.91203333333334,170.91203333333334,69960008.45,0.018891988433460273,-0.0717515350260507,Short-term downward,Above long MA,-1.000472411983942,False,False,False,39.8,normal
2022-02-17,AAPL,169.8659,171.2333,167.3447,168.669,106110799,offline_fallback,0.005858548029478827,170.62746499999997,170.84606176470587,170.84606176470587,70417205.55,0.018947182096301057,-0.06631334681071077,Short-term downward,Above long MA,0.287910578248679,False,False,False,31.3,normal
2022-02-18,AAPL,167.3573,167.5249,163.8154,166.3717,5514926,offline_fallback,-0.013620167309938425,170.33108,170.71822285714288,170.71822285714288,64238762.6,0.019104921470572186,-0.07903031524220527,Short-term downward,Above long MA,-0.7151258298256715,False,False,False,39.6,normal
2022-02-21,AAPL,171.4819,173.9654,168.3091,170.3848,117109740,offline_fallback,0.02412128985879214,170.49865,170.7089611111111,170.7089611111111,68733973.3,0.018645531022835532,-0.05681533852500209,Short-term downward,Above long MA,1.2276295411468212,False,False,False,40.1,normal
2022-02-22,AAPL,172.6248,173.9985,168.6117,171.2264,50041168,offline_fallback,0.004939407740596646,170.720295,170.72294594594595,170.72294594594595,67208957.8,0.018653325938110393,-0.052156564907300584,Short-term downward,Above long MA,0.2217175617273872,False,False,False,28.0,normal
2022-02-23,AAPL,171.3914,175.2886,167.9796,172.4448,113737805,offline_fallback,0.007115725145187657,170.75157,170.76825789473685,170.76825789473685,66878055.25,0.01746459002754493,-0.04541197154251031,Short-term downward,Above long MA,0.3320761789207985,False,False,False,23.8,normal
2022-02-24,AAPL,173.3698,177.3652,171.6589,174.8693,89575746,offline_fallback,0.014059571526656711,170.95193999999998,170.87341282051284,170.87341282051284,70498393.4,0.017666116399648883,-0.031990872877922016,Short-term upward,Above long MA,0.6910120934820493,False,False,False,29.7,normal
2022-02-25,AAPL,176.8976,177.6796,172.4943,176.0364,87772603,offline_fallback,0.00667412747692131,171.391665,171.0024875,171.0024875,72265797.3,0.01687989200266007,-0.025530256564685994,Short-term upward,Above long MA,0.2878875302803058,False,False,False,18.9,normal
2022-02-28,AAPL,172.453,172.8909,170.0997,171.6637,95370091,offline_fallback,-0.02483974905190056,171.62186,171.01861463414636,171.01861463414636,74256525.5,0.01796141538039481,-0.049735840450289115,Short-term upward,Above long MA,-1.382453763837592,False,False,False,38.1,normal
2022-03-01,AAPL,179.4458,179.6285,177.4323,179.3344,41714039,offline_fallback,0.04468446153729633,172.10260499999998,171.21660952380952,171.21660952380952,75278371.4,0.020189111224424582,-0.00727379816261875,Short-term upward,Above long MA,2.1948479507694176,False,False,False,51.6,normal
2022-03-02,AAPL,184.8012,185.6644,182.7538,184.1556,26954742,offline_fallback,0.026883854965918497,172.79023,171.51751627906978,171.51751627906978,75980559.4,0.020887984765640535,0.0,Short-term upward,Above long MA,1.243499176325755,False,False,False,50.6,normal
2022-03-03,AAPL,188.5344,190.3333,187.2676,189.3057,116007366,offline_fallback,0.02796602438372764,173.731085,171.92179318181817,171.92179318181817,77423558.8,0.021532165638784434,0.0,Short-term upward,Above long MA,1.2586594285354629,False,False,False,52.7,normal
2022-03-04,AAPL,185.8568,187.3835,182.0603,186.8628,134290872,offline_fallback,-0.012904524269475304,174.76133499999997,172.25381555555555,172.25381555555555,80739801.2,0.020802826846014387,-0.012904524269475304,Short-term upward,Above long MA,-0.7884148354393326,False,False,True,46.7,high_volume
2022-03-07,AAPL,180.6153,183.1525,178.1232,180.7515,22774820,offline_fallback,-0.03270474380133448,175.40648000000002,172.43854782608696,172.43854782608696,76992057.4,0.022505861920338207,-0.045187228910698485,Short-term upward,Above long MA,-1.710763862730407,False,False,False,60.6,normal
2022-03-08,AAPL,176.2903,177.2038,175.6137,175.949,71113481,offline_fallback,-0.026569627361321957,175.73351,172.51323829787233,172.51323829787233,75063423.75,0.023465953177719726,-0.07055624843837238,Short-term upward,Above long MA,-1.3624911950575553,False,False,False,62.4,normal
2022-03-09,AAPL,173.2156,174.3516,169.1621,172.7094,14803163,offline_fallback,-0.01841215352175929,175.6894,172.517325,172.517325,75570038.95,0.023265839611608982,-0.08766930948196494,Short-term upward,Above long MA,-0.9434541752628705,False,False,False,58.7,normal
2022-03-10,AAPL,175.4112,177.5583,173.8919,175.5467,61785430,offline_fallback,0.01642817356785442,175.54974499999997,172.57914897959185,172.57914897959185,73954199.3,0.022711546092081546,-0.07268138254685419,Short-term upward,Above long MA,0.7519973846198039,False,False,False,55.4,normal
2022-03-11,AAPL,178.9973,180.1774,176.8099,178.4881,109371808,offline_fallback,0.016755655332740593,175.44172999999998,172.69732800000003,172.69732800000003,77648535.25,0.02284625492430754,-0.05714355140917571,Short-term upward,Above long MA,0.7557786032751613,False,False,False,55.7,normal
2022-03-14,AAPL,184.3633,187.5597,182.0711,183.2718,130869271,offline_fallback,0.026801226524345356,175.83496499999998,173.00925199999998,172.9046705882353,79073651.45,0.022568402416921308,-0.03187384215055322,Short-term upward,Above long MA,1.2209440668517633,False,False,True,57.8,high_volume
2022-03-15,AAPL,190.8668,191.6518,190.0133,190.4403,16421709,offline_fallback,0.03911403718411677,176.8084,173.58551799999998,173.24189423076922,72986775.85,0.022994922289038728,0.0,Short-term upward,Above long MA,1.751520351227304,False,False,False,61.0,normal
2022-03-16,AAPL,191.8153,196.4617,190.7917,192.3307,60875748,offline_fallback,0.00992647039518424,178.040605,174.16271,173.6020603773585,73610766.35,0.022247162273168416,0.0,Short-term upward,Above long MA,0.3434735874641437,False,False,False,45.5,normal
2022-03-17,AAPL,195.2847,199.148,192.4293,193.664,41572115,offline_fallback,0.006932330615964988,179.290355,174.72096800000003,173.9735777777778,70383832.15,0.02224526892981802,0.0,Short-term upward,Above long MA,0.19623343327838136,False,False,False,42.8,normal
2022-03-18,AAPL,191.3278,194.2502,189.8219,192.5051,135463877,offline_fallback,-0.005984075512227349,180.597025,175.27270399999998,174.31051454545454,76881279.7,0.021933041734324,-0.005984075512227349,Short-term upward,Above long MA,-0.43179707025900166,False,False,True,45.8,high_volume
2022-03-21,AAPL,191.6039,192.7103,191.045,191.4451,105786053,offline_fallback,-0.005506347624037011,181.65004,175.779618,174.6164892857143,76315095.35,0.02175466279061627,-0.011457472736285501,Short-term upward,Above long MA,-0.40392938344684387,False,False,False,44.8,normal
2022-03-22,AAPL,189.3334,189.6646,186.1203,187.5606,44601064,offline_fallback,-0.020290412238286648,182.46675,176.10474000000002,174.84357894736843,76043090.15,0.022540847487385586,-0.0315154081295439,Short-term upward,Above long MA,-1.1164166402779483,False,False,False,56.8,normal
2022-03-23,AAPL,191.7077,193.554,187.7762,189.3883,59898672,offline_fallback,0.009744583883822155,183.31392499999998,176.39911399999997,175.09435,73351133.5,0.02256267633394455,-0.022077928783873157,Short-term upward,Above long MA,0.3706397241586066,False,False,False,48.0,normal
2022-03-24,AAPL,192.0985,192.7282,189.5117,190.5771,130206593,offline_fallback,0.006277050905467929,184.099315,176.670844,175.35676949152543,75382675.85,0.022463975422638005,-0.015939462161268958,Short-term upward,Above long MA,0.1954474389253174,False,False,True,44.4,high_volume
2022-03-25,AAPL,188.847,191.7971,187.5716,189.2919,100431326,offline_fallback,-0.006743727341847472,184.76209,176.87110199999998,175.58902166666667,76015612.0,0.022597131102338974,-0.022575698116325094,Short-term upward,Above long MA,-0.4567293999328622,False,False,False,49.7,normal
2022-03-28,AAPL,184.9328,187.8148,181.0654,186.6342,76499697,offline_fallback,-0.014040220421476013,185.510615,177.07197,175.77009016393444,75072092.3,0.021995812973898632,-0.036298950760079274,Short-term upward,Above long MA,-0.8158325898678902,False,False,False,52.0,normal
2022-03-29,AAPL,187.787,191.659,187.2916,188.2719,133795818,offline_fallback,0.008774919066280473,185.95748999999998,177.242364,175.97173225806452,79676181.25,0.01990188167241754,-0.027842552048909397,Short-term upward,Above long MA,0.31843662275070517,False,False,True,37.1,high_volume
2022-03-30,AAPL,192.7267,194.173,191.3224,192.8019,88498904,offline_fallback,0.02406094589792751,186.389805,177.608054,176.2388777777778,82753389.35,0.01973003019709594,-0.004451524289491027,Short-term upward,Above long MA,1.1020466542453176,False,False,False,44.6,normal
2022-03-31,AAPL,193.2842,196.4917,191.7339,193.1908,10354367,offline_fallback,0.0020170963045489376,186.58406,178.000466,176.50375156249999,77470739.4,0.018797093321726552,-0.0024434071381360667,Short-term upward,Above long MA,-0.03759848289725171,False,False,False,23.8,normal
2022-04-01,AAPL,193.267,197.2998,189.5941,194.2838,24849548,offline_fallback,0.005657619306923545,186.95511000000002,178.440154,176.77729076923077,71998673.2,0.01852109597858094,0.0,Short-term upward,Above long MA,0.1437136753392634,False,False,False,23.6,normal
2022-04-04,AAPL,191.9458,193.2037,189.8394,192.4737,19434767,offline_fallback,-0.009316782974185256,187.54122,178.94896,177.01511515151515,71831670.55,0.016872046842265665,-0.009316782974185256,Short-term upward,Above long MA,-0.6243921630902215,False,False,False,23.1,normal
2022-04-05,AAPL,191.915,192.1672,191.3304,191.7185,27961307,offline_fallback,-0.00392365294583108,188.32969500000002,179.44745999999998,177.23456865671642,69674061.85,0.01546446363945282,-0.013203880097053977,Short-term upward,Above long MA,-0.3179935129296218,False,False,False,12.3,normal
2022-04-06,AAPL,190.7795,191.5716,187.7871,190.7317,124013790,offline_fallback,-0.005147129776208459,189.23081,179.82570800000002,177.43305588235293,75134593.2,0.014699510532288948,-0.018283047788853368,Short-term upward,Above long MA,-0.36346133495021615,False,False,False,11.5,normal
2022-04-07,AAPL,191.0856,193.4139,189.664,189.8579,122932730,offline_fallback,-0.00458130452357941,189.94637,180.20562800000005,177.61312608695653,78191958.2,0.014595954159145807,-0.02278059210289285,Short-term upward,Above long MA,-0.31799281115487377,False,False,False,10.6,normal
2022-04-08,AAPL,188.4571,191.9357,187.1122,187.9213,39370096,offline_fallback,-0.010200260299940145,190.41803,180.61921600000002,177.76038571428572,74691872.6,0.014603224754545077,-0.03274848443359668,Short-term upward,Above long MA,-0.5991683389646342,False,False,False,15.3,normal
2022-04-11,AAPL,189.9255,192.8193,186.4944,189.3654,78085769,offline_fallback,0.007684599883036158,190.72271,181.06532800000002,177.92383661971832,72052697.5,0.013527198032457067,-0.025315543550208597,Short-term upward,Above long MA,0.34298428299531214,False,False,False,8.8,normal
2022-04-12,AAPL,193.3684,194.2248,190.2171,193.8998,92972078,offline_fallback,0.023945240260364375,190.89568500000001,181.548934,178.145725,75880215.95,0.011609759650769158,-0.0019764900624756887,Short-term upward,Above long MA,1.2085836457005896,False,False,False,16.3,normal
2022-04-13,AAPL,190.7698,193.2855,186.9992,190.7006,58913985,offline_fallback,-0.016499243423665155,190.81418,181.95488400000002,178.3177095890411,75782127.8,0.012032161481847718,-0.01844312289547556,Short-term upward,Above long MA,-0.9890328886073018,False,False,False,15.4,normal
2022-04-14,AAPL,193.6862,197.0517,189.4695,195.6085,43605210,offline_fallback,0.02573615395022344,190.911405,182.45728199999996,178.5513689189189,75883782.55,0.013299628271716572,0.0,Short-term upward,Above long MA,1.2686714997442643,False,False,False,17.7,normal
2022-04-15,AAPL,193.8908,197.1396,189.9911,194.2971,62099006,offline_fallback,-0.006704207639238513,191.001005,183.01806800000003,178.761312,72215539.0,0.013319304312220144,-0.006704207639238513,Short-term upward,Above long MA,-0.4779437505811067,False,False,False,10.1,normal
2022-04-18,AAPL,191.5667,197.2667,190.7457,193.1201,75312370,offline_fallback,-0.006057733234309692,191.084755,183.52349800000005,178.95024342105262,70691854.85,0.013333057519403885,-0.01272132857212227,Short-term upward,Above long MA,-0.47716307769705735,False,False,False,10.4,normal
2022-04-19,AAPL,185.8603,189.455,182.9281,185.7301,134924316,offline_fallback,-0.03826634306838084,190.99322999999998,183.849932,179.03829350649352,75208017.45,0.015274293605929844,-0.05050087291707672,Short-term upward,Above long MA,-2.133981106627387,False,False,True,26.6,high_volume
2022-04-20,AAPL,178.2254,181.2361,176.9025,177.7369,93181720,offline_fallback,-0.04303664295663434,190.41066,183.93283799999998,179.02160897435897,76872169.85,0.017786243749005063,-0.09136412783698056,Short-term upward,Above long MA,-2.2615033129107247,False,False,False,40.7,normal
2022-04-21,AAPL,180.2967,182.7261,176.2865,180.1877,21821208,offline_fallback,0.0137889205899282,189.89119,183.96979599999997,179.03636962025317,71452900.6,0.018069915078482515,-0.07883501995056441,Short-term upward,Above long MA,0.655013057790355,False,False,False,32.6,normal
2022-04-22,AAPL,178.0964,179.81,173.8012,176.748,88669673,offline_fallback,-0.019089538298119213,189.263995,183.891788,179.007765,70864817.95,0.018424778330369485,-0.09641963411610432,Short-term upward,Above long MA,-1.0422983755207331,False,False,False,38.2,normal
2022-04-25,AAPL,178.792,182.9893,174.9586,179.4073,68219013,offline_fallback,0.015045714802996324,188.90265,183.97179200000002,179.01269753086422,70450783.75,0.018675280664707382,-0.08282462162942816,Short-term upward,Above long MA,0.7025779487473787,False,False,False,36.2,normal
2022-04-26,AAPL,179.5782,180.6045,176.9787,179.6695,51106717,offline_fallback,0.0014614789922149374,188.47253,184.14575000000002,179.02070731707317,66316328.7,0.018528226578331145,-0.0814841890817628,Short-term upward,Above long MA,0.016888272587272816,False,False,False,24.6,normal
2022-04-27,AAPL,180.07,181.7358,179.2402,180.5783,138908849,offline_fallback,0.005058176262526581,187.86135,184.40358399999997,179.0394734939759,68836825.95,0.01757493659639832,-0.07683817421022088,Short-term upward,Above long MA,0.20171662148020636,False,False,True,23.1,high_volume
2022-04-28,AAPL,184.7072,187.7402,182.1484,185.0114,43869188,offline_fallback,0.02454946136938929,187.45238,184.730432,179.11056785714285,70512567.0,0.018613204450791124,-0.05417504863029976,Short-term upward,Above long MA,1.1733046071621918,False,False,False,39.1,normal
2022-04-29,AAPL,186.0967,186.6741,182.4307,184.8722,99429909,offline_fallback,-0.0007523860691828199,186.9818,185.10044200000002,179.1783517647059,74241585.05,0.01852950168136812,-0.05488667414759585,Short-term upward,Above long MA,-0.14023448837505348,False,False,False,25.8,normal
2022-05-02,AAPL,172.8914,175.4103,171.154,174.1053,131658668,offline_fallback,-0.05823969206835855,186.06338,185.174852,179.11936279069766,79852780.1,0.02233990185119996,-0.10992978321494207,Short-term upward,Above long MA,-2.843517299874811,True,False,True,62.8,abnormal_return
2022-05-03,AAPL,170.1503,170.7594,168.4366,168.7524,135827926,offline_fallback,-0.030745186964440507,184.915075,185.125372,179.00020229885055,85246111.05,0.023079767476985043,-0.13729515844147877,Short-term downward,Above long MA,-1.4621315092112386,False,False,True,63.4,high_volume
2022-05-04,AAPL,172.9711,173.2328,170.546,171.7996,127786001,offline_fallback,0.01805722466761961,183.96847,185.11246799999998,178.91837727272727,85434721.6,0.023705090447136697,-0.12171710329561336,Short-term downward,Above long MA,0.8568521166632257,False,False,False,58.9,normal
2022-05-05,AAPL,178.5938,181.5848,177.8226,178.0686,2128691,offline_fallback,0.03649018973268858,183.379005,185.176454,178.90882921348316,79394519.65,0.025452608882393316,-0.08966839375589497,Short-term downward,Above long MA,1.7075698238600032,False,False,False,65.4,normal
2022-05-06,AAPL,177.5438,180.9152,176.3493,177.859,103967867,offline_fallback,-0.001177074453328597,182.87589,185.212906,178.89716444444446,82624408.2,0.02539609439478056,-0.09073992183366253,Short-term downward,Above long MA,-0.053777397722096124,False,False,False,47.9,normal
2022-05-09,AAPL,175.9194,179.3079,172.4993,175.7088,35461743,offline_fallback,-0.012089351677452398,182.19306,185.293808,178.86212747252748,80493206.9,0.025366181092513106,-0.10173228668488332,Short-term downward,Above long MA,-0.5899399549125367,False,False,False,56.6,normal
2022-05-10,AAPL,171.0559,174.7695,170.678,171.4022,106040629,offline_fallback,-0.024509870877269635,181.06817999999998,185.135164,178.78104130434784,81146634.45,0.024924460824698517,-0.12374871235145712,Short-term downward,Above long MA,-1.185545510300968,False,False,False,62.2,normal
2022-05-11,AAPL,174.4594,175.02,171.9248,173.1811,121665380,offline_fallback,0.01037851322795147,180.192205,184.915674,178.72082688172043,84284204.2,0.025044307975720336,-0.11465452677158716,Short-term downward,Above long MA,0.46349177043637957,False,False,False,54.9,normal
2022-05-12,AAPL,166.7194,169.8351,164.1514,167.6719,94480619,offline_fallback,-0.031811785466196896,178.79537499999998,184.482998,178.60328510638297,86827974.65,0.024690358364326044,-0.142818947029398,Short-term downward,Above long MA,-1.5077116782951625,False,False,False,64.8,normal
2022-05-13,AAPL,163.1971,166.5459,162.7021,164.0042,125952031,offline_fallback,-0.021874267542742687,177.28073,184.02582599999997,178.44961052631578,90020625.9,0.024900546004555935,-0.16156915471464683,Short-term downward,Above long MA,-1.026359493748359,False,False,False,61.6,normal
2022-05-16,AAPL,164.5252,166.1451,163.7228,164.4956,18758011,offline_fallback,0.002996264729805631,175.849505,183.70070800000002,178.30425624999998,87192907.95,0.025022418086728247,-0.1590569939445372,Short-term downward,Above long MA,0.1596506948978065,False,False,False,50.0,normal
2022-05-17,AAPL,162.812,167.5395,160.435,164.8879,15746588,offline_fallback,0.002384866221345705,174.807395,183.479486,178.16594329896907,81234021.55,0.0240395873543703,-0.15705145737531856,Short-term downward,Above long MA,0.13270075482511368,False,False,False,48.9,normal
2022-05-18,AAPL,165.4206,168.7236,163.9654,164.2105,121547780,offline_fallback,-0.004108245662659327,174.13107499999998,183.30950800000002,178.02354081632654,82652324.55,0.022371770267904025,-0.16051449706940135,Short-term downward,Above long MA,-0.16691349972812874,False,False,False,46.6,normal
2022-05-19,AAPL,167.1711,167.8532,166.9149,167.4439,38504090,offline_fallback,0.01969058007861868,173.493885,183.147452,177.91667575757575,83486468.65,0.022651886787248728,-0.14398454054910692,Short-term downward,Above long MA,0.9562068854225835,False,False,False,57.9,normal
2022-05-20,AAPL,164.4108,165.071,162.8212,163.7884,97740746,offline_fallback,-0.021831192417281375,172.845905,182.853458,177.775393,83940022.3,0.0227597807966255,-0.16267237875654683,Short-term downward,Above long MA,-0.9802331498614784,False,False,False,59.1,normal
2022-05-23,AAPL,160.5084,161.6644,157.2923,160.3677,60550932,offline_fallback,-0.020884873409838467,171.893925,182.395376,177.60303960396038,83556618.25,0.0226322966370043,-0.1801598601287775,Short-term downward,Above long MA,-0.9419116132600331,False,False,False,58.4,normal
2022-05-24,AAPL,157.8348,159.8861,156.0023,159.2482,95921588,offline_fallback,-0.0069808321750578495,170.87286,181.771534,177.42309019607845,85797361.8,0.02257727323073513,-0.1858830265555944,Short-term downward,Above long MA,-0.25586918919128365,False,False,False,49.3,normal
2022-05-25,AAPL,159.5561,160.0928,156.6276,159.5226,127920783,offline_fallback,0.00172309639920587,169.820075,181.11537199999998,177.24929902912623,85247958.5,0.022505289660495434,-0.18448022453012003,Short-term downward,Above long MA,0.19567476408351472,False,False,False,47.9,normal
2022-05-26,AAPL,158.9746,159.498,155.3156,158.6404,12300331,offline_fallback,-0.005530250886081389,168.501525,180.4149,177.07036730769232,83669515.65,0.021335405724525493,-0.18899025349102927,Short-term downward,Above long MA,-0.14169587232891426,False,False,False,42.4,normal
2022-05-27,AAPL,163.4327,167.4964,160.3636,164.4179,109358815,offline_fallback,0.03641884412797758,167.47881,179.853156,176.9498676190476,84165960.95,0.023461764282943366,-0.15945421594664844,Short-term downward,Above long MA,1.8975223602125242,False,False,False,65.6,normal
2022-05-30,AAPL,161.8911,165.062,160.2597,162.7211,122395707,offline_fallback,-0.010320044228760983,166.9096,179.27867600000002,176.81563396226414,83702812.9,0.019991379415197748,-0.16812868561437766,Short-term downward,Above long MA,-0.44188740843829266,False,False,False,42.4,normal
2022-05-31,AAPL,163.7948,166.6506,161.5643,164.6715,128669164,offline_fallback,0.011986152994295063,166.70555499999998,178.82089399999998,176.7021373831776,83344874.8,0.019157039864673694,-0.15815774876858613,Short-term downward,Above long MA,0.6569735628339173,False,False,False,40.0,normal
2022-06-01,AAPL,163.658,165.9127,161.9074,163.024,137100339,offline_fallback,-0.010004767066553732,166.266775,178.29360800000003,176.57548796296294,83810591.7,0.01870631991654791,-0.16658018439893973,Short-term downward,Above long MA,-0.4725504478189886,False,False,True,34.6,high_volume
2022-06-02,AAPL,163.0157,167.5463,162.0194,164.0547,59859555,offline_fallback,0.006322381980567338,165.56608,177.76316,176.46061834862385,86697134.9,0.01648532061135478,-0.16131098597453586,Short-term downward,Above long MA,0.37384605099668455,False,False,False,21.0,normal
2022-06-03,AAPL,162.0875,165.8736,159.1672,162.8371,136005536,offline_fallback,-0.007421914763795279,164.814985,177.234064,176.33676818181817,88299018.35,0.01648895443119221,-0.16753566434996436,Short-term downward,Above long MA,-0.31481179331628234,False,False,True,20.3,high_volume
2022-06-06,AAPL,161.7004,163.4198,159.9959,161.7747,47122308,offline_fallback,-0.006524311720117804,164.11828,176.736874,176.2055783783784,88882046.6,0.01639681458225961,-0.17296692117162593,Short-term downward,Above long MA,-0.24393640055755433,False,False,False,18.5,normal
2022-06-07,AAPL,166.6872,168.9912,165.2949,166.5916,118389333,offline_fallback,0.02977536042409601,163.87775000000002,176.303268,176.1197392857143,89499481.8,0.017290850990835244,-0.1483417131668613,Short-term downward,Above long MA,1.706502993395402,False,False,False,36.9,normal
2022-06-08,AAPL,165.1636,167.4813,161.5853,165.6726,67244274,offline_fallback,-0.005516484624675022,163.50232499999998,175.76068199999997,176.0272867256637,86778426.5,0.017090879758436622,-0.15303987301165345,Short-term downward,Below long MA,-0.1723404035206002,False,False,False,20.1,normal
2022-06-09,AAPL,172.2213,173.0019,170.4374,170.8845,58271044,offline_fallback,0.031459034263964014,163.662955,175.314556,175.9821745614035,84967947.75,0.01715261639459774,-0.12639532535651565,Short-term downward,Below long MA,1.7502974827668631,False,False,False,36.2,normal
2022-06-10,AAPL,170.063,173.2624,166.1577,168.7037,31908280,offline_fallback,-0.012761836211008015,163.89793000000003,174.802954,175.91888347826088,80265760.2,0.016623435733745494,-0.13754412512748682,Short-term downward,Below long MA,-0.5623994502683048,False,False,False,24.1,normal
2022-06-13,AAPL,166.2998,168.5917,164.9187,167.3729,59815718,offline_fallback,-0.007888386561764826,164.041795,174.30093799999997,175.84521120689655,82318645.55,0.01675105945294416,-0.1443475104609463,Short-term downward,Below long MA,-0.3050878043136291,False,False,False,21.0,normal
2022-06-14,AAPL,172.3423,173.3181,169.6497,170.8074,98529456,offline_fallback,0.020520048347133946,164.33777,173.882716,175.802152991453,86457788.95,0.01731147369716757,-0.12678948000725931,Short-term downward,Below long MA,1.1415125394712933,False,False,False,33.8,normal
2022-06-15,AAPL,163.6513,165.7453,161.4171,163.2775,115726964,offline_fallback,-0.04408415560449952,164.29112,173.333632,175.69601186440678,86166748.15,0.0201221066341273,-0.16528422844610535,Short-term downward,Below long MA,-2.101222074131968,False,False,False,54.6,normal
2022-06-16,AAPL,158.9686,162.3977,156.1706,158.4479,18315543,offline_fallback,-0.029579090811654996,163.84132,172.705432,175.55106974789916,85157320.8,0.02058331029767826,-0.18997436205481866,Short-term downward,Below long MA,-1.3239075117644488,False,False,False,54.5,normal
2022-06-17,AAPL,159.2011,159.9209,158.009,158.5863,44787648,offline_fallback,0.0008734732363129272,163.581215,172.118732,175.40969666666666,82509665.9,0.02008434983886541,-0.18926682633934622,Short-term downward,Below long MA,0.17932593078355566,False,False,False,38.4,normal
2022-06-20,AAPL,148.4793,152.4696,148.1793,149.5274,69963336,offline_fallback,-0.05712284100202847,163.0392,171.32197200000002,175.19579338842973,82980286.1,0.023308502515063643,-0.2355782085134337,Short-term downward,Below long MA,-2.517378761610059,True,False,False,66.9,abnormal_return
2022-06-21,AAPL,159.7279,162.4678,158.0752,160.762,69291048,offline_fallback,0.07513405569815301,163.11489,170.659216,175.0774836065574,81648759.1,0.029120997478364236,-0.17814409905500017,Short-term downward,Below long MA,3.2883973092736474,True,False,False,69.1,abnormal_return
2022-06-22,AAPL,156.4781,157.2219,154.3069,156.111,74228606,offline_fallback,-0.028930966273124303,162.94431,169.967424,174.92328455284553,78964150.25,0.029870935123007644,-0.2019211844066081,Short-term downward,Below long MA,-1.0908998973729,False,False,False,64.2,normal
2022-06-23,AAPL,162.4192,164.0957,160.8229,163.0222,116113845,offline_fallback,0.0442710635381236,163.16339999999997,169.315698,174.82730806451613,84154825.95,0.031476167841098544,-0.16658938645304266,Short-term downward,Below long MA,1.9238338782159825,False,True,False,68.4,volatility_spike
2022-06-24,AAPL,168.6384,171.3637,163.4453,166.3343,82973377,offline_fallback,0.020316864819638125,163.25921999999997,168.756442,174.759364,82835554.05,0.03074226910570494,-0.1496570956783574,Short-term downward,Below long MA,0.9232730317561314,False,False,False,61.9,normal
2022-06-27,AAPL,148.8584,152.4263,145.8491,149.2038,139352328,offline_fallback,-0.10298837942625194,162.583355,167.878116,174.55654206349206,83683385.1,0.03853733038955351,-0.23723253335105576,Short-term downward,Below long MA,-3.5769706289388896,True,True,True,71.5,abnormal_return
2022-06-28,AAPL,148.4048,151.1845,146.3491,147.7136,58546746,offline_fallback,-0.009987681278894933,161.73546000000002,167.11778600000002,174.34518031496063,80177264.2,0.03838226068361299,-0.2448508116978556,Short-term downward,Below long MA,-0.21764988196843368,False,True,False,55.3,volatility_spike
2022-06-29,AAPL,141.816,145.4746,140.2434,142.5221,90826636,offline_fallback,-0.03514571440950609,160.710365,166.41349000000002,174.0965625,77863579.05,0.03897206158123785,-0.27139106940649305,Short-term downward,Below long MA,-1.0954896581842253,False,True,False,66.4,volatility_spike
2022-06-30,AAPL,135.332,138.0472,132.606,133.8853,44528077,offline_fallback,-0.06059972453394946,159.201895,165.48744200000002,173.7848472868217,77097005.15,0.040696432255054954,-0.31554456989343505,Short-term downward,Below long MA,-1.90785447033957,False,True,False,71.1,volatility_spike
2022-07-01,AAPL,135.2519,135.6099,131.9763,133.9927,34631764,offline_fallback,0.0008021791787449217,157.759675,164.632336,173.47875384615386,72028316.55,0.04075801709216351,-0.3149955139986247,Short-term downward,Below long MA,0.20748640445907723,False,True,False,55.8,volatility_spike
2022-07-04,AAPL,123.8371,124.9692,122.6519,124.7837,120134245,offline_fallback,-0.06872762471388383,155.910125,163.539864,173.10703587786261,75678913.4,0.042885085965101225,-0.3620742452398541,Short-term downward,Below long MA,-2.0731046819985712,False,True,False,72.4,volatility_spike
2022-07-05,AAPL,122.7834,123.3717,120.34,122.5685,73912058,offline_fallback,-0.01775231861212634,153.70897,162.397844,172.7241681818182,73455049.65,0.041749621148536094,-0.37339890648923746,Short-term downward,Below long MA,-0.35513112653290724,False,True,False,59.2,volatility_spike
2022-07-06,AAPL,127.4108,128.3771,125.5532,127.3568,132501450,offline_fallback,0.03906631801808791,151.79318,161.333414,172.38306015037594,76717908.45,0.043405454302934424,-0.3489199088996643,Short-term downward,Below long MA,1.492644627952374,False,True,True,71.0,volatility_spike
2022-07-07,AAPL,133.1013,135.4107,130.9369,132.0755,103325905,offline_fallback,0.03705102515138581,149.85273,160.274696,172.08225746268656,78970651.5,0.043718077419261966,-0.3247967240687393,Short-term downward,Below long MA,1.4090787804718885,False,True,False,70.6,volatility_spike
2022-07-08,AAPL,132.7152,135.1782,132.0686,134.3519,50230380,offline_fallback,0.01723559630665794,148.13514,159.26429,171.80277333333333,79886756.5,0.044198049896358935,-0.31315919297985517,Short-term downward,Below long MA,0.7447450486020163,False,True,False,64.8,volatility_spike
2022-07-11,AAPL,132.0834,133.6348,129.4339,132.3092,19323993,offline_fallback,-0.015204102063312797,146.381955,158.428368,171.5123794117647,77862170.25,0.04420664343253661,-0.32360199071103757,Short-term downward,Below long MA,-0.3053338452294181,False,True,False,58.8,volatility_spike
2022-07-12,AAPL,131.5573,132.0507,128.9426,130.9886,111572389,offline_fallback,-0.00998116533090676,144.39101499999998,157.673092,171.21658540145987,78514316.9,0.04359323319357613,-0.3303532310712469,Short-term downward,Below long MA,-0.15232607980536708,False,True,False,55.7,volatility_spike
2022-07-13,AAPL,129.3562,131.2352,126.8354,129.611,122810184,offline_fallback,-0.01051694574947748,142.70769,156.82932,170.91509565217393,78868477.9,0.042945171479201676,-0.3373958698113835,Short-term downward,Below long MA,-0.19015849884085434,False,True,False,56.1,volatility_spike
2022-07-14,AAPL,125.2823,127.7802,123.5055,125.7256,12163067,offline_fallback,-0.02997739389403664,141.071575,155.78246,170.58999136690647,78560854.1,0.04295453251775281,-0.35725901481786315,Short-term downward,Below long MA,-0.8109310888579297,False,True,False,65.2,volatility_spike
2022-07-15,AAPL,125.244,127.2642,123.0436,126.2218,133229846,offline_fallback,0.00394669025242278,139.45335,154.74971599999998,170.2730757142857,82982964.0,0.0430032406503854,-0.3547223152368123,Short-term downward,Below long MA,0.3017433314858781,False,True,True,58.5,volatility_spike
2022-07-18,AAPL,123.4514,125.403,122.7941,123.2735,138585596,offline_fallback,-0.023358088697831958,138.140655,153.70101,169.9397453900709,86414077.0,0.04171831111907225,-0.3697947686322425,Short-term downward,Below long MA,-0.5840105681024284,False,True,True,62.5,volatility_spike
2022-07-19,AAPL,116.5599,118.4751,115.4059,116.7329,117212590,offline_fallback,-0.05305763201336866,135.9392,152.607624,169.56504929577466,88810154.1,0.037814275188108724,-0.4032319658910528,Short-term downward,Below long MA,-1.510839511310992,False,True,False,69.8,volatility_spike
2022-07-20,AAPL,116.4483,119.1368,115.842,117.3666,137207176,offline_fallback,0.005428632373563946,134.00198,151.491334,169.20002517482516,91959082.6,0.037936826487915916,-0.39999233162158077,Short-term downward,Below long MA,0.394694240987339,False,True,True,58.6,volatility_spike
2022-07-21,AAPL,115.0684,116.9347,112.8228,115.0442,99669059,offline_fallback,-0.01978757159191802,131.60308,150.43877999999998,168.82394305555556,91136843.3,0.03542744896522168,-0.4118650263153185,Short-term downward,Below long MA,-0.40589696475767034,False,True,False,58.7,volatility_spike
2022-07-22,AAPL,115.3075,116.5875,114.8529,115.7826,52761988,offline_fallback,0.006418402666105605,129.075495,149.47434800000002,168.45814068965518,89626273.85,0.0347945798592544,-0.40809013923219084,Short-term downward,Below long MA,0.4499294172418147,False,True,False,59.3,volatility_spike
2022-07-25,AAPL,115.8285,117.7899,115.391,115.7239,24074127,offline_fallback,-0.0005069846419064605,127.40150000000001,148.498914,168.09694726027396,83862363.8,0.028496181546590907,-0.40839022844099304,Short-term downward,Below long MA,0.19602838316849328,False,False,False,53.6,normal
2022-07-26,AAPL,114.5632,116.8866,113.3845,114.1991,34704966,offline_fallback,-0.013176189188231602,125.725775,147.485138,167.73029523809524,82670274.8,0.028491879353336903,-0.41618539071666105,Short-term downward,Below long MA,-0.24068386921551985,False,False,False,54.2,normal
2022-07-27,AAPL,117.9122,118.7465,117.0706,117.3185,114383538,offline_fallback,0.027315451697955684,124.46559499999998,146.547298,167.389675,83848119.9,0.029278924737276363,-0.40023823095622124,Short-term downward,Below long MA,1.1158971981283936,False,False,False,65.2,normal
2022-07-28,AAPL,117.5002,117.7741,115.0274,117.344,123155827,offline_fallback,0.00021735702382819078,123.63852999999999,145.5453,167.05379798657717,87779507.4,0.026712971272605437,-0.4001078685230959,Short-term downward,Below long MA,0.22964728921325978,False,False,False,53.5,normal
2022-07-29,AAPL,115.6605,118.0829,113.3271,116.3115,114057014,offline_fallback,-0.008798916007635715,122.75447000000001,144.595762,166.71551599999998,91750769.9,0.026666208459644347,-0.4053862690016027,Short-term downward,Below long MA,-0.0742774321577134,False,False,False,50.8,normal
2022-08-01,AAPL,115.8477,118.1566,113.4932,116.0278,130458430,offline_fallback,-0.00243913972393095,122.316675,143.708964,166.3798357615894,92266979.15,0.022316814691976473,-0.4068366149732757,Short-term downward,Below long MA,0.13772238739122655,False,False,True,47.2,high_volume
2022-08-02,AAPL,116.3365,116.7923,114.0856,116.611,38918282,offline_fallback,0.005026381608545627,122.01879999999998,142.85622,166.05240921052632,90517290.35,0.02212590206668346,-0.40385514944391476,Short-term downward,Below long MA,0.37699291603435714,False,False,False,50.7,normal
2022-08-03,AAPL,113.8376,115.506,110.8794,113.3042,76483177,offline_fallback,-0.02835753059316881,121.31616999999999,141.931852,165.7076496732026,87716376.7,0.020581236925439367,-0.42076034528151895,Short-term downward,Below long MA,-0.74346454189702,False,False,False,50.3,normal
2022-08-04,AAPL,111.1154,111.8396,108.7508,111.5668,9590987,offline_fallback,-0.015333941725019895,120.290735,140.99038000000002,165.3560857142857,83029630.8,0.018040676634246137,-0.4296423723917928,Short-term downward,Below long MA,-0.3091707765788534,False,False,False,30.5,normal
2022-08-05,AAPL,109.7954,110.4756,108.6501,109.0046,40865433,offline_fallback,-0.02296561342621639,119.02337,139.882114,164.99252774193548,82561383.45,0.01727556010745428,-0.4427409851821368,Short-term downward,Below long MA,-0.5708235603503256,False,False,False,30.1,normal
2022-08-08,AAPL,104.7923,106.2115,103.0056,104.857,118889421,offline_fallback,-0.03804977037666302,117.65076000000002,138.724832,164.60704358974357,87539654.85,0.01834235108738791,-0.46394456273628193,Short-term downward,Below long MA,-1.0565548771208355,False,False,False,41.6,normal
2022-08-09,AAPL,107.0965,107.4708,105.5758,106.7845,41369562,offline_fallback,0.01838217763239447,116.44055499999999,137.567092,164.23874713375795,84029513.5,0.01951653214495382,-0.4540906964676893,Short-term downward,Below long MA,0.8528897125519784,False,False,False,47.0,normal
2022-08-10,AAPL,109.3421,111.3445,109.0827,109.6409,136218430,offline_fallback,0.026749200492580893,115.44205,136.49943000000002,163.89319113924049,84699925.8,0.021171328860031105,-0.43948805905673827,Short-term downward,Below long MA,1.1072510037729426,False,False,True,55.9,high_volume
2022-08-11,AAPL,112.7297,114.6996,109.9934,112.0819,104101412,offline_fallback,0.022263589591110744,114.75986499999999,135.459974,163.56733396226414,89296843.05,0.021551461600765615,-0.42700905124266064,Short-term downward,Below long MA,0.9541032895690809,False,False,False,55.7,normal
2022-08-12,AAPL,108.1277,109.115,106.487,108.5011,15411679,offline_fallback,-0.03194806654776561,113.87383,134.373254,163.22317,83405934.7,0.02220761288689867,-0.4453150042048275,Short-term downward,Below long MA,-0.8525835923870093,False,False,False,57.5,normal
2022-08-15,AAPL,110.2081,111.7082,108.0359,109.346,79688228,offline_fallback,0.007787017827469045,113.17745499999998,133.32468,162.88852919254657,80461066.3,0.02211402342374119,-0.4409956622539408,Short-term downward,Below long MA,0.4571758542100265,False,False,False,52.4,normal
2022-08-16,AAPL,110.9507,112.7076,110.3858,110.7592,40768612,offline_fallback,0.012924112450386938,112.87876999999999,132.208032,162.56674320987653,76638867.4,0.019444253064909982,-0.4337710273326567,Short-term downward,Below long MA,0.6155087121435616,False,False,False,43.6,normal
2022-08-17,AAPL,110.0491,110.7604,108.8963,109.6557,89019453,offline_fallback,-0.009963054987757292,112.49322500000001,131.087694,162.24213558282207,74229481.25,0.01942090196932606,-0.4394123977230028,Short-term downward,Below long MA,-0.13927492621816207,False,False,False,35.8,normal
2022-08-18,AAPL,111.6259,113.31,109.2041,111.3487,84359699,offline_fallback,0.015439233892994064,112.30845000000002,129.896978,161.93180975609755,73464013.25,0.019435914492509858,-0.4307573546139355,Short-term downward,Below long MA,0.6913859246822822,False,False,False,44.5,normal
2022-08-19,AAPL,108.6373,111.2616,107.4508,109.126,112659468,offline_fallback,-0.019961616076343836,111.97562,128.705424,161.61177454545455,76458887.25,0.019766093533614398,-0.4421203577554145,Short-term downward,Below long MA,-0.4572594448798074,False,False,False,43.4,normal
2022-08-22,AAPL,107.7491,109.5378,106.623,107.0311,110157339,offline_fallback,-0.019197074940894066,111.54097999999999,127.498588,161.28297530120483,80763047.85,0.02009260024848847,-0.45283001505558296,Short-term downward,Below long MA,-0.4259645169899517,False,False,False,44.5,normal
2022-08-23,AAPL,104.5836,105.9518,104.2052,105.4488,99901335,offline_fallback,-0.014783553565272056,111.103465,126.191416,160.94863892215568,84022866.3,0.020135649246540724,-0.4609191318373178,Short-term downward,Below long MA,-0.26345780798644336,False,False,False,42.2,normal
2022-08-24,AAPL,104.1178,106.0637,103.0363,104.106,59294934,offline_fallback,-0.012734142067050702,110.44284,125.007986,160.61028988095237,81268436.1,0.018829034968214784,-0.46778386419813045,Short-term downward,Below long MA,-0.1928564742815211,False,False,False,32.8,normal
2022-08-25,AAPL,102.6015,104.1187,100.519,102.2335,32083926,offline_fallback,-0.017986475323228168,109.68731500000001,123.88369800000001,160.2648650887574,76714841.05,0.01896300889506249,-0.47735655659135456,Short-term downward,Below long MA,-0.356303040446815,False,False,False,37.6,normal
2022-08-26,AAPL,104.5812,105.1648,103.9156,104.079,31489065,offline_fallback,0.01805181276196155,109.07568999999998,122.793552,159.93436,72586443.6,0.01974092103782725,-0.46792189500967496,Short-term downward,Below long MA,0.8385470622562615,False,False,False,48.4,normal
2022-08-29,AAPL,101.7203,102.5189,99.6789,102.0892,16859644,offline_fallback,-0.01911816985174708,108.37875999999999,121.84478800000001,159.59608421052633,66906504.3,0.019962325465503656,-0.47809425459527577,Short-term downward,Below long MA,-0.39867967713354796,False,False,False,44.9,normal
2022-08-30,AAPL,100.9766,101.4434,100.2234,101.2685,25206836,offline_fallback,-0.008039048204903199,107.611635,120.65491800000001,159.2569703488372,66220932.0,0.01978902253391786,-0.48228988004100026,Short-term downward,Below long MA,-0.007171357266920647,False,False,False,37.9,normal
2022-08-31,AAPL,99.9785,102.0276,98.0292,100.1352,2976219,offline_fallback,-0.011191041636836818,106.953185,119.53540199999999,158.9152260115607,62545584.1,0.019169282034675078,-0.48808359554927316,Short-term downward,Below long MA,-0.11079110541301034,False,False,False,35.8,normal
2022-09-01,AAPL,103.628,106.3493,102.0359,104.2088,4636000,offline_fallback,0.040680999288961406,106.585285,118.35913400000001,158.60082126436782,62297834.75,0.021661330977759012,-0.46725832466380546,Short-term downward,Below long MA,1.62922028934629,False,False,False,61.9,normal
2022-09-02,AAPL,102.3725,104.3177,100.796,102.546,115218315,offline_fallback,-0.015956425944833708,106.262355,117.083368,158.280508,66015478.85,0.02137928627808239,-0.4757589777540342,Short-term downward,Below long MA,-0.27344298108312387,False,False,False,48.1,normal
2022-09-05,AAPL,102.9599,104.4029,102.3397,103.4774,39934820,offline_fallback,0.009082753105923214,106.19337499999999,116.16884,157.96912670454546,62067748.8,0.01983490879593216,-0.47099742598097727,Short-term downward,Below long MA,0.5572140037547625,False,False,False,45.9,normal
2022-09-06,AAPL,107.172,108.782,104.6523,106.9617,78036335,offline_fallback,0.033672086851815,106.202235,115.35380200000002,157.68094915254235,63901087.45,0.020867775499065697,-0.45318480536377515,Short-term downward,Below long MA,1.3624578758984,False,False,False,57.5,normal
2022-09-07,AAPL,104.543,105.3013,104.1463,104.6987,136406025,offline_fallback,-0.021157105767765416,105.955125,114.597334,157.38329606741573,63910467.2,0.020415192867668117,-0.464753832272115,Short-term downward,Below long MA,-0.4778855109952088,False,False,True,47.3,high_volume
2022-09-08,AAPL,102.6815,104.5542,101.3805,103.1579,78515311,offline_fallback,-0.014716515104772121,105.508925,113.98278600000002,157.08036089385476,62631162.15,0.01975580032909485,-0.4726307905842537,Short-term downward,Below long MA,-0.270944206283387,False,False,False,41.2,normal
2022-09-09,AAPL,102.1453,102.8761,101.2178,102.5839,16853986,offline_fallback,-0.005564285430393556,105.213065,113.35461,156.77760277777776,62703277.5,0.018637471840567126,-0.47556522339264395,Short-term downward,Below long MA,0.04163280271660979,False,False,False,30.1,normal
2022-09-12,AAPL,100.1749,100.7937,99.9252,100.1528,98450777,offline_fallback,-0.023698650567974155,104.753405,112.86199199999999,156.4647585635359,63641404.95,0.019036180677738688,-0.48799361990915524,Short-term downward,Below long MA,-0.6029935776696262,False,False,False,42.4,normal
2022-09-13,AAPL,101.9578,103.6912,101.2899,102.437,132206626,offline_fallback,0.02280715067377037,104.337295,112.459362,156.16790274725275,68213305.65,0.01962360044228379,-0.4763162132524916,Short-term downward,Below long MA,1.1001527034409229,False,False,True,51.2,high_volume
2022-09-14,AAPL,100.8317,102.9809,99.1429,101.598,24478523,offline_fallback,-0.008190399953141969,103.93441,111.94418599999999,155.86970655737704,64986259.15,0.019597889201475798,-0.48060539291492954,Short-term downward,Below long MA,-0.05265453182684819,False,False,False,37.8,normal
2022-09-15,AAPL,102.9632,105.7388,100.8977,103.593,121357210,offline_fallback,0.019636213311285733,103.54662499999999,111.37453599999999,155.58559402173913,66836134.7,0.019833851497302418,-0.4704064496174757,Short-term downward,Below long MA,1.0142261418216945,False,False,False,50.5,normal
2022-09-16,AAPL,104.7115,105.0168,102.4449,104.6465,48921270,offline_fallback,0.010169606054463154,103.32265,110.78042800000001,155.31024756756756,63649224.8,0.01965464914638087,-0.46502069184110095,Short-term downward,Below long MA,0.6662422062760416,False,False,False,46.2,normal
2022-09-19,AAPL,103.7287,106.6329,102.8018,104.7372,88717422,offline_fallback,0.0008667275064144775,103.207955,110.22898799999999,155.0383494623656,62577228.95,0.01923347358118961,-0.46455701055935705,Short-term downward,Below long MA,0.2804373245077079,False,False,False,37.7,normal
2022-09-20,AAPL,106.6013,108.1099,106.0159,106.6133,129515035,offline_fallback,0.01791245135443753,103.26618,109.74148199999999,154.77939197860962,64057913.95,0.019381024704016522,-0.45496591405792697,Short-term downward,Below long MA,0.9896468162861202,False,False,True,47.6,high_volume
2022-09-21,AAPL,106.4602,107.5617,104.8376,106.0772,64565949,offline_fallback,-0.0050284532980405805,103.36474000000001,109.270806,154.52033776595744,64321464.7,0.019174849026231743,-0.45770659250492685,Short-term downward,Below long MA,-0.01655554450916623,False,False,False,32.7,normal
2022-09-22,AAPL,107.7582,108.7093,107.4394,108.1615,66026534,offline_fallback,0.019648897218252248,103.66114,108.919524,154.27505291005292,66018595.1,0.01904826429956071,-0.4470511250789203,Short-term downward,Below long MA,1.045033209491175,False,False,False,45.0,normal
2022-09-23,AAPL,105.4097,106.0294,105.0311,105.6355,64548685,offline_fallback,-0.023353966060012166,103.73896500000001,108.50779800000001,154.0190552631579,67671576.1,0.019568502558471746,-0.45996467433674915,Short-term downward,Below long MA,-0.8881370489646347,False,False,False,47.7,normal
2022-09-26,AAPL,103.4132,105.8164,102.0731,104.259,77766832,offline_fallback,-0.013030657307439242,103.847455,108.12750799999999,153.75853141361256,70716935.5,0.019285665537386636,-0.4670016895993784,Short-term downward,Below long MA,-0.5011288077071121,False,False,False,41.9,normal
2022-09-27,AAPL,105.9981,107.4729,105.1701,106.5945,53184540,offline_fallback,0.02240094380341251,104.113755,107.92474,153.51288541666665,72115820.7,0.01971229396957081,-0.45506202440078014,Short-term downward,Below long MA,1.1899367797528175,False,False,False,50.9,normal
2022-09-28,AAPL,102.2311,103.4869,101.0466,102.5937,87260832,offline_fallback,-0.037532893348155794,104.23668,107.62928199999999,153.2490554404145,76330051.35,0.02149241586764788,-0.47551512332030554,Short-term downward,Below long MA,-1.6751643639528644,False,False,False,62.1,normal
2022-09-29,AAPL,103.6383,105.0247,103.2794,103.5298,81699628,offline_fallback,0.009124341943023806,104.20273,107.398994,152.9927706185567,80183232.75,0.01952795385515621,-0.47072954396153543,Short-term downward,Below long MA,0.6573228472855629,False,False,False,45.7,normal
2022-09-30,AAPL,102.5415,103.2767,100.6445,102.8102,123336680,offline_fallback,-0.006950655753222734,104.21594,107.139546,152.7354241025641,80589151.0,0.01924597919208695,-0.47440832070181005,Short-term downward,Below long MA,-0.13751929348869718,False,False,False,35.7,normal
2022-10-03,AAPL,101.1965,103.2778,100.1623,101.8444,76832474,offline_fallback,-0.009394009543800097,104.13429,106.86195599999999,152.47577602040818,82434033.7,0.019245907877431568,-0.4793457339532792,Short-term downward,Below long MA,-0.2679556984164692,False,False,False,38.8,normal
2022-10-04,AAPL,100.2639,101.3999,98.4903,100.6081,22254910,offline_fallback,-0.012139106322978988,103.81661,106.590136,152.21248832487308,79644962.45,0.017606217738995775,-0.4856660114463328,Short-term downward,Below long MA,-0.40649251368753153,False,False,False,32.3,normal
2022-10-05,AAPL,102.2996,104.1227,100.9983,103.0009,83446426,offline_fallback,0.023783373306920597,103.73172,106.303784,151.96394494949493,76996982.5,0.018017758552724042,-0.4734334141921235,Short-term downward,Below long MA,1.3815148462436602,False,False,False,43.5,normal
2022-10-06,AAPL,101.0153,101.9491,98.5592,100.2062,97027428,offline_fallback,-0.027132772626258683,103.58413499999999,105.96102799999998,151.70385577889448,77922588.35,0.018727414188384587,-0.487720625637434,Short-term downward,Below long MA,-1.190613175850652,False,False,False,46.0,normal
2022-10-07,AAPL,101.3763,102.706,99.1766,101.7678,121483727,offline_fallback,0.015583866068167529,103.54333,105.670154,151.4541755,83154075.4,0.01906694211061324,-0.4797373324778831,Short-term downward,Below long MA,0.9527012278104641,False,False,False,46.3,normal
2022-10-10,AAPL,103.4243,104.2229,100.606,102.6978,109317569,offline_fallback,0.009138450472546467,103.67058,105.403554,151.1292865,83697415.0,0.018339236921850098,-0.4749829378580174,Short-term downward,Below long MA,0.605187159090323,False,False,False,37.6,normal
2022-10-11,AAPL,101.076,102.9706,99.5656,101.9599,65518850,offline_fallback,-0.007185158786264134,103.64672499999999,105.110532,150.830951,80363026.2,0.017713574342570728,-0.4787552688150054,Short-term downward,Below long MA,-0.2731770657835972,False,False,False,30.1,normal
2022-10-12,AAPL,101.2887,102.9981,99.0731,101.8531,90177518,offline_fallback,-0.0010474706232549424,103.65948,104.88150999999999,150.522861,83647975.95,0.017613245959676508,-0.4793012573584481,Short-term downward,Below long MA,0.0611724997050347,False,False,False,26.1,normal
2022-10-13,AAPL,103.8903,105.3189,102.9144,103.2053,55311599,offline_fallback,0.013275982763411243,103.640095,104.71428,150.21013200000002,80345695.4,0.017299877277770572,-0.47238846982620897,Short-term downward,Below long MA,0.8010094186150027,False,False,False,34.2,normal
2022-10-14,AAPL,101.9465,103.0305,101.4448,102.1514,104380339,offline_fallback,-0.010211684865021442,103.51534,104.57721599999999,149.8962975,83118648.85,0.017266795228445816,-0.4777762725034955,Short-term downward,Below long MA,-0.4455644549915772,False,False,False,29.9,normal
2022-10-17,AAPL,100.4263,102.2999,97.5394,99.4097,68634568,offline_fallback,-0.026839573417495988,103.248965,104.46826999999999,149.562849,82114506.15,0.01819050560338999,-0.4917925345779963,Short-term downward,Below long MA,-1.2958716038013196,False,False,False,44.8,normal
2022-10-18,AAPL,100.326,102.3661,98.1029,99.9691,33576955,offline_fallback,0.005627217464694079,102.916755,104.331962,149.20617199999998,77317602.15,0.01766663219184123,-0.4889327406528857,Short-term downward,Below long MA,0.4063755997841395,False,False,False,32.7,normal
2022-10-19,AAPL,99.1398,99.9561,97.4038,98.5005,5505570,offline_fallback,-0.014690539376667311,102.53791999999999,104.109154,148.82532650000002,74364583.2,0.017854313382029866,-0.49644059435044996,Short-term downward,Below long MA,-0.6446457635925894,False,False,False,37.5,normal
2022-10-20,AAPL,97.0015,97.9417,96.6676,97.8223,130672728,offline_fallback,-0.006885244237338939,102.02096,103.823962,148.429485,77596892.9,0.017005701078557048,-0.4999077238463564,Short-term downward,Below long MA,-0.21715876390708397,False,False,True,25.7,high_volume
2022-10-21,AAPL,98.0122,99.906,97.7051,97.9685,31019718,offline_fallback,0.0014945467444540395,101.63761,103.61331,148.0229325,75920444.55,0.016484138353240804,-0.49916031256310434,Short-term downward,Below long MA,0.22565626054082863,False,False,False,23.2,normal
2022-10-24,AAPL,99.0987,99.5144,98.2607,99.3225,56278376,offline_fallback,0.01382076892062245,101.390785,103.41284,147.63659099999998,74846021.75,0.01676924849250428,-0.4922383229767622,Short-term downward,Below long MA,0.8704117163463485,False,False,False,33.2,normal
2022-10-25,AAPL,103.4065,104.7498,102.4066,102.625,51161805,offline_fallback,0.03325027058320118,101.19230999999999,103.250156,147.250955,74744885.0,0.017756370428845054,-0.47535510982395957,Short-term downward,Below long MA,1.8337583519724419,False,False,False,44.1,normal
2022-10-26,AAPL,103.0284,104.0455,100.896,103.3142,116083583,offline_fallback,0.006715712545676045,101.228335,103.12332599999999,146.894939,76186022.55,0.01570022468870958,-0.4718317455529796,Short-term downward,Below long MA,0.42719488269514677,False,False,False,21.0,normal
2022-10-27,AAPL,103.5394,104.338,102.0516,103.5851,139655843,offline_fallback,0.002622098414351459,101.2311,102.96805400000001,146.5450135,79083833.3,0.015578365355596334,-0.4704468364104831,Short-term downward,Below long MA,0.19571806665819302,False,False,True,16.6,high_volume
2022-10-28,AAPL,104.6843,107.3049,102.6485,105.1701,72819642,offline_fallback,0.015301428487301871,101.349095,102.888936,146.20936700000001,76557981.4,0.01583762568742979,-0.46234391654759377,Short-term downward,Below long MA,0.8401560617595394,False,False,False,26.2,normal
2022-10-31,AAPL,104.8253,106.6214,103.6956,105.7689,27150068,offline_fallback,0.005693633456657299,101.54532,102.86369199999999,145.90304450000002,74073861.1,0.015662078649546367,-0.4592826998826738,Short-term downward,Below long MA,0.2982607262874613,False,False,False,18.0,normal
2022-11-01,AAPL,102.8578,103.4693,101.053,102.6073,127279233,offline_fallback,-0.029891584388227588,101.64528,102.806862,145.58211350000002,79325077.25,0.016955711403712513,-0.4754455966893054,Short-term downward,Below long MA,-1.604136582666978,False,False,False,38.4,normal
2022-11-02,AAPL,101.3016,102.8327,100.7741,101.5504,118260757,offline_fallback,-0.010300436713567174,101.572755,102.75575,145.230769,81065793.8,0.01625652727409719,-0.48084873612343026,Short-term downward,Below long MA,-0.5098799720387743,False,False,False,25.6,normal
2022-11-03,AAPL,99.4482,101.3304,97.2343,99.3402,100743782,offline_fallback,-0.021764562227229,101.529455,102.69788399999999,144.87316049999998,81251611.5,0.015833918342658442,-0.49214783611141644,Short-term downward,Below long MA,-1.1101091571535098,False,False,False,30.7,normal
2022-11-04,AAPL,100.0723,102.0986,99.8877,100.6405,74810559,offline_fallback,0.013089363621172634,101.47309,102.62911400000002,144.5401535,78917953.1,0.015711444458279458,-0.4855003744724794,Short-term downward,Below long MA,0.8064083531724159,False,False,False,26.7,normal
2022-11-07,AAPL,102.8961,103.9804,100.7588,103.0026,52968313,offline_fallback,0.023470670356367407,101.48832999999999,102.647382,144.2198675,76100490.3,0.016479371672857825,-0.4734247233632485,Short-term downward,Below long MA,1.3622425467610275,False,False,False,34.6,normal
2022-11-08,AAPL,103.1959,104.4651,101.7014,103.7197,92812759,offline_fallback,0.006961960183529348,101.57632,102.69640599999998,143.8898685,77465185.75,0.01644578695022617,-0.4697587272536725,Short-term downward,Below long MA,0.44424817015333334,False,False,False,24.8,normal
2022-11-09,AAPL,101.5057,103.289,100.7205,101.8509,88611269,offline_fallback,-0.018017792184127135,101.57621,102.73072,143.5471075,77386873.3,0.016985097513412047,-0.47931250431346284,Short-term downward,Below long MA,-0.9475241900653437,False,False,False,34.0,normal
2022-11-10,AAPL,103.3802,104.2915,103.1392,103.3757,53721740,offline_fallback,0.014970903546262182,101.58473000000001,102.71405799999998,143.211543,77307380.35,0.01705817972123443,-0.47151734203779494,Short-term downward,Below long MA,0.8979265609565549,False,False,False,33.2,normal
2022-11-11,AAPL,101.2824,103.2676,99.383,101.6396,135412717,offline_fallback,-0.016794082168246405,101.55914,102.69593,142.888452,78858999.25,0.017331371390436282,-0.4803927232201054,Short-term downward,Below long MA,-0.8845473763494527,False,False,True,36.2,high_volume
2022-11-14,AAPL,102.3633,103.8163,100.9575,102.1589,77903750,offline_fallback,0.005109229080004329,101.69659999999999,102.66956,142.5600035,79322458.35,0.01617140939802575,-0.4777379306113998,Short-term downward,Below long MA,0.3242090604523718,False,False,False,21.9,normal
2022-11-15,AAPL,99.3436,101.7876,97.8213,100.0087,38398214,offline_fallback,-0.021047603292517758,101.69858,102.53049999999999,142.21300499999998,79563521.3,0.01689593691327799,-0.4887302954626205,Short-term downward,Below long MA,-1.1426907312450922,False,False,False,35.9,normal
2022-11-16,AAPL,97.2834,98.4125,96.3524,97.5667,137714978,offline_fallback,-0.02441787564481901,101.65189000000001,102.38786,141.8328805,86173991.7,0.017475839904379453,-0.5012144155289775,Short-term downward,Below long MA,-1.3068155414933371,False,False,True,41.7,high_volume
2022-11-17,AAPL,95.7072,96.353,94.7476,95.1539,58975436,offline_fallback,-0.02472974898197855,101.51847000000001,102.22777999999998,141.416951,82589127.1,0.018265752611883897,-0.5135492578287754,Short-term downward,Below long MA,-1.3085158516567386,False,False,False,46.3,normal
2022-11-18,AAPL,94.806,96.817,93.6885,95.2358,30128227,offline_fallback,0.0008607109114813216,101.381835,102.080818,140.98988799999998,82544552.55,0.018261338450522174,-0.5131305643670904,Short-term downward,Below long MA,0.12161958069451939,False,False,False,31.3,normal
2022-11-21,AAPL,93.2275,95.3872,91.6595,94.1536,79042651,offline_fallback,-0.01136337385731001,101.12339,101.96083399999999,140.5836205,83682766.3,0.018033958080447623,-0.5186630437838846,Short-term downward,Below long MA,-0.5703635505817074,False,False,False,38.2,normal
2022-11-22,AAPL,95.4659,97.062,93.7929,94.9451,85674201,offline_fallback,0.008406476226081594,100.739395,101.81099599999999,140.203488,85408386.1,0.016203572710030593,-0.5146166961047194,Short-term downward,Below long MA,0.5222487980375642,False,False,False,27.1,normal
2022-11-23,AAPL,92.6331,93.0784,91.8644,92.7767,16937036,offline_fallback,-0.022838461384526387,100.21252,101.63457,139.8289385,80451058.75,0.016542379882211713,-0.5257021039474256,Short-term downward,Below long MA,-1.2050827128664199,False,False,False,36.4,normal
2022-11-24,AAPL,93.0795,94.6466,91.7127,93.6464,45872992,offline_fallback,0.009374120873020919,99.715585,101.435638,139.4538255,75761916.2,0.016778361833021522,-0.5212559781400092,Short-term downward,Below long MA,0.6386708078603921,False,False,False,32.0,normal
2022-11-25,AAPL,92.0303,93.9405,90.6283,92.6542,132287694,offline_fallback,-0.01059517504143237,99.08979,101.195792,139.085238,78735318.8,0.01612410695217444,-0.5263283548516552,Short-term downward,Below long MA,-0.5270546974872387,False,False,True,27.0,high_volume
2022-11-28,AAPL,94.9807,96.4196,94.5878,94.7941,58205098,offline_fallback,0.023095553142760794,98.54105,100.99692999999999,138.70728450000001,80288070.3,0.0172307441419418,-0.5153886461989126,Short-term downward,Below long MA,1.4015340269940244,False,False,False,41.1,normal
2022-11-29,AAPL,95.9432,96.8745,94.4808,96.5863,83988008,offline_fallback,0.01890623994531304,98.24,100.79639000000002,138.334084,78123509.05,0.017022067441400716,-0.5062264676637263,Short-term downward,Below long MA,1.2029369186830836,False,False,False,37.7,normal
2022-11-30,AAPL,95.3485,97.4862,94.9781,96.2634,14892512,offline_fallback,-0.003343124231904415,97.97565,100.60011400000002,137.95317699999998,72955096.8,0.01693332564310245,-0.5078772139247527,Short-term downward,Below long MA,-0.12389209962942631,False,False,False,23.8,normal
2022-12-01,AAPL,96.7239,97.4837,96.2724,96.504,50337758,offline_fallback,0.0024993922923977063,97.83384,100.36696400000001,137.5613505,70434795.6,0.01634184777538825,-0.506647206026323,Short-term downward,Below long MA,0.20753255343014518,False,False,False,22.3,normal
2022-12-02,AAPL,97.0048,98.1879,95.8324,96.9802,32324870,offline_fallback,0.004934510486611865,97.65082500000001,100.193858,137.1660695,68310511.15,0.016062748194661868,-0.5042127514908605,Short-term downward,Below long MA,0.3425011255332615,False,False,False,23.2,normal
2022-12-05,AAPL,98.0509,99.2275,97.538,97.8431,53305250,offline_fallback,0.008897692518679223,97.39285,100.06554,136.7969665,68327358.0,0.015164958168326532,-0.4998013889989442,Short-term downward,Below long MA,0.5544104912637253,False,False,False,22.7,normal
2022-12-06,AAPL,97.0576,98.6415,96.6802,97.4139,19951271,offline_fallback,-0.004386614896707108,97.07755999999999,99.88192799999999,136.387364,64684283.6,0.015005474622393503,-0.5019955676772737,Short-term downward,Below long MA,-0.22660626477103138,False,False,False,17.5,normal
2022-12-07,AAPL,99.4989,100.8549,98.2164,99.3887,20925776,offline_fallback,0.02027226094017376,96.95445,99.817828,135.9635295,61300008.95,0.015428464676668606,-0.49189989187586425,Short-term downward,Below long MA,1.2482564075795217,False,False,False,30.2,normal
2022-12-08,AAPL,97.9618,99.6325,96.4401,98.5337,111420614,offline_fallback,-0.008602587618109503,96.71235,99.717906,135.5096695,64184952.65,0.015030664904620909,-0.4962708675747731,Short-term downward,Below long MA,-0.486010694315805,False,False,False,21.6,normal
2022-12-09,AAPL,94.9146,96.6019,93.6707,95.1735,22159431,offline_fallback,-0.03410203818592006,96.389045,99.565172,135.05122300000002,58522288.35,0.016350150396543618,-0.5134490576840985,Short-term downward,Below long MA,-1.9501650772287649,False,False,False,38.1,normal
2022-12-12,AAPL,95.6532,96.1637,95.4309,95.6479,81884287,offline_fallback,0.004984580791922211,96.063495,99.441242,134.625705,58721315.2,0.016346858424841636,-0.5110238052027392,Short-term downward,Below long MA,0.379216252249869,False,False,False,25.3,normal
2022-12-13,AAPL,95.5552,96.1871,93.6666,95.5139,30821183,offline_fallback,-0.001400971688871322,95.838755,99.33935799999999,134.22352949999998,58342463.65,0.015796392748871704,-0.5117088470081821,Short-term downward,Below long MA,0.017744201110677614,False,False,False,16.9,normal
2022-12-14,AAPL,97.4684,98.416,94.9467,96.9975,38490967,offline_fallback,0.015532817736475968,95.810295,99.21929,133.84497,53381263.1,0.015355791544859502,-0.5041243095264265,Short-term downward,Below long MA,1.0101752380611115,False,False,False,28.4,normal
2022-12-15,AAPL,98.4185,99.3691,97.5522,98.0915,29332553,offline_fallback,0.011278641202092876,95.95717499999999,99.176996,133.457694,51899118.95,0.014407560665981091,-0.49853150553273506,Short-term downward,Below long MA,0.7706464935081753,False,False,False,23.6,normal
2022-12-16,AAPL,97.8638,100.3972,97.4087,98.3741,38280525,offline_fallback,0.002880983571461382,96.11409,99.10912199999999,133.05712400000002,52306733.85,0.014409035205435194,-0.49708678303856935,Short-term downward,Below long MA,0.24102093806838792,False,False,False,16.1,normal
2022-12-19,AAPL,98.2892,99.4376,97.2298,98.6181,65494873,offline_fallback,0.002480327647216063,96.337315,99.027528,132.63385549999998,51629344.95,0.01407604129067613,-0.4958393934823896,Short-term downward,Below long MA,0.20151858487015367,False,False,False,14.5,normal
2022-12-20,AAPL,99.2154,101.2155,98.3624,98.8973,126372828,offline_fallback,0.0028311232927829,96.534925,98.966276,132.1761405,53664276.3,0.014006146818444589,-0.494412052645974,Short-term downward,Below long MA,0.24740611737473633,False,False,False,14.9,normal
2022-12-21,AAPL,98.3803,100.1136,97.0426,97.7781,95271271,offline_fallback,-0.011316790246043151,96.78499500000001,98.884776,131.70337750000002,57580988.05,0.013134749224823737,-0.500133685397107,Short-term downward,Below long MA,-0.6943525368742303,False,False,False,20.9,normal
2022-12-22,AAPL,95.9121,97.12,94.6927,95.6892,76612637,offline_fallback,-0.021363679596964946,96.887135,98.734454,131.2135035,59117970.3,0.014078476298681801,-0.5108126691835988,Short-term downward,Below long MA,-1.3025502657741337,False,False,False,28.2,normal
2022-12-23,AAPL,94.1242,96.0864,92.4776,94.3278,35669219,offline_fallback,-0.014227310919100677,96.970815,98.577982,130.72261699999999,54287046.55,0.014260535939801788,-0.5177724894368088,Short-term downward,Below long MA,-0.8298916694644006,False,False,False,24.3,normal
2022-12-26,AAPL,94.332,95.0708,92.6206,94.2247,51304859,offline_fallback,-0.001092996974380811,96.942345,98.474282,130.236515,53942034.6,0.01327928203491006,-0.5182995626468174,Short-term downward,Below long MA,0.005372228248193962,False,False,False,11.0,normal
2022-12-27,AAPL,90.9594,91.1778,89.1999,90.4343,125719165,offline_fallback,-0.040227244024125364,96.634745,98.283586,129.7508835,56028592.45,0.015236287526161567,-0.5376770436867518,Short-term downward,Below long MA,-2.372108662767913,False,False,False,34.9,normal
2022-12-28,AAPL,90.3891,90.9928,87.9876,89.7748,54058613,offline_fallback,-0.007292586994093964,96.310315,98.109072,129.252816,57986897.5,0.015264169397525356,-0.5410485740650329,Short-term downward,Below long MA,-0.3219789081102697,False,False,False,21.2,normal
2022-12-29,AAPL,87.988,88.4349,87.0236,88.2374,79667998,offline_fallback,-0.017125072960340826,95.896985,97.917374,128.7411175,59453409.5,0.015495939286652407,-0.5489081507194218,Short-term downward,Below long MA,-0.9625395719386709,False,False,False,30.6,normal
2022-12-30,AAPL,87.7195,88.7243,86.1234,88.1459,9970365,offline_fallback,-0.0010369752508573304,95.45527,97.72092199999999,128.2353875,58335684.25,0.015364557255839881,-0.5493759218029891,Short-term downward,Below long MA,0.0794730812559495,False,False,False,18.1,normal
2023-01-02,AAPL,86.931,87.9975,86.6546,86.9037,29139692,offline_fallback,-0.014092544293041409,94.90830000000001,97.47254600000001,127.736735,57127406.35,0.015156167920494911,-0.5557263615844914,Short-term downward,Below long MA,-0.7352694097500444,False,False,False,28.7,normal
2023-01-03,AAPL,86.7864,87.5365,85.0223,87.049,44688165,offline_fallback,0.0016719656355252965,94.390055,97.161026,127.2306205,58364251.05,0.015246190954772237,-0.5549835513282909,Short-term downward,Below long MA,0.26912722827337743,False,False,False,22.0,normal
2023-01-04,AAPL,86.7436,87.1629,86.4304,86.7394,73271749,offline_fallback,-0.0035566175372491182,93.75759000000001,96.82952999999999,126.700308,60981549.7,0.014007104662904387,-0.556566304634001,Short-term downward,Below long MA,-0.06448675295779362,False,False,False,16.2,normal
2023-01-05,AAPL,88.4221,90.2166,88.1966,88.8106,27663975,offline_fallback,0.023878422031971436,93.271435,96.53403999999999,126.178407,56793717.75,0.015569412474983573,-0.545977807712855,Short-term downward,Below long MA,1.6630156604166066,False,False,False,35.3,normal
2023-01-06,AAPL,88.4588,88.6083,86.4009,88.3108,51515641,offline_fallback,-0.0056277066025901545,92.92830000000001,96.196854,125.64854199999999,58261528.25,0.013996882512459941,-0.5485329114021118,Short-term downward,Below long MA,-0.211080740869232,False,False,False,17.0,normal
2023-01-09,AAPL,88.204,88.7323,86.1318,87.9722,71735100,offline_fallback,-0.0038341856262200658,92.544515,95.84092000000001,125.1260345,57754068.9,0.013848975610777662,-0.5502639200239253,Short-term downward,Below long MA,-0.12421736420440342,False,False,False,15.2,normal
2023-01-10,AAPL,88.7162,88.8854,87.0634,88.0614,77346272,offline_fallback,0.0010139566817699563,92.17188999999999,95.550002,124.60774899999998,60080323.35,0.01388406460397306,-0.5498079071206006,Short-term downward,Below long MA,0.1953100814082898,False,False,False,16.5,normal
2023-01-11,AAPL,85.7736,86.5509,84.6713,85.2283,18776847,offline_fallback,-0.03217187099001384,91.58342999999999,95.22355999999999,124.080232,59094617.35,0.014445194219082833,-0.5642914290534409,Short-term downward,Below long MA,-1.89064823196911,False,False,False,37.1,normal
2023-01-12,AAPL,83.7302,85.5563,82.4222,83.6303,83503070,offline_fallback,-0.018749640670997714,90.86037,94.909362,123.54909400000001,61803143.2,0.014072586282139915,-0.5724608081959628,Short-term downward,Below long MA,-1.0204919171004658,False,False,False,33.6,normal
2023-01-13,AAPL,85.4619,86.3113,85.2342,85.8384,131971127,offline_fallback,0.02640310987763983,90.233585,94.61331999999999,123.0386795,66487673.3,0.0158829191044949,-0.5611724439377634,Short-term downward,Below long MA,1.7399290296846135,False,False,True,39.9,high_volume
2023-01-16,AAPL,87.0598,87.7259,86.2372,86.6836,28693697,offline_fallback,0.009846409066338602,89.63686,94.28694,122.52527049999999,64647614.5,0.016188775079178677,-0.556851568311193,Short-term downward,Below long MA,0.7347559587792293,False,False,False,33.0,normal
2023-01-17,AAPL,86.5857,87.2109,85.6443,86.8628,2646542,offline_fallback,0.002067288391345068,89.035135,93.949802,121.9900855,58461300.2,0.016166977223063695,-0.55593545270272,Short-term downward,Below long MA,0.3018425810208265,False,False,False,26.5,normal
2023-01-18,AAPL,87.9726,90.4144,87.2969,88.6016,104747710,offline_fallback,0.020017775158065465,88.57631,93.684816,121.4795905,58935122.15,0.017148008598160614,-0.547046268439255,Short-term downward,Below long MA,1.4146170640886029,False,False,False,42.2,normal
2023-01-19,AAPL,88.2302,88.5609,86.3635,88.3628,24400923,offline_fallback,-0.0026952109216991094,88.20998999999999,93.384558,120.943362,56324536.45,0.016699739206127256,-0.5482670742835818,Short-term downward,Below long MA,-0.01097108076141427,False,False,False,23.2,normal
2023-01-20,AAPL,87.4184,89.0742,86.0825,88.0152,5962598,offline_fallback,-0.003933782089295512,87.89435999999999,93.11207,120.41195250000001,54839205.4,0.01652046765555655,-0.5500440931759101,Short-term downward,Below long MA,-0.06962392124106398,False,False,False,23.5,normal
2023-01-23,AAPL,88.3889,89.9745,87.376,87.5841,19483897,offline_fallback,-0.004898017615139083,87.56233,92.82057400000002,119.88427250000001,53248157.3,0.01651529680965391,-0.5522479851335703,Short-term downward,Below long MA,-0.12014135634089507,False,False,False,24.2,normal
2023-01-24,AAPL,85.273,86.954,82.9715,84.8325,127739809,offline_fallback,-0.031416661243308,87.28224,92.51705,119.3797845,53349189.5,0.015575310314055088,-0.5663148585056376,Short-term downward,Below long MA,-1.8082344373412362,False,False,False,40.4,normal
2023-01-25,AAPL,86.8729,87.2531,84.6945,86.3131,75660814,offline_fallback,0.017453216632776547,87.109155,92.291978,118.92266550000001,54429299.55,0.016193397756723238,-0.5587456577807202,Short-term downward,Below long MA,1.2615104303165783,False,False,False,38.5,normal
2023-01-26,AAPL,85.8474,87.9349,84.3983,86.0666,81904816,offline_fallback,-0.0028558816680204213,87.000615,92.11023200000001,118.45206,54541140.45,0.01579389419433326,-0.5600058279675986,Short-term downward,Below long MA,-0.037613930194282254,False,False,False,21.5,normal
2023-01-27,AAPL,85.8771,87.2654,85.32,85.9682,105146371,offline_fallback,-0.0011433006532149959,86.89173,91.92487999999999,117.998161,59299940.75,0.01579388059991729,-0.5605088735918939,Short-term downward,Below long MA,0.08745090921654904,False,False,False,22.2,normal
2023-01-30,AAPL,85.545,85.7159,83.8566,85.4983,97251607,offline_fallback,-0.005465974627827497,86.82145999999999,91.75177400000001,117.528616,62705536.5,0.015536982941353377,-0.562911120937996,Short-term downward,Below long MA,-0.16343828852836145,False,False,False,22.9,normal
2023-01-31,AAPL,84.3526,86.2842,84.0306,84.5681,119606767,offline_fallback,-0.010879748486227192,86.697415,91.54423400000002,117.053109,66451466.6,0.015688894588786785,-0.5676665380083177,Short-term downward,Below long MA,-0.5013412294550724,False,False,False,30.8,normal
2023-02-01,AAPL,81.147,82.5377,80.1164,81.1758,138741604,offline_fallback,-0.040113234186413105,86.419235,91.312216,116.55609649999998,69724959.35,0.017931503485809974,-0.5850088314158127,Short-term downward,Below long MA,-2.3116796219194415,False,False,True,59.5,high_volume
2023-02-02,AAPL,81.5723,82.4247,80.2603,81.4412,34209162,offline_fallback,0.003269447298332784,86.050765,91.068112,116.03824549999999,70052218.7,0.01685613783332793,-0.5836520396608532,Short-term downward,Below long MA,0.4558302494431689,False,False,False,40.7,normal
2023-02-03,AAPL,84.3398,85.9651,83.8866,84.6833,122157759,offline_fallback,0.039809089257034636,85.86939,90.908694,115.53730100000001,73584324.6,0.019505323570311785,-0.5670776065457278,Short-term downward,Below long MA,2.5886629705406956,True,False,False,63.5,abnormal_return
2023-02-06,AAPL,86.1695,87.0282,85.1104,86.2361,108295768,offline_fallback,0.018336555141332367,85.78258500000001,90.73753400000001,115.09795499999998,75412358.0,0.020013824059277478,-0.559139301206236,Short-term downward,Below long MA,1.2589444329080322,False,False,False,60.2,normal
2023-02-07,AAPL,86.3356,87.98,85.2158,85.8362,117576985,offline_fallback,-0.004637269078726747,85.671325,90.522532,114.683374,77423893.65,0.02002667579131153,-0.5611836908927781,Short-term downward,Below long MA,-0.13486513327671432,False,False,False,46.6,normal
2023-02-08,AAPL,84.4804,84.8546,84.0812,84.4547,65308984,offline_fallback,-0.016094608102409036,85.632645,90.286358,114.24664949999999,79750500.5,0.019010178379193846,-0.5682462674168045,Short-term downward,Below long MA,-0.8445231900319697,False,False,False,52.7,normal
2023-02-09,AAPL,83.7538,85.3038,83.619,84.5402,46203471,offline_fallback,0.0010123770494714357,85.67814,90.04708199999999,113.7790075,77885520.55,0.018506791734268536,-0.5678091698469137,Short-term downward,Below long MA,0.17716715309819375,False,False,False,39.8,normal
2023-02-10,AAPL,84.7167,86.318,83.2714,85.1511,41416991,offline_fallback,0.007226148033716573,85.64377499999999,89.81049999999999,113.315468,73357813.75,0.017578747436418903,-0.5646860949294126,Short-term downward,Below long MA,0.5550368197168869,False,False,False,40.7,normal
2023-02-13,AAPL,84.6791,86.4011,84.4676,85.0136,67951903,offline_fallback,-0.0016147765560280414,85.560275,89.55391,112.86199199999999,75320724.05,0.01741820394940086,-0.5653890296178337,Short-term downward,Below long MA,-0.0026243328113700116,False,False,False,31.2,normal
2023-02-14,AAPL,86.0989,86.6777,85.7567,86.3366,6800764,offline_fallback,0.015562215927804601,85.533965,89.332364,112.43666400000001,75528435.15,0.01779359575265034,-0.5586255198521537,Short-term downward,Below long MA,1.0505341145966531,False,False,False,45.7,normal
2023-02-15,AAPL,84.9465,85.8096,83.8675,84.9029,65062397,offline_fallback,-0.016605935373873892,85.34903,89.04264799999999,111.995273,73544169.5,0.01749044406870285,-0.565954955945166,Short-term downward,Below long MA,-0.9489632508030261,False,False,False,44.9,normal
2023-02-16,AAPL,86.1551,87.5521,85.1215,86.5812,121664134,offline_fallback,0.01976728710091158,85.25995,88.80359800000001,111.58981949999999,78407330.05,0.018151110651328933,-0.5573750629446061,Short-term downward,Below long MA,1.2888589803358685,False,False,False,49.1,normal
2023-02-17,AAPL,87.5084,89.0612,85.9859,86.8706,130967624,offline_fallback,0.0033425270151026254,85.20272,88.63754,111.20415150000001,84657581.35,0.01815920243966965,-0.5558955771349405,Short-term downward,Below long MA,0.2643930716033477,False,False,True,36.8,high_volume
2023-02-20,AAPL,85.9308,86.4738,84.9963,86.0596,2627830,offline_fallback,-0.009335724629506381,85.126495,88.445774,110.8119715,83814778.0,0.018242723945969513,-0.5600416137335544,Short-term downward,Below long MA,-0.49269447817687323,False,False,False,42.0,normal
2023-02-21,AAPL,85.842,87.4511,83.8714,85.6676,60292763,offline_fallback,-0.004554982825855647,85.16825,88.248848,110.41587,80442425.7,0.01679511967298725,-0.5620456166270893,Short-term downward,Below long MA,-0.1705318638049826,False,False,False,29.1,normal
2023-02-22,AAPL,85.8376,87.3073,84.603,86.2503,17492248,offline_fallback,0.006801871419299665,85.16511,88.033904,110.02606899999999,77533997.4,0.016397549747192954,-0.5590667072238681,Short-term downward,Below long MA,0.5401554891793294,False,False,False,32.4,normal
2023-02-23,AAPL,86.5403,88.6922,84.7188,87.4812,7011359,offline_fallback,0.014271254708679404,85.23584000000001,87.821698,109.62625550000001,73789324.55,0.016680324482073124,-0.5527740358931232,Short-term downward,Below long MA,0.9939473763057273,False,False,False,37.3,normal
2023-02-24,AAPL,87.8142,88.075,86.8018,87.6434,115510936,offline_fallback,0.001854112655061968,85.31960000000001,87.607084,109.2455305,74307552.8,0.0166740131591972,-0.5519448285734004,Short-term downward,Below long MA,0.2153418533003252,False,False,False,27.1,normal
2023-02-27,AAPL,88.9278,90.7157,87.4161,88.6096,85407563,offline_fallback,0.011024218594896995,85.475165,87.406914,108.88674,73715350.6,0.016739953403889236,-0.5470053704210196,Short-term downward,Below long MA,0.7899505299777538,False,False,False,34.6,normal
2023-02-28,AAPL,92.9135,93.7172,91.8109,92.4918,82145170,offline_fallback,0.04381240858778268,85.87134999999999,87.278804,108.552958,71842270.75,0.01887026373131908,-0.5271585846218338,Short-term downward,Below long MA,2.6313261762651945,True,False,False,52.7,abnormal_return
2023-03-01,AAPL,89.7322,90.7217,88.1018,89.8142,89698638,offline_fallback,-0.028949593369358095,86.30327,87.119526,108.204416,69390122.45,0.017598528574968898,-0.5408471513252235,Short-term downward,Below long MA,-1.6043835024948447,False,False,False,45.7,normal
2023-03-02,AAPL,86.6694,88.488,85.6385,86.6216,64428524,offline_fallback,-0.035546717556911966,86.56228999999999,86.938174,107.84432199999999,70901090.55,0.019824015942206234,-0.5571685279525174,Short-term downward,Below long MA,-1.9046916614750191,False,False,False,61.6,normal
2023-03-03,AAPL,86.4146,87.8562,85.3742,86.8076,17831159,offline_fallback,0.0021472704267757603,86.66850500000001,86.78777,107.45627050000002,65684760.55,0.017862601951382274,-0.5562176490285442,Short-term downward,Below long MA,0.20660509315750222,False,False,False,35.0,normal
2023-03-06,AAPL,84.6321,86.1569,84.1767,85.3432,131390042,offline_fallback,-0.016869490689755295,86.62386,86.61013999999999,107.06938099999999,66839474.25,0.0178394802084942,-0.5637040312665349,Short-term upward,Below long MA,-0.8786214122091976,False,False,True,45.7,high_volume
2023-03-07,AAPL,85.564,85.71,84.8552,85.5638,7414972,offline_fallback,0.002584857375866001,86.61024,86.51272999999999,106.67384249999999,61331373.6,0.01782162874918789,-0.5625762684136937,Short-term upward,Below long MA,0.2480821397568772,False,False,False,36.8,normal
2023-03-08,AAPL,83.3092,84.6765,82.2699,83.1305,8634590,offline_fallback,-0.02843842840079569,86.54402999999999,86.37984399999999,106.274375,58497653.9,0.018604588936241378,-0.5750159118852197,Short-term upward,Below long MA,-1.4950286792026417,False,False,False,57.1,normal
2023-03-09,AAPL,83.5409,84.4933,82.3207,83.3752,138985508,offline_fallback,0.002943564636324947,86.48578,86.2826,105.87097750000001,63136755.75,0.018618543096105278,-0.5737649437524442,Short-term upward,Below long MA,0.31750622731338146,False,False,True,44.8,high_volume
2023-03-10,AAPL,85.7227,86.438,84.8994,85.3883,17865174,offline_fallback,0.024145069517074624,86.49764,86.22744800000001,105.4837335,61959164.9,0.019359078045407145,-0.5634734686887328,Short-term upward,Below long MA,1.4925133430555204,False,False,False,59.6,normal
2023-03-13,AAPL,83.9327,84.5025,82.8221,83.5529,3202900,offline_fallback,-0.02149474810951857,86.424605,86.160432,105.09262449999999,58721714.75,0.019964397375932648,-0.5728564965223903,Short-term upward,Below long MA,-1.0603712925160833,False,False,False,62.3,normal
2023-03-14,AAPL,85.536,85.8244,83.9803,85.2241,48933143,offline_fallback,0.020001699522099292,86.36898,86.12393399999999,104.685787,60828333.7,0.020177993038229723,-0.5643129005130145,Short-term upward,Below long MA,1.2370440454012142,False,False,False,62.1,normal
2023-03-15,AAPL,89.2578,89.5516,88.0551,88.9481,32718387,offline_fallback,0.04369656001060718,86.57124,86.16810800000002,104.3021645,59211133.2,0.022055625262923508,-0.545274873024434,Short-term upward,Below long MA,2.3795681688739143,False,False,False,68.8,normal
2023-03-16,AAPL,90.8353,92.2224,90.0408,90.7479,66692734,offline_fallback,0.02023427144593315,86.779575,86.206854,103.9014815,56462563.2,0.022075039019149083,-0.5360738413719239,Short-term upward,Below long MA,1.1039064650960309,False,False,False,63.4,normal
2023-03-17,AAPL,89.6306,91.8612,87.717,89.9111,44992482,offline_fallback,-0.009221150021102353,86.9316,86.23886,103.50751849999999,52163806.1,0.022230515948908784,-0.5403517740793472,Short-term upward,Below long MA,-0.45444795945945676,False,False,False,57.4,normal
2023-03-20,AAPL,80.0631,81.2076,79.3466,80.8869,14247796,offline_fallback,-0.10036803019871854,86.672965,86.097154,103.0750885,52744804.4,0.03188627532150799,-0.5864857610993388,Short-term upward,Below long MA,-4.285880760950364,True,True,False,86.6,abnormal_return
2023-03-21,AAPL,71.0889,71.2267,70.651,71.0341,94949033,offline_fallback,-0.12180958845004575,85.94129000000001,85.756608,102.576222,54477617.9,0.04157333172855176,-0.6368557603580622,Short-term upward,Below long MA,-4.3450182844360095,True,True,False,95.7,abnormal_return
2023-03-22,AAPL,76.1205,76.2614,74.4058,75.6182,127021698,offline_fallback,0.06453379433258122,85.409685,85.564406,102.13792549999998,59954090.4,0.044583986259587316,-0.6134206846839478,Short-term downward,Below long MA,2.343449157135026,False,True,False,94.4,volatility_spike
2023-03-23,AAPL,75.6735,76.3993,74.803,75.5067,14549568,offline_fallback,-0.0014745127495762178,84.81096,85.401934,101.7232195,60331000.85,0.0443535611375811,-0.6139907008131038,Short-term downward,Below long MA,0.02471710432473687,False,True,False,75.2,volatility_spike
2023-03-24,AAPL,72.7023,72.9363,70.9042,72.0106,54015099,offline_fallback,-0.04630185135888598,84.02932,85.125378,101.29034100000001,57256209.0,0.04518353573977068,-0.6318636460072031,Short-term downward,Below long MA,-1.4915042544505492,False,True,False,94.6,volatility_spike
2023-03-27,AAPL,68.9572,69.3157,67.9076,68.7191,86425932,offline_fallback,-0.04570854846369843,83.034795,84.766088,100.8862995,57307127.45,0.04565400915210524,-0.6486906243849322,Short-term downward,Below long MA,-1.4289929991125507,False,True,False,95.4,volatility_spike
2023-03-28,AAPL,65.2494,66.5245,65.0598,65.9019,64589235,offline_fallback,-0.04099588033021384,81.7053,84.34687,100.411999,56429330.7,0.04414970802040431,-0.6630928615065297,Short-term downward,Below long MA,-1.229523343813251,False,True,False,93.4,volatility_spike
2023-03-29,AAPL,67.7555,68.4632,66.637,67.3756,113749400,offline_fallback,0.022362025981041533,80.58336999999999,83.92235000000001,99.968322,57631868.8,0.04483366694408802,-0.6555589353223402,Short-term downward,Below long MA,0.8658701630585152,False,True,False,90.4,volatility_spike
2023-03-30,AAPL,68.8874,70.1037,67.6658,69.1727,61148534,offline_fallback,0.026672860798271136,79.710925,83.538548,99.49907449999999,57467869.3,0.04536276657902934,-0.6463717067509847,Short-term downward,Below long MA,1.0058088239626908,False,True,False,91.8,volatility_spike
2023-03-31,AAPL,65.1948,66.3382,63.9745,65.191,81505948,offline_fallback,-0.057561725941014386,78.630095,83.08206399999999,98.993358,60651608.75,0.04646111610342886,-0.6667271616519732,Short-term downward,Below long MA,-1.710807019545489,False,True,False,97.1,volatility_spike
2023-04-03,AAPL,73.815,74.6543,73.05,73.9238,47952951,offline_fallback,0.1339571413231888,78.05912500000001,82.808858,98.616958,56479754.2,0.0568952676525916,-0.6220828849462063,Short-term downward,Below long MA,3.8079499586488903,True,True,False,96.5,abnormal_return
2023-04-04,AAPL,73.6654,75.0373,72.4999,73.6352,8172630,offline_fallback,-0.003904020085547577,77.462695,82.584912,98.246566,56517637.1,0.0568645574068509,-0.6235582809540485,Short-term downward,Below long MA,-0.04360532281361714,False,True,False,77.4,volatility_spike
2023-04-05,AAPL,71.2085,71.7826,69.6809,70.5869,132353914,offline_fallback,-0.041397320846551566,76.835515,82.270388,97.88689000000001,62703603.3,0.057207247581788453,-0.6391419595774213,Short-term downward,Below long MA,-1.0829349657982394,False,True,True,92.5,volatility_spike
2023-04-06,AAPL,72.5426,73.5408,71.67,72.06,76733974,offline_fallback,0.020869311444474903,76.269755,81.990256,97.5777635,59591026.6,0.057504039293486374,-0.6316111007445995,Short-term downward,Below long MA,0.6310905609183222,False,True,False,87.5,volatility_spike
2023-04-07,AAPL,74.6593,75.4245,73.1699,75.1136,108350697,offline_fallback,0.04237579794615609,75.75602,81.773164,97.283368,64115302.75,0.05814278399927779,-0.6160003271841459,Short-term downward,Below long MA,1.2123008730920515,False,True,False,91.8,volatility_spike
2023-04-10,AAPL,77.0127,77.9059,75.173,76.7854,96832128,offline_fallback,0.0222569547991307,75.41764500000001,81.598906,97.0433765,68796764.15,0.05830351515042761,-0.6074536638234024,Short-term downward,Below long MA,0.6497900387404532,False,True,False,85.6,volatility_spike
2023-04-11,AAPL,77.0009,78.4689,76.231,77.206,127751992,offline_fallback,0.005477603815308818,75.01674,81.451664,96.816564,72737706.6,0.05809741248536089,-0.6053034505146759,Short-term downward,Below long MA,0.18661308902072568,False,True,False,77.9,volatility_spike
2023-04-12,AAPL,73.4372,74.0258,71.9037,72.9062,39344940,offline_fallback,-0.0556925627541901,74.214645,81.286272,96.544311,73069034.25,0.05811523360005745,-0.6272851128657497,Short-term downward,Below long MA,-1.4389600371157785,False,True,False,94.7,volatility_spike
2023-04-13,AAPL,75.8779,76.4333,74.1512,75.2069,52041189,offline_fallback,0.03155698692292286,73.437595,81.161586,96.25996800000001,72336457.0,0.05846179447882732,-0.6155233540464755,Short-term downward,Below long MA,0.9025332956212573,False,True,False,89.1,volatility_spike
2023-04-14,AAPL,74.1822,74.3713,73.2932,74.2429,81352647,offline_fallback,-0.012817972818983336,72.654185,80.952778,95.95942299999999,74154465.25,0.058472191183017226,-0.6204515652438416,Short-term downward,Below long MA,-0.28681991536899415,False,True,False,81.8,volatility_spike
2023-04-17,AAPL,74.5512,75.2515,73.3267,74.0938,43344517,offline_fallback,-0.0020082728449455356,72.31453,80.709932,95.668346,75609301.3,0.05427090419606047,-0.6212138020587039,Short-term downward,Below long MA,0.002429733001126797,False,True,False,76.4,volatility_spike
2023-04-18,AAPL,77.252,78.5224,76.6134,76.7348,95191442,offline_fallback,0.03564400800066947,72.599565,80.52790399999999,95.397077,75621421.75,0.04706837408005314,-0.6077123437887413,Short-term downward,Below long MA,0.9815157471680057,False,True,False,88.5,volatility_spike
2023-04-19,AAPL,78.2649,79.3835,76.8977,77.8547,124931756,offline_fallback,0.014594421305587302,72.71139000000001,80.395904,95.13829549999998,75516924.65,0.04501784458706033,-0.6019871324610127,Short-term downward,Below long MA,0.4189316747084038,False,True,False,80.7,volatility_spike
2023-04-20,AAPL,79.4776,80.7825,77.3282,78.9125,78961775,offline_fallback,0.013586848321295975,72.88168,80.28335,94.90423000000001,78737535.0,0.045075641520149555,-0.5965793919998363,Short-term downward,Below long MA,0.38408383818106495,False,True,False,79.2,volatility_spike
2023-04-21,AAPL,78.2991,79.255,77.7186,78.2157,138725602,offline_fallback,-0.008830033264691894,73.191935,80.144642,94.66419950000001,82973060.15,0.0436688571321444,-0.6001416093881401,Short-term downward,Below long MA,-0.21275782003743915,False,True,True,76.3,volatility_spike
2023-04-24,AAPL,79.7525,81.425,78.8377,79.471,18374681,offline_fallback,0.01604920751204686,73.72953,80.03379,94.445187,79570497.6,0.04204617574209549,-0.5937241991017772,Short-term downward,Below long MA,0.442990543968621,False,True,False,78.5,volatility_spike
2023-04-25,AAPL,77.9716,78.6492,76.7095,77.8487,54412769,offline_fallback,-0.02041373582816386,74.32687,79.864032,94.250766,79061674.3,0.041020393705652115,-0.6020178059746892,Short-term downward,Below long MA,-0.5264714666112686,False,True,False,80.8,volatility_spike
2023-04-26,AAPL,75.9686,76.553,74.372,75.8009,79816845,offline_fallback,-0.026304870858472884,74.748135,79.681992,94.04293750000001,77365046.55,0.04163359313389765,-0.6124866761924967,Short-term downward,Below long MA,-0.6935871308773434,False,True,False,84.4,volatility_spike
2023-04-27,AAPL,74.6878,76.1493,73.6016,74.5568,31516074,offline_fallback,-0.01641273388574549,75.01734,79.441504,93.8405005,75883423.55,0.041660726795881085,-0.61884682925333,Short-term downward,Below long MA,-0.4187901399887857,False,True,False,81.3,volatility_spike
2023-04-28,AAPL,75.8328,76.8456,74.828,76.5004,66873416,offline_fallback,0.02606871539551059,75.58281,79.2341,93.64408949999999,75151796.95,0.03922404184676469,-0.6089106557230386,Short-term downward,Below long MA,0.7295983046127971,False,True,False,83.9,volatility_spike
2023-05-01,AAPL,76.8361,77.5172,75.4328,76.7728,40382966,offline_fallback,0.0035607656953429156,75.72526,79.048364,93.449334,74773297.7,0.02588174564319121,-0.607518078202123,Short-term downward,Below long MA,0.13007236945887635,False,False,False,71.3,normal
2023-05-02,AAPL,76.0518,77.7004,74.0812,75.5242,129960144,offline_fallback,-0.016263572515266,75.81971,78.845496,93.2559595,80862673.4,0.026181308266879973,-0.6139012363982138,Short-term downward,Below long MA,-0.39949129064600336,False,False,True,76.9,high_volume
2023-05-03,AAPL,74.7119,76.6268,73.5335,75.0789,44979518,offline_fallback,-0.005896123361783245,76.04431,78.622068,93.04476149999999,76493953.6,0.02424493358733442,-0.6161777223382419,Short-term downward,Below long MA,-0.1246384229259516,False,False,False,71.5,normal
2023-05-04,AAPL,75.654,76.4983,74.2329,75.7293,52210131,offline_fallback,0.00866288664325121,76.22777500000001,78.38703,92.83668800000001,75267761.45,0.023932865646556545,-0.6128527134557036,Short-term downward,Below long MA,0.26486848336766544,False,False,False,73.6,normal
2023-05-05,AAPL,76.3383,78.1853,75.5097,77.3816,42876375,offline_fallback,0.02181850353826076,76.34117499999999,78.181794,92.6420385,71994045.35,0.02254297931952816,-0.6044057390144089,Short-term downward,Below long MA,0.6116004866640161,False,False,False,75.0,normal
2023-05-08,AAPL,75.3675,76.7564,73.8372,75.149,98866653,offline_fallback,-0.028851820070921352,76.259355,77.912582,92.4376445,72095771.6,0.022986275243346507,-0.6158193534534542,Short-term downward,Below long MA,-0.7362522992442189,False,False,False,79.7,normal
2023-05-09,AAPL,77.118,77.8223,76.8933,76.9988,82362890,offline_fallback,0.024615098005296154,76.24899500000001,77.602722,92.23958350000001,69826316.5,0.023651101752195692,-0.606362709186973,Short-term downward,Below long MA,0.6901376293954029,False,False,False,78.8,normal
2023-05-10,AAPL,78.7568,78.8703,77.8636,78.332,84475219,offline_fallback,0.017314555551515065,76.520285,77.373078,92.06472249999999,72082830.45,0.019921274223349376,-0.5995470544480429,Short-term downward,Below long MA,0.4796997130716692,False,False,False,62.7,normal
2023-05-11,AAPL,78.0523,78.4575,76.9791,77.3915,42450905,offline_fallback,-0.012006587346167552,76.629515,77.188476,91.893846,71603316.25,0.01908894646373293,-0.6043551277168426,Short-term downward,Below long MA,-0.2897719015763925,False,False,False,55.3,normal
2023-05-12,AAPL,76.6291,78.5061,76.2111,76.8778,69766672,offline_fallback,-0.006637679848562228,76.76126000000001,76.98988,91.73321200000001,71024017.5,0.01889217848483353,-0.6069812917127835,Short-term downward,Below long MA,-0.14166240582736153,False,False,False,50.8,normal
2023-05-15,AAPL,77.3977,79.0694,75.8719,77.5988,129258441,offline_fallback,0.009378520196988038,76.93651,76.834992,91.59692100000001,75319713.7,0.018939258483447075,-0.6032953578193176,Short-term upward,Below long MA,0.27843086112674986,False,False,False,53.0,normal
2023-05-16,AAPL,77.5156,78.9792,77.0861,77.2413,4672215,offline_fallback,-0.004607030005618684,76.961835,76.668542,91.449205,70793752.35,0.017297534659685955,-0.6051229880092123,Short-term upward,Below long MA,-0.09562757480133029,False,False,False,41.4,normal
2023-05-17,AAPL,77.3504,78.6755,75.9521,77.4749,32312938,offline_fallback,0.003024288819582388,76.942845,76.55543,91.28837500000002,66162811.45,0.016991097405414216,-0.6039287658767385,Short-term upward,Below long MA,0.11020669615562573,False,False,False,39.4,normal
2023-05-18,AAPL,76.3439,76.8751,74.5467,76.0391,27477641,offline_fallback,-0.018532453736629595,76.799175,76.40870799999999,91.108161,63588604.75,0.017145857880137793,-0.6112689376995375,Short-term upward,Below long MA,-0.4517792690206058,False,False,False,47.4,normal
2023-05-19,AAPL,73.0298,74.6504,72.6603,73.5861,65372743,offline_fallback,-0.032259719012981525,76.567695,76.172664,90.93358599999999,59920961.8,0.01841141118271971,-0.6238092925409683,Short-term upward,Below long MA,-0.7993556021467151,False,False,False,59.7,normal
2023-05-22,AAPL,76.7907,78.4644,75.3059,76.8435,71438720,offline_fallback,0.044266512289685256,76.43632,76.038476,90.7710735,62574163.75,0.02085735225533106,-0.6071566419659677,Short-term upward,Below long MA,1.2074396019642837,False,False,False,75.2,normal
2023-05-23,AAPL,76.7558,78.1886,75.2027,77.1218,86014428,offline_fallback,0.003621646593400696,76.399975,75.87643,90.60288650000001,64154246.7,0.0203959649000318,-0.6057339021566037,Short-term upward,Below long MA,0.1583072205517464,False,False,False,60.0,normal
2023-05-24,AAPL,76.9246,78.0206,75.3265,77.4758,47866934,offline_fallback,0.004590141827602645,76.48372,75.646984,90.44198700000001,62556751.15,0.019469437127865162,-0.6039241648496869,Short-term upward,Below long MA,0.1699017502644518,False,False,False,55.4,normal
2023-05-25,AAPL,78.3211,78.953,77.9751,78.228,121330004,offline_fallback,0.009708838114611096,76.66728,75.39658600000001,90.2763835,67047447.65,0.01909312070993961,-0.6000787286851031,Short-term upward,Below long MA,0.2883750768093929,False,False,False,54.7,normal
2023-05-26,AAPL,79.7447,80.8098,79.141,80.1515,99891647,offline_fallback,0.024588382676279608,76.84983500000001,75.201394,90.13151099999999,68698359.2,0.01899990840631008,-0.5902453114256283,Short-term upward,Below long MA,0.6758940729656139,False,False,False,56.8,normal
2023-05-29,AAPL,81.3249,83.1765,81.2215,81.5358,21406055,offline_fallback,0.017271042962389904,77.08798499999999,75.214372,90.0040345,67749513.65,0.019285204735166497,-0.5831684205952196,Short-term upward,Below long MA,0.46449234748136514,False,False,False,54.9,normal
2023-05-30,AAPL,79.8926,80.1543,79.7505,80.0713,82439966,offline_fallback,-0.017961435344965082,77.31534,75.395116,89.87714700000001,65373504.75,0.01937885694128957,-0.5906553140584382,Short-term upward,Below long MA,-0.46920990837753335,False,False,False,57.9,normal
2023-05-31,AAPL,78.8312,81.3146,78.1496,79.9524,55662947,offline_fallback,-0.0014849265592040695,77.559015,75.48179999999999,89.756379,65907676.2,0.019295940073717214,-0.5912631608544618,Short-term upward,Below long MA,-0.040892951659983474,False,False,False,50.3,normal
2023-06-01,AAPL,80.373,81.2351,79.8222,80.096,50503618,offline_fallback,0.001796068660853356,77.77734999999998,75.57358599999999,89.6456915,65822350.55,0.019257032326960438,-0.5905290414271362,Short-term upward,Below long MA,0.04777135871090664,False,False,False,49.5,normal
2023-06-02,AAPL,81.372,81.9695,80.7505,81.2383,115983176,offline_fallback,0.014261636036755787,77.97018499999999,75.75814,89.53148800000001,69477690.6,0.01893951956605737,-0.5846893156483486,Short-term upward,Below long MA,0.388019573941002,False,False,False,51.0,normal
2023-06-05,AAPL,80.4845,80.8902,78.868,80.4051,82400982,offline_fallback,-0.010256246130211921,78.23299,75.99186,89.4230675,68654407.05,0.017731925015546844,-0.5889488442475659,Short-term upward,Below long MA,-0.27790475106886636,False,False,False,44.5,normal
2023-06-06,AAPL,80.8678,82.6721,80.0058,81.0012,86088576,offline_fallback,0.007413708831902399,78.43311,76.293846,89.321731,68840691.35,0.017060057250398032,-0.5859014306638004,Short-term upward,Below long MA,0.20509636468715597,False,False,False,38.2,normal
2023-06-07,AAPL,81.9371,82.7279,80.2998,81.3741,63647043,offline_fallback,0.00460363550169629,78.58521499999999,76.573816,89.2279255,67799282.55,0.016719318391998104,-0.5839950717888026,Short-term upward,Below long MA,0.14849894239831812,False,False,False,34.9,normal
2023-06-08,AAPL,83.5733,85.405,81.9519,83.4394,92173923,offline_fallback,0.025380311425871493,78.88761,76.85915,89.1240785,70285433.45,0.017150774137594617,-0.5734367371561051,Short-term upward,Below long MA,0.7138385912949556,False,False,False,42.7,normal
2023-06-09,AAPL,79.1457,80.4376,78.66,79.5669,104905543,offline_fallback,-0.04641092817062442,79.022065,77.146668,89.00918300000001,72042377.0,0.020430292879665957,-0.5932339341081803,Short-term upward,Below long MA,-1.216330133267269,False,False,False,71.3,normal
2023-06-12,AAPL,79.8825,81.5888,78.057,79.7246,106104138,offline_fallback,0.0019819799439213526,79.128355,77.262684,88.89041900000001,70884661.85,0.02035497279533957,-0.592427731923715,Short-term upward,Below long MA,0.04701817879949473,False,False,False,55.8,normal
2023-06-13,AAPL,80.7196,81.7944,79.5237,80.2552,10418468,offline_fallback,0.006655411253239318,79.27905000000001,77.395084,88.75688650000001,71171974.5,0.02033145427784568,-0.5897151708642518,Short-term upward,Below long MA,0.13533872045278225,False,False,False,55.9,normal
2023-06-14,AAPL,81.2344,81.8699,80.459,81.2739,116545660,offline_fallback,0.012693258505367844,79.469,77.608824,88.6397625,75383610.6,0.020468758783167493,-0.584507319467201,Short-term upward,Below long MA,0.37256884030005427,False,False,False,59.9,normal
2023-06-15,AAPL,81.2869,82.7698,80.8881,81.306,110010407,offline_fallback,0.0003949607438551439,79.732345,77.793744,88.530503,79510248.9,0.0198692294594995,-0.5843432161690315,Short-term upward,Below long MA,-0.042573110771294574,False,False,False,51.5,normal
2023-06-16,AAPL,80.3277,80.9223,79.829,80.138,130464438,offline_fallback,-0.014365483482153718,80.05994,77.894232,88.4182735,82764833.65,0.018529945111476553,-0.5903143268314004,Short-term upward,Below long MA,-0.5689042631413139,False,False,True,52.9,high_volume
2023-06-19,AAPL,81.463,82.9824,80.07,81.1476,54451952,offline_fallback,0.012598267987721012,80.275145,77.981476,88.3232475,81915495.25,0.016147213837542956,-0.5851529969300925,Short-term upward,Below long MA,0.33171675276345675,False,False,False,35.2,normal
2023-06-20,AAPL,81.9241,83.1652,80.74,81.7309,77422403,offline_fallback,0.007188136186406124,80.5056,78.071974,88.219717,81485894.0,0.016175805756541317,-0.5821710201755036,Short-term upward,Below long MA,0.11568692807803499,False,False,False,30.4,normal
2023-06-21,AAPL,80.4093,81.1986,80.0203,80.5385,125314154,offline_fallback,-0.014589341362936215,80.65873500000001,78.22462,88.1144195,85358255.0,0.016640441146557303,-0.5882668697934905,Short-term upward,Below long MA,-0.6443053764823665,False,False,False,43.5,normal
2023-06-22,AAPL,78.8767,79.881,78.279,78.6095,117573231,offline_fallback,-0.02395127796023022,80.67781,78.292672,87.98950199999999,85170416.35,0.01750716048321141,-0.5981284044405023,Short-term upward,Below long MA,-0.9485895251751052,False,False,False,53.5,normal
2023-06-23,AAPL,79.3655,80.2371,78.6922,79.442,103027016,offline_fallback,0.010590323052557249,80.64233499999999,78.396654,87.86347950000001,85327184.8,0.016752392292759308,-0.5938724544178806,Short-term upward,Below long MA,0.25953691785669325,False,False,False,39.6,normal
2023-06-26,AAPL,78.1487,78.4553,76.858,78.2454,79415319,offline_fallback,-0.015062561365524418,80.47781499999999,78.479686,87.7310205,88227648.0,0.01652511904591002,-0.5999897754954411,Short-term upward,Below long MA,-0.7837029482864977,False,False,False,46.9,normal
2023-06-27,AAPL,79.692,81.4271,78.0194,79.2038,109179074,offline_fallback,0.012248643370728507,80.43444,78.529066,87.593973,89564603.4,0.016362148418726963,-0.5950901929108398,Short-term upward,Below long MA,0.5218022858514348,False,False,False,41.8,normal
2023-06-28,AAPL,81.2855,81.6765,79.9789,81.4084,116698296,offline_fallback,0.027834523091063712,80.50724,78.60014,87.470629,92616370.85,0.01753287095007763,-0.5838197215356183,Short-term upward,Below long MA,1.2480612201933494,False,False,False,53.3,normal
2023-06-29,AAPL,81.4259,82.6944,80.7201,81.7551,139762764,offline_fallback,0.004258774278821376,80.59019500000001,78.65699199999999,87.338597,97079328.15,0.017547026800904666,-0.5820473036703415,Short-term upward,Below long MA,0.09722965732556932,False,False,True,38.0,high_volume
2023-06-30,AAPL,82.3635,83.7546,81.866,82.1367,117681622,offline_fallback,0.00466759871861222,80.63511500000001,78.735412,87.221103,97164250.45,0.0172997867474513,-0.5800964682005127,Short-term upward,Below long MA,0.15420609327593868,False,False,False,37.1,normal
2023-07-03,AAPL,81.9924,83.7744,81.3395,82.3673,76799882,offline_fallback,0.0028075147893693586,80.73322499999999,78.793338,87.1116445,96884195.45,0.017110175501394445,-0.5789175828248772,Short-term upward,Below long MA,0.07574936238811034,False,False,False,34.1,normal
2023-07-04,AAPL,84.9538,85.6163,83.6109,84.4674,42707225,offline_fallback,0.02549676874196427,80.90653499999999,78.925712,87.00100900000001,94715127.9,0.0179068718521544,-0.5681813418128558,Short-term upward,Below long MA,1.2240606298958547,False,False,False,50.7,normal
2023-07-05,AAPL,86.6929,88.0353,85.4659,86.6469,85210910,offline_fallback,0.02580285411886729,81.170175,79.14263199999999,86.92127500000001,95793321.25,0.018664839776695516,-0.557039187969848,Short-term upward,Below long MA,1.2517391000483626,False,False,False,51.2,normal
2023-07-06,AAPL,87.2747,87.8325,85.9456,86.826,44457982,offline_fallback,0.002067009898796046,81.339505,79.388016,86.83775600000001,93407524.2,0.01792743489535351,-0.5561235835866029,Short-term upward,Below long MA,-0.027316050191113796,False,False,False,32.2,normal
2023-07-07,AAPL,88.0434,89.0734,87.8091,88.0341,78472832,offline_fallback,0.0139140349664848,81.762865,79.61869,86.7638755,92085888.65,0.013964812317517337,-0.549947471607829,Short-term upward,Below long MA,0.6154721633789759,False,False,False,23.2,normal
2023-07-10,AAPL,87.7112,88.791,86.2861,88.1537,26770341,offline_fallback,0.0013585644653606455,82.18432,79.846308,86.695422,88119198.8,0.01397297636935603,-0.5493360462352096,Short-term upward,Below long MA,-0.09569313636979926,False,False,False,14.8,normal
2023-07-11,AAPL,86.1798,88.7774,84.5652,87.4136,3662318,offline_fallback,-0.008395563657566218,82.54223999999999,80.084096,86.6294495,87781391.3,0.014288266652827354,-0.5531196241472124,Short-term upward,Below long MA,-0.6209562047663381,False,False,False,24.9,normal
2023-07-12,AAPL,88.2632,89.2562,88.1506,88.6704,88915059,offline_fallback,0.014377625449586873,82.912065,80.355926,86.55779700000001,86399861.25,0.014344711752304971,-0.5466945454824305,Short-term upward,Below long MA,0.6989590651991661,False,False,False,24.9,normal
2023-07-13,AAPL,89.0777,90.4771,88.4881,88.5775,62332495,offline_fallback,-0.0010477002472076835,83.27564,80.61289000000001,86.49965350000001,84015965.65,0.0143698450212893,-0.547169473719189,Short-term upward,Below long MA,-0.1814829637345995,False,False,False,17.1,normal
2023-07-14,AAPL,87.0574,88.5075,86.6798,87.271,41989687,offline_fallback,-0.014749795376929775,83.63229,80.810678,86.4271695,79592228.1,0.014396477355836455,-0.5538486313222585,Short-term upward,Below long MA,-0.9680206116896924,False,False,False,28.8,normal
2023-07-17,AAPL,85.3351,86.0288,83.127,84.9658,52691728,offline_fallback,-0.026414272782482096,83.8232,81.007014,86.3385095,79504216.9,0.015797796247733455,-0.56563339527679,Short-term upward,Below long MA,-1.576557015012151,False,False,False,40.5,normal
2023-07-18,AAPL,86.9942,87.537,86.1506,86.5299,136387241,offline_fallback,0.018408583218188834,84.06315,81.19763599999999,86.2613595,82452458.8,0.016170863374544722,-0.5576373214865407,Short-term upward,Below long MA,0.944693487568476,False,False,True,35.0,high_volume
2023-07-19,AAPL,84.3627,86.7065,83.3687,85.0762,21193376,offline_fallback,-0.016799973188458495,84.290035,81.33251999999999,86.177475,77246419.9,0.016304287122596697,-0.5650690026251415,Short-term upward,Below long MA,-1.0945570567570155,False,False,False,39.1,normal
2023-07-20,AAPL,83.2382,84.953,81.4727,83.4223,60896244,offline_fallback,-0.01944021947383634,84.530675,81.453136,86.07856,74412570.55,0.0159408577759722,-0.5735241566700833,Short-term upward,Below long MA,-1.2404913191523643,False,False,False,41.4,normal
2023-07-21,AAPL,83.0071,84.7975,81.399,83.0724,115127228,offline_fallback,-0.0041943221416815835,84.71219500000001,81.577028,85.98316499999999,75017581.15,0.01591782624928368,-0.5753129337426544,Short-term upward,Below long MA,-0.3354448145180247,False,False,False,31.6,normal
2023-07-24,AAPL,84.8237,86.1022,82.7376,84.2238,105474858,offline_fallback,0.013860199055281797,85.011115,81.709528,85.90723549999998,76320558.1,0.015561809456509642,-0.5694266864681239,Short-term upward,Below long MA,0.7117669732299674,False,False,False,33.7,normal
2023-07-25,AAPL,82.2881,83.8931,81.4165,81.6514,55394714,offline_fallback,-0.03054243574856519,85.13349500000001,81.79773,85.81564700000001,73631340.1,0.01719540670846928,-0.582577444231718,Short-term upward,Below long MA,-1.8334586200634284,False,False,False,53.2,normal
2023-07-26,AAPL,82.3223,82.9133,80.5401,82.6322,79781278,offline_fallback,0.012012041434684484,85.194685,81.900876,85.7363055,71785489.2,0.016266870065168103,-0.5775633471960575,Short-term upward,Below long MA,0.5872643009142618,False,False,False,37.7,normal
2023-07-27,AAPL,83.527,84.1818,82.1896,83.2601,14065935,offline_fallback,0.00759873269742295,85.269935,82.045296,85.6634945,65500647.75,0.016320520930817886,-0.5743533639898062,Short-term upward,Below long MA,0.3358581136666967,False,False,False,33.0,normal
2023-07-28,AAPL,81.6124,82.9493,81.1369,81.4837,65656018,offline_fallback,-0.021335549681059662,85.237285,82.203248,85.58107050000001,62899367.55,0.01703632815511462,-0.5834347689389776,Short-term upward,Below long MA,-1.275880876389575,False,False,False,50.0,normal
2023-07-31,AAPL,79.4082,80.1456,78.5888,79.8576,113975414,offline_fallback,-0.019956138466957096,85.1118,82.26352999999999,85.48374600000001,64758144.15,0.017572520247497007,-0.5917478023705514,Short-term upward,Below long MA,-1.2209853050582573,False,False,False,55.0,normal
2023-08-01,AAPL,80.0813,81.2708,79.2037,79.6508,108557285,offline_fallback,-0.0025896095049188217,84.87097,82.31411,85.368875,68050647.15,0.01639266536364435,-0.5928050161419365,Short-term upward,Below long MA,-0.1936661029697458,False,False,False,36.0,normal
2023-08-02,AAPL,83.1609,83.6328,81.9825,82.4672,53131605,offline_fallback,0.0353593435345283,84.661985,82.413938,85.26464,66446681.9,0.017379932466386482,-0.5784068688221626,Short-term upward,Below long MA,1.9656294926191535,False,False,False,53.9,normal
2023-08-03,AAPL,81.6997,83.6591,80.1435,82.1403,87037117,offline_fallback,-0.003964000232819953,84.4277,82.492184,85.15741600000001,68575638.65,0.01735200764695279,-0.5800780640923069,Short-term upward,Below long MA,-0.29337285265746676,False,False,False,40.1,normal
2023-08-04,AAPL,84.0569,85.345,83.5412,83.7913,53075289,offline_fallback,0.02009975614893067,84.21556000000001,82.56497999999999,85.050522,67305761.5,0.017713714505482255,-0.5716377355789752,Short-term upward,Below long MA,1.055156147970346,False,False,False,49.1,normal
2023-08-07,AAPL,84.9561,86.356,84.6832,85.2608,78962725,offline_fallback,0.017537620254131303,84.070915,82.63948,84.94798149999998,69915380.7,0.018251704849087922,-0.5641252808543595,Short-term upward,Below long MA,0.8966249983531415,False,False,False,47.6,normal
2023-08-08,AAPL,83.3042,84.885,81.1007,82.8716,58292207,offline_fallback,-0.028022256417955305,83.843815,82.695486,84.849303,72646875.15,0.01914713940812435,-0.5763394740003629,Short-term upward,Below long MA,-1.6277943571597877,False,False,False,62.5,normal
2023-08-09,AAPL,83.3625,83.8418,81.1311,82.9152,64240507,offline_fallback,0.0005261150985380603,83.556055,82.75474200000001,84.75612699999999,71413147.55,0.018751322287345853,-0.57611657980098,Short-term upward,Below long MA,-0.04246605846403997,False,False,False,41.7,normal
2023-08-10,AAPL,84.2765,86.1282,82.6801,84.434,64506045,offline_fallback,0.018317509937864296,83.34888,82.841502,84.68159600000001,71521825.05,0.019357549417068555,-0.5683520910389885,Short-term upward,Below long MA,0.9130751397697319,False,False,False,56.5,normal
2023-08-11,AAPL,83.6386,84.5705,82.0066,83.7251,63741128,offline_fallback,-0.008395906862164515,83.17158500000001,82.89123799999999,84.597019,72609397.1,0.01919242777060648,-0.5719761666798733,Short-term upward,Below long MA,-0.6127529765718726,False,False,False,52.9,normal
2023-08-14,AAPL,86.2921,87.7538,84.6345,85.6128,96722235,offline_fallback,0.022546404841558898,83.203935,82.99539200000001,84.51007,74810922.45,0.019022337045203282,-0.5623257680520019,Short-term upward,Below long MA,1.227252662560006,False,False,False,54.3,normal
2023-08-15,AAPL,83.9057,84.3131,82.8331,83.9995,115651797,offline_fallback,-0.01884414480077745,83.077415,83.055358,84.411469,73774150.25,0.01900560701394448,-0.5705733646543989,Short-term upward,Below long MA,-1.200656200012202,False,False,False,56.3,normal
2023-08-16,AAPL,82.2508,83.4209,80.6822,81.8243,74619338,offline_fallback,-0.025895392234477677,82.91481999999999,83.064362,84.311336,76445448.35,0.01949816504828994,-0.5816935358126053,Short-term downward,Below long MA,-1.5526721658435907,False,False,False,66.0,normal
2023-08-17,AAPL,80.5015,82.7381,79.5907,81.2238,79050665,offline_fallback,-0.0073388956581357245,82.804895,83.02005,84.20057649999998,77353169.4,0.019104628979934087,-0.5847634433064003,Short-term downward,Below long MA,-0.4675140565473936,False,False,False,54.3,normal
2023-08-18,AAPL,81.6087,83.8099,80.5909,82.2317,79135356,offline_fallback,0.012408924477800953,82.76286,83.073346,84.103537,75553575.8,0.019325344798423714,-0.5796108042339674,Short-term downward,Below long MA,0.6904964248456091,False,False,False,57.2,normal
2023-08-21,AAPL,82.1297,82.7896,80.3177,81.7093,7136122,offline_fallback,-0.006352781226704574,82.637135,83.11304,84.001289,70636639.0,0.019071000656845864,-0.5822814448247392,Short-term downward,Below long MA,-0.38366428388975976,False,False,False,51.6,normal
2023-08-22,AAPL,83.1979,84.0823,81.4255,83.1145,78975050,offline_fallback,0.017197552787748815,82.71029,83.170226,83.916818,71815655.8,0.018191102396729702,-0.5750977079216905,Short-term downward,Below long MA,0.9670341678952327,False,False,False,51.3,normal
2023-08-23,AAPL,80.7122,81.7328,79.1186,80.8546,138189009,offline_fallback,-0.027190201469057818,82.62141,83.16184,83.8332575,74736042.35,0.019039507808214735,-0.5866508868479641,Short-term downward,Below long MA,-1.5846199853120837,False,False,True,64.1,high_volume
2023-08-24,AAPL,79.5918,81.6582,79.4556,80.058,96967778,offline_fallback,-0.009852253304079128,82.46130500000001,83.13688,83.757778,78881134.5,0.01902869116482931,-0.5907233070137545,Short-term downward,Below long MA,-0.5737382116619428,False,False,False,56.1,normal
2023-08-25,AAPL,82.1412,83.0681,81.3048,82.0798,10670646,offline_fallback,0.02525419071173407,82.49111,83.175716,83.691998,76131865.9,0.019358527088117417,-0.580387355355212,Short-term downward,Below long MA,1.4142686255931816,False,False,False,64.2,normal
2023-08-28,AAPL,77.948,79.3512,77.6941,78.5032,79853417,offline_fallback,-0.04357466757959938,82.42339,83.12282800000001,83.61374599999999,74425766.05,0.021298044843352605,-0.5986718368578052,Short-term downward,Below long MA,-2.3466833950418984,False,False,False,79.2,normal
2023-08-29,AAPL,78.8929,80.6724,77.2033,78.99,138229408,offline_fallback,0.006201021104871973,82.39035,83.06801,83.5339705,75909372.2,0.02134631534351879,-0.596183192448181,Short-term downward,Below long MA,0.3494339302129569,False,False,True,65.3,high_volume
2023-08-30,AAPL,77.9998,78.6643,76.9039,77.7751,119417535,offline_fallback,-0.015380427902266125,82.155745,83.012742,83.4589625,79223668.7,0.01986133731281417,-0.602394067742455,Short-term downward,Below long MA,-0.7975202444063861,False,False,False,66.4,normal
2023-08-31,AAPL,76.639,77.9441,75.5415,76.7825,90461573,offline_fallback,-0.012762439392556169,81.887855,82.976202,83.37464299999999,79394891.5,0.01998701017739277,-0.6074684893550126,Short-term downward,Below long MA,-0.6307527238008696,False,False,False,65.9,normal
2023-09-01,AAPL,75.737,77.8838,75.3698,76.379,131650655,offline_fallback,-0.005255103702015318,81.51723999999999,82.914942,83.29326700000001,83323659.8,0.01922244939543845,-0.6095312831497608,Short-term downward,Below long MA,-0.2725688277400902,False,False,True,56.5,high_volume
2023-09-04,AAPL,73.7427,75.7521,72.9563,74.4068,17463974,offline_fallback,-0.025821233585147763,80.97453999999999,82.83817,83.19133049999999,80248722.25,0.019057205766432828,-0.6196136670952438,Short-term downward,Below long MA,-1.4085532281697213,False,False,False,68.7,normal
2023-09-05,AAPL,75.48,75.9348,73.882,75.6963,22628381,offline_fallback,0.01733040528553831,80.615775,82.76801999999999,83.0868805,78465530.95,0.01907372670347837,-0.6130214177809247,Short-term downward,Below long MA,1.0221387585142196,False,False,False,65.2,normal
2023-09-06,AAPL,75.6323,78.2149,74.8241,76.5388,107798446,offline_fallback,0.011130002391134042,80.296955,82.670628,82.9882575,80643427.9,0.019361437484498707,-0.6087143452355087,Short-term downward,Below long MA,0.6751307752439535,False,False,False,63.6,normal
2023-09-07,AAPL,78.53,78.6362,77.5862,78.2681,71481571,offline_fallback,0.022593769434587463,79.98866000000001,82.600888,82.89707800000001,80992204.2,0.019640306442722317,-0.5998737273686982,Short-term downward,Below long MA,1.2820861098976384,False,False,False,69.5,normal
2023-09-08,AAPL,78.22,79.4462,77.5013,78.5491,86375177,offline_fallback,0.003590223858762176,79.72986,82.529136,82.80492250000002,82123906.65,0.01966911517894407,-0.5984371844781796,Short-term downward,Below long MA,0.21029603254483673,False,False,False,56.6,normal
2023-09-11,AAPL,76.9698,78.5749,76.707,77.2634,83514591,offline_fallback,-0.016368106063595733,79.31239000000001,82.427058,82.702024,81463524.45,0.01891938534852892,-0.6050100072338369,Short-term downward,Below long MA,-0.8753210314975087,False,False,False,61.0,normal
2023-09-12,AAPL,78.0206,78.524,77.2919,78.2142,130846124,offline_fallback,0.01230595598951112,79.023125,82.301994,82.6060255,82223240.8,0.018997097541036612,-0.6001492777665591,Short-term downward,Below long MA,0.7156037328669831,False,False,True,59.5,high_volume
2023-09-13,AAPL,76.0317,76.8561,74.5483,76.3785,119142180,offline_fallback,-0.02347016270702762,78.750835,82.096626,82.4909745,84449382.9,0.01885306867401638,-0.6095338392759005,Short-term downward,Below long MA,-1.253357389495399,False,False,False,64.9,normal
2023-09-14,AAPL,75.6179,77.2146,74.81,75.1659,36023145,offline_fallback,-0.0158761955262281,78.44793999999999,81.86342400000001,82.3741355,82298006.9,0.0190457632083764,-0.615732956389932,Short-term downward,Below long MA,-0.8492061391012407,False,False,False,63.2,normal
2023-09-15,AAPL,77.7428,78.858,76.4522,78.0549,98171475,offline_fallback,0.038434981820213876,78.2391,81.66384,82.2885425,83249812.85,0.020993470132337853,-0.6009636595546717,Short-term downward,Below long MA,2.0679608428511247,False,False,False,78.2,normal
2023-09-18,AAPL,79.0787,80.7972,78.897,79.618,50830911,offline_fallback,0.020025648613988256,78.134535,81.493126,82.208393,85434552.3,0.021552786194999566,-0.5929726980167017,Short-term downward,Below long MA,1.0451177785417227,False,False,False,73.8,normal
2023-09-19,AAPL,80.6807,82.021,80.0805,80.3053,127053010,offline_fallback,0.008632470044462437,77.994075,81.35096,82.13234999999999,87838450.3,0.02125363265637043,-0.5894590470250526,Short-term downward,Below long MA,0.44045758691437786,False,False,False,64.8,normal
2023-09-20,AAPL,82.1568,83.3917,80.9893,82.5035,27457437,offline_fallback,0.027373037645086917,78.07651999999999,81.227622,82.05987999999999,82301871.7,0.021284679458458765,-0.5782212940644195,Short-term downward,Below long MA,1.444674623615292,False,False,False,71.9,normal
2023-09-21,AAPL,82.6892,84.4721,80.4361,82.1279,119076978,offline_fallback,-0.00455253413491552,78.180015,81.09863,81.980062,83407331.7,0.02117219891411795,-0.5801414560205718,Short-term downward,Below long MA,-0.2569887162909635,False,False,False,59.0,normal
2023-09-22,AAPL,83.301,84.6938,81.9902,83.0525,91732618,offline_fallback,0.011258049944050663,78.22864999999999,81.01426000000001,81.903454,87460430.3,0.020568085573060568,-0.575414667563015,Short-term downward,Below long MA,0.5821740320748902,False,False,False,60.5,normal
2023-09-25,AAPL,81.6645,83.3074,80.9044,81.8933,103795297,offline_fallback,-0.01395743656121129,78.398155,80.95281,81.81983,88657524.3,0.018127091315393896,-0.5813407904053249,Short-term downward,Below long MA,-0.7461001719907343,False,False,False,50.7,normal
2023-09-26,AAPL,81.4503,82.4444,80.6207,81.4585,129968692,offline_fallback,-0.005309347651150875,78.52158,80.851382,81.732636,88244488.5,0.018178418746973048,-0.5835635976964191,Short-term downward,Below long MA,-0.2631072809355632,False,False,True,44.7,high_volume
2023-09-27,AAPL,81.1778,81.9784,80.1813,81.6455,75715726,offline_fallback,0.0022956474769360025,78.71509999999999,80.782768,81.651973,86059398.05,0.017728617226096227,-0.5826076065201666,Short-term downward,Below long MA,0.1715307545147074,False,False,False,40.7,normal
2023-09-28,AAPL,83.3795,85.3023,82.5399,83.9033,52674683,offline_fallback,0.027653697999277416,79.07114,80.792388,81.5930435,84170053.55,0.01818531760105089,-0.5710651633236796,Short-term downward,Below long MA,1.5106716240649174,False,False,False,54.6,normal
2023-09-29,AAPL,83.327,83.675,82.6043,82.9099,42553968,offline_fallback,-0.011839820364634157,79.397685,80.78913800000001,81.535954,79715219.2,0.018431088605182975,-0.576143674738061,Short-term downward,Below long MA,-0.5940975934854218,False,False,False,49.0,normal
2023-10-02,AAPL,84.3527,86.1094,82.6155,84.5501,58521292,offline_fallback,0.01978292097807377,79.90485,80.795664,81.487581,81768085.1,0.017298379071152056,-0.5677585585493472,Short-term downward,Below long MA,1.08468309513446,False,False,False,45.6,normal
2023-10-03,AAPL,84.4802,86.1411,83.5477,84.5982,39735232,offline_fallback,0.000568893472627563,80.349945,80.8546,81.4584005,82623427.65,0.01715411443199832,-0.5675126592147068,Short-term downward,Below long MA,0.05041763548217569,False,False,False,30.9,normal
2023-10-04,AAPL,81.7362,82.2257,81.5174,81.9772,70275484,offline_fallback,-0.030981746656548403,80.621865,80.8415,81.41941249999999,80747279.55,0.018945279929515814,-0.5809118724390812,Short-term downward,Below long MA,-1.5711355428253502,False,False,False,61.2,normal
2023-10-05,AAPL,79.195,79.8575,77.7675,79.1839,89775525,offline_fallback,-0.0340741084106313,80.667655,80.759976,81.374145,81661977.25,0.020155276360180323,-0.5951919267312004,Short-term downward,Below long MA,-1.6637491080897442,False,False,False,73.0,normal
2023-10-06,AAPL,78.0966,78.8752,76.8475,78.2472,14748273,offline_fallback,-0.01182942492097494,80.65256000000001,80.695246,81.3246515,78080632.05,0.020336011193004357,-0.5999805734413381,Short-term downward,Below long MA,-0.5245691570271133,False,False,False,65.0,normal
2023-10-09,AAPL,79.8096,80.4402,79.6076,79.8204,47140188,offline_fallback,0.02010551176272113,80.78040999999999,80.694502,81.289235,76261911.9,0.020425796377338483,-0.591937978155346,Short-term upward,Below long MA,1.0825348582750645,False,False,False,69.7,normal
2023-10-10,AAPL,80.2423,81.3463,80.0691,80.2517,96012904,offline_fallback,0.005403380589423135,80.882285,80.70652,81.25524850000001,74520250.9,0.020297334367104285,-0.5897330637472298,Short-term upward,Below long MA,0.3370113141866278,False,False,False,59.6,normal
2023-10-11,AAPL,83.4702,85.2708,81.6678,82.9454,103088995,offline_fallback,0.033565644092274693,81.21063000000001,80.716084,81.2362785,73717591.65,0.020611353212236005,-0.5759621897821413,Short-term upward,Below long MA,1.7232440074201192,False,False,False,70.2,normal
2023-10-12,AAPL,83.0544,83.5614,81.6607,83.2795,28405020,offline_fallback,0.00402795091710928,81.61631000000001,80.738868,81.208623,73336685.4,0.020057239284609285,-0.5742541862955852,Short-term upward,Below long MA,0.19890115676302575,False,False,False,51.9,normal
2023-10-13,AAPL,85.4086,87.0851,83.7558,85.4736,19208393,offline_fallback,0.026346219657899184,81.987245,80.772514,81.194437,69388531.3,0.019169574053325946,-0.5630373935692978,Short-term upward,Below long MA,1.3009413105800325,False,False,False,56.8,normal
2023-10-16,AAPL,85.9607,86.1129,85.0227,85.9255,77968370,offline_fallback,0.005287012598041985,82.30262,80.785808,81.18420350000001,70745404.25,0.018830707816247995,-0.5607271667642255,Short-term upward,Below long MA,0.24211228150028957,False,False,False,40.7,normal
2023-10-17,AAPL,84.1651,86.3952,83.4869,84.5767,85812257,offline_fallback,-0.01569731918929762,82.51619000000001,80.81991,81.16678,68683366.6,0.019295008422933628,-0.5676225726387145,Short-term upward,Below long MA,-0.8503714126163563,False,False,False,55.2,normal
2023-10-18,AAPL,85.928,87.0801,84.3648,85.7329,2285105,offline_fallback,0.013670431690997686,82.67766,80.87626399999999,81.169303,67424750.0,0.018606461060706448,-0.5617117865532428,Short-term upward,Below long MA,0.6640226112600333,False,False,False,46.0,normal
2023-10-19,AAPL,84.5836,85.5378,83.2416,84.6469,10577924,offline_fallback,-0.01266724909573802,82.80361,80.880522,81.174386,61999797.3,0.018845781608877246,-0.5672636925286989,Short-term upward,Below long MA,-0.6753359416513902,False,False,False,49.1,normal
2023-10-20,AAPL,82.3031,83.0662,82.0511,82.5543,63165941,offline_fallback,-0.024721519630370503,82.7787,80.857106,81.1579655,60571463.45,0.019586129602146743,-0.5779615916486247,Short-term upward,Below long MA,-1.287928942516899,False,False,False,64.0,normal
2023-10-23,AAPL,81.1669,82.0762,80.5917,81.4973,69338986,offline_fallback,-0.01280369405348969,82.7589,80.77479600000001,81.13203399999999,58848647.9,0.019544880183393714,-0.5833652423079774,Short-term upward,Below long MA,-0.6868492077856377,False,False,False,59.4,normal
2023-10-24,AAPL,80.9364,82.6923,80.0392,80.9868,49812104,offline_fallback,-0.006264011200371011,82.735315,80.714542,81.102654,54840818.5,0.01955953315312805,-0.5859750470966241,Short-term upward,Below long MA,-0.34638663282057275,False,False,False,55.8,normal
2023-10-25,AAPL,81.4884,82.1096,81.0483,81.4152,10783573,offline_fallback,0.005289750922372383,82.72380000000001,80.70635999999999,81.066722,51594210.85,0.019590337085180442,-0.5837849582201182,Short-term upward,Below long MA,0.2821384037746048,False,False,False,54.1,normal
2023-10-26,AAPL,82.8889,83.0889,82.5875,82.7318,87099293,offline_fallback,0.016171427448437248,82.66522499999999,80.73652,81.038567,53315441.35,0.0188944230173204,-0.5770541668690266,Short-term upward,Below long MA,0.835818242941141,False,False,False,54.4,normal
2023-10-27,AAPL,83.9933,84.5415,81.8842,83.7078,94907413,offline_fallback,0.011797156595166447,82.70512,80.766042,81.01702999999999,55933113.6,0.01888920305713995,-0.5720646086443073,Short-term upward,Below long MA,0.6165803812412586,False,False,False,50.2,normal
2023-10-30,AAPL,86.7865,88.7355,85.918,86.9368,31907604,offline_fallback,0.038574660903762936,82.82445500000001,80.870592,81.0137935,54602429.2,0.020305347246148023,-0.5555571460340425,Short-term upward,Below long MA,1.9629158690151687,False,False,False,63.4,normal
2023-10-31,AAPL,84.4784,85.7042,83.1938,83.9307,54170351,offline_fallback,-0.034577992288651105,82.79108,80.886916,81.00928449999999,55324185.15,0.021859650606426546,-0.5709250876112234,Short-term upward,Below long MA,-1.7870389919000937,False,False,False,73.0,normal
2023-11-01,AAPL,83.7636,84.0665,83.5236,83.7259,4946605,offline_fallback,-0.00244010832746544,82.878515,80.944342,80.9963485,52057741.2,0.020639815313140356,-0.5719720768780499,Short-term upward,Below long MA,-0.14256129490572622,False,False,False,52.7,normal
2023-11-02,AAPL,88.1774,89.1068,87.2542,87.7083,15327475,offline_fallback,0.047564732060210835,83.304735,81.097348,81.00455699999999,48335338.7,0.021345180292400134,-0.5516130434004658,Short-term upward,Above long MA,2.292840173464598,False,False,False,66.9,normal
2023-11-03,AAPL,87.1417,89.0861,85.5693,87.287,123145019,offline_fallback,-0.004803422253081946,83.75672499999999,81.201492,81.011151,53755176.0,0.02110418708863322,-0.5537668352857876,Short-term upward,Above long MA,-0.2800768514247292,False,False,False,51.8,normal
2023-11-06,AAPL,85.8484,86.5926,84.3026,85.3764,95219966,offline_fallback,-0.02188871195023312,84.034525,81.338956,81.0105415,56159164.9,0.02167592664430872,-0.563534304490858,Short-term upward,Above long MA,-1.0825893236303086,False,False,False,66.0,normal
2023-11-07,AAPL,84.3096,85.5339,82.6794,84.2853,38712030,offline_fallback,-0.012779878280180457,84.23620500000001,81.444862,81.0091275,53294121.2,0.02197520801993348,-0.5691122829529391,Short-term upward,Above long MA,-0.6428167126055074,False,False,False,64.7,normal
2023-11-08,AAPL,82.583,83.9659,81.0603,82.8809,6473254,offline_fallback,-0.01666245478155748,84.23298,81.546978,81.017653,48463334.15,0.02111323680744242,-0.5762919300541642,Short-term upward,Above long MA,-0.8488280786856222,False,False,False,65.8,normal
2023-11-09,AAPL,82.049,82.4382,80.597,82.2147,61056409,offline_fallback,-0.008038040127460011,84.17974,81.65562200000001,81.02152050000001,50095903.6,0.021169544983633635,-0.5796977125227176,Short-term upward,Above long MA,-0.4194127196236387,False,False,False,61.5,normal
2023-11-10,AAPL,84.9571,86.1126,83.4401,84.859,113472898,offline_fallback,0.03216334791709996,84.14901,81.825222,81.022399,54809128.85,0.021592562706864406,-0.5661793838202327,Short-term upward,Above long MA,1.5349109596285329,False,False,False,70.0,normal
2023-11-13,AAPL,82.1173,83.6743,81.6903,82.7918,49325900,offline_fallback,-0.02436040962066488,83.99232500000001,81.992922,81.0051775,53377005.35,0.022209157765462596,-0.5767474317322612,Short-term upward,Above long MA,-1.1967303194202021,False,False,False,73.3,normal
2023-11-14,AAPL,81.9187,83.5257,80.5534,81.8262,44912792,offline_fallback,-0.011662990779280014,83.8548,82.11552,80.9851275,51332032.1,0.022092620362637566,-0.5816838225332743,Short-term upward,Above long MA,-0.5622085949654846,False,False,False,67.6,normal
2023-11-15,AAPL,83.177,84.6651,82.8494,83.9984,8758298,offline_fallback,0.026546509553174946,83.768075,82.264712,80.982846,51655691.75,0.02273388227027692,-0.5705789881319063,Short-term upward,Above long MA,1.2463146622366754,False,False,False,74.2,normal
2023-11-16,AAPL,84.6067,85.9323,83.762,84.5267,83773671,offline_fallback,0.006289405512486024,83.762065,82.389884,80.98277850000001,55315479.1,0.02260692766334522,-0.5678781852526857,Short-term upward,Above long MA,0.25142889708105776,False,False,False,61.0,normal
2023-11-17,AAPL,84.76,86.0604,83.2315,85.1091,85064952,offline_fallback,0.006890130574126241,83.889805,82.52108399999999,80.9825685,56410429.65,0.021868046511464546,-0.5649008095251484,Short-term upward,Above long MA,0.2988137147597168,False,False,False,57.8,normal
2023-11-20,AAPL,84.0938,85.1194,82.3977,84.6089,50139952,offline_fallback,-0.005877162371591194,84.045385,82.667994,80.980545,55450477.95,0.02167945755021544,-0.567457958115317,Short-term upward,Above long MA,-0.3744889223862464,False,False,False,59.2,normal
2023-11-21,AAPL,85.886,86.9055,84.2456,86.1296,65916603,offline_fallback,0.017973286498228713,84.30252499999999,82.826302,80.97951,56255702.9,0.021864144987812202,-0.5596837560739947,Short-term upward,Above long MA,0.8322394282681599,False,False,False,63.3,normal
2023-11-22,AAPL,85.1621,86.298,84.1568,84.626,117634537,offline_fallback,-0.017457413014805523,84.463065,82.991252,80.97812549999999,61598251.1,0.02234207767812576,-0.5673705386013388,Short-term upward,Above long MA,-0.9688393720514893,False,False,False,68.9,normal
2023-11-23,AAPL,86.8963,88.4684,85.13,86.171,59163787,offline_fallback,0.018256800510481508,84.635025,83.21135399999999,80.97607450000001,60201475.8,0.022415600068822712,-0.5594721088296264,Short-term upward,Above long MA,0.8197690625862553,False,False,False,65.7,normal
2023-11-24,AAPL,86.2917,88.2179,85.6901,86.4447,53334474,offline_fallback,0.003176242587413336,84.77187,83.37915,80.973945,58122828.85,0.022305480310714287,-0.5580728853807477,Short-term upward,Above long MA,0.04684566195608774,False,False,False,53.6,normal
2023-11-27,AAPL,86.8514,87.6787,85.9541,86.2342,16487695,offline_fallback,-0.0024350827754622273,84.73674,83.51147399999999,80.974818,57351833.4,0.020568576595286242,-0.5591490144855669,Short-term upward,Above long MA,-0.2627757523407217,False,False,False,50.9,normal
2023-11-28,AAPL,85.6175,85.7583,84.3681,85.4829,76973694,offline_fallback,-0.00871232063380889,84.81435,83.615026,80.9738945,58492000.55,0.01905081959099532,-0.5629898496230992,Short-term upward,Above long MA,-0.566305402026835,False,False,False,48.4,normal
2023-11-29,AAPL,87.7885,88.8163,86.0111,87.0351,55206976,offline_fallback,0.018158017568425944,84.97981000000001,83.705658,80.9778185,61005019.1,0.01940360893599438,-0.5550546116349749,Short-term upward,Above long MA,0.8174973554245789,False,False,False,52.2,normal
2023-11-30,AAPL,87.7028,88.6356,86.1863,87.652,84145909,offline_fallback,0.0070879449785201665,84.97699500000002,83.81613999999999,80.97867249999999,64445940.8,0.016272027269523138,-0.5519008632037974,Short-term upward,Above long MA,0.26149672389187434,False,False,False,25.3,normal
2023-12-01,AAPL,87.4418,88.9154,86.7928,87.1171,20625553,offline_fallback,-0.006102541870122824,84.9685,83.897432,80.97604100000001,59319967.5,0.01629517922558864,-0.5546354069480621,Short-term upward,Above long MA,-0.4167750689751254,False,False,False,28.7,normal
2023-12-04,AAPL,86.9593,87.9236,86.178,87.3902,134281343,offline_fallback,0.0031348610089179108,85.06919,84.00737000000001,80.969944,61273036.35,0.015463223104065973,-0.553239250850551,Short-term upward,Above long MA,0.047302726170777146,False,False,True,18.8,high_volume
2023-12-05,AAPL,86.3658,87.5553,85.4845,85.8194,61050597,offline_fallback,-0.017974555499358003,85.145895,84.094588,80.936582,62389964.7,0.015752721570605005,-0.5612695767310725,Short-term upward,Above long MA,-1.0262416821372182,False,False,False,34.7,normal
2023-12-06,AAPL,88.2859,90.2014,87.2529,87.8908,75870114,offline_fallback,0.024136733652297737,85.39639000000001,84.219494,80.926965,65859807.7,0.015982438046124946,-0.5506800573594706,Short-term upward,Above long MA,1.1302964259587651,False,False,False,34.5,normal
2023-12-07,AAPL,90.7285,91.6062,88.7233,90.177,85926840,offline_fallback,0.026011823763124386,85.794505,84.34496800000001,80.94474199999999,67103329.25,0.016541817645799074,-0.5389924261982479,Short-term upward,Above long MA,1.186790184371751,False,False,False,36.7,normal
2023-12-08,AAPL,92.8811,94.704,90.7234,92.1199,33007211,offline_fallback,0.021545405147654018,86.15754999999999,84.52916800000001,80.97130349999999,63080044.9,0.015768418578187133,-0.5290598312445522,Short-term upward,Above long MA,0.9897742482094114,False,False,False,30.4,normal
2023-12-11,AAPL,92.5829,93.6604,92.4205,92.7001,9892320,offline_fallback,0.006298313393740207,86.652965,84.692168,81.008088,61108365.9,0.014260749071345705,-0.5260937024720296,Short-term upward,Above long MA,0.192216361652563,False,False,False,15.6,normal
2023-12-12,AAPL,93.8986,94.3572,92.946,93.6567,103129613,offline_fallback,0.010319298468933535,87.24449,84.873338,81.0485525,64019206.95,0.01368228303279085,-0.5212033219415311,Short-term upward,Above long MA,0.4058454699280902,False,False,False,18.1,normal
2023-12-13,AAPL,90.6451,91.5591,89.6669,91.4591,127570834,offline_fallback,-0.02346441845591396,87.617525,85.06297599999999,81.0901955,69959833.75,0.014444409077089531,-0.5324380075507966,Short-term upward,Above long MA,-1.356013852998913,False,False,False,30.4,normal
2023-12-14,AAPL,90.5849,91.4194,89.4452,90.954,49151068,offline_fallback,-0.005522687190230524,87.93888999999999,85.29837800000001,81.1280895,68228703.6,0.01460211130301825,-0.5350202061771344,Short-term upward,Above long MA,-0.39546425178469574,False,False,False,20.8,normal
2023-12-15,AAPL,90.1333,91.0732,88.2664,90.6549,102372028,offline_fallback,-0.003288475493106402,88.21618,85.54653200000001,81.1544225,69094057.4,0.014664962782066344,-0.5365492808339105,Short-term upward,Above long MA,-0.2634661725395857,False,False,False,18.9,normal
2023-12-18,AAPL,90.9421,91.0434,89.762,90.5405,29566185,offline_fallback,-0.001261928478217933,88.51276,85.76093399999999,81.1893605,68065369.05,0.014549420401589332,-0.5371341224946768,Short-term upward,Above long MA,-0.16724502907345354,False,False,False,16.6,normal
2023-12-19,AAPL,91.9798,92.4857,90.4124,91.6764,117883861,offline_fallback,0.012545766811537407,88.79010000000001,85.989428,81.221622,70663731.95,0.014313847758049576,-0.5313271151304775,Short-term upward,Above long MA,0.5596142885704585,False,False,False,22.1,normal
2023-12-20,AAPL,91.2747,92.1372,89.9558,91.0531,23110460,offline_fallback,-0.006798914442539217,89.11145499999999,86.151582,81.232147,65937528.1,0.013688116972343263,-0.5345135819762433,Short-term upward,Above long MA,-0.47175103587616124,False,False,False,19.8,normal
2023-12-21,AAPL,90.0646,91.3739,88.5572,89.9434,61407584,offline_fallback,-0.012187393949245062,89.300075,86.28486,81.2281245,66049717.95,0.013683399359536797,-0.5401866483307218,Short-term upward,Above long MA,-0.7340923999414464,False,False,False,23.3,normal
2023-12-22,AAPL,92.9809,94.588,91.7555,92.0002,51198453,offline_fallback,0.022867714584950294,89.57785,86.415392,81.23857000000001,65942916.9,0.014442216970133884,-0.5296717678423994,Short-term upward,Above long MA,1.1312672145681955,False,False,False,28.2,normal
2023-12-25,AAPL,92.0347,93.195,90.3268,91.5875,107277292,offline_fallback,-0.0044858598133482586,89.845515,86.528632,81.292073,70482396.75,0.014491660606965424,-0.5317815943581183,Short-term upward,Above long MA,-0.32529359822686976,False,False,False,19.2,normal
2023-12-26,AAPL,90.4418,91.7037,88.4649,90.6287,72780398,offline_fallback,-0.010468677494199663,90.102805,86.649672,81.390046,70272731.95,0.014572205064971961,-0.5366832218436315,Short-term upward,Above long MA,-0.6382282324345427,False,False,False,24.1,normal
2023-12-27,AAPL,88.2389,88.7323,85.605,87.432,118832124,offline_fallback,-0.0352724909438179,90.12265,86.68365399999999,81.449115,73453989.35,0.01643143987493204,-0.553025558705271,Short-term upward,Above long MA,-1.963393463381368,False,False,False,41.2,normal
2023-12-28,AAPL,86.1601,86.6611,84.2415,85.3747,41220020,offline_fallback,-0.023530286393997568,90.00878499999999,86.69821,81.498455,71307694.9,0.01718048717260087,-0.5635429953197331,Short-term upward,Above long MA,-1.3628763223989173,False,False,False,45.8,normal
2023-12-29,AAPL,85.5351,86.1475,84.9346,85.1116,39921014,offline_fallback,-0.0030817092183048622,89.90851,86.749356,81.56396,72272467.95,0.017148134378163975,-0.5648880288944499,Short-term upward,Above long MA,-0.2548509670389943,False,False,False,33.2,normal
2024-01-01,AAPL,84.7115,86.7758,83.4793,85.6191,82807590,offline_fallback,0.005962759482843749,89.81995500000001,86.83179200000001,81.64846,69698780.3,0.017195822412791658,-0.5622935608626414,Short-term upward,Above long MA,0.2562457921818523,False,False,False,32.9,normal
2024-01-02,AAPL,82.6249,84.1814,82.016,82.955,129326752,offline_fallback,-0.031115720674475766,89.67673500000001,86.87115599999998,81.7337255,73112588.05,0.01811005125084427,-0.5759131121602589,Short-term upward,Above long MA,-1.716238726445076,False,False,True,56.3,high_volume
2024-01-03,AAPL,83.2562,83.7634,81.1979,83.0129,27209209,offline_fallback,0.0006979687782533439,89.43284,86.90311,81.811912,70679542.8,0.01709073606470916,-0.5756171127532801,Short-term upward,Above long MA,0.029090938343663213,False,False,False,32.2,normal
2024-01-04,AAPL,83.4984,83.9387,82.505,83.5861,88056690,offline_fallback,0.006904950917267172,89.103295,86.92019599999999,81.883979,70786035.3,0.015892676281489364,-0.5726867697467135,Short-term upward,Above long MA,0.3701667620782323,False,False,False,31.3,normal
2024-01-05,AAPL,82.2816,83.0671,81.3603,82.9061,34895390,offline_fallback,-0.008135323935439143,88.642605,86.904162,81.9725545,70880444.25,0.014759885214910168,-0.5761631012967228,Short-term upward,Above long MA,-0.43822938687574226,False,False,False,30.4,normal
2024-01-08,AAPL,83.1722,84.8979,81.3783,83.0689,87764277,offline_fallback,0.001963667329665686,88.161045,86.82680400000001,82.01827999999999,74774042.1,0.014614022694059182,-0.5753308266256323,Short-term upward,Above long MA,0.13371520592245104,False,False,False,24.1,normal
2024-01-09,AAPL,84.9935,85.8765,84.1848,85.257,60575290,offline_fallback,0.02634078457762179,87.74106,86.85333,82.076389,72646325.95,0.015901558365369554,-0.5641447074130214,Short-term upward,Above long MA,1.45046918243227,False,False,False,39.8,normal
2024-01-10,AAPL,84.351,85.7825,82.4438,84.185,133652400,offline_fallback,-0.012573747610166941,87.377355,86.86251200000001,82.1443795,72950404.25,0.01539888284678915,-0.5696250418565655,Short-term upward,Above long MA,-0.6924669011542025,False,False,True,33.0,high_volume
2024-01-11,AAPL,81.8548,82.9001,80.8819,81.6901,123356715,offline_fallback,-0.029635920888519296,86.91416000000001,86.742148,82.19252999999999,76660686.6,0.016431894054016988,-0.5823796000685042,Short-term upward,Above long MA,-1.5978922180765391,False,False,False,48.4,normal
2024-01-12,AAPL,81.8593,82.3769,80.8474,81.2054,65390797,offline_fallback,-0.005933399518423976,86.441685,86.62051600000001,82.222989,74811625.05,0.01642610830748768,-0.5848575087483416,Short-term downward,Above long MA,-0.32295891824476264,False,False,False,36.6,normal
2024-01-15,AAPL,79.6786,81.4654,79.2357,79.9855,32978078,offline_fallback,-0.015022399988178115,85.91393500000001,86.512698,82.2389895,74982219.7,0.016533263097097007,-0.5910939453040128,Short-term downward,Above long MA,-0.8241307237058058,False,False,False,45.5,normal
2024-01-16,AAPL,80.4684,80.8939,78.3488,79.9847,136160977,offline_fallback,-1.0001812828508427e-05,85.32935,86.42668599999999,82.252883,75896075.5,0.01602050675174243,-0.5910980351058364,Short-term downward,Above long MA,0.0021200431686509984,False,False,True,30.7,high_volume
2024-01-17,AAPL,80.7234,81.2872,79.5931,81.0582,52996324,offline_fallback,0.01342131682684311,84.829605,86.390232,82.29364299999999,77390368.7,0.01663842748299082,-0.5856100322838731,Short-term downward,Above long MA,0.7368243793322958,False,False,False,44.0,normal
2024-01-18,AAPL,82.9143,83.881,81.7726,82.4273,76645516,offline_fallback,0.016890333118672718,84.4538,86.39448399999999,82.329745,78152265.3,0.017295901120073242,-0.5786108476881117,Short-term downward,Above long MA,0.9272898227829336,False,False,False,47.1,normal
2024-01-19,AAPL,83.2381,84.6704,82.5105,82.9756,28250490,offline_fallback,0.006651922360674245,84.00257,86.356816,82.37340850000001,77004867.15,0.01631179882209018,-0.5758077997633027,Short-term downward,Above long MA,0.36750382167829415,False,False,False,34.0,normal
2024-01-22,AAPL,85.3777,85.6282,84.9919,85.1427,87224324,offline_fallback,0.026117316415910308,83.68033,86.40383399999999,82.428653,76002218.75,0.017737764809668453,-0.5647290378485597,Short-term downward,Above long MA,1.4881815865517278,False,False,False,50.4,normal
2024-01-23,AAPL,85.8851,86.9325,84.6982,85.7706,11113388,offline_fallback,0.007374678040513061,83.43742499999999,86.48272200000001,82.473832,72918868.25,0.017816918139233865,-0.5615190546423084,Short-term downward,Above long MA,0.40130547130277855,False,False,False,39.1,normal
2024-01-24,AAPL,87.1834,88.0296,86.8134,87.4306,114799124,offline_fallback,0.01935395112078031,83.437355,86.551366,82.5217115,72717218.25,0.016696376033819526,-0.5530327158584623,Short-term downward,Above long MA,1.0694664683707837,False,False,False,38.2,normal
2024-01-25,AAPL,88.284,89.9705,86.922,88.0574,7929584,offline_fallback,0.007169114703547752,83.57149000000001,86.62198000000001,82.567436,71052696.45,0.015793238907703767,-0.5498283561297183,Short-term downward,Above long MA,0.430839433995907,False,False,False,25.7,normal
2024-01-26,AAPL,88.8613,89.0304,86.9328,88.5678,68571044,offline_fallback,0.005796219284239568,83.7443,86.69115399999998,82.6191965,72485197.95,0.015777499570459947,-0.5472190625662995,Short-term downward,Above long MA,0.3350623046395589,False,False,False,23.7,normal
2024-01-29,AAPL,88.4191,88.829,86.2828,87.833,116460248,offline_fallback,-0.008296468919855804,83.854995,86.755636,82.6610065,74167830.85,0.015915849855665593,-0.5509755455412213,Short-term downward,Above long MA,-0.557100137178599,False,False,False,28.4,normal
2024-01-30,AAPL,88.1224,88.7962,86.7049,87.9092,43452511,offline_fallback,0.0008675554745938285,84.102705,86.791228,82.71130899999999,69874118.8,0.01396417696501473,-0.5505859919175291,Short-term downward,Above long MA,0.00263400152308081,False,False,False,13.7,normal
2024-01-31,AAPL,87.3213,88.3577,86.7786,87.0712,39462359,offline_fallback,-0.009532563144699191,84.30562,86.840132,82.7676605,70486776.3,0.014237534383388395,-0.5548700593276876,Short-term downward,Above long MA,-0.664690373942499,False,False,False,25.4,normal
2024-02-01,AAPL,86.2449,87.8064,85.6906,86.6769,23622363,offline_fallback,-0.004528477843420142,84.46016,86.85025,82.828261,67265059.95,0.014280223284331137,-0.5568858204014651,Short-term downward,Above long MA,-0.35154388827257543,False,False,False,21.8,normal
2024-02-02,AAPL,86.1381,88.1806,84.4015,86.8604,125825359,offline_fallback,0.0021170577166464977,84.657875,86.858564,82.88006100000001,71811558.4,0.01408315342830668,-0.5559477221081905,Short-term downward,Above long MA,0.10626557405788045,False,False,False,16.8,normal
2024-02-05,AAPL,88.8439,89.0178,88.154,88.7364,33846595,offline_fallback,0.021597874290240515,84.94125,86.908608,82.939879,69115674.3,0.014719159431383114,-0.5463571368319884,Short-term downward,Above long MA,1.348225814782554,False,False,False,32.0,normal
2024-02-06,AAPL,89.4687,90.3718,86.6917,88.3983,93359301,offline_fallback,-0.0038101613317645944,85.098315,86.966916,83.00424949999999,70754874.85,0.013759532983949488,-0.5480855893276622,Short-term downward,Above long MA,-0.34732286169636667,False,False,False,18.9,normal
2024-02-07,AAPL,89.4192,91.2889,87.738,89.4577,137959295,offline_fallback,0.011984393365030765,85.36195000000001,87.015368,83.07614350000001,70970219.6,0.013493050545936835,-0.5426696692628388,Short-term downward,Above long MA,0.7366185509090389,False,False,True,23.5,high_volume
2024-02-08,AAPL,87.153,88.4965,86.4019,87.5344,105480299,offline_fallback,-0.02149954671313925,85.654165,87.01301600000001,83.13516899999999,70076398.8,0.012542364680637078,-0.5525020640718578,Short-term downward,Above long MA,-1.4824555486376907,False,False,False,30.4,normal
2024-02-09,AAPL,86.0149,87.4263,85.875,87.1501,107904138,offline_fallback,-0.004390273995138028,85.9514,87.01367600000002,83.18401150000001,72202065.85,0.012485668196406226,-0.554466702622841,Short-term downward,Above long MA,-0.3272001675270422,False,False,False,18.7,normal
2024-02-12,AAPL,89.497,90.8452,88.1702,89.2201,117361391,offline_fallback,0.023752124208692882,86.41313,87.05027399999999,83.254367,76421231.5,0.01245013410359823,-0.5438843404044302,Short-term downward,Above long MA,1.493539625089711,False,False,False,29.2,normal
2024-02-13,AAPL,89.4112,90.7596,87.4671,89.8465,84045428,offline_fallback,0.007020839474513041,86.90621999999999,87.13081600000001,83.31860549999999,73815454.05,0.012383925322286656,-0.5406820255765981,Short-term downward,Above long MA,0.41108478952044547,False,False,False,18.2,normal
2024-02-14,AAPL,86.7102,88.5359,86.5865,86.9788,127581220,offline_fallback,-0.03191777086475267,87.20225,87.112576,83.3618395,77544698.85,0.014841197681624205,-0.5553424314383066,Short-term upward,Above long MA,-2.0964621132033843,False,False,False,36.3,normal
2024-02-15,AAPL,87.1254,87.4496,85.7194,86.999,133699511,offline_fallback,0.00023224049998371576,87.430835,87.04901600000001,83.409877,80397398.6,0.014522201363842841,-0.5552391639422622,Short-term upward,Above long MA,-0.00280125621196729,False,False,True,16.3,high_volume
2024-02-16,AAPL,86.9733,88.784,85.5191,86.6811,58330670,offline_fallback,-0.003654064989252692,87.61611,86.94023999999999,83.45889350000002,81901407.6,0.014561233966007501,-0.5568643489418916,Short-term upward,Above long MA,-0.24892040049701042,False,False,False,20.9,normal
2024-02-19,AAPL,85.7133,86.855,84.4356,84.8962,132034411,offline_fallback,-0.02059157071149309,87.60378499999999,86.784162,83.49538050000001,84141911.95,0.014281172243688732,-0.5659892080354382,Short-term upward,Above long MA,-1.3145054123426316,False,False,True,34.9,high_volume
2024-02-20,AAPL,82.7964,84.4536,81.0029,82.2737,139864181,offline_fallback,-0.030890664128665257,87.42894,86.556502,83.52054249999999,90579451.6,0.015724716378479615,-0.5793960896382314,Short-term upward,Above long MA,-1.8962373997859567,False,False,True,44.8,high_volume
2024-02-21,AAPL,81.2216,81.8398,80.6939,80.9267,119324693,offline_fallback,-0.01637218211895186,87.103745,86.345854,83.53780149999999,90805730.05,0.015196266698242254,-0.5862822934586176,Short-term upward,Above long MA,-0.9578052915740256,False,False,False,39.7,normal
2024-02-22,AAPL,79.429,80.1487,79.0441,79.4316,130819487,offline_fallback,-0.018474743193531817,86.672455,86.11540600000001,83.55476399999999,96950225.2,0.015308154302841078,-0.5939256218415866,Short-term upward,Above long MA,-1.054999256853471,False,False,True,42.7,high_volume
2024-02-23,AAPL,80.0318,81.5452,78.6101,80.5137,112413853,offline_fallback,0.013623041711359196,86.26975,85.912582,83.589402,99142365.65,0.015694636153077292,-0.5883936536500203,Short-term upward,Above long MA,0.9149074418456921,False,False,False,41.3,normal
2024-02-26,AAPL,78.3658,79.405,77.9298,78.4643,28104142,offline_fallback,-0.025454053161139134,85.801315,85.67105799999999,83.59750600000001,94724560.35,0.016359946673541903,-0.5988707034714749,Short-term upward,Above long MA,-1.4444293268150943,False,False,False,51.2,normal
2024-02-27,AAPL,79.977,81.0242,79.4674,79.5889,76018592,offline_fallback,0.014332632802433798,85.3853,85.429308,83.6098415,96352864.4,0.016903635464297337,-0.5931214645580329,Short-term downward,Above long MA,0.9389873015575138,False,False,False,48.7,normal
2024-02-28,AAPL,79.862,81.2252,79.0994,80.7753,5919919,offline_fallback,0.014906601297417277,85.070505,85.22375199999999,83.626339,94675742.4,0.017420690047280002,-0.5870562884537226,Short-term downward,Above long MA,0.995188836400369,False,False,False,51.4,normal
2024-02-29,AAPL,79.5975,81.057,78.1182,79.6282,22525893,offline_fallback,-0.014201123363206225,84.71807,85.017448,83.63334,94620918.9,0.01758132378967569,-0.5929205530434516,Short-term downward,Above long MA,-0.7687333638504568,False,False,False,51.5,normal
2024-03-01,AAPL,80.4129,80.7462,78.1536,79.7945,56292120,offline_fallback,0.0020884560997234125,84.364775,84.77333399999999,83.631555,91144256.95,0.017580793957890046,-0.5920703854893832,Short-term downward,Above long MA,0.2784724290689067,False,False,False,44.4,normal
2024-03-04,AAPL,79.3954,80.9475,77.3545,79.0281,137593265,offline_fallback,-0.009604672001203185,83.87935999999999,84.522146,83.6190165,96331590.45,0.01653500719989442,-0.5959884156363349,Short-term downward,Above long MA,-0.4520568577333495,False,False,True,42.2,high_volume
2024-03-05,AAPL,86.3572,87.3078,85.6711,86.4746,39188782,offline_fallback,0.0942259778483856,83.783175,84.439064,83.65103300000001,93623064.5,0.027801188065185594,-0.557920029037593,Short-term downward,Above long MA,4.777292374768678,True,False,False,77.6,abnormal_return
2024-03-06,AAPL,83.9844,85.7986,83.6649,84.1279,21005352,offline_fallback,-0.027137448453071755,83.51668500000001,84.37298200000001,83.67191050000001,87775367.35,0.0282314440670162,-0.5699169514617207,Short-term downward,Above long MA,-1.2945972689931828,False,False,False,77.6,normal
2024-03-07,AAPL,81.7542,82.9783,80.8142,81.4922,73223831,offline_fallback,-0.03132967778822482,83.214575,84.295332,83.6788915,86162543.95,0.028658306477883866,-0.5833913147946025,Short-term downward,Above long MA,-1.4556217446061637,False,False,False,82.5,normal
2024-03-08,AAPL,83.0053,84.7051,82.6694,83.105,55574646,offline_fallback,0.01979085114894441,83.01232,84.2552,83.688225,83546069.35,0.029111584280105688,-0.5751462743183451,Short-term downward,Above long MA,1.0215902758247994,False,False,False,76.7,normal
2024-03-11,AAPL,84.7587,85.6786,84.3558,84.5214,88249655,offline_fallback,0.01704349918777437,82.77738500000001,84.233246,83.7088065,82090482.55,0.028836806190231355,-0.5679052801897668,Short-term downward,Above long MA,0.8676543756415512,False,False,False,73.3,normal
2024-03-12,AAPL,90.4287,91.9526,89.3546,89.6502,76715022,offline_fallback,0.060680490384683594,82.76757,84.36715,83.7520515,81723962.25,0.0320668011225686,-0.5416855606990494,Short-term downward,Above long MA,2.747058753690006,True,True,False,75.7,abnormal_return
2024-03-13,AAPL,84.6772,85.4372,83.5241,84.7901,94175847,offline_fallback,-0.054211814362935096,82.658135,84.40269400000001,83.7691315,80053693.6,0.033598955015493495,-0.5665316180022852,Short-term downward,Above long MA,-2.2966636839753063,False,True,False,80.5,volatility_spike
2024-03-14,AAPL,82.7684,83.4437,82.1645,83.0119,112800492,offline_fallback,-0.020971787979964573,82.45878,84.39120999999999,83.766994,79008742.65,0.03389953028970255,-0.5756222250055596,Short-term downward,Above long MA,-0.854001674170947,False,True,False,76.3,volatility_spike
2024-03-15,AAPL,87.0544,88.8647,86.2915,86.5856,68237433,offline_fallback,0.0430504542119865,82.454005,84.4648,83.8020875,79504080.8,0.0353437179789271,-0.5573525690345766,Short-term downward,Above long MA,1.8403175585436597,False,True,False,78.0,volatility_spike
2024-03-18,AAPL,86.3217,86.6289,85.1451,86.1662,43107298,offline_fallback,-0.004843761549264469,82.517505,84.52674599999999,83.83429550000001,75057725.15,0.035022474293762346,-0.5594966476405677,Short-term downward,Above long MA,-0.1723768190559936,False,True,False,62.4,volatility_spike
2024-03-19,AAPL,86.8684,87.9141,85.6283,87.2209,114981430,offline_fallback,0.012240298400068683,82.76486500000001,84.566024,83.86912400000001,73813587.6,0.03425466474471119,-0.5541047551614577,Short-term downward,Above long MA,0.5291971715816143,False,True,False,66.9,volatility_spike
2024-03-20,AAPL,82.4194,84.7498,80.815,83.2566,8084792,offline_fallback,-0.04545126225480356,82.88136,84.54745599999998,83.87903750000001,68251592.55,0.035726668504716196,-0.5743712568727841,Short-term downward,Above long MA,-1.8634516099814002,False,True,False,82.8,volatility_spike
2024-03-21,AAPL,79.6019,80.7487,78.7805,78.8972,131142721,offline_fallback,-0.05236101402171134,82.85463999999999,84.491598,83.8669935,68267754.25,0.03750860673299792,-0.5966576094597116,Short-term downward,Above long MA,-2.0665483332071553,False,True,True,89.1,volatility_spike
2024-03-22,AAPL,75.2607,75.7946,74.2993,74.5394,52551085,offline_fallback,-0.05523389930187639,82.555925,84.35827799999998,83.8390005,65274615.85,0.039338828360258,-0.618935782442992,Short-term downward,Above long MA,-2.066758423393797,False,True,False,93.0,volatility_spike
2024-03-25,AAPL,72.9972,74.5249,72.1948,73.0391,113029342,offline_fallback,-0.020127610364451543,82.28466499999999,84.21935000000002,83.79845800000001,69520875.85,0.03919746045852689,-0.626605694537814,Short-term downward,Above long MA,-0.6876596285507153,False,True,False,85.1,volatility_spike
2024-03-26,AAPL,76.3459,77.5175,74.6441,76.1396,67603871,offline_fallback,0.04244986589374733,82.1122,84.142448,83.7705015,69100139.8,0.04033413473774598,-0.6107551563454553,Short-term downward,Above long MA,1.6586388291201133,False,True,False,91.2,volatility_spike
2024-03-27,AAPL,79.1329,80.7577,78.4736,79.0286,91042347,offline_fallback,0.03794346174658125,82.024865,84.10185599999998,83.762952,73356261.2,0.041146575012108416,-0.5959858595101951,Short-term downward,Above long MA,1.437105166163681,False,True,False,88.2,volatility_spike
2024-03-28,AAPL,73.3336,74.8639,72.9829,73.1418,42296549,offline_fallback,-0.07448948861551385,81.700545,83.91614600000001,83.73561350000001,74344794.0,0.04430582327416722,-0.626080666228717,Short-term downward,Above long MA,-2.561651267025554,True,True,False,95.7,abnormal_return
2024-03-29,AAPL,72.7141,73.3761,71.5175,72.0771,2252009,offline_fallback,-0.014556655701664423,81.314675,83.698176,83.69878899999999,71642788.45,0.04435533718300505,-0.6315236812306213,Short-term downward,Below long MA,-0.44441171551443687,False,True,False,84.1,volatility_spike
2024-04-01,AAPL,73.3065,74.8218,71.8175,73.1057,59550267,offline_fallback,0.014270829431261678,81.018555,83.45743600000002,83.6730905,67740638.55,0.04452163383620348,-0.6262652185360043,Short-term downward,Below long MA,0.5619201778725433,False,True,False,85.4,volatility_spike
2024-04-02,AAPL,74.1111,75.3955,73.483,74.124,79415268,offline_fallback,0.013929146427706707,80.401025,83.224504,83.64769150000001,69751962.85,0.03851216313269077,-0.6210594120398654,Short-term downward,Below long MA,0.560388553198605,False,True,False,82.8,volatility_spike
2024-04-03,AAPL,74.0088,74.5388,72.3058,73.8522,14696694,offline_fallback,-0.003666828557552182,79.88723999999999,82.952936,83.60991050000001,69436529.95,0.03822164629681514,-0.6224489222094132,Short-term downward,Below long MA,-0.06644125870659359,False,True,False,74.8,volatility_spike
2024-04-04,AAPL,74.7823,75.8025,73.7522,74.6846,134595828,offline_fallback,0.011271160507067002,79.54686000000001,82.68547999999998,83.574558,72505129.8,0.03790934369315171,-0.6181934834120194,Short-term downward,Below long MA,0.4406626368434274,False,True,True,80.5,volatility_spike
2024-04-05,AAPL,73.8276,74.9203,72.8731,73.5247,6791593,offline_fallback,-0.015530644871901367,79.067845,82.38461799999999,83.531498,70065977.15,0.0375805676172036,-0.624123184830925,Short-term downward,Below long MA,-0.5068526407347006,False,True,False,82.1,volatility_spike
2024-04-08,AAPL,73.4256,74.9609,73.1911,73.4821,25658948,offline_fallback,-0.0005793971277678889,78.51588000000001,82.0976,83.48707200000001,66936441.8,0.03723091862795789,-0.6243409667780285,Short-term downward,Below long MA,0.015881419513415315,False,True,False,73.8,volatility_spike
2024-04-09,AAPL,70.7081,71.9741,69.8487,70.9031,17013768,offline_fallback,-0.03509698280261464,77.578525,81.757478,83.4192505,63951379.1,0.034196870927426105,-0.6375254654066669,Short-term downward,Below long MA,-1.1779900544229005,False,True,False,89.1,volatility_spike
2024-04-10,AAPL,71.3145,72.0065,70.4411,70.6067,20218965,offline_fallback,-0.004180353186249874,76.869355,81.428188,83.3390495,60253535.0,0.03267303637202485,-0.6390407369822886,Short-term downward,Below long MA,-0.08028118843948895,False,True,False,74.9,volatility_spike
2024-04-11,AAPL,74.1186,75.4262,72.9341,73.8001,128057561,offline_fallback,0.04522800244169467,76.40876499999999,81.170652,83.27392,61016388.45,0.034646984449119615,-0.6227152705531712,Short-term downward,Below long MA,1.614007252329226,False,True,False,91.1,volatility_spike
2024-04-12,AAPL,75.1761,75.9785,74.6739,74.8118,80979795,offline_fallback,0.013708653511309565,75.820075,80.92968,83.20780850000001,61653506.55,0.033078177746893825,-0.6175432049220764,Short-term downward,Below long MA,0.518785273942708,False,True,False,80.5,volatility_spike
2024-04-15,AAPL,78.1112,79.3603,76.4681,77.2086,43249049,offline_fallback,0.03203772666878746,75.372195,80.699124,83.15308299999998,61660594.1,0.03419931891757681,-0.6052901586587495,Short-term downward,Below long MA,1.1442119184633597,False,True,False,85.9,volatility_spike
2024-04-16,AAPL,78.1571,78.4748,77.1548,78.1032,88712381,offline_fallback,0.011586792144916425,74.91631,80.493222,83.10653099999999,60347141.65,0.03418237870424404,-0.6007167377695755,Short-term downward,Below long MA,0.4376941778529693,False,True,False,77.5,volatility_spike
2024-04-17,AAPL,78.5026,79.0937,78.3105,78.537,43470675,offline_fallback,0.005554189841133317,74.68033,80.27480800000001,83.055864,62116435.8,0.03287888498069813,-0.5984990427307606,Short-term downward,Below long MA,0.2391168896776463,False,True,False,73.4,volatility_spike
2024-04-18,AAPL,79.1468,79.5848,77.4473,78.9527,5526762,offline_fallback,0.005293046589505357,74.683105,80.103174,83.00774,55835637.85,0.030724048594325117,-0.5963738794582035,Short-term downward,Below long MA,0.23125071339591521,False,False,False,72.5,normal
2024-04-19,AAPL,78.1375,79.9135,77.6867,78.4924,41416305,offline_fallback,-0.005830072942407116,74.880755,79.93002,82.963847,55278898.85,0.027860625987074786,-0.598727049182423,Short-term downward,Below long MA,-0.1460774811506005,False,False,False,70.8,normal
2024-04-22,AAPL,79.2976,81.2309,77.6797,79.6335,113038843,offline_fallback,0.014537713205354796,75.210475,79.738288,82.93718550000001,55279373.9,0.027423525377361754,-0.5928934581063706,Short-term downward,Below long MA,0.5429810074103951,False,False,False,76.1,normal
2024-04-23,AAPL,78.323,78.9092,78.2046,78.698,54129065,offline_fallback,-0.011747568548412524,75.338395,79.515318,82.89802600000002,54605633.6,0.026144233239938048,-0.5976759701137733,Short-term downward,Below long MA,-0.35518646530985165,False,False,False,73.9,normal
2024-04-24,AAPL,79.1644,79.8334,77.3445,78.883,74476614,offline_fallback,0.0023507585961524136,75.331115,79.353402,82.86706,53777346.95,0.024741417455723776,-0.5967302034420794,Short-term downward,Below long MA,0.12337995163246054,False,False,False,68.9,normal
2024-04-25,AAPL,83.0117,85.2016,81.9387,83.6404,86842320,offline_fallback,0.060309572404700695,75.85604500000001,79.28622999999999,82.8681505,56004635.5,0.02146662661144598,-0.5724091744479407,Short-term downward,Below long MA,2.0088908991956025,False,False,False,72.5,normal
2024-04-26,AAPL,84.5872,86.0837,83.7543,84.5274,41275737,offline_fallback,0.010604922979803977,76.47856,79.243156,82.8754255,57955821.9,0.02086920565139506,-0.5678746066760902,Short-term downward,Below long MA,0.35231580110807925,False,False,False,56.5,normal
2024-04-29,AAPL,83.917,84.4797,83.3885,83.9387,87675702,offline_fallback,-0.006964605559854009,77.02020999999999,79.224006,82.87400000000001,59362093.65,0.02108332072827074,-0.570884189592988,Short-term downward,Below long MA,-0.2159347682424073,False,False,False,55.3,normal
2024-04-30,AAPL,86.3671,87.6749,84.2155,85.6838,136693733,offline_fallback,0.0207901718754282,77.59819999999999,79.292208,82.894162,62226016.9,0.021254711421570885,-0.5619627981401626,Short-term downward,Below long MA,0.6925865833745671,False,False,True,60.3,high_volume
2024-05-01,AAPL,86.3598,87.5473,86.05,86.4914,103364922,offline_fallback,0.00942535228362873,78.23016,79.403502,82.91345799999999,66659428.3,0.021094218347393934,-0.5578341431992986,Short-term downward,Below long MA,0.31693571316052377,False,False,False,53.3,normal
2024-05-02,AAPL,86.6619,88.3692,85.9633,86.2216,127346185,offline_fallback,-0.0031193852799238364,78.80700999999999,79.53930199999999,82.9282655,66296946.15,0.02122675160089471,-0.5592134288642876,Short-term downward,Below long MA,-0.11031667372484753,False,False,False,50.4,normal
2024-05-03,AAPL,85.0201,86.688,84.1833,84.6311,68777030,offline_fallback,-0.018446653738738217,79.36233,79.62165,82.94400249999998,69396218.0,0.021401973298797543,-0.5673444661147138,Short-term downward,Below long MA,-0.6118337493111075,False,False,False,61.3,normal
2024-05-06,AAPL,84.8699,85.2857,83.5374,84.5187,33197857,offline_fallback,-0.0013281169688212913,79.91416000000001,79.742738,82.96730799999999,69773163.45,0.021417081162579947,-0.5679190832709213,Short-term upward,Below long MA,-0.028889021266572952,False,False,False,52.6,normal
2024-05-07,AAPL,84.6422,86.1698,83.6752,83.9825,41062503,offline_fallback,-0.006344158156715518,80.56813,79.83061000000001,82.9889665,70975600.2,0.019284788958262248,-0.5706602729431491,Short-term upward,Below long MA,-0.1891786348528265,False,False,False,46.5,normal
2024-05-08,AAPL,83.472,84.8685,82.0223,84.1938,112808594,offline_fallback,0.0025160003572171075,81.247485,79.89898,82.99759949999999,75605081.65,0.019107194163423918,-0.5695800540365066,Short-term upward,Below long MA,0.08873786806606827,False,False,False,43.5,normal
2024-05-09,AAPL,85.1312,85.396,83.3944,84.9094,45102000,offline_fallback,0.008499438200912701,81.80295,80.004604,83.01144500000001,71457303.6,0.01710269568562969,-0.5659217263053496,Short-term upward,Below long MA,0.2858597205602304,False,False,False,33.7,normal
2024-05-10,AAPL,85.3698,86.9127,83.9647,85.4867,63170863,offline_fallback,0.006799011652420139,82.33669499999999,80.118448,83.01992200000001,70566857.0,0.01703334441723976,-0.5629704230644375,Short-term upward,Below long MA,0.22255909786566905,False,False,False,31.3,normal
2024-05-13,AAPL,84.0609,84.5253,82.7298,84.1776,27084354,offline_fallback,-0.01531349321005493,82.685145,80.22143799999999,83.014506,69758622.25,0.01663066333781673,-0.5696628725234333,Short-term upward,Below long MA,-0.5270586684482279,False,False,False,36.8,normal
2024-05-14,AAPL,85.7039,86.2336,84.8821,85.0989,109246806,offline_fallback,0.010944716884301764,83.03493,80.193924,83.02564249999999,70785343.5,0.016616792921313867,-0.5649529544983986,Short-term upward,Below long MA,0.33943119201496685,False,False,False,32.1,normal
2024-05-15,AAPL,85.6494,86.4777,85.4549,85.8573,20256557,offline_fallback,0.008911983586156857,83.400945,80.228512,83.040353,69624637.6,0.016645723633347466,-0.5610758223696823,Short-term upward,Below long MA,0.2564276879864238,False,False,False,29.7,normal
2024-05-16,AAPL,83.4676,85.5403,82.3773,83.7154,133382675,offline_fallback,-0.024947208915258146,83.63908,80.27297600000001,83.03676,76017433.25,0.01790474651232615,-0.5720257555269836,Short-term upward,Below long MA,-0.8939544714148429,False,False,True,48.7,high_volume
2024-05-17,AAPL,84.8923,86.7217,82.8023,84.3338,104701973,offline_fallback,0.007386932392367429,83.93115,80.29755200000001,83.0398035,79181716.65,0.017802100510116485,-0.5688643387173871,Short-term upward,Below long MA,0.21118250440577746,False,False,False,38.2,normal
2024-05-20,AAPL,83.5232,86.076,82.4129,84.3284,82402555,offline_fallback,-6.403126623011346e-05,84.165895,80.29369200000001,83.03338149999999,77649902.25,0.017634738201551033,-0.5688919448796959,Short-term upward,Below long MA,-0.057739804666451185,False,False,False,34.7,normal
2024-05-21,AAPL,85.6384,85.9429,84.5987,85.0239,122196502,offline_fallback,0.008247518036628154,84.48219,80.201166,83.0385035,81053274.1,0.017317809787347108,-0.5653363734193555,Short-term upward,Below long MA,0.23147574973442003,False,False,False,34.5,normal
2024-05-22,AAPL,83.0499,84.9982,82.7019,83.461,27545809,offline_fallback,-0.01838189026850101,84.71109,80.174584,83.046687,78706733.85,0.018028482533816385,-0.5733263125068696,Short-term upward,Below long MA,-0.6637955033769578,False,False,False,47.1,normal
2024-05-23,AAPL,83.8998,85.3153,82.8822,83.0781,65823971,offline_fallback,-0.004587771534009799,84.682975,80.17590799999999,83.05595850000002,77655816.4,0.011997863317633044,-0.5752837939046616,Short-term upward,Below long MA,-0.19630882011755926,False,False,False,21.9,normal
2024-05-24,AAPL,82.5341,83.5956,81.6921,82.8163,34825485,offline_fallback,-0.0031512516535646684,84.59742,80.100522,83.05888150000001,77333303.8,0.011733087110995317,-0.5766221815514152,Short-term upward,Below long MA,-0.1438849320048849,False,False,False,21.5,normal
2024-05-27,AAPL,81.3393,81.7029,79.8363,81.0616,75665914,offline_fallback,-0.021187857945839217,84.453565,79.99843,83.055643,76732814.4,0.012521014831391845,-0.5855926506261231,Short-term upward,Below long MA,-0.7545015033883599,False,False,False,33.5,normal
2024-05-28,AAPL,82.0691,83.0919,80.8938,81.898,96323167,offline_fallback,0.010318079090469334,84.264275,79.89197200000001,83.04956049999998,74714286.1,0.011726182025570015,-0.5813167628196116,Short-term upward,Below long MA,0.40985418292472414,False,False,False,27.1,normal
2024-05-29,AAPL,81.6298,81.8597,81.167,81.5413,65074055,offline_fallback,-0.004355417714718146,84.01677,79.857666,83.052994,72799742.75,0.011408236395993908,-0.5831403032076826,Short-term upward,Below long MA,-0.15877077861616815,False,False,False,22.9,normal
2024-05-30,AAPL,82.4632,83.3653,81.5313,82.196,17131673,offline_fallback,0.008029060120454234,83.81549,79.923642,83.063684,67289017.15,0.011665399030373377,-0.5797933116403429,Short-term upward,Below long MA,0.2903135818566323,False,False,False,24.8,normal
2024-05-31,AAPL,80.8322,82.4492,79.2869,80.791,27291751,offline_fallback,-0.017093289211153828,83.623485,80.048674,83.05724000000001,65214753.2,0.011570484564940762,-0.5869760260929356,Short-term upward,Below long MA,-0.6526323065645732,False,False,False,32.1,normal
2024-06-03,AAPL,79.3202,81.0168,77.7424,78.8305,106036727,offline_fallback,-0.02426631679271196,83.33907500000001,80.164502,83.05887650000001,68856696.7,0.01256765490478425,-0.5969985966867493,Short-term upward,Below long MA,-0.899297303349258,False,False,False,37.6,normal
2024-06-04,AAPL,77.5519,78.3019,76.9281,77.2588,97230137,offline_fallback,-0.019937714463310607,83.00289000000001,80.186886,83.0502205,71665078.4,0.013091796223472339,-0.6050335235943223,Short-term upward,Below long MA,-0.7138016370149258,False,False,False,37.1,normal
2024-06-05,AAPL,73.6673,75.1719,73.3353,74.2898,98447330,offline_fallback,-0.03842927925362538,82.50769,80.09211,83.032794,70947015.2,0.015059374121398834,-0.6202118006119366,Short-term upward,Below long MA,-1.496081831248876,False,False,False,49.3,normal
2024-06-06,AAPL,72.3682,74.5737,71.1259,73.3212,114673890,offline_fallback,-0.013038129056747949,81.92828,80.095698,83.0154875,74425609.7,0.014724602348838912,-0.625163528169788,Short-term upward,Below long MA,-0.46300655403508145,False,False,False,39.6,normal
2024-06-07,AAPL,74.8158,74.9756,73.0272,73.9142,104541808,offline_fallback,0.008087701783385803,81.349655,80.13244,83.00316349999999,76494156.95,0.014791779062079098,-0.6221319625680888,Short-term upward,Below long MA,0.44167587246539,False,False,False,39.0,normal
2024-06-10,AAPL,75.0841,76.5251,74.8918,75.931,30772905,offline_fallback,0.02728569070625131,80.937325,80.188946,83.01078450000001,76678584.5,0.016519276333693014,-0.6118215721709435,Short-term upward,Below long MA,1.2152568177715923,False,False,False,52.3,normal
2024-06-11,AAPL,77.6935,78.4664,76.0903,77.6284,121811037,offline_fallback,0.022354506064716784,80.5638,80.259034,83.020445,77306796.05,0.017278873391571692,-0.6031440351518467,Short-term upward,Below long MA,0.9966785737488253,False,False,False,53.2,normal
2024-06-12,AAPL,79.3626,81.0009,77.7557,79.5722,7387651,offline_fallback,0.025039805019812178,80.249545,80.373434,83.035612,76663350.75,0.018282056333712857,-0.5932068391710994,Short-term downward,Below long MA,1.0799104407526776,False,False,False,57.8,normal
2024-06-13,AAPL,81.3258,82.6788,80.1669,81.5578,11028579,offline_fallback,0.02495343851244547,80.141665,80.510898,83.05206049999998,70545645.95,0.018622252314604276,-0.5830559510450721,Short-term downward,Below long MA,1.056701385731802,False,False,False,56.4,normal
2024-06-14,AAPL,84.4945,86.2653,84.3409,84.8486,79330229,offline_fallback,0.040349298289066304,80.167405,80.737376,83.083558,69277058.75,0.0207532781388669,-0.5662325512439388,Short-term downward,Below long MA,1.7095591026931016,False,False,False,67.7,normal
2024-06-17,AAPL,86.2192,86.8131,83.8166,85.2706,130594883,offline_fallback,0.004973564678733666,80.214515,80.973146,83.123594,71686675.15,0.020776519611602443,-0.5640751807820212,Short-term downward,Below long MA,0.09777457355159296,False,False,True,50.1,high_volume
2024-06-18,AAPL,87.3275,89.2089,86.52,86.8643,136995502,offline_fallback,0.01868991188053082,80.306535,81.29236999999999,83.16684450000001,72426625.15,0.02110321506435446,-0.5559277843243009,Short-term downward,Below long MA,0.7570687178277582,False,False,True,59.0,high_volume
2024-06-19,AAPL,87.568,89.5916,86.6717,88.0259,10479550,offline_fallback,0.01337258229214977,80.53477999999998,81.640754,83.22508150000002,71573312.2,0.02073723547010481,-0.5499893920765202,Short-term downward,Below long MA,0.5401546192174675,False,False,False,54.2,normal
2024-06-20,AAPL,84.3489,85.5429,83.1305,84.0217,138685297,offline_fallback,-0.04548888452148736,80.58196,81.845186,83.2693605,75216378.5,0.023362105063086842,-0.5704598726537957,Short-term downward,Below long MA,-2.459333178296466,False,False,True,79.0,high_volume
2024-06-21,AAPL,84.5167,86.0638,82.8417,84.3978,48446935,offline_fallback,0.0044762245943608114,80.661035,82.036906,83.301075,75897451.0,0.023356030278769275,-0.5685371545715038,Short-term downward,Below long MA,0.0855602325328452,False,False,False,60.2,normal
2024-06-24,AAPL,85.5132,85.9131,83.885,84.622,105126904,offline_fallback,0.0026564673486748624,80.839055,82.185174,83.32609500000001,77370500.5,0.02275352987174725,-0.5673909876104566,Short-term downward,Below long MA,0.0016783098840396809,False,False,False,57.1,normal
2024-06-25,AAPL,85.4209,87.0154,85.1153,85.3488,24955916,offline_fallback,0.00858878305877897,81.011595,82.33008600000001,83.3513125,73802137.95,0.022725120486370914,-0.5636754026537701,Short-term downward,Below long MA,0.3138886262698462,False,False,False,61.2,normal
2024-06-26,AAPL,83.9726,85.2525,83.4885,84.6807,51469689,offline_fallback,-0.007827878072099392,81.168565,82.45296,83.36219850000002,73121919.65,0.02279191161897457,-0.5670908984016543,Short-term downward,Below long MA,-0.5328900945592566,False,False,False,65.9,normal
2024-06-27,AAPL,84.437,85.7,83.1841,83.6694,19568601,offline_fallback,-0.011942508741661362,81.24223500000001,82.54729400000001,83.36990600000001,73243766.05,0.02295716545679468,-0.5722609191318373,Short-term downward,Below long MA,-0.7238845022720528,False,False,False,70.4,normal
2024-06-28,AAPL,83.8136,85.5951,81.6705,83.012,5658957,offline_fallback,-0.007857113831340912,81.353285,82.63768599999999,83.3697035,72162126.35,0.0226620755249743,-0.5756217137803317,Short-term downward,Below long MA,-0.5220786504155693,False,False,False,67.9,normal
2024-07-01,AAPL,85.0967,86.3151,83.9589,84.2494,103152227,offline_fallback,0.014906278610321344,81.62423,82.73000400000001,83.381484,72017901.35,0.021991544419810282,-0.5692958128097705,Short-term downward,Below long MA,0.643238138701335,False,False,False,64.8,normal
2024-07-02,AAPL,85.453,85.8017,83.6041,85.0877,114980057,offline_fallback,0.009950219230048019,82.015675,82.857798,83.39963,72905397.35,0.021315823489058996,-0.5650102117239282,Short-term downward,Below long MA,0.3596871399364978,False,False,False,56.8,normal
2024-07-03,AAPL,86.6906,89.0651,85.5963,87.5227,81723220,offline_fallback,0.028617532263770284,82.67732,83.030592,83.429016,72069191.85,0.019293391802040805,-0.552561877423527,Short-term downward,Below long MA,1.3094794699157122,False,False,False,55.4,normal
2024-07-04,AAPL,85.1519,86.6982,84.4206,85.6205,123075310,offline_fallback,-0.021733790205283765,83.29228499999999,83.07019400000001,83.43760199999998,72489262.85,0.019890838724685476,-0.5622864037094502,Short-term upward,Below long MA,-1.3204605203966153,False,False,False,60.9,normal
2024-07-05,AAPL,87.3705,88.4171,87.2295,87.5123,108611853,offline_fallback,0.022095175804859757,83.97219,83.129892,83.460614,72692765.1,0.020140150407581433,-0.5526150448472331,Short-term upward,Below long MA,1.0392624919288884,False,False,False,57.3,normal
2024-07-08,AAPL,90.7599,91.354,90.1099,90.6921,70631426,offline_fallback,0.03633546370053131,84.710245,83.26495999999999,83.491324,74685691.15,0.020674893068188017,-0.5363591050491159,Short-term upward,Below long MA,1.7900400368184575,False,False,False,62.3,normal
2024-07-09,AAPL,89.095,90.61,87.2252,89.3055,112977955,offline_fallback,-0.015289093537364296,85.29409999999999,83.337394,83.5148605,74244037.05,0.02111594948756685,-0.5434477540597673,Short-term upward,Below long MA,-0.9408589226263957,False,False,False,58.8,normal
2024-07-10,AAPL,89.793,91.5184,87.6628,89.5554,26943038,offline_fallback,0.002798259905605116,85.79326,83.39867399999999,83.5527515,75221806.4,0.02071115951659113,-0.5421702022151389,Short-term upward,Below long MA,0.023106804428124798,False,False,False,44.8,normal
2024-07-11,AAPL,86.5129,87.4751,85.9387,87.0489,11686378,offline_fallback,-0.027988262014350895,86.067815,83.41522,83.59207649999999,75254696.35,0.021545313229258078,-0.5549840625535188,Short-term upward,Below long MA,-1.5514962780858017,False,False,False,66.9,normal
2024-07-12,AAPL,82.4113,83.5977,80.9322,82.6896,101853327,offline_fallback,-0.050078748841168585,85.95986500000001,83.37638999999999,83.6142885,76380851.25,0.022850643608316245,-0.5772699039152184,Short-term upward,Below long MA,-2.517117068353162,True,False,False,80.4,abnormal_return
2024-07-15,AAPL,80.3214,82.4202,78.7472,80.6927,80469567,offline_fallback,-0.024149348890307842,85.73096999999999,83.29987,83.61865,73874585.45,0.023369476259995126,-0.5874785604920032,Short-term upward,Below long MA,-1.1988666080817505,False,False,False,79.8,normal
2024-07-16,AAPL,80.6821,81.5438,78.9235,80.8097,128893658,offline_fallback,0.0014499452862526407,85.42823999999999,83.23641400000001,83.62144,73469493.25,0.022859376956117054,-0.5868804269753103,Short-term upward,Below long MA,0.03930275909772411,False,False,False,64.1,normal
2024-07-17,AAPL,80.4676,82.3769,78.702,81.1837,65415396,offline_fallback,0.004628157263298682,85.08613,83.17621199999999,83.61263149999999,76216285.55,0.022604795857085247,-0.5849684446228052,Short-term upward,Below long MA,0.19290552595568175,False,False,False,64.9,normal
2024-07-18,AAPL,81.4347,83.1211,79.6595,80.6486,64188659,offline_fallback,-0.00659122459311412,84.917475,83.09099599999999,83.59947700000001,72491453.65,0.02039370935143805,-0.5877040108175258,Short-term upward,Below long MA,-0.3259410041874824,False,False,False,59.7,normal
2024-07-19,AAPL,81.1631,83.4115,80.7908,81.6518,95795482,offline_fallback,0.012439149594661192,84.780175,83.014298,83.58036799999999,74858881.0,0.020600353912843903,-0.5825753993308063,Short-term upward,Below long MA,0.6785395962555045,False,False,False,63.9,normal
2024-07-22,AAPL,81.8933,83.7383,80.2806,82.23,71106623,offline_fallback,0.007081289083645581,84.66057500000001,82.97534599999999,83.56189049999999,73157866.95,0.020670414415335864,-0.5796194950628424,Short-term upward,Below long MA,0.3829168750379536,False,False,False,59.2,normal
2024-07-23,AAPL,85.2952,86.0838,83.7772,85.1509,75569622,offline_fallback,0.03552109935546621,84.65068,82.976386,83.5647615,75688552.25,0.022166754360590187,-0.5646871173798684,Short-term upward,Below long MA,1.8368935035215863,False,False,False,72.5,normal
2024-07-24,AAPL,82.5619,84.2753,81.7267,82.9631,20515159,offline_fallback,-0.025693210523905163,84.5648,82.91850199999999,83.5509125,74140825.75,0.0228531539968462,-0.5758717029167955,Short-term upward,Below long MA,-1.2892340111379685,False,False,False,76.6,normal
2024-07-25,AAPL,81.9995,83.4853,81.0458,81.6471,134842909,offline_fallback,-0.015862473798592402,84.463685,82.877136,83.53591349999999,79904541.15,0.022970480284730563,-0.5825994269165196,Short-term upward,Below long MA,-0.7713111510003813,False,False,True,73.9,high_volume
2024-07-26,AAPL,81.1215,82.8333,79.8915,80.7854,86528368,offline_fallback,-0.010553957213422116,84.352355,82.806168,83.527069,83948011.7,0.023020890964307542,-0.5870046547057004,Short-term upward,Below long MA,-0.5101063686597885,False,False,False,72.4,normal
2024-07-29,AAPL,80.2215,80.3271,78.547,79.8465,112373157,offline_fallback,-0.011622149546823946,84.13221000000001,82.71653,83.51881499999999,84409058.2,0.022813064103781436,-0.591804548370853,Short-term upward,Below long MA,-0.5545237924363022,False,False,False,73.3,normal
2024-07-30,AAPL,78.8133,79.8627,77.864,79.1739,129363829,offline_fallback,-0.008423662903195517,83.83652000000001,82.59953,83.50975050000001,85128246.8,0.022657602083576277,-0.5952430492539946,Short-term upward,Below long MA,-0.389264416772457,False,False,True,71.0,high_volume
2024-07-31,AAPL,82.2853,83.8471,80.8405,82.7018,83907042,offline_fallback,0.04455887609426856,83.595475,82.58434600000001,83.51618349999998,85237437.9,0.02407732534768183,-0.5772075344374094,Short-term upward,Below long MA,2.1826584659244914,False,False,False,81.4,normal
2024-08-01,AAPL,81.9647,83.8776,81.8707,82.1799,97418628,offline_fallback,-0.006310624436227541,83.423445,82.56638199999999,83.513424,83954603.8,0.023674310072234802,-0.5798756189020415,Short-term upward,Below long MA,-0.2921566529954105,False,False,False,67.5,normal
2024-08-02,AAPL,82.9408,84.8999,81.4713,83.2088,92984745,offline_fallback,0.012520093112792674,83.20827,82.574232,83.51092899999999,83173248.4,0.023259200482610435,-0.5746156225317407,Short-term upward,Below long MA,0.6229667775675231,False,False,False,70.1,normal
2024-08-05,AAPL,80.9782,82.8033,80.503,81.041,43018883,offline_fallback,-0.02605253290517351,82.72571500000001,82.57382,83.48145000000001,81792621.25,0.021957482395812314,-0.5856979630230792,Short-term upward,Below long MA,-1.2400865436954156,False,False,False,75.1,normal
2024-08-06,AAPL,80.065,80.1815,78.772,80.0159,50384951,offline_fallback,-0.012649152897915794,82.261235,82.536178,83.46187599999999,78662971.05,0.02190265121841896,-0.5909385328347183,Short-term downward,Below long MA,-0.5724299541787667,False,False,False,69.6,normal
2024-08-07,AAPL,81.2478,81.8176,80.1523,81.3175,7201569,offline_fallback,0.016266766980062686,81.84934000000001,82.53170200000001,83.449834,77675897.6,0.02236526234022225,-0.5842844252678181,Short-term downward,Below long MA,0.817220555714697,False,False,False,72.6,normal
2024-08-08,AAPL,82.5993,84.4042,82.0859,82.8595,19225651,offline_fallback,0.018962707904202736,81.63987,82.544972,83.42559000000001,78052861.25,0.022242165062103646,-0.576401332252944,Short-term downward,Below long MA,0.916091977412835,False,False,False,71.0,normal
2024-08-09,AAPL,80.8336,81.7647,78.9957,80.4044,67776612,offline_fallback,-0.029629674328230382,81.52561,82.53724,83.39117700000001,76349025.5,0.020313090858363633,-0.5889524228241616,Short-term downward,Below long MA,-1.3844567372007215,False,False,False,70.9,normal
2024-08-12,AAPL,84.0768,84.304,82.4071,83.5881,24370994,offline_fallback,0.039596091756172624,81.67038,82.632392,83.3822355,73544096.85,0.0214904957070078,-0.5726765452421546,Short-term downward,Below long MA,1.8279807977050702,False,False,False,72.2,normal
2024-08-13,AAPL,84.6174,85.3056,82.9097,84.2901,76760144,offline_fallback,0.00839832464190482,81.84440000000001,82.773018,83.3822595,70937421.15,0.02153755834201001,-0.5690877441419979,Short-term downward,Below long MA,0.38455755485766924,False,False,False,59.4,normal
2024-08-14,AAPL,83.3361,83.4706,82.1534,83.122,93032879,offline_fallback,-0.013858092468747807,81.941315,82.94966199999999,83.383465,72318295.3,0.021828419344392266,-0.5750593660295948,Short-term downward,Below long MA,-0.6502589519536651,False,False,False,65.5,normal
2024-08-15,AAPL,84.0533,84.3609,83.6349,83.8925,78049743,offline_fallback,0.009269507470946348,82.10351,83.161088,83.39185400000001,73011349.5,0.021810734196811784,-0.5711203756482974,Short-term downward,Below long MA,0.4113570122377752,False,False,False,61.3,normal
2024-08-16,AAPL,83.5989,84.8115,81.7106,82.9308,120233337,offline_fallback,-0.011463480048871988,82.16745999999999,83.34142,83.382213,74233242.25,0.02187480961786954,-0.5760368286654209,Short-term downward,Below long MA,-0.5416584868265203,False,False,False,65.1,normal
2024-08-19,AAPL,80.4521,82.3067,79.0735,80.7165,29984414,offline_fallback,-0.02670057445484675,82.09178499999999,83.43713,83.37183649999999,72177131.8,0.02267053033955064,-0.5873568888877528,Short-term downward,Above long MA,-1.2358669701461384,False,False,False,78.6,normal
2024-08-20,AAPL,80.4944,81.6842,79.0148,81.0433,111131388,offline_fallback,0.004048738485935344,81.886405,83.50542800000001,83.367922,73955220.1,0.021060095648880613,-0.5856862048428366,Short-term downward,Above long MA,0.1839495850723483,False,False,False,58.8,normal
2024-08-21,AAPL,82.2403,82.9818,80.6716,82.3464,106106497,offline_fallback,0.016079058972179094,81.85556999999999,83.560912,83.35966200000001,78234787.0,0.02068177203597833,-0.5790244288975173,Short-term downward,Above long MA,0.7196537986999967,False,False,False,63.9,normal
2024-08-22,AAPL,83.9993,85.4318,83.0328,84.0459,68456459,offline_fallback,0.02063842499489965,81.97551,83.610674,83.357258,74915464.5,0.020834175996946796,-0.5703361561486335,Short-term downward,Above long MA,0.9135764538598264,False,False,False,63.8,normal
2024-08-23,AAPL,81.2982,83.1638,79.6607,81.4623,15291926,offline_fallback,-0.03074034545409121,82.009355,83.542948,83.339024,71353642.4,0.02191751170082518,-0.5835441711377574,Short-term downward,Above long MA,-1.402981109212067,False,False,False,75.4,normal
2024-08-26,AAPL,79.9079,80.6361,79.4644,80.0462,105707696,offline_fallback,-0.017383501325152872,82.01934,83.43845999999999,83.3162105,71020369.35,0.022124107555058826,-0.5907836315906517,Short-term downward,Above long MA,-0.810091249291116,False,False,False,73.0,normal
2024-08-27,AAPL,79.6669,81.1838,79.4007,79.7933,90615140,offline_fallback,-0.0031594254318131343,82.05031,83.29704,83.284529,69082934.9,0.02204532774737496,-0.5920765201921184,Short-term downward,Above long MA,-0.1795339771108879,False,False,False,64.0,normal
2024-08-28,AAPL,81.514,81.9982,80.05,81.4131,119260298,offline_fallback,0.020299949995801647,81.985875,83.164784,83.26846450000001,70850597.7,0.020080315680472072,-0.583795693949905,Short-term downward,Below long MA,0.8651383983279961,False,False,False,63.9,normal
2024-08-29,AAPL,83.1269,84.5635,81.7023,83.4544,134657821,offline_fallback,0.025073360429709757,82.0496,83.15343800000001,83.25488150000001,72712557.35,0.02082257109278341,-0.5733600533719138,Short-term downward,Below long MA,1.0523513132203846,False,False,True,65.9,high_volume
2024-08-30,AAPL,82.4054,84.526,80.6942,82.8649,139666812,offline_fallback,-0.007063737801721648,82.032405,83.12278,83.23698250000001,75046660.7,0.020711295538703274,-0.5763737260906351,Short-term downward,Below long MA,-0.4263657249158117,False,False,True,59.7,high_volume
2024-09-02,AAPL,80.9546,81.3212,79.6538,81.0139,126232463,offline_fallback,-0.022337563914274883,82.03105,83.050618,83.21088099999999,79207339.7,0.02048075456547812,-0.5858365050598516,Short-term downward,Below long MA,-1.097396866773041,False,False,False,68.8,normal
2024-09-03,AAPL,82.1067,82.7733,80.468,81.9169,33155823,offline_fallback,0.011146235399110527,82.12610000000001,82.98198000000001,83.193051,78345883.3,0.020387060166610876,-0.5812201412515305,Short-term downward,Below long MA,0.4681861409728328,False,False,False,59.9,normal
2024-09-04,AAPL,81.1225,82.0511,80.2045,81.2179,13812357,offline_fallback,-0.008533037749231198,82.12111999999999,82.912724,83.16396499999999,78676422.7,0.020186659573790112,-0.5847936055948488,Short-term downward,Below long MA,-0.42878612199847105,False,False,False,59.7,normal
2024-09-05,AAPL,81.3548,82.9086,80.9269,81.9095,68980931,offline_fallback,0.008515364223896427,82.07361999999999,82.877526,83.1352525,81164186.7,0.019805307975463475,-0.5812579719183982,Short-term downward,Below long MA,0.3917993839223296,False,False,False,55.9,normal
2024-09-06,AAPL,83.546,83.7864,83.1638,83.577,77397749,offline_fallback,0.020357833950884974,82.23225,82.888826,83.11755200000002,81645243.55,0.019061331266337377,-0.5727332912424562,Short-term downward,Below long MA,0.9950626410762906,False,False,False,56.1,normal
2024-09-09,AAPL,84.3281,85.0806,82.573,84.5877,13506916,offline_fallback,0.012093039951182716,82.28223,82.895592,83.10353950000001,81102039.65,0.0171063844172644,-0.5675663378636409,Short-term downward,Below long MA,0.5847577364771743,False,False,False,39.0,normal
2024-09-10,AAPL,83.2133,83.5761,82.3719,83.0253,7316500,offline_fallback,-0.018470770573026485,82.21898999999999,82.854344,83.089569,77629857.45,0.017522802452583714,-0.5755537208250152,Short-term downward,Below long MA,-0.8725818366805195,False,False,False,47.2,normal
2024-09-11,AAPL,80.9339,82.3137,80.8377,81.1402,101583590,offline_fallback,-0.02270512723230156,82.1199,82.72669400000001,83.055816,78057393.0,0.01798054858415999,-0.5851908275969603,Short-term downward,Below long MA,-1.0436710680794719,False,False,False,54.3,normal
2024-09-12,AAPL,78.8607,80.0826,77.6193,78.8844,100259373,offline_fallback,-0.02780126250613124,81.869495,82.591972,82.99935299999999,79167874.5,0.01875464081755895,-0.5967230462888882,Short-term downward,Below long MA,-1.3386062173674804,False,False,False,63.0,normal
2024-09-13,AAPL,80.4105,81.9654,79.2254,80.0361,129670954,offline_fallback,0.014599844836241438,81.72476,82.442448,82.938934,79639755.35,0.019032132709439317,-0.5908352653386739,Short-term downward,Below long MA,0.7558219600910053,False,False,True,58.4,high_volume
2024-09-16,AAPL,81.8429,82.8346,80.1389,81.7895,25176394,offline_fallback,0.021907614189097258,81.77841000000001,82.26439599999999,82.88438099999999,79399354.35,0.018760066971831423,-0.5818714421919293,Short-term downward,Below long MA,1.0902788487324369,False,False,False,57.1,normal
2024-09-17,AAPL,80.1923,80.5992,78.9949,80.2268,6014172,offline_fallback,-0.019106364508891804,81.737585,82.082822,82.81723149999999,74143493.55,0.0192587243427893,-0.5898603588289875,Short-term downward,Below long MA,-0.8904151121899254,False,False,False,61.3,normal
2024-09-18,AAPL,79.3369,81.1908,77.8753,79.445,129977111,offline_fallback,-0.00974487328423923,81.59251499999999,81.880614,82.757161,75337024.25,0.018964141255995572,-0.5938571176610423,Short-term downward,Below long MA,-0.432663320625501,False,False,True,54.4,high_volume
2024-09-19,AAPL,77.7325,78.474,77.4977,78.0543,23253872,offline_fallback,-0.017505192271382697,81.292935,81.700722,82.69266250000001,73076894.9,0.018520592787000148,-0.6009667269060394,Short-term downward,Below long MA,-0.8033923261313122,False,False,False,57.5,normal
2024-09-20,AAPL,78.0831,78.5557,77.102,77.8597,138468545,offline_fallback,-0.0024931361885250913,81.112805,81.604124,82.6286865,79235725.85,0.017377985132203802,-0.6019615711996156,Short-term downward,Below long MA,-0.07936649888805117,False,False,True,41.5,high_volume
2024-09-23,AAPL,76.0684,77.818,74.9471,76.6141,118783876,offline_fallback,-0.01599800667097373,80.9412,81.52255199999999,82.5590545,79889534.85,0.017316571358954702,-0.608329392638868,Short-term downward,Below long MA,-0.7107545060664876,False,False,False,51.9,normal
2024-09-24,AAPL,75.1369,75.7301,74.1429,75.3825,133868661,offline_fallback,-0.016075369938431727,80.72066,81.41400800000001,82.477585,82052210.9,0.017598811061795606,-0.6146256425462084,Short-term downward,Below long MA,-0.6923719999106739,False,False,True,54.1,high_volume
2024-09-25,AAPL,76.7752,77.5269,75.9885,77.1722,94721037,offline_fallback,0.023741584585281972,80.508615,81.333778,82.4081805,80825247.85,0.017850486746794868,-0.6054762446417206,Short-term downward,Below long MA,1.2506408179812638,False,False,False,59.8,normal
2024-09-26,AAPL,78.7079,78.8993,77.152,78.5125,38018397,offline_fallback,0.017367653118609994,80.26151999999999,81.291056,82.351026,75993276.65,0.017298181088587886,-0.5986242929116066,Short-term downward,Below long MA,0.9087170349823501,False,False,False,51.9,normal
2024-09-27,AAPL,79.4709,81.1675,77.3059,78.5532,58742477,offline_fallback,0.0005183887915936047,80.045935,81.229084,82.28379100000001,71947059.9,0.01728532746613366,-0.598416224243834,Short-term downward,Below long MA,0.1044881621161441,False,False,False,40.2,normal
2024-09-30,AAPL,79.7249,80.3538,79.0652,80.2359,35621949,offline_fallback,0.021421151525335747,80.007035,81.189202,82.22703299999999,67416534.2,0.017414617082994757,-0.5898138373332447,Short-term downward,Below long MA,1.1715561767414902,False,False,False,53.0,normal
2024-10-01,AAPL,79.6027,80.9853,79.1035,79.3191,127963222,offline_fallback,-0.011426306678182674,79.877145,81.072566,82.17048500000001,72156904.15,0.017362521302877378,-0.594500750223022,Short-term downward,Below long MA,-0.4865953005703543,False,False,False,47.1,normal
2024-10-02,AAPL,79.9902,81.4321,78.4421,80.002,130458292,offline_fallback,0.008609527843860931,79.81635,81.013344,82.133335,77989200.9,0.017418373133879884,-0.5910095931414023,Short-term downward,Below long MA,0.5183612469420513,False,False,True,47.0,high_volume
2024-10-03,AAPL,79.3951,80.9297,78.0929,78.5641,33580401,offline_fallback,-0.01797330066748326,79.64908,80.951684,82.099282,76219174.4,0.017692905231370636,-0.5983605006939883,Short-term downward,Below long MA,-0.8363877569940099,False,False,False,53.6,normal
2024-10-04,AAPL,76.4513,78.0797,74.9746,77.428,106726360,offline_fallback,-0.014460803344021,79.34163,80.884536,82.060864,77685604.95,0.017086631255604053,-0.6041685305086435,Short-term downward,Below long MA,-0.7239821574930857,False,False,False,49.5,normal
2024-10-07,AAPL,78.4768,79.3741,77.7439,78.824,90649735,offline_fallback,0.01802965335537543,79.053445,80.864086,82.0268885,81542745.9,0.017423224253934014,-0.5970318263265655,Short-term downward,Below long MA,0.9810705230236263,False,False,False,53.4,normal
2024-10-08,AAPL,77.2445,78.3122,75.7435,76.9983,13593762,offline_fallback,-0.023161727392672304,78.752095,80.82057400000001,81.99710499999999,81856609.0,0.017666959388265003,-0.6063652653131126,Short-term downward,Below long MA,-1.1962119340980915,False,False,False,58.1,normal
2024-10-09,AAPL,76.3838,77.9774,75.048,76.355,55777291,offline_fallback,-0.008354729909621383,78.512835,80.693638,81.9638155,79566294.05,0.017134114856981447,-0.6096539772044671,Short-term downward,Below long MA,-0.398305350800721,False,False,False,46.3,normal
2024-10-10,AAPL,74.8108,75.1103,74.0583,74.6226,30851047,offline_fallback,-0.022688756466505144,78.299745,80.542492,81.918998,76095877.75,0.01677740779648913,-0.6185104430533437,Short-term downward,Below long MA,-1.1327497004012166,False,False,False,53.7,normal
2024-10-11,AAPL,72.1595,74.0573,71.7696,72.8099,80183724,offline_fallback,-0.02429156850605585,77.938435,80.334514,81.868517,73621516.25,0.01692728185106794,-0.6277774227602584,Short-term downward,Below long MA,-1.17571039774635,False,False,False,55.5,normal
2024-10-14,AAPL,72.677,73.8547,71.3893,72.7661,29782005,offline_fallback,-0.0006015665452089314,77.487265,80.169016,81.817003,73851796.8,0.015782794212331037,-0.6280013394100972,Short-term downward,Below long MA,0.06547625480261578,False,False,False,35.8,normal
2024-10-15,AAPL,72.5663,73.9758,72.1176,72.7866,67731332,offline_fallback,0.00028172459428232877,77.115255,80.02443,81.75465100000001,76937654.8,0.01550970226155504,-0.627896538238369,Short-term downward,Below long MA,0.14712305094224853,False,False,False,36.0,normal
2024-10-16,AAPL,71.4344,72.9181,69.1683,70.6365,18191369,offline_fallback,-0.029539777926156807,76.67483,79.81081,81.6869085,71348367.7,0.016449033797524385,-0.6388883918643617,Short-term downward,Below long MA,-1.4525774448332138,False,False,False,56.1,normal
2024-10-17,AAPL,73.6109,74.5407,72.7616,73.4392,51789258,offline_fallback,0.039677786979819274,76.444075,79.622404,81.645654,72775137.0,0.019057480985726533,-0.6245602824008158,Short-term downward,Below long MA,2.137483208789249,False,False,False,71.5,normal
2024-10-18,AAPL,75.6554,77.1863,74.1661,75.4648,103453427,offline_fallback,0.027581999803919288,76.32433,79.523612,81.61695100000001,71024381.1,0.020238802615385857,-0.6142049041836117,Short-term downward,Below long MA,1.4534737430346247,False,False,False,75.3,normal
2024-10-21,AAPL,74.0049,74.4502,72.9952,74.0756,116399280,offline_fallback,-0.01840858254444455,76.197405,79.333362,81.5874015,70905151.3,0.020337457716950055,-0.6213068450501895,Short-term downward,Below long MA,-0.8802569149289101,False,False,False,71.6,normal
2024-10-22,AAPL,75.1501,75.6078,73.4794,74.5496,32561795,offline_fallback,0.006398868183315365,76.15576,79.138552,81.560226,65839808.0,0.020108616393429205,-0.6188836374697418,Short-term downward,Below long MA,0.36588371246408397,False,False,False,64.0,normal
2024-10-23,AAPL,74.7441,75.8516,73.6185,74.6636,30549065,offline_fallback,0.0015291832551751483,76.03032999999999,78.969384,81.52825299999999,62631209.4,0.019304500041441797,-0.6183008407098873,Short-term downward,Below long MA,0.16276308651789162,False,False,False,56.2,normal
2024-10-24,AAPL,73.8378,74.9574,72.3069,73.6637,123335313,offline_fallback,-0.013392067888502557,75.78789,78.764808,81.484435,66897055.2,0.01894632410693325,-0.6234125817640849,Short-term downward,Below long MA,-0.6232689813494833,False,False,False,60.7,normal
2024-10-25,AAPL,71.4365,72.1003,71.0656,71.7595,87111671,offline_fallback,-0.025849909792747372,75.448205,78.541382,81.42835450000001,68315514.9,0.019594056719126653,-0.6331473325545669,Short-term downward,Below long MA,-1.2398221386512405,False,False,False,72.4,normal
2024-10-28,AAPL,72.0581,73.4744,70.8986,71.6678,63612566,offline_fallback,-0.0012778795838879198,75.0198,78.36040799999999,81.36098,69715045.75,0.018658992275590487,-0.6336161260885902,Short-term downward,Below long MA,0.03179313173158184,False,False,False,50.5,normal
2024-10-29,AAPL,71.6851,72.1815,70.4383,71.315,100749896,offline_fallback,-0.004922712850122357,74.619595,78.165842,81.288702,68354379.45,0.01860624651990486,-0.6354197286927715,Short-term downward,Below long MA,-0.16993505968296263,False,False,False,52.3,normal
2024-10-30,AAPL,72.4349,74.08,71.6304,72.8179,129656268,offline_fallback,0.021074107831452027,74.26039,77.975272,81.21563850000001,68314278.25,0.01928735019696346,-0.627736524742023,Short-term downward,Below long MA,1.2103471180299714,False,False,True,69.9,high_volume
2024-10-31,AAPL,72.6446,74.3398,71.694,72.9255,60752293,offline_fallback,0.0014776586526115132,73.97846,77.752864,81.139979,69672872.85,0.019062227951598374,-0.6271864463967567,Short-term downward,Below long MA,0.18466350195357753,False,False,False,55.5,normal
2024-11-01,AAPL,71.5766,71.9021,71.0397,71.4249,45267698,offline_fallback,-0.020577164366374023,73.678305,77.552116,81.0542645,66599939.75,0.019294220667640243,-0.6348578921672627,Short-term downward,Below long MA,-1.0199771808251905,False,False,False,68.8,normal
2024-11-04,AAPL,70.3358,70.9635,69.4148,70.3923,107553398,offline_fallback,-0.014457143097155067,73.25672,77.359038,80.967061,67445122.9,0.018713975217792764,-0.6401368038709974,Short-term downward,Below long MA,-0.6657426772569949,False,False,False,61.3,normal
2024-11-05,AAPL,69.9359,71.5044,69.1732,70.2574,17310283,offline_fallback,-0.0019164027883732393,72.91967500000001,77.16832,80.878802,67630948.95,0.01825452271896104,-0.6408264467034919,Short-term downward,Below long MA,0.054686138354007326,False,False,False,49.7,normal
2024-11-06,AAPL,71.5028,72.8341,71.0812,71.4351,30979849,offline_fallback,0.016762647066358882,72.67368,76.96876,80.80062149999999,66391076.85,0.018824177277536994,-0.6348057471940125,Short-term downward,Below long MA,1.0801897635897473,False,False,False,65.2,normal
2024-11-07,AAPL,70.0141,70.2857,68.8142,69.7558,43037808,offline_fallback,-0.023508051364105498,72.43034,76.694788,80.716016,67000414.9,0.018869755260839224,-0.6433907524468518,Short-term downward,Below long MA,-1.1536856744548227,False,False,False,66.8,normal
2024-11-08,AAPL,69.9958,70.0788,69.6938,69.9921,50568046,offline_fallback,0.0033875319328284803,72.28945,76.437332,80.6316745,65519631.0,0.01824598931603317,-0.6421827272332234,Short-term downward,Below long MA,0.3395054152001228,False,False,False,54.5,normal
2024-11-11,AAPL,71.4556,73.1123,71.1596,71.6141,120695405,offline_fallback,0.023174043927814747,72.23185000000001,76.249336,80.54606299999999,70065301.0,0.019084402786674073,-0.6338906540359954,Short-term downward,Below long MA,1.400634652869384,False,False,False,70.3,normal
2024-11-12,AAPL,69.7124,70.5444,68.6946,69.5636,92626640,offline_fallback,-0.028632629607856508,72.0707,76.00227,80.45188950000001,71310066.4,0.020081236813323248,-0.6443733273349573,Short-term downward,Below long MA,-1.4448932595734028,False,False,False,77.0,normal
2024-11-13,AAPL,71.2581,72.5344,70.9437,71.3285,130901790,offline_fallback,0.025371027376386746,72.1053,75.804482,80.3612435,76945587.45,0.019880734362859774,-0.6353507132869993,Short-term downward,Below long MA,1.50244963868193,False,False,True,75.8,high_volume
2024-11-14,AAPL,70.3944,71.6283,70.152,70.4978,116850540,offline_fallback,-0.011646116208808621,71.95823,75.57624799999999,80.2760605,80198651.55,0.017783011223807776,-0.639597461255518,Short-term downward,Below long MA,-0.48918321017826,False,False,False,54.8,normal
2024-11-15,AAPL,70.5009,71.9854,68.9799,70.3393,57974466,offline_fallback,-0.002248297109980757,71.701955,75.311494,80.1920065,77924703.5,0.01637619792187675,-0.640407753241807,Short-term downward,Below long MA,0.0022655387828044455,False,False,False,38.5,normal
2024-11-18,AAPL,70.0603,70.1536,68.3252,69.5507,6396078,offline_fallback,-0.011211371168038164,71.47571,75.01075399999999,80.0936595,72424543.4,0.016105481153377572,-0.6444392753893619,Short-term downward,Below long MA,-0.5095872708920979,False,False,False,45.6,normal
2024-11-19,AAPL,70.4468,71.2765,69.5983,69.9536,77626933,offline_fallback,0.005792896405068415,71.24591,74.74932,79.994195,74677800.3,0.01608738264387109,-0.6423795489459814,Short-term downward,Below long MA,0.4413161520550901,False,False,False,44.4,normal
2024-11-20,AAPL,70.627,72.068,69.0296,70.5342,12002080,offline_fallback,0.008299787287573634,71.03944,74.5372,79.91197199999999,73750451.05,0.016259213191316967,-0.639411375272547,Short-term downward,Below long MA,0.600304553336995,False,False,False,47.1,normal
2024-11-21,AAPL,71.0789,71.5527,70.4621,71.1632,135019397,offline_fallback,0.008917659801911837,70.91441499999999,74.38277599999999,79.832793,74334655.25,0.01625343875755931,-0.6361957685887882,Short-term downward,Below long MA,0.6623508565914018,False,False,True,47.5,high_volume
2024-11-22,AAPL,74.8773,75.1808,73.4777,74.8395,26833568,offline_fallback,0.051660127706455006,71.06841499999999,74.27884399999999,79.773585,71320750.1,0.019149589651059104,-0.6174015955339364,Short-term downward,Below long MA,2.8599642515729395,True,False,False,72.0,abnormal_return
2024-11-25,AAPL,71.397,72.1922,70.4022,71.2707,39430790,offline_fallback,-0.047686048143026016,71.04856,74.068468,79.7054575,70111661.3,0.02217551741664175,-0.6356462014687501,Short-term downward,Below long MA,-2.363574598510127,False,False,False,86.6,normal
2024-11-26,AAPL,70.792,71.3483,69.0196,70.524,117582211,offline_fallback,-0.010476956168523732,71.00900999999999,73.874412,79.646709,70953277.05,0.022274383969266655,-0.639463520245797,Short-term downward,Below long MA,-0.4230789763699632,False,False,False,75.0,normal
2024-11-27,AAPL,68.6616,70.2003,67.2365,68.7102,64649881,offline_fallback,-0.025718904202824633,70.80362499999998,73.659716,79.5856265,67702957.7,0.022366013761661224,-0.648736123430219,Short-term downward,Below long MA,-1.1843153263561883,False,False,False,84.0,normal
2024-11-28,AAPL,68.3832,69.3728,66.896,68.3739,6128419,offline_fallback,-0.00489446981670838,70.576045,73.46610799999999,79.530338,64971764.0,0.022349323013688433,-0.6504553738717898,Short-term downward,Below long MA,-0.10654829963596953,False,False,False,70.3,normal
2024-11-29,AAPL,67.5379,68.149,67.1683,67.4041,81243875,offline_fallback,-0.014183774802958515,70.375005,73.256996,79.46479000000001,66770572.85,0.022129021378785897,-0.6554132361323767,Short-term downward,Below long MA,-0.5594355581523394,False,False,False,76.9,normal
2024-12-02,AAPL,66.6933,67.3807,66.6115,67.0168,89636304,offline_fallback,-0.005745941270634769,70.20623,73.06505,79.40755250000001,65874718.15,0.021969772217450518,-0.6573932114401981,Short-term downward,Below long MA,-0.10705179022822782,False,False,False,68.6,normal
2024-12-03,AAPL,66.9325,67.6752,66.2927,66.9258,139307835,offline_fallback,-0.001357868474770596,70.03965,72.895916,79.344237,71974595.75,0.02197054032621363,-0.6578584263976259,Short-term downward,Below long MA,0.10741816604679263,False,False,True,68.8,high_volume
2024-12-04,AAPL,66.2418,67.244,65.9425,66.1291,79792664,offline_fallback,-0.011904228264735028,69.77435,72.675054,79.271006,74415236.5,0.021600496200329188,-0.6619313577886441,Short-term downward,Below long MA,-0.4579317748640556,False,False,False,73.8,normal
2024-12-05,AAPL,67.517,67.6917,65.9434,67.2315,39145778,offline_fallback,0.016670421947372782,69.648135,72.449434,79.2090225,74220635.0,0.021522752392714724,-0.6562956108758056,Short-term downward,Below long MA,1.0168528339202154,False,False,False,79.2,normal
2024-12-06,AAPL,65.4313,66.295,65.2014,65.3234,78877065,offline_fallback,-0.02838104162483346,69.4147,72.184838,79.136667,75636085.95,0.022292150161922996,-0.6660502994501772,Short-term downward,Below long MA,-1.325510524886359,False,False,False,85.5,normal
2024-12-09,AAPL,64.4511,64.7858,63.5855,64.6314,12654370,offline_fallback,-0.010593447371080034,69.06556499999999,71.872748,79.0646835,70234034.2,0.021451584268052847,-0.6695879780275398,Short-term downward,Below long MA,-0.3656993766907797,False,False,False,71.6,normal
2024-12-10,AAPL,64.226,64.8964,63.8273,64.622,107340445,offline_fallback,-0.00014544014209805223,68.818485,71.578806,78.9554205,70969724.45,0.02072621427119911,-0.6696360331989664,Short-term downward,Below long MA,0.17627232027573989,False,False,False,66.0,normal
2024-12-11,AAPL,65.9723,66.3096,64.968,66.2422,78073489,offline_fallback,0.025071956918696348,68.56417,71.30360999999999,78.865992,68328309.4,0.02070440421346608,-0.6613531620558412,Short-term downward,Below long MA,1.4722899813535184,False,False,False,80.3,normal
2024-12-12,AAPL,64.0821,65.367,63.6566,64.5391,82887337,offline_fallback,-0.025710196823172993,68.26623500000001,71.02311,78.7812265,66630149.25,0.021228241324322442,-0.6700598389129306,Short-term downward,Below long MA,-1.1897866148722738,False,False,False,80.0,normal
2024-12-13,AAPL,62.6337,63.9437,61.7631,63.0086,30834779,offline_fallback,-0.023714306521163242,67.8997,70.734722,78.6807445,65273164.9,0.02166299091739359,-0.6778841410265913,Short-term downward,Below long MA,-1.0564690114969122,False,False,False,80.9,normal
2024-12-16,AAPL,63.3407,64.007,62.3802,63.5983,21704482,offline_fallback,0.009359039877096187,67.60208,70.43020800000001,78.576129,66038585.1,0.021853323703787085,-0.6748694458574142,Short-term downward,Below long MA,0.6365937225744415,False,False,False,76.9,normal
2024-12-17,AAPL,63.4663,64.5009,63.0066,63.6638,49255220,offline_fallback,0.0010299017426567136,67.28759,70.163518,78.446197,64619999.45,0.02176403861256807,-0.6745345933331117,Short-term downward,Below long MA,0.19055889231018242,False,False,False,69.8,normal
2024-12-18,AAPL,62.0818,62.536,60.7454,61.9274,130615416,offline_fallback,-0.02727452649700468,66.85725,69.874966,78.3318835,70550666.25,0.02211587608211486,-0.6834115081911062,Short-term downward,Below long MA,-1.242300925490509,False,False,True,84.5,high_volume
2024-12-19,AAPL,63.1434,64.0376,62.5841,63.242,26201814,offline_fallback,0.021228083207110338,66.46119,69.647354,78.233034,65109787.1,0.0227233168243835,-0.6766909413445734,Short-term downward,Below long MA,1.2815714819250816,False,False,False,87.1,normal
2024-12-20,AAPL,63.4474,64.5169,62.6173,63.5248,97521354,offline_fallback,0.004471711837070291,65.895455,69.461652,78.11773,68644176.4,0.018522235536501046,-0.675245196399952,Short-term downward,Below long MA,0.4063561910126572,False,False,False,57.6,normal
2024-12-23,AAPL,63.1424,64.0468,61.7894,63.1125,137448469,offline_fallback,-0.006490378560814025,65.487545,69.26858,78.0024615,73545060.35,0.015994492864321443,-0.6773529780147591,Short-term downward,Below long MA,-0.14091949526587114,False,False,True,39.8,high_volume
2024-12-24,AAPL,62.421,63.9183,62.2341,62.7009,139895185,offline_fallback,-0.006521687462863968,65.09639000000001,69.066866,77.8798615,74660709.05,0.015959832380318464,-0.6794571810529706,Short-term downward,Below long MA,-0.14705334265459297,False,False,True,40.0,high_volume
2024-12-25,AAPL,62.3672,63.3169,62.0428,62.8015,129120968,offline_fallback,0.0016044426794512567,64.800955,68.910166,77.777586,77884263.4,0.015316105435036182,-0.6789428884736604,Short-term downward,Below long MA,0.288675626204336,False,False,False,40.1,normal
2024-12-26,AAPL,62.127,62.5695,60.8182,62.3582,67785088,offline_fallback,-0.007058748596769249,64.50017,68.688546,77.694891,80967096.85,0.015327617026804952,-0.6812091499091297,Short-term downward,Below long MA,-0.18017251753415378,False,False,False,38.2,normal
2024-12-27,AAPL,62.3644,63.9295,61.2333,62.7239,136203746,offline_fallback,0.005864505389828523,64.26616,68.433728,77.6358135,83715090.4,0.015315321153597513,-0.6793395992505438,Short-term downward,Below long MA,0.48914386304986324,False,False,True,43.4,high_volume
2024-12-30,AAPL,63.5619,63.6584,62.1773,63.0988,113091256,offline_fallback,0.0059769880380524665,64.07025999999999,68.214192,77.586112,84887838.0,0.015447786961344622,-0.6774230158709872,Short-term downward,Below long MA,0.5103881312330731,False,False,False,44.0,normal
2024-12-31,AAPL,62.2514,63.563,60.803,61.7984,68256982,offline_fallback,-0.02060894977400518,63.81389,67.959168,77.514406,81335295.35,0.015939008473901357,-0.6840709887351522,Short-term downward,Below long MA,-0.9210885769608881,False,False,False,50.7,normal
2022-01-03,MSFT,297.5245,305.548,295.3311,299.6167,27779304,offline_fallback,,299.6167,299.6167,299.6167,27779304.0,,0.0,Neutral,Above long MA,,False,False,False,0.6,normal
2022-01-04,MSFT,294.5466,299.9605,289.6139,295.8496,20553783,offline_fallback,-0.012573064185006921,297.73315,297.73315,297.73315,24166543.5,,-0.012573064185006921,Neutral,Above long MA,,False,False,False,2.2,normal
2022-01-05,MSFT,290.6964,292.8085,286.3034,290.231,60260906,offline_fallback,-0.018991406444355596,295.23243333333335,295.23243333333335,295.23243333333335,36197997.666666664,,-0.03132569045717404,Neutral,Above long MA,,False,False,False,3.5,normal
2022-01-06,MSFT,283.9218,294.1064,278.0854,288.291,17153193,offline_fallback,-0.00668433075722441,293.497075,293.497075,293.497075,31436796.5,,-0.03780062993818434,Neutral,Above long MA,,False,False,False,4.0,normal
2022-01-07,MSFT,281.2062,285.1816,275.6781,282.4685,87994498,offline_fallback,-0.02019660690066627,291.29136,291.29136,291.29136,42748336.8,,-0.0572337923753915,Neutral,Above long MA,,False,False,False,4.9,normal
2022-01-10,MSFT,291.8836,293.0357,283.9592,290.2923,92231221,offline_fallback,0.027697955701255106,291.12485,291.12485,291.12485,50995484.166666664,0.019681426851412994,-0.031121095719964798,Neutral,Above long MA,,False,False,False,33.7,normal
2022-01-11,MSFT,296.2172,301.2079,289.5915,295.0497,19009974,offline_fallback,0.01638830930065982,291.6855428571429,291.6855428571429,291.6855428571429,46426125.571428575,0.019863171627352644,-0.015242808561739096,Neutral,Above long MA,,False,False,False,33.4,normal
2022-01-12,MSFT,297.9977,301.3171,295.1915,298.5984,71131661,offline_fallback,0.012027465203320098,292.54965,292.54965,292.54965,49514317.5,0.0189339877205806,-0.003398675707996124,Neutral,Above long MA,,False,False,False,27.2,normal
2022-01-13,MSFT,306.1008,312.3328,302.2197,306.3404,10216635,offline_fallback,0.02592780135459516,294.08195555555557,294.08195555555557,294.08195555555557,45147908.333333336,0.019836495134630032,0.0,Neutral,Above long MA,,False,False,False,31.5,normal
2022-01-14,MSFT,304.6273,306.451,296.9639,303.193,103407503,offline_fallback,-0.010274191716143188,294.99306,294.99306,294.99306,50973867.8,0.01907171531800664,-0.010274191716143188,Neutral,Above long MA,,False,False,False,28.4,normal
2022-01-17,MSFT,296.9693,303.3962,293.8399,296.1879,74604368,offline_fallback,-0.02310442523409173,295.1016818181818,295.1016818181818,295.1016818181818,53122095.09090909,0.01958969872813741,-0.03314123765588861,Neutral,Above long MA,,False,False,False,33.5,normal
2022-01-18,MSFT,300.1312,303.6764,297.7506,298.2012,138979483,offline_fallback,0.006797374234396303,295.359975,295.359975,295.359975,60276877.416666664,0.018731712670734393,-0.02656913681643036,Neutral,Above long MA,,False,False,True,28.2,high_volume
2022-01-19,MSFT,302.9373,306.4148,296.7666,300.0253,101435889,offline_fallback,0.006117010930875022,295.71884615384613,295.71884615384613,295.71884615384613,63442955.23076923,0.01795494641505232,-0.020614649585885436,Neutral,Above long MA,,False,False,False,23.0,normal
2022-01-20,MSFT,295.6221,297.5006,290.8672,295.5701,82171712,offline_fallback,-0.014849414366055136,295.70822142857145,295.70822142857145,295.70822142857145,64780723.571428575,0.01769402452339301,-0.03515794847822873,Neutral,Above long MA,,False,False,False,22.3,normal
2022-01-21,MSFT,301.4939,302.6277,294.8869,298.5835,89147222,offline_fallback,0.010195212573937518,295.89990666666665,295.89990666666665,295.89990666666665,66405156.8,0.017256616210830546,-0.025321178662690125,Neutral,Above long MA,,False,False,False,18.4,normal
2022-01-24,MSFT,307.898,313.5049,302.2919,306.6594,122131847,offline_fallback,0.027047375357312164,296.572375,296.572375,296.572375,69888074.9375,0.018046707695187375,0.0,Neutral,Above long MA,,False,False,False,21.2,normal
2022-01-25,MSFT,303.2603,309.7823,300.5492,303.8843,73238786,offline_fallback,-0.009049453563138798,297.0024882352941,297.0024882352941,297.0024882352941,70085175.58823529,0.017640736441316408,-0.009049453563138798,Neutral,Above long MA,,False,False,False,19.9,normal
2022-01-26,MSFT,305.974,310.2075,299.4176,305.1163,103262085,offline_fallback,0.0040541745657804995,297.45325555555553,297.45325555555553,297.45325555555553,71928337.22222222,0.017096313469175037,-0.00503196706182818,Neutral,Above long MA,,False,False,False,15.8,normal
2022-01-27,MSFT,306.0873,310.7864,304.7137,307.1747,82073422,offline_fallback,0.006746280025026419,297.9649105263158,297.9649105263158,297.9649105263158,72462289.05263157,0.016637157716583386,0.0,Neutral,Above long MA,,False,False,False,12.8,normal
2022-01-28,MSFT,310.9674,313.0471,307.4363,310.0298,48684954,offline_fallback,0.0092947107948671,298.56815500000005,298.56815500000005,298.56815500000005,71273422.3,0.01626661330453953,0.0,Neutral,Above long MA,,False,False,False,11.4,normal
2022-01-31,MSFT,316.7594,322.283,310.9011,315.9087,75152263,offline_fallback,0.018962370714040944,299.38275500000003,299.39389523809524,299.39389523809524,73642070.25,0.016284662378957194,0.0,Short-term downward,Above long MA,0.9939237890179833,False,False,False,25.3,normal
2022-02-01,MSFT,319.6451,322.9217,312.4629,319.4288,138694270,offline_fallback,0.011142776378111785,300.561715,300.3045727272727,300.3045727272727,79549094.6,0.015968505660316417,0.0,Short-term upward,Above long MA,0.4987009970179084,False,False,True,18.4,high_volume
2022-02-02,MSFT,330.3964,335.8604,320.6984,327.6521,28666967,offline_fallback,0.025743765120740614,302.43277,301.49359565217395,301.49359565217395,77969397.65,0.015715153137255713,0.0,Short-term upward,Above long MA,1.3202320605717823,False,False,False,26.0,normal
2022-02-03,MSFT,321.4037,325.2908,317.5328,323.0536,81299321,offline_fallback,-0.014034703272159721,304.17089999999996,302.39192916666667,302.39192916666667,81176704.05,0.016113216085705775,-0.014034703272159721,Short-term upward,Above long MA,-1.0642633202008518,False,False,False,27.0,normal
2022-02-04,MSFT,321.6849,324.0799,319.1431,320.486,2565398,offline_fallback,-0.007947907096531481,306.071775,303.115692,303.115692,76905249.05,0.01528325960649737,-0.021871063850956607,Short-term upward,Above long MA,-0.6719432278327345,False,False,False,20.7,normal
2022-02-07,MSFT,324.9924,330.0033,318.9663,325.391,5518228,offline_fallback,0.01530488071241809,307.82671,303.9724346153846,303.9724346153846,72569599.4,0.01461270301848668,-0.006900917161831055,Short-term upward,Above long MA,0.7400335682093849,False,False,False,17.3,normal
2022-02-08,MSFT,323.8692,327.5996,316.486,322.9786,74069025,offline_fallback,-0.007413849799164818,309.223155,304.67636666666664,304.67636666666664,75322551.95,0.014676192681153943,-0.014263604597681612,Short-term upward,Above long MA,-0.6571664555082288,False,False,False,17.0,normal
2022-02-09,MSFT,321.1151,327.0204,316.9891,319.9014,67380476,offline_fallback,-0.009527566222653605,310.288305,305.22011785714284,305.22011785714284,75134992.7,0.014894529719149233,-0.023655273382957143,Short-term upward,Above long MA,-0.7670169394284214,False,False,False,20.1,normal
2022-02-10,MSFT,322.46,323.9878,316.9666,319.8154,37939768,offline_fallback,-0.00026883283411704983,310.96205499999996,305.72340344827586,305.72340344827586,76521149.35,0.013945276468645748,-0.023917746902888837,Short-term upward,Above long MA,-0.1757201944942587,False,False,False,9.1,normal
2022-02-11,MSFT,322.5326,329.4333,316.3245,322.0191,36897396,offline_fallback,0.006890537478807968,311.90336,306.2665933333334,306.2665933333334,73195644.0,0.013659394985704587,-0.017192015555523743,Short-term upward,Above long MA,0.28217569386142083,False,False,False,10.1,normal
2022-02-14,MSFT,321.3094,322.2796,317.163,319.3115,122066697,offline_fallback,-0.008408196905090315,313.05954,306.6873967741936,306.6873967741936,75568760.45,0.01252328918144551,-0.025455658608627862,Short-term upward,Above long MA,-0.7060453537308722,False,False,False,14.6,normal
2022-02-15,MSFT,324.5356,326.915,317.6682,322.8964,77636792,offline_fallback,0.011226968023387851,314.2943,307.193928125,307.193928125,72501625.9,0.012617165346381576,-0.014514480450453338,Short-term upward,Above long MA,0.5838197378885948,False,False,False,12.4,normal
2022-02-16,MSFT,333.2236,340.0112,326.8829,331.1387,77810920,offline_fallback,0.025526143989217376,315.84997,307.9195272727273,307.9195272727273,71320377.45,0.013499204566984493,0.0,Short-term upward,Above long MA,1.4642792575776262,False,False,False,19.7,normal
2022-02-17,MSFT,321.9901,323.7148,316.8741,320.6844,22087704,offline_fallback,-0.0315707587183256,317.105685,308.29496470588236,308.29496470588236,68316177.05,0.015205340455938375,-0.0315707587183256,Short-term upward,Above long MA,-2.0892906595086274,False,False,False,29.6,normal
2022-02-18,MSFT,306.275,309.9952,303.8504,307.6609,33327925,offline_fallback,-0.04061157948437766,317.559555,308.2768485714286,308.2768485714286,65525212.2,0.018115821026313685,-0.07090019982563178,Short-term upward,Above long MA,-2.370682044179141,False,False,False,46.2,normal
2022-02-21,MSFT,314.7636,320.4828,307.6077,311.9999,61654881,offline_fallback,0.01410318958307677,317.82658000000004,308.38026666666667,308.38026666666667,62501363.9,0.017377076239525443,-0.05779692920217405,Short-term upward,Above long MA,0.7352515810309406,False,False,False,32.6,normal
2022-02-22,MSFT,308.6166,309.252,305.5769,307.6993,36467160,offline_fallback,-0.013783978776916395,318.01733,308.36186216216214,308.36186216216214,60662782.6,0.01755266311779139,-0.07078423633359676,Short-term upward,Above long MA,-0.8460844907341589,False,False,False,35.6,normal
2022-02-23,MSFT,317.7807,319.9364,310.5407,315.9346,67045861,offline_fallback,0.02676411678544599,318.55824500000006,308.5611447368421,308.5611447368421,58851971.4,0.01848595533419015,-0.045914597115951694,Short-term upward,Above long MA,1.4291513799833067,False,False,False,45.3,normal
2022-02-24,MSFT,332.0617,337.7662,327.1103,332.4263,47660011,offline_fallback,0.052199727411939234,319.820825,309.17307179487176,309.17307179487176,57131300.85,0.02163759736878424,0.0,Short-term upward,Above long MA,2.5640911053913316,True,False,False,58.7,abnormal_return
2022-02-25,MSFT,331.3837,333.5426,326.1166,331.7609,35027371,offline_fallback,-0.0020016466807831756,320.90738,309.7377675,309.7377675,56448421.7,0.021644483477573462,-0.0020016466807831756,Short-term upward,Above long MA,-0.25250845082681656,False,False,False,44.4,normal
2022-02-28,MSFT,330.2951,336.625,325.8565,329.6526,2156062,offline_fallback,-0.006354877865354158,321.59457499999996,310.2234951219512,310.2234951219512,52798611.65,0.021439003628550734,-0.008343804325951387,Short-term upward,Above long MA,-0.47452842796407363,False,False,False,47.6,normal
2022-03-01,MSFT,329.2849,335.8432,328.2776,329.7926,119354278,offline_fallback,0.00042468950646834536,322.11276499999997,310.6894261904762,310.6894261904762,51831612.05,0.021341352658786557,-0.007922658345624334,Short-term upward,Above long MA,-0.11239361387020567,False,False,False,41.2,normal
2022-03-02,MSFT,332.3254,338.6285,331.1285,331.6454,65171506,offline_fallback,0.005618076330396793,322.31243,311.1767744186047,311.1767744186047,53656839.0,0.020615730447009536,-0.002349092114553031,Short-term upward,Above long MA,0.1654205725055305,False,False,False,39.5,normal
2022-03-03,MSFT,333.0893,335.1337,328.1967,331.5569,124065187,offline_fallback,-0.00026685128151937576,322.73759499999994,311.6399590909091,311.6399590909091,55795132.3,0.02032183875105977,-0.0026153165378312027,Short-term upward,Above long MA,-0.15367734605097091,False,False,False,37.7,normal
2022-03-04,MSFT,327.5194,331.7349,319.4749,326.3454,28294179,offline_fallback,-0.01571826736225368,323.03056499999997,311.96674666666667,311.96674666666667,57081571.35,0.02058445555963723,-0.01829247565550629,Short-term upward,Above long MA,-0.9834941048418703,False,False,False,51.4,normal
2022-03-07,MSFT,330.9698,332.0626,327.8322,328.9584,124090560,offline_fallback,0.00800685408772428,323.208935,312.3361304347826,312.3361304347826,63010187.95,0.020383217579740594,-0.010432086751258951,Short-term upward,Above long MA,0.3218069162611682,False,False,False,41.5,normal
2022-03-08,MSFT,314.851,320.5314,313.2681,317.1836,49791351,offline_fallback,-0.03579419160599018,322.91918499999997,312.4392680851064,312.4392680851064,61796304.25,0.021911450407755936,-0.04585287024522433,Short-term upward,Above long MA,-2.0000743537799073,False,False,False,62.7,normal
2022-03-09,MSFT,318.0931,326.0686,315.2162,319.6037,101930700,offline_fallback,0.007629965735933331,322.90430000000003,312.5885270833333,312.5885270833333,63523815.45,0.02188256538630454,-0.038572760338156264,Short-term upward,Above long MA,0.33058709833214583,False,False,False,48.7,normal
2022-03-10,MSFT,320.3499,321.1675,313.8812,320.3577,133932836,offline_fallback,0.002359171686685757,322.93141499999996,312.7470816326531,312.7470816326531,68323468.85,0.02188761461119123,-0.03630458841553752,Short-term upward,Above long MA,0.043979930959981324,False,False,True,44.1,high_volume
2022-03-11,MSFT,329.6671,333.3107,325.6275,328.0777,103458695,offline_fallback,0.02409806288408234,323.23434499999996,313.053694,313.053694,71651533.8,0.022489742740540938,-0.01308139578607359,Short-term upward,Above long MA,1.2054269853394202,False,False,False,58.5,normal
2022-03-14,MSFT,331.2533,334.9264,322.2698,329.2228,94210644,offline_fallback,0.0034903317110550613,323.72991,313.64581599999997,313.37073529411765,70258731.15,0.022380077969543277,-0.009636722485555471,Short-term upward,Above long MA,0.07959667077248492,False,False,False,43.8,normal
2022-03-15,MSFT,333.0957,336.6316,331.0251,332.2802,11463000,offline_fallback,0.009286720117804625,324.1991,314.374428,313.73437884615385,66950041.55,0.022341085440491543,-0.0004394959123271702,Short-term upward,Above long MA,0.3948117164935724,False,False,False,48.1,normal
2022-03-16,MSFT,330.3669,336.1535,320.9024,326.8028,97952856,offline_fallback,-0.016484280435608234,323.982305,315.105864,313.9809528301887,67957138.35,0.02195161779860463,-0.01691653157406625,Short-term upward,Above long MA,-1.0181748104819492,False,False,False,56.3,normal
2022-03-17,MSFT,326.449,333.6835,319.7328,328.0089,67648014,offline_fallback,0.00369060485405881,324.34853,315.900222,314.24072962962964,70235153.85,0.020699200067230444,-0.013288358953548629,Short-term upward,Above long MA,0.10246555832514487,False,False,False,39.5,normal
2022-03-18,MSFT,334.0921,337.0345,327.3972,332.7768,32648350,offline_fallback,0.01453588606894507,325.604325,316.906388,314.5777490909091,70201175.1,0.018358434238931968,0.0,Short-term upward,Above long MA,0.7013921912649597,False,False,False,34.3,normal
2022-03-21,MSFT,338.5709,340.6765,332.8279,339.0757,37716111,offline_fallback,0.018928302694178223,326.958115,317.882056,315.0152125,69004236.6,0.018527867528859758,0.0,Short-term upward,Above long MA,0.9328647938014655,False,False,False,38.2,normal
2022-03-22,MSFT,337.7071,342.3803,332.2805,339.9868,87874627,offline_fallback,0.002687010599698114,328.57249,318.780798,315.4533105263158,71574609.95,0.018039908006703322,0.0,Short-term upward,Above long MA,0.015739959431680342,False,False,False,21.4,normal
2022-03-23,MSFT,349.3462,352.1668,348.6273,349.876,53520326,offline_fallback,0.02908701161339189,330.26956,319.80635,316.0468051724138,70898333.2,0.01819318110355645,0.0,Short-term upward,Above long MA,1.476704232837853,False,False,False,39.5,normal
2022-03-24,MSFT,356.7858,359.5282,352.2667,358.1011,107213311,offline_fallback,0.023508614480558743,331.5533,320.841564,316.7595898305085,73875998.2,0.015179622180312824,0.0,Short-term upward,Above long MA,1.1390767765305922,False,False,False,22.8,normal
2022-03-25,MSFT,350.7893,359.1145,347.273,354.0953,63861751,offline_fallback,-0.01118622645951095,332.67002,321.85961,317.3818516666667,75317717.2,0.01550106835005241,-0.01118622645951095,Short-term upward,Above long MA,-0.7989222385013345,False,False,False,22.3,normal
2022-03-28,MSFT,337.7438,344.8104,331.6077,338.5617,57761248,offline_fallback,-0.0438684162145051,333.11547499999995,322.707086,317.729062295082,78097976.5,0.01868359918968758,-0.054563920635820495,Short-term upward,Above long MA,-2.4767223879557445,False,False,False,49.1,normal
2022-03-29,MSFT,332.1202,338.326,325.2315,332.0592,99816135,offline_fallback,-0.01920624807826754,333.228805,323.38424599999996,317.9601935483871,77121069.35,0.01925022124795032,-0.07272220051823353,Short-term upward,Above long MA,-1.1385045575229311,False,False,False,49.2,normal
2022-03-30,MSFT,332.1586,335.7967,330.5735,332.6504,134262763,offline_fallback,0.001780405421683895,333.27905499999997,324.036748,318.1933714285714,80575632.2,0.01921582683134631,-0.07107127009662906,Short-term upward,Above long MA,-0.035894855330936275,False,False,True,34.1,high_volume
2022-03-31,MSFT,336.3264,340.3584,331.0146,333.7873,89352153,offline_fallback,0.0034177021882433323,333.390575,324.801092,318.4370265625,78839980.5,0.019227480316057314,-0.06789646834371621,Short-term upward,Above long MA,0.043566731089540574,False,False,False,34.3,normal
2022-04-01,MSFT,330.3226,338.711,323.5099,332.2074,80812424,offline_fallback,-0.004733253781674773,333.683675,325.47357,318.64887846153846,81465892.75,0.018893429193798907,-0.07230835090984078,Short-term upward,Above long MA,-0.41662567759444097,False,False,False,38.2,normal
2022-04-04,MSFT,331.9836,338.8282,326.7195,329.8781,57030809,offline_fallback,-0.0070115837275147586,333.72965999999997,325.937944,318.81901818181814,78112905.2,0.018901318221707146,-0.07881293858075267,Short-term upward,Above long MA,-0.5168940280616424,False,False,False,40.2,normal
2022-04-05,MSFT,334.0524,339.1868,330.1026,333.9145,102589867,offline_fallback,0.012236035068711626,334.56620499999997,326.538548,319.04432388059706,80752831.0,0.01703129384262862,-0.06754126139238337,Short-term upward,Above long MA,0.5577475655062655,False,False,False,28.4,normal
2022-04-06,MSFT,328.508,336.1124,321.4278,330.5627,28877460,offline_fallback,-0.010037898923227262,335.114155,327.04747599999996,319.21371176470586,77100169.0,0.017219955634461142,-0.07690118796060652,Short-term upward,Above long MA,-0.6616855914069512,False,False,False,31.5,normal
2022-04-07,MSFT,317.4343,321.4954,314.0968,318.0864,96498142,offline_fallback,-0.037742612823527866,335.00059,327.26571,319.19737391304346,75228434.3,0.01935706882799554,-0.11174134902126787,Short-term upward,Above long MA,-2.09401883252676,False,False,False,55.9,normal
2022-04-08,MSFT,316.7965,321.7803,311.5048,316.4845,82530937,offline_fallback,-0.0050360530975231965,334.42093,327.394804,319.1586185714286,74182046.4,0.01851196646237656,-0.11621466675193104,Short-term upward,Above long MA,-0.3222663643984903,False,False,False,38.2,normal
2022-04-11,MSFT,323.5115,324.054,316.0676,322.4581,101947515,offline_fallback,0.01887485801042388,334.08269499999994,327.525792,319.2050901408451,74568889.95,0.01904793332879738,-0.09953334407517866,Short-term upward,Above long MA,0.9485296696214006,False,False,False,47.3,normal
2022-04-12,MSFT,315.2856,320.0549,309.5432,317.6969,40720596,offline_fallback,-0.014765329200910005,333.35353,327.491154,319.1841430555556,76031769.75,0.01913243611075115,-0.11282903068435124,Short-term upward,Above long MA,-0.8717170006279293,False,False,False,48.0,normal
2022-04-13,MSFT,321.7618,322.4807,315.4088,321.5296,42496147,offline_fallback,0.012064014474173268,333.08987,327.368704,319.2162726027397,73258934.3,0.01906496922741968,-0.10212618726946099,Short-term upward,Above long MA,0.5844158875204908,False,False,False,43.3,normal
2022-04-14,MSFT,325.5515,330.2465,318.1002,325.0357,108714646,offline_fallback,0.01090443928024043,332.94121,327.408346,319.2949135135135,75312265.9,0.019218808614272137,-0.09233537679722281,Short-term upward,Above long MA,0.5002584514094993,False,False,False,42.9,normal
2022-04-15,MSFT,327.221,328.4487,319.3772,325.1192,51544284,offline_fallback,0.00025689485801083656,332.55832999999996,327.50101,319.37257066666666,76257062.6,0.018902137342826662,-0.0921022024227236,Short-term upward,Above long MA,-0.07267837582612613,False,False,False,33.9,normal
2022-04-18,MSFT,328.132,331.8837,321.2166,327.6904,37834047,offline_fallback,0.00790848402678157,331.98906500000004,327.546998,319.4820157894737,76262959.4,0.018446010681418008,-0.08492210719263349,Short-term upward,Above long MA,0.36948486753753174,False,False,False,36.5,normal
2022-04-19,MSFT,321.1698,328.8542,317.7654,322.4587,117971333,offline_fallback,-0.015965374634105856,331.11266,327.5366,319.520674025974,77767794.7,0.01869078467455887,-0.09953166857069118,Short-term upward,Above long MA,-0.9472733154429139,False,False,False,45.9,normal
2022-04-20,MSFT,324.1934,329.4029,321.5471,322.986,105025720,offline_fallback,0.0016352481728667545,329.76815999999997,327.598292,319.5651012820513,80343064.4,0.017199413840028464,-0.09805917937699715,Short-term upward,Above long MA,0.029081647070703015,False,False,False,22.9,normal
2022-04-21,MSFT,334.1077,335.3235,330.3385,331.8857,24719549,offline_fallback,0.027554445084307044,328.45739,327.839698,319.7210582278481,76218376.3,0.017558159305581352,-0.07320670056584577,Short-term upward,Above long MA,1.4205513045298999,False,False,False,40.4,normal
2022-04-22,MSFT,331.634,336.6234,331.172,331.6136,84755004,offline_fallback,-0.0008198605724800689,327.333305,328.031588,319.869715,77263038.95,0.01747667568249136,-0.07396654185089058,Short-term downward,Above long MA,-0.11490957354132637,False,False,False,25.0,normal
2022-04-25,MSFT,323.5141,326.5658,316.9071,325.2161,109428704,offline_fallback,-0.019292031448649993,326.66602500000005,328.14968,319.93571975308646,79846411.75,0.015173608739062665,-0.09183160844800531,Short-term downward,Above long MA,-1.08472997496772,False,False,False,28.8,normal
2022-04-26,MSFT,334.6187,336.3256,332.4324,333.9637,53932169,offline_fallback,0.0268978073348769,326.76125,328.371026,320.1067926829268,77552213.45,0.0158910024333913,-0.06740387002441472,Short-term downward,Above long MA,1.3934387357881974,False,False,False,31.7,normal
2022-04-27,MSFT,326.3831,329.3237,323.04,325.9634,63831919,offline_fallback,-0.02395559756943655,326.42690000000005,328.26752,320.17735421686746,74030671.25,0.01679043096431943,-0.0897447676089238,Short-term downward,Above long MA,-1.2904133251985301,False,False,False,36.1,normal
2022-04-28,MSFT,336.8586,340.6014,329.9462,335.8362,50845431,offline_fallback,0.03028806301566389,326.52934500000003,328.570556,320.36376904761903,72105335.15,0.018170763007492974,-0.062174899769925185,Short-term downward,Above long MA,1.5559344227084964,False,False,False,44.2,normal
2022-04-29,MSFT,335.3955,340.654,329.2584,336.5964,18609336,offline_fallback,0.0022636035067096216,326.74879500000003,329.149266,320.55474117647054,68995180.75,0.01813276878294506,-0.06005203558436423,Short-term downward,Above long MA,0.06718023984427027,False,False,False,27.6,normal
2022-05-02,MSFT,340.1348,343.0939,337.6427,340.5262,4479560,offline_fallback,0.011675110013060097,327.2812,329.71979200000004,320.78696744186044,66367618.3,0.01818972388456463,-0.049078039693259745,Short-term downward,Above long MA,0.5695062046324334,False,False,False,35.3,normal
2022-05-03,MSFT,345.6694,351.1713,336.9738,342.8825,91216348,offline_fallback,0.006919585042208132,327.7296,330.423456,321.04093908045974,65798942.35,0.018066805631566003,-0.04249805432041398,Short-term downward,Above long MA,0.30498628950514806,False,False,False,30.2,normal
2022-05-04,MSFT,344.248,351.7502,338.052,343.1968,105804308,offline_fallback,0.0009166405401266342,328.361305,330.9687,321.2927102272727,69645284.75,0.017864113810905434,-0.04162036921975376,Short-term downward,Above long MA,-0.02285728468386305,False,False,False,24.1,normal
2022-05-05,MSFT,347.9131,357.4893,341.8975,350.0476,38686054,offline_fallback,0.019961724584844687,329.959365,331.321126,321.61579887640454,66754680.35,0.015621683835261739,-0.022489458982393518,Short-term downward,Above long MA,0.9648595250628043,False,False,False,25.3,normal
2022-05-06,MSFT,349.9527,357.1535,343.8929,349.7544,82491166,offline_fallback,-0.0008376003720637071,331.62286000000006,331.680996,321.92845,66752691.8,0.015508734907338732,-0.023308222175246085,Short-term downward,Above long MA,-0.12634003101907934,False,False,False,13.6,normal
2022-05-09,MSFT,341.6628,345.8498,334.3494,344.8007,13839247,offline_fallback,-0.014163367208532507,332.73999000000003,331.983958,322.1797934065934,62347278.4,0.015725027756481474,-0.03714146647413252,Short-term upward,Above long MA,-0.822206034008585,False,False,False,25.2,normal
2022-05-10,MSFT,344.5732,351.5257,343.0609,345.2686,89827928,offline_fallback,0.0013570158065223659,334.11857499999996,332.29347799999994,322.4307586956522,64802645.0,0.015143382816718925,-0.03583485222469296,Short-term upward,Above long MA,0.00331655880132588,False,False,False,10.8,normal
2022-05-11,MSFT,333.7805,335.827,332.3203,334.6147,50067607,offline_fallback,-0.030856845945446465,334.77283,332.35286399999995,322.5617688172043,65181218.0,0.016919132521879317,-0.06558594765556414,Short-term upward,Above long MA,-1.6313736446182758,False,False,False,36.8,normal
2022-05-12,MSFT,333.2894,337.794,326.8512,333.9366,130977548,offline_fallback,-0.002026509893319206,335.217875,332.400458,322.68277765957447,66294363.1,0.01681301460574599,-0.06747954697709668,Short-term upward,Above long MA,-0.15389377371966134,False,False,True,21.2,high_volume
2022-05-13,MSFT,324.5526,330.9817,319.6675,323.471,86964884,offline_fallback,-0.031340080721909525,335.135465,332.34297,322.6910747368421,68065393.1,0.018348936680285477,-0.09670481324966596,Short-term upward,Above long MA,-1.761732222625121,False,False,False,48.4,normal
2022-05-16,MSFT,322.7361,329.53,317.4877,323.7901,130589433,offline_fallback,0.0009864871966884792,334.94045,332.23960400000004,322.7025229166667,72703162.4,0.018255090690397106,-0.09581372411310651,Short-term upward,Above long MA,0.011147437873223556,False,False,True,29.7,high_volume
2022-05-17,MSFT,325.4611,335.0572,324.1844,328.2197,4247907,offline_fallback,0.013680467685701414,335.2285,332.460326,322.75940103092785,67016991.1,0.018131289468037003,-0.08344403298398129,Short-term upward,Above long MA,0.6816465108166732,False,False,False,38.2,normal
2022-05-18,MSFT,333.4533,337.7859,326.2432,332.219,114712196,offline_fallback,0.012184826200255516,335.69015,332.712632,322.8559275510204,67501314.9,0.018302100698243094,-0.07227595782308394,Short-term upward,Above long MA,0.621530342979342,False,False,False,38.3,normal
2022-05-19,MSFT,336.5466,337.566,325.4894,331.583,77456607,offline_fallback,-0.0019143998386605965,335.675015,332.937138,322.9440797979798,70138167.8,0.017256397587147972,-0.07405199257974904,Short-term upward,Above long MA,-0.12036359744508421,False,False,False,23.5,normal
2022-05-20,MSFT,316.0151,317.9202,314.5239,315.688,130701826,offline_fallback,-0.047936715694109844,334.878735,332.689344,322.87151900000003,72435508.9,0.020330439590610982,-0.11843889895898108,Short-term upward,Above long MA,-2.6535016586246,True,False,True,62.2,abnormal_return
2022-05-23,MSFT,314.566,321.1341,307.6721,313.1958,60101018,offline_fallback,-0.007894503433769962,334.27772,332.368804,322.7757198019802,69969124.6,0.019984680620694792,-0.1253983860982274,Short-term upward,Above long MA,-0.40392176999378665,False,False,False,47.4,normal
2022-05-24,MSFT,321.7876,323.0542,317.8505,320.6094,20708607,offline_fallback,0.02367081550902017,333.610005,332.13538800000003,322.75448137254904,68307946.5,0.019753415606926564,-0.10469585265166736,Short-term upward,Above long MA,1.3249759583988077,False,False,False,54.9,normal
2022-05-25,MSFT,315.2619,320.0759,310.3852,317.2584,114222891,offline_fallback,-0.010451970528624566,333.174755,331.94449999999995,322.7011213592233,70827495.1,0.019180580816101654,-0.11405354521390743,Short-term upward,Above long MA,-0.5448061878553068,False,False,False,44.6,normal
2022-05-26,MSFT,321.3581,327.2899,319.7237,320.5991,54813224,offline_fallback,0.01052990243914742,332.4129,331.796304,322.6809096153846,71025884.75,0.017943662138124483,-0.10472461547870127,Short-term upward,Above long MA,0.6008572400750603,False,False,False,37.4,normal
2022-05-27,MSFT,317.1786,320.3614,316.4328,317.0333,107353555,offline_fallback,-0.011122301965289405,331.43474499999996,331.48143400000004,322.62712285714287,75463095.7,0.018019315933465473,-0.11468213864743781,Short-term downward,Above long MA,-0.5959184604505539,False,False,False,38.5,normal
2022-05-30,MSFT,325.6704,328.3507,319.6099,326.3218,39617686,offline_fallback,0.02929818413396945,330.72452499999997,331.226356,322.6619783018868,77220002.0,0.019160844559338433,-0.0887439329284383,Short-term downward,Above long MA,1.5819166228603034,False,False,False,51.6,normal
2022-05-31,MSFT,315.6639,317.1435,308.0847,314.2442,103221472,offline_fallback,-0.03701131827539572,329.29261,330.711504,322.5833074766355,77820258.2,0.020557469931855907,-0.12247072125720926,Short-term downward,Above long MA,-1.9972245984838943,False,False,False,62.6,normal
2022-06-01,MSFT,311.523,314.835,309.8815,311.586,25464023,offline_fallback,-0.008459026451402951,327.71207,329.945704,322.4814805555556,73803243.95,0.020542782168356963,-0.12989376463797508,Short-term downward,Above long MA,-0.4425296125600859,False,False,False,51.1,normal
2022-06-02,MSFT,306.8784,311.4129,302.4475,309.718,93723971,offline_fallback,-0.005995134569589111,325.69559000000004,328.97804199999996,322.36438440366976,76555139.8,0.01971133279403694,-0.13511016860880898,Short-term downward,Above long MA,-0.3019622973420447,False,False,False,45.1,normal
2022-06-03,MSFT,312.8263,319.1236,309.5281,312.8232,9879610,offline_fallback,0.010025894523405077,323.84902999999997,328.1526,322.2776463636364,72924562.0,0.02000609088853697,-0.1264388743849153,Short-term downward,Above long MA,0.5812468049226974,False,False,False,50.1,normal
2022-06-06,MSFT,309.2935,315.3714,304.1568,313.257,71975243,offline_fallback,0.001386725792716259,322.271845,327.646506,322.19637927927926,75831361.8,0.019948525260076993,-0.1252274846405107,Short-term downward,Above long MA,0.1118168280229421,False,False,False,42.4,normal
2022-06-07,MSFT,313.0598,319.751,307.1073,314.4077,105103823,offline_fallback,0.003673341697072896,320.7288,327.293476,322.1268375,76595156.55,0.01999157399929461,-0.12201414628438734,Short-term downward,Above long MA,0.24222289152688467,False,False,False,44.9,normal
2022-06-08,MSFT,300.4858,304.4558,299.4907,301.7045,121997044,offline_fallback,-0.040403590624529806,319.08329000000003,326.674558,321.94610884955756,80191628.4,0.020753989482229555,-0.1574879272920412,Short-term downward,Above long MA,-2.0784804145700018,False,False,False,64.8,normal
2022-06-09,MSFT,311.5312,314.058,309.9995,312.7145,16731905,offline_fallback,0.03649266086518432,318.02218500000004,326.253102,321.8651298245614,74479346.25,0.02273306489135105,-0.12674241994788615,Short-term downward,Above long MA,1.9034068001091575,False,False,False,69.1,normal
2022-06-10,MSFT,311.4456,318.8147,307.3462,314.0549,17141526,offline_fallback,0.0042863378576945,317.55138,325.89005199999997,321.7972147826087,70988178.35,0.021773544608485386,-0.1229993429229902,Short-term downward,Above long MA,0.26104591254050963,False,False,False,52.4,normal
2022-06-13,MSFT,311.7476,318.5233,307.2465,310.6896,101397266,offline_fallback,-0.0107156423924607,316.89635499999997,325.506282,321.7014594827586,69528570.0,0.021867349362681015,-0.1323969683421804,Short-term downward,Above long MA,-0.4901091491672504,False,False,False,56.3,normal
2022-06-14,MSFT,320.7939,323.395,315.5754,318.6532,128198436,offline_fallback,0.025632013430768374,316.41803,325.20105600000005,321.675405982906,75726096.45,0.022468661412017157,-0.11015855578215183,Short-term downward,Above long MA,1.3550259939468925,False,False,True,65.4,high_volume
2022-06-15,MSFT,313.6688,319.0406,309.8289,312.4668,28899072,offline_fallback,-0.01941420955446249,315.43042,324.839138,321.59736694915256,71435440.25,0.02258593602126524,-0.12743412405044274,Short-term downward,Above long MA,-0.9172691308963777,False,False,False,63.4,normal
2022-06-16,MSFT,315.8405,321.9253,311.5564,314.6446,66871754,offline_fallback,0.006969700460977224,314.5835,324.770302,321.5389403361345,70906197.6,0.022691719926535358,-0.12135260126260417,Short-term downward,Above long MA,0.4691269362167328,False,False,False,57.6,normal
2022-06-17,MSFT,323.5247,328.4472,315.2761,320.5422,2494762,offline_fallback,0.01874368732214049,314.82621,324.851456,321.53063416666663,64495844.4,0.020430596614344196,-0.10488350915425837,Short-term downward,Above long MA,1.0524991744145245,False,False,False,56.4,normal
2022-06-20,MSFT,337.5385,343.341,335.5315,339.664,78950069,offline_fallback,0.05965454782552815,316.14962,325.19557399999997,321.68049669421487,65438296.95,0.024136671709947172,-0.05148573964168213,Short-term downward,Above long MA,2.9743751304258033,True,False,False,67.0,abnormal_return
2022-06-21,MSFT,353.5816,358.07,349.5261,352.2692,5682303,offline_fallback,0.03711079184134913,317.73260999999997,325.88702,321.9312237704918,64686981.75,0.02487889068750903,-0.01628562436697334,Short-term downward,Above long MA,1.7641905238938869,False,False,False,63.2,normal
2022-06-22,MSFT,340.6624,344.8323,336.0382,342.9055,8177760,offline_fallback,-0.026581091960353076,319.01496499999996,326.314538,322.1017463414634,59384725.2,0.02565581016666176,-0.04243382664839612,Short-term downward,Above long MA,-1.3203376427007572,False,False,False,63.7,normal
2022-06-23,MSFT,336.2605,343.5032,331.3956,336.9669,75509430,offline_fallback,-0.017318474040223908,319.833355,326.553162,322.2216266129032,60419535.5,0.026047198406275413,-0.05901741156338247,Short-term downward,Above long MA,-0.8503761754636955,False,False,False,60.9,normal
2022-06-24,MSFT,325.9254,330.2882,322.8232,326.3605,45146657,offline_fallback,-0.03147608860098727,320.299715,326.577988,322.2547376,57309190.6,0.027000482864864127,-0.08863586288899972,Short-term downward,Above long MA,-1.4814940126972913,False,False,False,68.0,normal
2022-06-27,MSFT,326.9347,331.2475,319.2395,325.788,88307371,offline_fallback,-0.0017541951308445158,320.273025,326.53994,322.28277936507936,59743674.85,0.026217162332500026,-0.09023457342074614,Short-term downward,Above long MA,-0.08342639316809963,False,False,False,52.0,normal
2022-06-28,MSFT,324.0893,328.3784,318.5162,324.7691,130776318,offline_fallback,-0.0031274939531229506,320.79927,326.58614800000004,322.30235669291335,61121417.15,0.024736045531822067,-0.09307985929113316,Short-term downward,Above long MA,-0.1365538940710303,False,False,True,52.2,high_volume
2022-06-29,MSFT,322.1291,328.6094,315.4969,319.6877,100329541,offline_fallback,-0.01564619294138503,321.204355,326.520182,322.2819296875,64864693.05,0.024946330726299617,-0.10726970679509218,Short-term downward,Above long MA,-0.7229467069065147,False,False,False,61.7,normal
2022-06-30,MSFT,329.1248,333.2899,327.8966,329.687,21334457,offline_fallback,0.03127833820319026,322.202805,326.476208,322.33933333333334,61245217.35,0.025730815259801774,-0.07934658675999584,Short-term downward,Above long MA,1.4518519610210199,False,False,False,66.4,normal
2022-07-01,MSFT,308.974,310.0909,307.1551,308.7719,85261277,offline_fallback,-0.06343926208798045,322.00023999999996,326.019374,322.2349684615384,65014300.7,0.029681779622694363,-0.13775215993472223,Short-term downward,Above long MA,-2.8055252989319137,True,False,False,74.2,abnormal_return
2022-07-04,MSFT,323.6216,326.7712,320.5574,324.0724,76889121,offline_fallback,0.04955276046816426,322.54101,325.9965,322.24899465648855,65259994.6,0.031705134518484335,-0.09502539925177544,Short-term downward,Above long MA,2.1090731281675312,False,True,False,71.7,volatility_spike
2022-07-05,MSFT,321.1295,326.9644,316.5174,322.3863,86892606,offline_fallback,-0.0052028497335780965,322.93994000000004,325.764952,322.25003484848486,64349433.75,0.03174516935048112,-0.09973384611217329,Short-term downward,Above long MA,-0.24567822414751778,False,True,False,57.4,volatility_spike
2022-07-06,MSFT,326.4618,329.084,322.1902,327.3206,90852150,offline_fallback,0.015305551135392559,324.22074499999997,325.79209599999996,322.28815939849625,62792189.05,0.030262890163820284,-0.0859547764583799,Short-term downward,Above long MA,0.6330073970137343,False,False,False,61.6,normal
2022-07-07,MSFT,325.906,329.0641,325.0647,326.6832,20932727,offline_fallback,-0.0019473262605531616,324.91918,325.609036,322.32095820895523,63002230.15,0.029331600305694577,-0.08773472072551569,Short-term downward,Above long MA,-0.09883272926692721,False,False,False,53.1,normal
2022-07-08,MSFT,308.6438,312.2706,302.1703,307.4422,125565084,offline_fallback,-0.05889803944616678,324.588545,325.025952,322.2107451851852,68423408.05,0.03238380169816136,-0.14146535712959263,Short-term downward,Above long MA,-2.3804566509637968,False,True,True,74.6,volatility_spike
2022-07-11,MSFT,299.8138,303.3783,295.6623,299.2298,100250418,offline_fallback,-0.026712012859652967,324.015555,324.200024,322.0417676470588,68366065.65,0.032842030686700545,-0.16439854555040456,Short-term downward,Above long MA,-1.0332996402889858,False,True,False,70.1,volatility_spike
2022-07-12,MSFT,301.5499,309.467,296.5757,302.8812,78111669,offline_fallback,0.01220266163329975,323.226955,323.39999800000004,321.9019094890511,65861727.3,0.03239529403888715,-0.154201983741463,Short-term downward,Above long MA,0.5249584754806816,False,True,False,63.9,volatility_spike
2022-07-13,MSFT,297.0928,301.1141,295.2034,296.43,66175855,offline_fallback,-0.021299440176544393,322.425115,322.464662,321.71733043478264,67725566.45,0.03245121895250256,-0.17221700799020156,Short-term downward,Above long MA,-0.8134705627766029,False,True,False,68.1,volatility_spike
2022-07-14,MSFT,305.3061,311.3624,299.3035,305.7697,124534176,offline_fallback,0.03150726984448271,321.98137,321.57910400000003,321.60259928057553,70608687.55,0.03326691826641856,-0.14613582588827567,Short-term upward,Below long MA,1.3088018543957032,False,True,False,72.2,volatility_spike
2022-07-15,MSFT,325.2465,327.4449,319.8413,325.5784,106443724,offline_fallback,0.06478307039579123,322.23318000000006,321.09558400000003,321.63099785714286,75806135.65,0.03616460536930383,-0.09081988298835153,Short-term upward,Below long MA,2.462432021614498,False,True,False,73.4,volatility_spike
2022-07-18,MSFT,337.9166,343.2595,335.0921,336.5935,76875904,offline_fallback,0.03383240411526067,322.079655,320.93144,321.737114893617,75702427.4,0.03439293454341806,-0.060060133856053466,Short-term upward,Below long MA,1.240764339406619,False,True,False,67.4,volatility_spike
2022-07-19,MSFT,324.7274,329.8565,317.7818,325.0334,72050907,offline_fallback,-0.03434439464814398,320.71786499999996,320.52673599999997,321.7603281690141,79020857.6,0.03405656893621873,-0.09234179956442468,Short-term upward,Below long MA,-1.2831116933031255,False,True,False,69.6,volatility_spike
2022-07-20,MSFT,319.4622,323.689,313.4882,317.9712,130247990,offline_fallback,-0.02172761322374861,319.47115,320.19386599999996,321.7338307692308,85124369.1,0.033900110241658274,-0.11206304588285254,Short-term downward,Below long MA,-0.8127257138083129,False,True,True,66.6,volatility_spike
2022-07-21,MSFT,327.3446,334.3953,324.3121,328.6428,122433965,offline_fallback,0.0335615301008394,319.054945,320.08799,321.78180972222225,87470595.85,0.03468654118797317,-0.08226252306960224,Short-term downward,Below long MA,1.2563189866848836,False,True,False,69.1,volatility_spike
2022-07-22,MSFT,337.0233,340.0145,329.9918,338.15,115842702,offline_fallback,0.028928672710918812,319.64441999999997,320.38157,321.89469379310344,91005398.1,0.03449295144471898,-0.05571359596493841,Short-term downward,Below long MA,1.0560807335628968,False,True,False,65.8,volatility_spike
2022-07-25,MSFT,347.6738,349.9175,341.2679,346.9487,81322224,offline_fallback,0.026020109418896986,320.702455,320.844742,322.0662965753425,90656140.75,0.03487630504324073,-0.031143160409169424,Short-term downward,Below long MA,0.9337302973321104,False,True,False,63.4,volatility_spike
2022-07-26,MSFT,358.2556,364.7482,354.1372,359.4914,91009021,offline_fallback,0.03615145409105147,322.43856999999997,321.470176,322.32088911564625,88667775.9,0.03556879998834994,0.0,Short-term upward,Below long MA,1.2715051609897283,False,True,False,63.6,volatility_spike
2022-07-27,MSFT,368.9901,374.4491,360.204,367.9098,114882981,offline_fallback,0.023417528207907212,324.849675,322.183992,322.6289222972973,89395447.9,0.03540737936579444,0.0,Short-term upward,Below long MA,0.7908454175222004,False,True,False,59.2,volatility_spike
2022-07-28,MSFT,369.0236,371.8388,363.799,371.2776,49488255,offline_fallback,0.00915387412893054,326.929205,322.97788399999996,322.95542348993285,90803137.8,0.034973216045714954,0.0,Short-term upward,Above long MA,0.28272166858465986,False,True,False,52.2,volatility_spike
2022-07-29,MSFT,373.7063,380.9142,370.8325,373.6287,85027888,offline_fallback,0.0063324585162152225,330.17204499999997,324.136698,323.29324533333335,90791468.35,0.03086354661758629,0.0,Short-term upward,Above long MA,0.17605740176448112,False,True,False,49.0,volatility_spike
2022-08-01,MSFT,382.5757,387.4325,378.8378,383.2986,106884821,offline_fallback,0.025881041793631043,333.133355,325.538754,323.6906317880795,92291253.35,0.029700117781403527,0.0,Short-term upward,Above long MA,0.8573829655563417,False,False,False,58.0,normal
2022-08-02,MSFT,384.8464,389.5498,383.008,386.7151,108832276,offline_fallback,0.00891341632867948,336.349795,326.860868,324.1052664473684,93388236.85,0.029515809514611614,0.0,Short-term upward,Above long MA,0.23987328100791103,False,False,False,49.6,normal
2022-08-03,MSFT,376.9239,378.0293,371.7585,375.6146,113374598,offline_fallback,-0.028704594157300867,338.764495,328.02799200000004,324.44192875817,94514359.25,0.030681894187954334,-0.028704594157300867,Short-term upward,Above long MA,-1.1211702809720057,False,True,False,63.4,volatility_spike
2022-08-04,MSFT,377.5491,382.7741,370.8284,376.9504,113176043,offline_fallback,0.003556304786874742,341.277855,329.155018,324.7828928571428,99126525.05,0.030618710035571445,-0.025250371656033055,Short-term upward,Above long MA,0.041895691593288306,False,True,False,49.0,volatility_spike
2022-08-05,MSFT,363.3037,372.2838,359.5293,365.2234,114965837,offline_fallback,-0.031110193807991626,344.166915,330.11881999999997,325.0437993548387,98596562.7,0.02795573582223853,-0.05557502150808169,Short-term upward,Above long MA,-1.2120951586366346,False,False,False,64.8,normal
2022-08-08,MSFT,368.9467,375.6055,362.1354,370.9353,73881476,offline_fallback,0.01563946888397605,347.75219000000004,331.01108999999997,325.3379756410256,97278115.6,0.026681885687403716,-0.040804716443707534,Short-term upward,Above long MA,0.46908803795907605,False,False,False,55.5,normal
2022-08-09,MSFT,375.5019,375.9376,366.3042,373.478,139757029,offline_fallback,0.006854834252765896,351.28203,332.195766,325.6446,100360383.6,0.02669741240074975,-0.034229591758894284,Short-term upward,Above long MA,0.15623871007139364,False,False,True,50.5,high_volume
2022-08-10,MSFT,371.7375,379.868,370.9788,372.87,78533163,offline_fallback,-0.001627940601588329,355.10403,333.421446,325.9434949367089,100978249.0,0.02579714983715787,-0.03580180861828253,Short-term upward,Above long MA,-0.14215998077004088,False,False,False,49.4,normal
2022-08-11,MSFT,373.5375,375.6816,370.7863,375.0081,21795992,offline_fallback,0.005734170086089119,358.56595000000004,334.72724800000003,326.25207735849057,95841339.8,0.02540430603529344,-0.030272932192200397,Short-term upward,Above long MA,0.11956143633757917,False,False,False,48.1,normal
2022-08-12,MSFT,364.6546,371.1833,358.6206,363.6948,102072860,offline_fallback,-0.030168148367995307,360.47177,335.74468,326.486094375,95622796.6,0.023542216880493898,-0.0595278022502872,Short-term upward,Above long MA,-1.2100368419747696,False,False,False,62.8,normal
2022-08-15,MSFT,364.336,369.7256,357.6909,360.6427,97756228,offline_fallback,-0.0083919264174247,361.67422999999997,336.692394,326.69824720496894,96666812.8,0.022778310249596607,-0.06742017573143644,Short-term upward,Above long MA,-0.40861315866989834,False,False,False,53.6,normal
2022-08-16,MSFT,356.65,362.6326,352.2307,357.0564,43009494,offline_fallback,-0.009944191300697347,363.27538000000004,337.545368,326.88564320987655,95214742.15,0.02123431372261856,-0.0766939279071337,Short-term upward,Above long MA,-0.44662766678142485,False,False,False,50.4,normal
2022-08-17,MSFT,359.1465,360.1692,353.1861,357.9466,106770864,offline_fallback,0.0024931635450309297,365.27415,338.67021,327.0762012269939,94040885.85,0.020304675745314516,-0.0743919748672861,Short-term upward,Above long MA,0.004454889701721465,False,False,False,39.9,normal
2022-08-18,MSFT,359.374,366.2325,355.3565,356.8543,9558827,offline_fallback,-0.00305157249712662,366.68472499999996,339.5530059999999,327.257775,88397128.95,0.019328785525878307,-0.07721653485990065,Short-term upward,Above long MA,-0.19229244850659669,False,False,False,38.3,normal
2022-08-19,MSFT,356.7272,360.9146,348.9212,358.2539,7891591,offline_fallback,0.003922048858595595,367.68992000000003,340.43698599999993,327.4456303030303,82999573.4,0.018440425685181498,-0.07359733302371696,Short-term upward,Above long MA,0.05653149849104234,False,False,False,30.6,normal
2022-08-22,MSFT,362.0562,366.6016,357.7701,359.9612,60051747,offline_fallback,0.004765614554370634,368.340545,341.42241800000005,327.64150722891566,81936049.55,0.017642380158249416,-0.06918245499076703,Short-term upward,Above long MA,0.10384416241070771,False,False,False,25.7,normal
2022-08-23,MSFT,351.1758,358.0955,345.9824,351.2288,121664511,offline_fallback,-0.024259281278093403,367.927415,342.07393,327.78274850299397,83468824.05,0.01662823614045428,-0.09176341963373047,Short-term upward,Above long MA,-0.9992352378295565,False,False,False,33.1,normal
2022-08-24,MSFT,343.1189,348.0593,339.6582,343.7044,14743165,offline_fallback,-0.021423072367641738,366.717145,342.69868199999996,327.87752023809526,78461833.25,0.016175282541747073,-0.11122063762185641,Short-term upward,Above long MA,-0.87928820888916,False,False,False,31.4,normal
2022-08-25,MSFT,351.4794,355.5331,348.7193,350.8988,93700408,offline_fallback,0.020931940353396516,365.69820500000003,343.42376599999994,328.0137408284024,80672440.9,0.016851739455656385,-0.09261676102122729,Short-term upward,Above long MA,0.6925361034002514,False,False,False,31.1,normal
2022-08-26,MSFT,346.3833,347.471,341.4906,345.7876,107413882,offline_fallback,-0.0145660230243021,364.30615,343.928674,328.11829294117643,81791740.6,0.016911128613778317,-0.105833726172058,Short-term upward,Above long MA,-0.6194461160207405,False,False,False,31.4,normal
2022-08-29,MSFT,345.1425,350.7596,340.8438,344.9674,81941057,offline_fallback,-0.00237197632303765,362.38959000000006,344.034742,328.2168257309942,80544552.4,0.015422105181654818,-0.10795466740243664,Short-term upward,Above long MA,-0.16175261015607706,False,False,False,19.2,normal
2022-08-30,MSFT,348.6082,355.7005,346.4063,350.1562,27833250,offline_fallback,0.015041421305317604,360.561645,343.992482,328.34438023255814,76494601.1,0.015772901055726526,-0.09453703773139444,Short-term upward,Above long MA,0.4802963213860332,False,False,False,24.3,normal
2022-08-31,MSFT,347.1123,350.7051,343.2154,348.2858,52006783,offline_fallback,-0.005341616113037628,359.195205,344.10008799999997,328.4596485549133,73426210.35,0.014743534906961788,-0.09937367328040725,Short-term upward,Above long MA,-0.3073996653687468,False,False,False,17.6,normal
2022-09-01,MSFT,359.6422,367.1991,354.2845,362.0956,119655273,offline_fallback,0.03965076956912972,358.452465,344.602662,328.6529586206897,73750171.85,0.01760546268799283,-0.06366314633175696,Short-term upward,Above long MA,1.3992509596160279,False,False,False,40.1,normal
2022-09-02,MSFT,354.7123,361.1715,352.1584,356.3447,134637201,offline_fallback,-0.015882269765222223,358.00852999999995,345.20234600000003,328.8111971428571,74733740.05,0.016572939293741807,-0.07853430083283541,Short-term upward,Above long MA,-0.6930325187919399,False,False,True,28.8,high_volume
2022-09-05,MSFT,351.1031,358.9694,347.7284,352.6485,7899197,offline_fallback,-0.010372540969460164,357.09418999999997,345.739556,328.94663636363634,71434626.1,0.016206783936537832,-0.08809224154939899,Short-term upward,Above long MA,-0.48502576006345555,False,False,False,25.1,normal
2022-09-06,MSFT,338.8055,346.3562,333.0785,340.0467,91255805,offline_fallback,-0.035734733027362964,355.42262500000004,346.04510799999997,329.0093485875706,69009564.9,0.01765959986200846,-0.12067902184321222,Short-term upward,Above long MA,-1.3907963806848715,False,False,False,43.7,normal
2022-09-07,MSFT,346.1581,349.8979,339.3802,345.3935,129245294,offline_fallback,0.015723722653388617,354.04879999999997,346.55922400000003,329.1013943820225,71545171.45,0.018226785586694834,-0.10685282265936857,Short-term upward,Above long MA,0.5143100065196478,False,False,True,38.2,high_volume
2022-09-08,MSFT,342.6012,343.6775,342.2058,343.1847,59124019,offline_fallback,-0.006395024805041172,352.45763,346.82917799999996,329.18007206703913,73411572.8,0.01809902385959078,-0.1125645210130145,Short-term upward,Above long MA,-0.3072926798562539,False,False,False,34.5,normal
2022-09-09,MSFT,346.6673,349.3604,341.7541,347.1843,122533372,offline_fallback,0.011654365710359382,351.632105,347.597426,329.2800955555556,74434598.4,0.017349691058294717,-0.10222202339655218,Short-term upward,Above long MA,0.3750412783484295,False,False,False,30.1,normal
2022-09-12,MSFT,350.3164,358.1079,344.6185,350.5963,65655093,offline_fallback,0.009827633334802188,351.12978499999997,348.127904,329.397864640884,72829541.65,0.017484026517013657,-0.09339899062643275,Short-term upward,Above long MA,0.35194202637441613,False,False,False,30.3,normal
2022-09-13,MSFT,364.3612,368.99,360.864,366.1953,78845967,offline_fallback,0.04449276846332939,351.58673,349.004084,329.60004835164835,74621365.3,0.020103129507225148,-0.053061801827753885,Short-term upward,Above long MA,1.6929039622376676,False,False,False,54.9,normal
2022-09-14,MSFT,371.7223,377.308,363.7001,370.0593,76941550,offline_fallback,0.010551746568020048,352.192365,349.85885800000005,329.8211371584699,73129899.6,0.02020552579246073,-0.04306994994506297,Short-term upward,Above long MA,0.35170888693610486,False,False,False,43.1,normal
2022-09-15,MSFT,365.4874,373.1363,364.308,367.5408,127189365,offline_fallback,-0.006805666010825884,352.72669,350.67601,330.026135326087,79011426.5,0.02027086864422691,-0.04958249626145972,Short-term upward,Above long MA,-0.3376751563665778,False,False,True,43.7,high_volume
2022-09-16,MSFT,367.4997,371.5474,362.6121,364.7512,95762044,offline_fallback,-0.007589905664894925,353.051555,351.82219,330.2138383783784,83404949.15,0.02036678589199951,-0.05679607545710008,Short-term upward,Above long MA,-0.3895530451206113,False,False,False,45.3,normal
2022-09-19,MSFT,370.8902,378.1591,365.8713,370.1973,17412821,offline_fallback,0.014930999541605372,353.56336,353.24153999999993,330.42880322580646,81273002.85,0.02058884504488517,-0.04271309809210977,Short-term upward,Above long MA,0.4978490313114491,False,False,False,47.3,normal
2022-09-20,MSFT,359.7581,367.4514,355.3925,357.7413,130321642,offline_fallback,-0.033646922870588125,353.888985,354.33874199999997,330.5748593582888,81705859.4,0.02130407226051067,-0.0749228566456287,Short-term downward,Above long MA,-1.3949111513485615,False,False,True,60.2,high_volume
2022-09-21,MSFT,357.6901,365.5549,352.9199,354.7261,67506305,offline_fallback,-0.008428436973869191,354.44007,355.504664,330.70332340425534,84344016.4,0.02077142237038873,-0.0827198110443581,Short-term downward,Above long MA,-0.4120287315235492,False,False,False,49.2,normal
2022-09-22,MSFT,345.9866,353.2521,338.2382,345.131,117854240,offline_fallback,-0.027049320588476533,354.15168,356.29188999999997,330.7796603174603,85551708.0,0.02120966471909218,-0.10753161694487756,Short-term downward,Above long MA,-1.1067036489720912,False,False,False,60.0,normal
2022-09-23,MSFT,337.4498,340.4343,331.9199,339.3349,138709348,offline_fallback,-0.016793913035919594,353.829045,356.56701999999996,330.8246878947368,87116481.3,0.021292478569045398,-0.12251965335721315,Short-term downward,Above long MA,-0.7742832579898363,False,False,True,57.9,high_volume
2022-09-26,MSFT,345.2744,352.187,342.996,346.8508,124808864,offline_fallback,0.022148915422492532,353.92321499999997,356.77216599999997,330.9085942408377,89259871.65,0.021890346804999596,-0.10308441537452251,Short-term downward,Above long MA,0.8858205890006137,False,False,False,59.9,normal
2022-09-27,MSFT,341.7129,346.7697,340.5352,341.368,69189327,offline_fallback,-0.015807373083758236,353.48380499999996,357.09885800000006,330.9630703125,91327675.5,0.021898567495754938,-0.11726229464533455,Short-term downward,Above long MA,-0.724433659917462,False,False,False,59.2,normal
2022-09-28,MSFT,339.0851,346.4056,338.1233,338.7912,81567461,offline_fallback,-0.007548452110332504,353.009075,357.515258,331.0036305699482,92805709.4,0.021926906936649893,-0.12392559794018909,Short-term downward,Above long MA,-0.35767731716241274,False,False,False,54.7,normal
2022-09-29,MSFT,340.6169,351.1626,337.9451,344.0939,116294043,offline_fallback,0.01565182330591819,352.10899,357.82428,331.07110618556703,92637647.9,0.020162001758991067,-0.11021343619631085,Short-term downward,Above long MA,0.6165961838228353,False,False,False,50.7,normal
2022-09-30,MSFT,335.0551,338.1054,333.724,334.755,39070343,offline_fallback,-0.027140556691066076,351.02950500000003,357.75638,331.08999794871795,87859305.0,0.02070932944026968,-0.13436273887417383,Short-term downward,Above long MA,-1.2803087248471823,False,False,False,61.3,normal
2022-10-03,MSFT,332.8055,339.9867,328.8646,335.6453,98026362,offline_fallback,0.0026595569894400928,350.179345,357.530312,331.1132392857143,92365663.25,0.020667364830972503,-0.1320605272460268,Short-term downward,Above long MA,0.022670762442025334,False,False,False,45.3,normal
2022-10-04,MSFT,328.2291,334.1973,324.1295,328.5896,51372943,offline_fallback,-0.021021298376589836,349.60649,356.9122760000001,331.10042893401015,90371520.15,0.0196501092115029,-0.15030574187560808,Short-term downward,Above long MA,-1.01230942117653,False,False,False,53.9,normal
2022-10-05,MSFT,328.1021,336.3761,321.2181,329.9516,33879066,offline_fallback,0.004144988155437623,348.834395,356.153112,331.09462676767674,85603208.75,0.019282166857207857,-0.1467837692399392,Short-term downward,Above long MA,0.09563837969887706,False,False,False,39.6,normal
2022-10-06,MSFT,328.2755,334.8343,324.9501,327.4604,2788315,offline_fallback,-0.007550198271504049,348.04818,355.276768,331.0763643216081,82786423.55,0.01929740773982696,-0.15322572095064302,Short-term downward,Above long MA,-0.4087373318758489,False,False,False,44.8,normal
2022-10-07,MSFT,331.2187,337.0743,327.3563,333.5969,13544209,offline_fallback,0.018739670506723982,347.36881000000005,354.476132,331.08896699999997,77336965.4,0.019626704289028466,-0.1373574499676894,Short-term downward,Above long MA,0.8918819587155877,False,False,False,52.5,normal
2022-10-10,MSFT,335.9612,341.8119,330.7183,333.2861,42588787,offline_fallback,-0.000931663333802013,346.50329999999997,353.47588199999996,331.25731400000006,76183650.1,0.01943742351835438,-0.13816114240173205,Short-term downward,Above long MA,-0.04838571405154596,False,False,False,40.0,normal
2022-10-11,MSFT,336.4131,339.3637,334.4248,336.2942,71043741,offline_fallback,0.009025578924533706,345.008245,352.46746399999995,331.45953699999995,75793538.8,0.01630424867485922,-0.1303825477722489,Short-term downward,Above long MA,0.4272056594321539,False,False,False,27.2,normal
2022-10-12,MSFT,350.9153,352.2907,341.2096,345.2189,4188993,offline_fallback,0.02653837027222017,343.76622499999996,351.85955,331.7344765,72155910.95,0.01741556395421979,-0.10730431782984418,Short-term downward,Above long MA,1.2864262236093693,False,False,False,40.8,normal
2022-10-13,MSFT,345.5756,348.2237,343.4651,344.9504,52120797,offline_fallback,-0.0007777673817974673,342.636705,351.21955,332.01777350000003,68402482.55,0.017404289063509156,-0.10799862741330768,Short-term downward,Above long MA,-0.09291654602466862,False,False,False,26.2,normal
2022-10-14,MSFT,353.5989,356.3335,347.6366,353.4723,86997621,offline_fallback,0.024704711170069782,342.07275999999996,350.984528,332.3727925,67964261.4,0.018426315543210545,-0.0859619911402476,Short-term downward,Above long MA,1.2612458315693889,False,False,False,46.2,normal
2022-10-17,MSFT,356.9316,359.9374,353.3276,358.2511,138918364,offline_fallback,0.013519588380758618,341.47545,350.730844,332.7125865,74039538.55,0.018363041543436667,-0.07360457349609573,Short-term downward,Above long MA,0.6871314684088387,False,False,True,39.6,high_volume
2022-10-18,MSFT,361.1276,367.7752,353.3394,364.4636,27240004,offline_fallback,0.017341188903537086,341.81156500000003,350.550556,333.05965599999996,68885456.65,0.017162031623865287,-0.05753977540571864,Short-term downward,Above long MA,0.9315113682461197,False,False,False,32.8,normal
2022-10-19,MSFT,359.7593,361.9613,356.7868,359.995,137429524,offline_fallback,-0.012260758001622074,342.07501,350.293056,333.366639,72381617.6,0.01729456176801413,-0.0690950521456235,Short-term downward,Above long MA,-0.6694217317531188,False,False,True,31.5,high_volume
2022-10-20,MSFT,362.3107,363.3504,355.418,361.6418,92268416,offline_fallback,0.004574507979277387,342.90054999999995,350.02572999999995,333.64314600000006,71102326.4,0.016004204103306184,-0.06483662003371482,Short-term downward,Above long MA,0.2699223707877829,False,False,False,19.9,normal
2022-10-21,MSFT,364.2074,369.9278,359.5517,362.8873,59569687,offline_fallback,0.003444015597754424,344.07817,350.00957999999997,333.9416175,67145343.35,0.015349093270564771,-0.06161590276666218,Short-term downward,Above long MA,0.20989583305985815,False,False,False,16.7,normal
2022-10-24,MSFT,365.5281,374.9999,362.7161,368.0238,83147189,offline_fallback,0.014154532274896381,345.13682,350.15720200000004,334.30079700000005,65062259.6,0.0149356590408346,-0.048333514776123354,Short-term downward,Above long MA,0.8273528716206371,False,False,False,22.4,normal
2022-10-25,MSFT,378.3483,381.1276,368.481,375.7796,61691202,offline_fallback,0.02107418052854193,346.8574,350.531666,334.688689,64687353.35,0.014757628100189445,-0.02827792346355229,Short-term downward,Above long MA,1.1939913965297861,False,False,False,23.6,normal
2022-10-26,MSFT,383.2702,388.0105,375.4536,382.9263,105341513,offline_fallback,0.01901832882891985,349.06415499999997,351.03126000000003,335.10319400000003,65876055.95,0.01477218060786792,-0.00979739348166131,Short-term downward,Above long MA,1.0479397661052812,False,False,False,21.3,normal
2022-10-27,MSFT,388.3042,392.0162,383.2073,387.587,49358986,offline_fallback,0.01217127159978304,351.23881,351.64591400000006,335.5632785,62529303.1,0.014675720729144748,0.0,Short-term downward,Above long MA,0.6506546787055939,False,False,False,15.2,normal
2022-10-28,MSFT,385.2348,390.4841,383.1462,384.2217,39072548,offline_fallback,-0.00868269575604963,353.712145,352.16527,335.99146949999994,62529413.35,0.012956959082070073,-0.00868269575604963,Short-term upward,Above long MA,-0.5590724210128135,False,False,False,11.9,normal
2022-10-31,MSFT,381.0245,388.8949,380.6392,381.3179,121587667,offline_fallback,-0.007557615824405506,355.995775,352.59240400000004,336.36476200000004,63707478.6,0.013332828147825318,-0.01617469110161074,Short-term upward,Above long MA,-0.4737421729796774,False,False,False,12.0,normal
2022-11-01,MSFT,386.8676,388.2792,377.1234,385.0994,127820273,offline_fallback,0.009916922336979273,358.82126500000004,353.269816,336.77083749999997,67529845.1,0.011664026779196862,-0.006418171920110849,Short-term upward,Above long MA,0.5366256986204734,False,False,True,10.4,high_volume
2022-11-02,MSFT,374.9532,379.2262,367.5913,377.5046,66791306,offline_fallback,-0.019721661472336782,361.198915,353.94582,337.132779,69175457.1,0.013201950660752375,-0.026013256378567884,Short-term upward,Above long MA,-1.1503420182038266,False,False,False,19.9,normal
2022-11-03,MSFT,374.5597,381.061,366.3337,375.566,61835837,offline_fallback,-0.005135301662549274,363.604195,354.439164,337.4747355,72127833.2,0.013073861725525661,-0.031014972122388018,Short-term upward,Above long MA,-0.3042293116879731,False,False,False,9.9,normal
2022-11-04,MSFT,376.2942,377.3343,367.1064,375.209,136898023,offline_fallback,-0.00095056528013715,365.6848,355.0275919999999,337.8006315,78295523.9,0.01287987960399288,-0.031936055646861194,Short-term upward,Above long MA,-0.09485395375803612,False,False,True,6.3,high_volume
2022-11-07,MSFT,379.4725,382.8122,372.9157,378.6614,37859604,offline_fallback,0.009201271824503143,367.953565,355.70147199999997,338.114395,78059064.75,0.01279297295051736,-0.023028636151367188,Short-term upward,Above long MA,0.48548919179495603,False,False,False,11.6,normal
2022-11-08,MSFT,383.0952,385.6079,382.3831,382.9078,97809108,offline_fallback,0.011214240479753057,370.284245,356.356504,338.43179000000003,79397333.1,0.012825215593479952,-0.01207264433533628,Short-term upward,Above long MA,0.5835934666563146,False,False,False,12.4,normal
2022-11-09,MSFT,376.2085,381.8358,373.0655,375.269,53758283,offline_fallback,-0.019949449972029853,371.78675000000004,356.89616800000005,338.6698745,81875797.6,0.013225820986444576,-0.031781251693168255,Short-term upward,Above long MA,-1.2144440315441878,False,False,False,20.9,normal
2022-11-10,MSFT,383.1873,390.8406,374.3339,380.0492,70264811,offline_fallback,0.012738062563121266,373.54169,357.2552400000001,338.95485249999996,82782998.3,0.013299693911087616,-0.019448020702448776,Short-term upward,Above long MA,0.6689357085300062,False,False,False,14.7,normal
2022-11-11,MSFT,367.1312,371.1075,362.9151,367.3968,136437994,offline_fallback,-0.033291479103231936,374.23791500000004,357.47628199999997,339.18940649999996,85255016.95,0.014980101316117366,-0.052092046430865846,Short-term upward,Above long MA,-1.901174338715314,False,False,True,29.3,high_volume
2022-11-14,MSFT,363.488,371.1059,355.8043,363.4731,118176032,offline_fallback,-0.010679733737473995,374.499015,357.692774,339.37981700000006,84217900.35,0.014981463218817763,-0.06221545098261805,Short-term upward,Above long MA,-0.6156743980788717,False,False,False,21.1,normal
2022-11-15,MSFT,370.987,376.7342,364.1353,369.7915,110977610,offline_fallback,0.017383404714131467,374.76541,358.28767,339.6138815,88404780.65,0.014983914606135516,-0.04591356263238966,Short-term upward,Above long MA,0.9248402805530586,False,False,False,23.8,normal
2022-11-16,MSFT,369.4981,370.6386,362.4047,368.1186,47290642,offline_fallback,-0.004523900630490352,375.17159,358.742172,339.8549675,83897836.55,0.014725724065429402,-0.050229754867939236,Short-term upward,Above long MA,-0.33302364154842323,False,False,False,15.0,normal
2022-11-17,MSFT,370.2759,379.2398,367.5348,371.2349,105750282,offline_fallback,0.008465478245326175,375.651245,359.303176,340.1120649999999,84571929.85,0.0147979015799826,-0.042189495519715625,Short-term upward,Above long MA,0.4263560286514353,False,False,False,16.2,normal
2022-11-18,MSFT,388.2808,395.2911,385.5406,388.2244,74746750,offline_fallback,0.04576482437400142,376.9181,360.12397799999997,340.44309150000004,85330783.0,0.017820542060007445,0.0,Short-term upward,Above long MA,2.410760814160163,False,False,False,39.1,normal
2022-11-21,MSFT,388.517,391.9372,379.571,387.0563,2054811,offline_fallback,-0.0030088268537473706,377.869725,360.85317799999996,340.7818155,81276164.1,0.017694820164255307,-0.0030088268537473706,Short-term upward,Above long MA,-0.28094426568788766,False,False,False,24.8,normal
2022-11-22,MSFT,384.5647,394.0151,376.7233,386.0705,131914423,offline_fallback,-0.002546916301323754,378.38427,361.25068200000004,341.09768599999995,84787325.15,0.017182827316483535,-0.005548079924909466,Short-term upward,Above long MA,-0.240214136240238,False,False,True,20.6,high_volume
2022-11-23,MSFT,374.1337,377.6948,370.4833,371.8544,107593028,offline_fallback,-0.03682254924942463,377.83067500000004,361.286584,341.30126449999995,84899900.9,0.01865840258154766,-0.04216633472805931,Short-term upward,Above long MA,-2.036263887665456,False,False,False,47.7,normal
2022-11-24,MSFT,373.1544,378.7812,371.7258,374.3807,66057319,offline_fallback,0.006793788106312482,377.17035999999996,361.423382,341.569746,85734817.55,0.018492052272308566,-0.0356590157651091,Short-term upward,Above long MA,0.3370928536355945,False,False,False,33.5,normal
2022-11-25,MSFT,383.6291,386.0839,382.5504,384.2574,32852552,offline_fallback,0.02638143472673682,377.172145,361.8135060000001,341.95272850000003,85423817.75,0.019421035749434275,-0.010218317035199154,Short-term upward,Above long MA,1.3718422891408222,False,False,False,47.4,normal
2022-11-28,MSFT,388.0897,394.2988,378.2451,385.9495,75023968,offline_fallback,0.004403558656254747,377.403725,362.12855,342.3224765,83095632.8,0.019354157435798554,-0.005859755337377037,Short-term upward,Above long MA,0.15093343383005292,False,False,False,32.8,normal
2022-11-29,MSFT,389.4254,392.6755,380.604,386.8298,25404841,offline_fallback,0.002280868351947518,377.49024499999996,362.71031999999997,342.718129,77974861.2,0.01923943794427683,-0.0035922523159286346,Short-term upward,Above long MA,-0.0011135742040585088,False,False,False,29.3,normal
2022-11-30,MSFT,408.9028,417.2159,406.0076,407.7574,82715049,offline_fallback,0.05410027872723355,379.002885,363.770946,343.17724300000003,78771048.35,0.022051785573983986,0.0,Short-term upward,Above long MA,2.7476379704473124,True,False,False,60.1,abnormal_return
2022-12-01,MSFT,406.9295,415.7808,400.7197,409.2938,77580452,offline_fallback,0.003767926713285741,380.689275,365.05420200000003,343.5615805,79558279.1,0.021945340471042952,0.0,Short-term upward,Above long MA,0.035449058874309484,False,False,False,41.0,normal
2022-12-02,MSFT,408.9,415.8046,403.448,410.8193,35128356,offline_fallback,0.0037271514985079968,382.46979,366.48389000000003,343.95687250000003,74469795.75,0.021908684149585734,0.0,Short-term upward,Above long MA,0.04043869405459795,False,False,False,40.9,normal
2022-12-05,MSFT,409.9394,413.5196,402.0043,411.9711,133974617,offline_fallback,0.002803665747933337,384.135275,367.786296,344.368465,79275546.4,0.021887273220723757,0.0,Short-term upward,Above long MA,-0.003047149767697713,False,False,True,39.9,high_volume
2022-12-06,MSFT,405.0839,413.9531,402.8777,404.8001,97029325,offline_fallback,-0.017406560800017234,385.22988999999995,369.054938,344.74350250000003,79236557.25,0.022352444665968814,-0.017406560800017234,Short-term upward,Above long MA,-1.075867072413585,False,False,False,57.7,normal
2022-12-07,MSFT,411.9234,419.3628,402.4967,410.6554,70792586,offline_fallback,0.014464670339755292,386.99921,370.49222199999997,345.1385525,80088272.4,0.021809265811871266,-0.0031936706239831247,Short-term upward,Above long MA,0.7015821773063232,False,False,False,51.1,normal
2022-12-08,MSFT,419.0524,428.6499,413.8166,420.5429,16242160,offline_fallback,0.024077365109529847,389.023895,372.02120199999996,345.58348249999995,77387139.85,0.022172503869841643,0.0,Short-term upward,Above long MA,1.1967498783358244,False,False,False,56.1,normal
2022-12-09,MSFT,430.7317,431.4132,423.1844,429.1671,63038701,offline_fallback,0.020507301395410682,392.11241,373.909444,346.097591,73717175.2,0.02043899733512762,0.0,Short-term upward,Above long MA,0.9683638064621943,False,False,False,48.6,normal
2022-12-12,MSFT,436.9753,440.7835,434.4098,436.0532,64192139,offline_fallback,0.01604526535235351,395.741415,375.91760200000004,346.633065,71017980.55,0.020023092770263016,0.0,Short-term upward,Above long MA,0.721748005337632,False,False,False,43.5,normal
2022-12-13,MSFT,430.6665,437.9376,424.2611,430.6285,13253547,offline_fallback,-0.012440454513348409,398.783265,377.95838,347.2002895,66131777.4,0.020496927279275805,-0.012440454513348409,Short-term upward,Above long MA,-0.8865433225469804,False,False,False,49.5,normal
2022-12-14,MSFT,426.981,433.5334,421.5597,427.3575,91471366,offline_fallback,-0.00759587440218179,401.74521,379.906498,347.73905850000006,68340813.6,0.020605690855004858,-0.019941832785540847,Short-term upward,Above long MA,-0.6138874099679363,False,False,False,47.5,normal
2022-12-15,MSFT,444.5684,459.0799,435.4667,449.4085,52962842,offline_fallback,0.05159848604505601,405.65389,382.34545999999995,348.3843125,65701441.6,0.022828639191644212,0.0,Short-term upward,Above long MA,2.5687043443230912,True,False,False,61.8,abnormal_return
2022-12-16,MSFT,438.7448,442.805,434.0328,439.804,90946291,offline_fallback,-0.02137142488404209,408.23287,384.469602,348.942944,66511418.65,0.02219604673003071,-0.02137142488404209,Short-term upward,Above long MA,-1.4053797395851355,False,False,False,59.7,normal
2022-12-19,MSFT,430.4965,434.5825,426.6675,429.1955,139958360,offline_fallback,-0.024120972069376356,410.33983,386.38779,349.44280749999996,73406596.1,0.023152875061761172,-0.04497689741070765,Short-term upward,Above long MA,-1.4953204074010236,False,False,True,63.6,high_volume
2022-12-20,MSFT,426.8123,437.1688,422.5774,429.2438,107866133,offline_fallback,0.00011253612864070561,412.498495,388.246782,349.9276255,72204181.6,0.023112237520832347,-0.044869422807979786,Short-term upward,Above long MA,-0.21020151458835534,False,False,False,50.0,normal
2022-12-21,MSFT,414.1526,418.8781,410.0274,417.9743,62752290,offline_fallback,-0.026254310487419996,414.80449,389.70189,350.38348299999996,69962144.7,0.02219472189276376,-0.0699457175376077,Short-term upward,Above long MA,-1.5917808205483888,False,False,False,63.4,normal
2022-12-22,MSFT,410.5011,418.0642,401.4614,409.0071,117709766,offline_fallback,-0.021453950637635,416.53581,390.983024,350.788474,72544767.05,0.02303086726176213,-0.08989905620387695,Short-term upward,Above long MA,-1.2893267275088016,False,False,False,65.0,normal
2022-12-23,MSFT,396.7629,406.8728,391.7555,398.4885,71540664,offline_fallback,-0.025717401971750542,417.247365,391.88334800000007,351.11703250000005,74479172.65,0.023390812289378952,-0.11330448801035142,Short-term upward,Above long MA,-1.517794156381507,False,False,False,67.9,normal
2022-12-26,MSFT,389.8725,396.729,386.1284,390.3397,9234400,offline_fallback,-0.02044927268917418,417.46687499999996,392.52512,351.3733525,71189694.25,0.023914958214800597,-0.13143676632729473,Short-term upward,Above long MA,-1.2045370807621776,False,False,False,67.1,normal
2022-12-27,MSFT,386.831,393.4948,386.0878,389.0669,131076500,offline_fallback,-0.0032607495471252967,417.57873,393.017186,351.6187530000001,76473277.2,0.023929407983980185,-0.13426893349814262,Short-term upward,Above long MA,-0.3295976590588481,False,False,True,57.3,high_volume
2022-12-28,MSFT,394.9695,401.6487,386.4994,394.3995,41935393,offline_fallback,0.01370612611867017,416.91083499999996,393.705276,351.84137050000004,74434294.4,0.020652668562515502,-0.12240311431581741,Short-term upward,Above long MA,0.5543979608304287,False,False,False,53.0,normal
2022-12-29,MSFT,396.5212,397.3777,388.3131,395.5687,39451920,offline_fallback,0.002964506800845257,416.22458000000006,394.383814,352.0287085,72527867.8,0.020642737433162955,-0.11980147237980598,Short-term upward,Above long MA,-0.019268546270803297,False,False,False,44.3,normal
2022-12-30,MSFT,403.5065,411.8919,395.5308,401.2489,104459122,offline_fallback,0.014359579006124612,415.74606000000006,395.151046,352.2644765,75994406.1,0.020919580618972863,-0.10716219208136923,Short-term upward,Above long MA,0.5865605560677577,False,False,False,53.9,normal
2023-01-02,MSFT,397.337,405.5441,393.7749,398.5624,112596198,offline_fallback,-0.00669534545764483,415.07562499999995,395.761818,352.56447999999995,74925485.15,0.02093718146414767,-0.1131400496430307,Short-term upward,Above long MA,-0.5197450432682402,False,False,False,53.4,normal
2023-01-03,MSFT,382.8141,386.1393,375.9104,379.5755,82728984,offline_fallback,-0.04763846263470928,413.814395,395.837736,352.8020615,74210468.1,0.023126903685877328,-0.1553886942503313,Short-term upward,Above long MA,-2.4869030817071636,False,False,False,71.4,normal
2023-01-04,MSFT,370.3496,378.732,365.4247,374.4028,65902937,offline_fallback,-0.013627591875660983,412.001765,395.6672659999999,353.01082349999996,73965985.65,0.022864641862660656,-0.16689871241865695,Short-term upward,Above long MA,-0.7628960498995512,False,False,False,63.3,normal
2023-01-05,MSFT,363.6709,368.9383,361.409,362.8839,77942696,offline_fallback,-0.030766062646967463,409.118815,395.17320399999994,353.15630649999997,77051012.45,0.022560972055047635,-0.19252995882365376,Short-term upward,Above long MA,-1.5654220161885732,False,False,False,69.0,normal
2023-01-06,MSFT,364.6811,370.3904,359.1047,364.513,44819349,offline_fallback,0.004489314626523688,405.88611,394.77903,353.3178345,76140044.85,0.021800669927320777,-0.18890497175732102,Short-term upward,Above long MA,0.18808882549324746,False,False,False,52.6,normal
2023-01-09,MSFT,365.6975,368.4722,360.5862,368.0237,18199346,offline_fallback,0.009631206568764483,402.48463499999997,394.513146,353.5085625,73840405.2,0.02147452713575241,-0.18109314799341802,Short-term upward,Above long MA,0.44805447596912523,False,False,False,55.7,normal
2023-01-10,MSFT,365.5556,371.6474,357.5631,364.0927,117332208,offline_fallback,-0.010681377313472074,399.157845,394.09301200000004,353.65945350000004,79044338.25,0.021459956972024904,-0.1898402010642879,Short-term upward,Above long MA,-0.5434116933252947,False,False,False,57.3,normal
2023-01-11,MSFT,360.9709,363.7432,354.4778,363.1944,113080860,offline_fallback,-0.002467228812881972,395.94969000000003,393.80680799999993,353.822612,80124812.95,0.021497392216020383,-0.1918390506632608,Short-term upward,Above long MA,-0.1410124752396703,False,False,False,51.3,normal
2023-01-12,MSFT,367.84,370.0576,363.4742,367.2529,14305629,offline_fallback,0.011174456434350333,391.84191,393.64054600000003,354.06844450000006,78191952.3,0.017051200125009828,-0.18280829134295407,Short-term downward,Above long MA,0.5371019784952745,False,False,False,33.1,normal
2023-01-13,MSFT,375.8647,383.7421,374.3464,375.1202,69087755,offline_fallback,0.021422022807716434,388.60772,393.63877,354.36162299999995,77099025.5,0.018183741886550638,-0.16530239192182616,Short-term downward,Above long MA,1.0261649524299263,False,False,False,45.8,normal
2023-01-16,MSFT,371.6337,372.2327,368.7457,370.1443,72708322,offline_fallback,-0.01326481485134634,385.65515999999997,393.46842799999996,354.60005399999994,73736523.6,0.01782831708065532,-0.17637450114984476,Short-term downward,Above long MA,-0.6730858342575148,False,False,False,39.8,normal
2023-01-17,MSFT,377.6449,381.0857,373.1558,376.3527,27472186,offline_fallback,0.016772918021431105,383.010605,393.33732599999996,354.893333,69716826.25,0.01856308241331874,-0.1625598981772708,Short-term downward,Above long MA,0.8243047432028755,False,False,False,46.6,normal
2023-01-18,MSFT,369.2469,374.6549,367.0887,373.0416,110579179,offline_fallback,-0.008797864343739303,380.76397,393.29277799999994,355.150893,72108170.7,0.01798108231934008,-0.16992758258911433,Short-term downward,Above long MA,-0.4287825197989841,False,False,False,37.5,normal
2023-01-19,MSFT,377.0364,383.5202,369.8122,378.9463,88707962,offline_fallback,0.015828529579542838,379.26093000000003,393.2707199999999,355.420446,70658080.5,0.018173236566454583,-0.15678875677696347,Short-term downward,Above long MA,0.8003711601462395,False,False,False,43.4,normal
2023-01-20,MSFT,361.1781,364.4139,355.8028,360.8341,84226449,offline_fallback,-0.047796218092114984,377.37820999999997,393.13946599999997,355.5990205,71292369.75,0.020147573955918253,-0.19709106525577513,Short-term downward,Above long MA,-2.2471023663688436,False,False,False,62.2,normal
2023-01-23,MSFT,354.686,359.6317,353.0487,358.1023,9347260,offline_fallback,-0.007570792228339784,375.76634,393.03205,355.75108,71298012.75,0.019822755383604465,-0.2031697219790013,Short-term downward,Above long MA,-0.3224360146150688,False,False,False,46.8,normal
2023-01-24,MSFT,362.4728,366.3276,359.5381,360.4729,85197830,offline_fallback,0.006619896046464735,374.33664,392.845678,355.94115100000005,69004079.25,0.019967653722897494,-0.1978947883718266,Short-term downward,Above long MA,0.359588882282508,False,False,False,48.2,normal
2023-01-25,MSFT,353.1759,356.008,346.0376,352.3063,124900070,offline_fallback,-0.022655239825240536,372.23197999999996,392.52943200000004,356.08775249999997,73152313.1,0.019962732794967387,-0.2160666743063382,Short-term downward,Above long MA,-1.0380232536678768,False,False,False,56.3,normal
2023-01-26,MSFT,338.1484,339.6871,330.483,336.2546,22238263,offline_fallback,-0.04556177394500194,369.266275,391.829826,356.109597,72291630.25,0.021756519333713028,-0.2517840672795464,Short-term downward,Above long MA,-2.0256337491482643,False,False,False,68.3,normal
2023-01-27,MSFT,329.6539,331.9054,322.9861,328.8947,107669357,offline_fallback,-0.021887879005967448,365.648565,390.643232,356.09600250000005,72452142.0,0.0213132825565222,-0.26816092708526873,Short-term downward,Above long MA,-0.9118921719632194,False,False,False,61.5,normal
2023-01-30,MSFT,330.0223,337.0278,323.9465,327.2363,15864051,offline_fallback,-0.00504234333967668,362.08226,389.446832,356.10610349999996,67615534.65,0.021328639285220736,-0.27185111096029557,Short-term downward,Above long MA,-0.13052084849272233,False,False,False,50.9,normal
2023-01-31,MSFT,328.7312,332.0329,327.2691,329.7555,55241757,offline_fallback,0.007698412431627943,359.59126,388.32053199999996,356.0850625,66241173.3,0.019656936979301497,-0.26624552050083616,Short-term downward,Above long MA,0.4570294373754816,False,False,False,48.5,normal
2023-02-01,MSFT,334.9006,340.5493,330.3577,333.3408,38854583,offline_fallback,0.010872601063515397,357.53816,387.55026,356.12194949999997,64888755.6,0.019971535090845833,-0.2582677007666744,Short-term downward,Above long MA,0.5808260552098634,False,False,False,51.7,normal
2023-02-02,MSFT,335.2151,341.9443,332.4365,333.1677,106132648,offline_fallback,-0.0005192883679404625,356.05235000000005,386.726,356.10860700000006,66298253.2,0.01909128747245239,-0.258652873721792,Short-term downward,Above long MA,0.0666723307891875,False,False,False,38.8,normal
2023-02-03,MSFT,322.2092,330.6008,320.8687,323.989,78306747,offline_fallback,-0.02754978949039788,354.02615000000003,385.520632,356.04557,67972623.1,0.019669247351110516,-0.2790768309900681,Short-term downward,Above long MA,-1.1943196558581597,False,False,False,57.0,normal
2023-02-06,MSFT,320.7455,327.0376,314.2724,317.5004,10415729,offline_fallback,-0.020027223146464768,351.499985,384.15165,355.930441,67583442.25,0.019571216030421286,-0.29351492016728653,Short-term downward,Above long MA,-0.8334495845997516,False,False,False,53.8,normal
2023-02-07,MSFT,321.7585,322.1456,319.3089,320.357,107341629,offline_fallback,0.008997154019333653,349.3132,382.822194,355.8178135,67083913.3,0.01987774111118309,-0.2871585650916705,Short-term downward,Above long MA,0.518941079630553,False,False,False,51.0,normal
2023-02-08,MSFT,325.4754,328.5231,319.9832,325.642,121959775,offline_fallback,0.016497220288615333,347.43557999999996,381.17988600000007,355.7300395,67527859.05,0.020506929907093036,-0.27539866290913506,Short-term downward,Above long MA,0.8462596492411107,False,False,False,58.3,normal
2023-02-09,MSFT,325.628,327.4834,324.0885,326.2715,113730974,offline_fallback,0.0019331044521284646,345.38651,379.51944,355.611159,72499126.3,0.020219723896827777,-0.27399793283838647,Short-term downward,Above long MA,0.17840040295375886,False,False,False,47.4,normal
2023-02-10,MSFT,339.0212,341.1534,336.6407,337.6459,15092760,offline_fallback,0.03486176389908402,343.512795,378.05597199999994,355.55061649999993,69799376.55,0.0213597886470519,-0.24868822018275138,Short-term downward,Above long MA,1.7408463775950738,False,False,False,66.5,normal
2023-02-13,MSFT,335.0729,340.2342,329.5423,333.9086,113766154,offline_fallback,-0.01106869652496889,341.70101,376.494722,355.496156,71852268.15,0.021320834318055065,-0.2570042622691827,Short-term downward,Above long MA,-0.41537099156699736,False,False,False,55.0,normal
2023-02-14,MSFT,329.9362,337.6695,328.3096,333.8224,78505098,offline_fallback,-0.0002581544770035027,339.57449499999996,375.07516799999996,355.43892500000004,74403913.75,0.020741055692701228,-0.25719606994527244,Short-term downward,Above long MA,0.09121603183787683,False,False,False,48.2,normal
2023-02-15,MSFT,335.8134,338.6624,331.4884,335.0567,20619041,offline_fallback,0.003697475064585065,337.67525,373.563194,355.441135,69905906.85,0.02083308109947001,-0.2544495709360193,Short-term downward,Above long MA,0.25113898535451995,False,False,False,51.5,normal
2023-02-16,MSFT,333.1458,336.0995,325.9636,333.7605,131934186,offline_fallback,-0.0038685989565347967,335.41596,371.827546,355.44025450000004,72067218.05,0.020246647506554444,-0.25733380654794025,Short-term downward,Above long MA,-0.1044508274841895,False,False,True,46.0,high_volume
2023-02-17,MSFT,325.3204,329.8093,321.425,325.7649,116251624,offline_fallback,-0.02395610025751993,333.6625,369.759502,355.45172399999996,73668476.8,0.018269840208943483,-0.2751251923361485,Short-term downward,Above long MA,-1.0385689944203906,False,False,False,47.8,normal
2023-02-20,MSFT,314.2271,320.3893,309.0403,317.8099,28662066,offline_fallback,-0.024419450959879296,331.64788000000004,367.39463599999993,355.421823,74634217.1,0.018778918799298952,-0.29282623715394784,Short-term downward,Above long MA,-1.0292313328856633,False,False,False,51.1,normal
2023-02-21,MSFT,318.7712,325.0843,317.7402,318.1006,78611930,offline_fallback,0.0009146977485596786,329.529265,365.14407800000004,355.3712275,74304922.1,0.01862330326749381,-0.29217938690523215,Short-term downward,Above long MA,0.1903666625864048,False,False,False,39.7,normal
2023-02-22,MSFT,321.9318,325.4823,317.1261,320.6245,127653955,offline_fallback,0.007934282425119621,327.945175,363.0094179999999,355.31325499999997,74442616.35,0.018444522486118883,-0.2865633382546169,Short-term downward,Above long MA,0.6040048222482383,False,False,True,44.7,high_volume
2023-02-23,MSFT,332.1265,337.307,329.2984,331.1578,133282015,offline_fallback,0.032852448892707775,327.690335,360.644404,355.311129,79994803.95,0.017579003294567425,-0.26312519678644264,Short-term downward,Above long MA,1.8095184255579773,False,False,True,47.1,high_volume
2023-02-24,MSFT,332.4027,337.7898,329.1236,331.6268,13365726,offline_fallback,0.0014162432532163205,327.82694000000004,358.48086,355.390823,75279622.4,0.01685219280829639,-0.26208160281792625,Short-term downward,Above long MA,0.23930402352283509,False,False,False,28.6,normal
2023-02-27,MSFT,314.0279,320.6114,307.5856,315.2189,2835639,offline_fallback,-0.04947700246180342,327.22607,356.201328,355.4009385,74628201.8,0.02022047453520956,-0.29859159317191375,Short-term downward,Above long MA,-2.171793952337828,False,False,False,64.1,normal
2023-02-28,MSFT,308.0332,311.9761,302.7422,307.2729,34114534,offline_fallback,-0.02520787934987412,326.10194,353.76191,355.33425600000004,73571840.65,0.020749611158092242,-0.31627261166622356,Short-term downward,Below long MA,-0.9953433805816889,False,False,False,61.9,normal
2023-03-01,MSFT,297.2614,303.1455,295.0163,298.1728,112934911,offline_fallback,-0.02961569341129655,324.34353999999996,351.36588000000006,355.238828,77275857.05,0.021260972162209815,-0.33652167237602315,Short-term downward,Below long MA,-1.1651418444744264,False,False,False,65.3,normal
2023-03-02,MSFT,293.7086,299.2068,292.7105,293.1745,44394918,offline_fallback,-0.016763098444928515,322.34388,349.0492279999999,355.101705,74188970.55,0.021376944700520095,-0.34764362489806044,Short-term downward,Below long MA,-0.5294993330598015,False,False,False,59.5,normal
2023-03-03,MSFT,296.5255,299.6302,293.3835,295.8229,70108052,offline_fallback,0.009033527813639974,320.93557500000003,346.995916,354.995653,73779035.8,0.021011983586889018,-0.3417505454391717,Short-term downward,Below long MA,0.7305057134499564,False,False,False,61.1,normal
2023-03-06,MSFT,297.7805,301.6474,296.2237,297.5441,52202310,offline_fallback,0.005818346044204281,319.93776,345.140004,354.8517645,75868364.85,0.020789111008269884,-0.3379206223291281,Short-term downward,Below long MA,0.5864027738626744,False,False,False,58.5,normal
2023-03-07,MSFT,301.5901,304.2561,294.9855,299.2598,4835476,offline_fallback,0.005766204068573311,318.8829,343.343862,354.7768425,70743057.2,0.020703075133798068,-0.3341029375278839,Short-term downward,Below long MA,0.5678547511050266,False,False,False,57.4,normal
2023-03-08,MSFT,290.2485,292.5984,285.1427,291.6453,107341620,offline_fallback,-0.02544444659790579,317.18306500000006,341.28877800000004,354.677139,70012149.45,0.02072754204044212,-0.35104631977365797,Short-term downward,Below long MA,-0.937431809589752,False,False,False,62.3,normal
2023-03-09,MSFT,287.2762,293.8213,285.1993,289.7956,56664802,offline_fallback,-0.006342293189706916,315.35927,339.17331600000006,354.577527,67158840.85,0.02065819160442158,-0.3551621742801928,Short-term downward,Below long MA,0.03976300382263975,False,False,False,49.5,normal
2023-03-10,MSFT,291.035,294.3579,285.0838,289.712,95110908,offline_fallback,-0.00028847919016017354,312.962575,336.94257799999997,354.46197099999995,71159748.25,0.01839660040950485,-0.3553481965739411,Short-term downward,Below long MA,0.3388378441220294,False,False,False,42.5,normal
2023-03-13,MSFT,305.6705,307.2863,302.8037,306.7388,116351372,offline_fallback,0.05877146959739332,311.60408500000005,335.106106,354.42938000000004,71289009.15,0.02357574703207596,-0.3174610627079817,Short-term downward,Below long MA,3.0945407899675006,True,False,False,74.3,abnormal_return
2023-03-14,MSFT,318.7489,324.8108,315.7691,320.7117,133906268,offline_fallback,0.04555308946895531,310.94855,333.92883,354.46090000000004,74059067.65,0.026051056576250443,-0.28636930543147265,Short-term downward,Below long MA,2.3079001610784617,False,False,True,74.1,high_volume
2023-03-15,MSFT,324.0621,329.8861,316.2399,323.2024,112486870,offline_fallback,0.007766165063513464,310.355835,332.90482199999997,354.56838949999997,78652459.1,0.026111087368093342,-0.2808271316630637,Short-term downward,Below long MA,0.5467256717611112,False,False,False,63.7,normal
2023-03-16,MSFT,319.7856,320.2779,314.7282,318.8798,123325452,offline_fallback,-0.013374281874144578,309.6118,332.02474,354.59921599999996,78222022.4,0.02624307498423964,-0.290445552320439,Short-term downward,Below long MA,-0.4396896967822827,False,False,False,62.3,normal
2023-03-17,MSFT,320.1776,327.959,315.6337,322.6535,90310024,offline_fallback,0.01183423973547404,309.45623,331.18755,354.642209,76924942.4,0.025881504168420194,-0.2820485148812272,Short-term downward,Below long MA,0.7058339558457308,False,False,False,65.5,normal
2023-03-20,MSFT,316.5888,321.6648,314.6928,317.0843,48369995,offline_fallback,-0.01726062168859166,309.41995,330.168762,354.6741825,77910338.85,0.025576091057588096,-0.29444080385662497,Short-term downward,Below long MA,-0.656047104383944,False,False,False,64.8,normal
2023-03-21,MSFT,317.7342,321.4691,315.8479,316.2659,10772059,offline_fallback,-0.0025810170986074743,309.328215,329.212226,354.6622459999999,74518345.3,0.02558285298868681,-0.2962618642059508,Short-term downward,Below long MA,0.029952116496236303,False,False,False,55.5,normal
2023-03-22,MSFT,306.2103,310.9562,298.5317,302.9885,49216677,offline_fallback,-0.041981762814138346,308.446415,328.008108,354.6148545,70596481.4,0.027156517776810326,-0.32580603170612044,Short-term downward,Below long MA,-1.7323198008938714,False,False,False,74.8,normal
2023-03-23,MSFT,316.2872,320.5253,314.5215,316.9807,120096221,offline_fallback,0.046180630617993934,307.73756,327.002664,354.626535,69937191.7,0.028212115288292604,-0.2946713290914613,Short-term downward,Below long MA,2.1787026747901437,False,False,False,75.5,normal
2023-03-24,MSFT,304.9733,308.181,300.067,302.5504,127212092,offline_fallback,-0.045524222768136946,306.28373999999997,325.551268,354.53657599999997,75629510.0,0.029835439424053995,-0.3267808686306556,Short-term downward,Below long MA,-1.7650176300799383,False,False,True,75.8,high_volume
2023-03-27,MSFT,307.2578,312.2639,300.5321,306.2961,40717982,offline_fallback,0.012380416618189782,305.8376,324.274304,354.3697365,77523627.15,0.028042415432556367,-0.31844613530896715,Short-term downward,Below long MA,0.7052195291053563,False,False,False,67.6,normal
2023-03-28,MSFT,328.0575,329.4778,327.5549,328.5942,27355326,offline_fallback,0.07279916394625974,306.903665,323.319134,354.2513615,77185666.75,0.03189929250672895,-0.2688295837751178,Short-term downward,Below long MA,3.030709842243597,True,True,False,76.5,abnormal_return
2023-03-29,MSFT,299.5754,303.0848,294.1382,302.1862,13186634,offline_fallback,-0.08036660415795538,307.104335,321.902026,354.047765,72198252.9,0.036401308264754254,-0.32759126718787035,Short-term downward,Below long MA,-2.8932326216693385,True,True,False,79.6,abnormal_return
2023-03-30,MSFT,287.1205,293.1377,283.0663,287.5425,61317214,offline_fallback,-0.048459195026112956,306.822735,320.07395,353.800643,73044367.7,0.03788864900047766,-0.36017565310847477,Short-term downward,Below long MA,-1.6604416753082802,False,True,False,78.5,volatility_spike
2023-03-31,MSFT,296.1008,301.1034,293.8832,296.3724,126242721,offline_fallback,0.030708156185607294,306.85020999999995,318.784716,353.65070249999997,75851101.15,0.038474693439236596,-0.34052782713277563,Short-term downward,Below long MA,1.2323372254335216,False,True,True,76.3,volatility_spike
2023-04-03,MSFT,297.0318,300.1611,291.8796,296.0927,13794516,offline_fallback,-0.0009437450990714691,306.77763999999996,317.54452399999997,353.502226,73930711.45,0.03845795979974271,-0.341150200763893,Short-term downward,Below long MA,0.08423512494371427,False,True,False,61.9,volatility_spike
2023-04-04,MSFT,285.4956,287.0893,283.5628,286.2855,38689466,offline_fallback,-0.03312205940909707,306.128925,316.06077600000003,353.309808,75623410.95,0.039152357651845396,-0.36297266295586306,Short-term downward,Below long MA,-1.0681164848507296,False,True,False,75.8,volatility_spike
2023-04-05,MSFT,291.2028,296.8752,286.3545,291.0842,113275252,offline_fallback,0.016761938694065837,306.10087,314.836334,353.1667905,75920092.55,0.038929789974686345,-0.3522948497858852,Short-term downward,Below long MA,0.7232113087627038,False,True,False,72.0,volatility_spike
2023-04-06,MSFT,292.8926,298.5314,285.7967,291.1378,52528135,offline_fallback,0.0001841391597345865,306.16798000000006,313.933998,352.97404449999993,75713259.2,0.03889564763835117,-0.35217558190376896,Short-term downward,Below long MA,0.13255786684026247,False,True,False,63.2,volatility_spike
2023-04-07,MSFT,259.5147,260.5465,254.7116,257.4537,18648770,offline_fallback,-0.11569813332380752,304.555065,312.505178,352.71745350000003,71890152.3,0.04683918306024305,-0.4271276577990848,Short-term downward,Below long MA,-3.5407256367319433,True,True,False,84.1,abnormal_return
2023-04-10,MSFT,238.8634,242.4677,235.1337,241.2146,53729212,offline_fallback,-0.06307580741702312,301.27885499999996,310.78474400000005,352.3031645,68759044.3,0.04605039390126847,-0.46326204333028864,Short-term downward,Below long MA,-1.770125030692587,False,True,False,84.1,volatility_spike
2023-04-11,MSFT,234.2535,239.744,233.1252,236.4542,114365360,offline_fallback,-0.019735123827496315,297.06597999999997,308.918718,351.873504,67781998.9,0.04411031876183538,-0.47385463336808276,Short-term downward,Below long MA,-0.3939038380402523,False,True,False,72.2,volatility_spike
2023-04-12,MSFT,254.9687,261.2564,253.1377,255.8649,52397309,offline_fallback,0.08209073892533958,293.69910500000003,307.3692,351.5162255,64777520.85,0.048924330546234615,-0.430662971439125,Short-term downward,Below long MA,2.5954604743946397,True,True,False,84.2,abnormal_return
2023-04-13,MSFT,276.6423,279.6888,272.1859,276.559,33580985,offline_fallback,0.08087901075919368,291.583065,306.237026,351.2656045,60290297.5,0.05299860531760894,-0.38461555578054263,Short-term downward,Below long MA,2.4065227270763314,False,True,False,83.0,volatility_spike
2023-04-14,MSFT,272.5366,272.9358,265.2344,270.6092,20720813,offline_fallback,-0.02151367339338095,288.98085000000003,305.16943,351.08143950000004,56810836.95,0.05294093471520374,-0.3978547357248472,Short-term downward,Below long MA,-0.493459253943436,False,True,False,71.8,volatility_spike
2023-04-17,MSFT,271.0171,277.2849,269.2599,274.3546,13483578,offline_fallback,0.013840623304750999,286.84436500000004,304.306514,350.9570635,55066516.1,0.05309303678742585,-0.3895206699472752,Short-term downward,Below long MA,0.5013648045709412,False,True,False,72.0,volatility_spike
2023-04-18,MSFT,280.0286,282.2931,278.9281,281.621,42418779,offline_fallback,0.026485431627536027,285.11212,303.531794,350.8507625,56648852.1,0.05358304161074238,-0.37335186139113974,Short-term downward,Below long MA,0.8463974949590554,False,True,False,76.1,volatility_spike
2023-04-19,MSFT,284.6033,287.276,281.165,284.3439,119776598,offline_fallback,0.009668668174603656,284.17989,302.705832,350.79033200000003,60176848.15,0.05291722600257172,-0.36729300847669766,Short-term downward,Below long MA,0.3567602853413411,False,True,False,69.3,volatility_spike
2023-04-20,MSFT,283.1618,286.0681,281.1722,283.9807,11001964,offline_fallback,-0.0012773265049822458,282.52989,301.86001600000003,350.68138700000003,54722135.3,0.05170145134313747,-0.3681011818868579,Short-term downward,Below long MA,0.0266441605059928,False,True,False,63.8,volatility_spike
2023-04-21,MSFT,295.5344,298.0872,289.5987,294.6799,56919026,offline_fallback,0.03767579979907065,282.136365,301.000696,350.52689449999997,51207482.0,0.051548063848274525,-0.34429388852235776,Short-term downward,Below long MA,1.1051840494439202,False,True,False,77.7,volatility_spike
2023-04-24,MSFT,295.7191,299.8494,291.1847,295.2309,48023368,offline_fallback,0.0018698255293287946,281.583105,300.227142,350.3200815,51572751.3,0.05146833391780512,-0.34306783249538,Short-term downward,Below long MA,0.08438820726407463,False,True,False,64.2,volatility_spike
2023-04-25,MSFT,302.5807,303.8322,294.7144,299.8397,45689960,offline_fallback,0.015610832063987834,280.14538000000005,299.547488,350.194113,52489483.0,0.04869185656950439,-0.3328125747510339,Short-term downward,Below long MA,0.4704987789165777,False,True,False,69.8,volatility_spike
2023-04-26,MSFT,300.6431,307.5003,295.4832,301.4152,31643266,offline_fallback,0.005254474307438306,280.10683,298.874658,350.111333,53412314.6,0.04521009464313686,-0.32930685556681727,Short-term downward,Below long MA,0.17936831326287006,False,True,False,65.2,volatility_spike
2023-04-27,MSFT,304.2125,306.5326,302.7093,304.703,40328085,offline_fallback,0.010907877240430963,280.964855,298.293508,349.991634,52362858.15,0.04372607779844821,-0.3219910170813415,Short-term downward,Below long MA,0.33419308897861344,False,True,False,66.8,volatility_spike
2023-04-28,MSFT,302.8657,304.4978,298.4692,302.2566,104891836,offline_fallback,-0.008028801816851061,281.25906499999996,297.823342,349.81216700000004,51295313.9,0.04332890501502847,-0.3274346168352401,Short-term downward,Below long MA,-0.21328992896695706,False,True,False,64.9,volatility_spike
2023-05-01,MSFT,298.088,301.6316,295.2046,298.4869,127972803,offline_fallback,-0.012471853385500942,281.378775,297.436882,349.56985799999995,57004228.25,0.043445134203468176,-0.33582275368623427,Short-term downward,Below long MA,-0.3440814673741902,False,True,True,67.1,volatility_spike
2023-05-02,MSFT,306.2342,308.5608,301.9622,305.494,59978518,offline_fallback,0.023475402103074083,282.3392,297.18475,349.299871,58068680.85,0.042924097953512465,-0.3202309257613062,Short-term downward,Below long MA,0.6730745634615987,False,True,False,71.0,volatility_spike
2023-05-03,MSFT,305.1424,312.1916,299.5731,306.109,57824192,offline_fallback,0.0020131328274857196,283.09044,296.89444,348.990867,55296127.85,0.042822505661057636,-0.3188624603228466,Short-term downward,Below long MA,0.0693601777931612,False,True,False,61.7,volatility_spike
2023-05-04,MSFT,311.5574,317.3185,309.0617,309.6161,95424391,offline_fallback,0.011457030012185232,284.01435499999997,296.463606,348.68255949999997,57440940.65,0.04285202071202886,-0.3110586470883394,Short-term downward,Below long MA,0.3337676351278373,False,True,False,65.9,volatility_spike
2023-05-05,MSFT,304.4101,309.0935,297.0665,303.5955,6776270,offline_fallback,-0.019445371219390717,286.321445,295.90298,348.3323935,56847315.65,0.03297042928562047,-0.324455367444096,Short-term downward,Below long MA,-0.5239571649685624,False,True,False,66.8,volatility_spike
2023-05-08,MSFT,309.4572,315.8084,306.3564,309.1045,116362597,offline_fallback,0.018145855258065335,289.71594,295.780692,347.9614230000001,59978984.9,0.028328795285532248,-0.31219703232137364,Short-term downward,Below long MA,0.5386264826401241,False,False,False,65.3,normal
2023-05-09,MSFT,316.7938,322.0353,310.2873,316.89,15232955,offline_fallback,0.02518727485364991,293.73773,295.973034,347.61229750000007,55022364.65,0.027374447291528846,-0.29487314992929603,Short-term downward,Below long MA,0.7246615271896963,False,False,False,67.3,normal
2023-05-10,MSFT,316.1601,320.1746,313.9858,318.1934,103566677,offline_fallback,0.0041130991826816565,296.854155,296.373446,347.3251915,57580833.05,0.02243752637140483,-0.2919728932585832,Short-term upward,Below long MA,0.12421762473624741,False,False,False,54.4,normal
2023-05-11,MSFT,309.804,315.6191,307.7586,309.3398,106826111,offline_fallback,-0.02782458718502634,298.493195,296.696752,346.9871385,61243089.35,0.017230144439309016,-0.31167345521947176,Short-term upward,Below long MA,-0.7701553639229465,False,False,False,38.9,normal
2023-05-12,MSFT,314.0157,315.5798,307.1877,313.979,57290429,offline_fallback,0.014997100276136432,300.661685,297.05987400000004,346.73091650000003,63071570.15,0.01608481485755217,-0.30135055300467173,Short-term upward,Below long MA,0.4258836401636754,False,False,False,28.8,normal
2023-05-15,MSFT,303.6453,311.0609,298.3277,304.9546,68658365,offline_fallback,-0.028742049627522692,302.191685,297.208084,346.40101300000003,65830309.5,0.017925823495981527,-0.3214311700824528,Short-term upward,Below long MA,-0.8130331241088382,False,False,False,44.2,normal
2023-05-16,MSFT,309.3978,315.5439,302.9964,308.409,83642481,offline_fallback,0.011327587778639625,303.53108499999996,297.391068,346.075668,67891494.6,0.0172992931233907,-0.3137446220977129,Short-term upward,Below long MA,0.3180085061452726,False,False,False,33.1,normal
2023-05-17,MSFT,313.4357,319.4779,309.6762,313.3692,2635513,offline_fallback,0.01608318823380639,304.98235,297.825546,345.77816400000006,62034440.35,0.01745510406532875,-0.3027074476784485,Short-term upward,Below long MA,0.4483085427625857,False,False,False,35.9,normal
2023-05-18,MSFT,308.6206,312.8066,299.8075,306.3764,40050854,offline_fallback,-0.02231489246550067,306.102135,298.157162,345.4350055,63486884.85,0.01845933386264822,-0.31826745600049844,Short-term upward,Below long MA,-0.6146782332951076,False,False,False,45.7,normal
2023-05-19,MSFT,303.9667,304.4394,297.6549,302.7334,138472435,offline_fallback,-0.011890602539882278,306.50481,298.41759,345.13019849999995,67564555.3,0.01696170428928244,-0.32637366671969925,Short-term upward,Below long MA,-0.31195029937198715,False,False,True,31.6,high_volume
2023-05-22,MSFT,294.0749,299.7189,291.7012,295.3022,84526291,offline_fallback,-0.024547010670114333,306.508375,298.188858,344.803496,69389701.45,0.017931123545533254,-0.3429091795104008,Short-term upward,Below long MA,-0.6916560223961016,False,False,False,43.4,normal
2023-05-23,MSFT,290.8795,294.3272,284.475,290.7849,93552001,offline_fallback,-0.015297210789489646,306.055635,297.590322,344.4721385,71782803.5,0.017861666204960942,-0.352960836299269,Short-term upward,Below long MA,-0.43169393158290936,False,False,False,39.8,normal
2023-05-24,MSFT,285.5659,287.94,277.6659,283.3932,20436277,offline_fallback,-0.025419820630301015,305.154535,296.794138,344.09937149999996,71222454.05,0.018565096401927654,-0.36940845578132153,Short-term upward,Below long MA,-0.7266770723303732,False,False,False,49.3,normal
2023-05-25,MSFT,275.0241,279.4339,272.3275,274.8324,48438488,offline_fallback,-0.03020820541918423,303.66100500000005,295.91319,343.68926200000004,71627974.2,0.0192189846064556,-0.38845749468467994,Short-term upward,Below long MA,-0.8547148379572599,False,False,False,54.1,normal
2023-05-26,MSFT,266.6249,268.5018,265.4871,266.2495,90146204,offline_fallback,-0.031229578463092378,301.86065,294.78511000000003,343.22924,70890692.6,0.020093642490805207,-0.40755570933794083,Short-term upward,Below long MA,-0.859811908647891,False,False,False,59.0,normal
2023-05-29,MSFT,271.6101,272.2507,265.4212,269.546,107235186,offline_fallback,0.012381243908439199,300.413605,293.83434400000004,342.77716399999997,69853811.75,0.02044617713747504,-0.4002205120730916,Short-term upward,Below long MA,0.38316701525816865,False,False,False,54.9,normal
2023-05-30,MSFT,268.8523,272.0949,263.1669,270.5686,20898528,offline_fallback,0.003793786589302073,298.667335,292.920398,342.373863,67899812.25,0.019459055603829906,-0.39794507669525614,Short-term upward,Below long MA,0.13891294879563149,False,False,False,46.0,normal
2023-05-31,MSFT,274.6468,276.5789,271.4594,276.0482,8206658,offline_fallback,0.02025216525494833,297.16429500000004,292.381592,342.035582,65418935.55,0.020258941115165303,-0.3857521608959332,Short-term upward,Below long MA,0.5879141123549739,False,False,False,56.6,normal
2023-06-01,MSFT,275.1866,278.4108,272.3237,274.4659,92067304,offline_fallback,-0.0057319699965442394,295.406785,291.531296,341.6534175,65251081.2,0.019887057213114293,-0.3892730110801198,Short-term upward,Below long MA,-0.15537486686632493,False,False,False,47.9,normal
2023-06-02,MSFT,281.4429,284.4083,277.0723,281.3857,26007595,offline_fallback,0.02521187513640122,294.296295,291.108002,341.33140799999995,66212647.45,0.020764196052243812,-0.3738754384930415,Short-term upward,Below long MA,0.7141634185058221,False,False,False,60.5,normal
2023-06-05,MSFT,276.8805,278.6626,269.9147,274.9921,45112370,offline_fallback,-0.022721836966128617,292.59067500000003,290.481922,340.98153149999996,62650136.1,0.020522532994862216,-0.38810213870009136,Short-term upward,Below long MA,-0.6249494483121275,False,False,False,58.4,normal
2023-06-06,MSFT,273.2396,279.9095,272.7132,274.618,54928600,offline_fallback,-0.0013604027170235344,290.477075,289.402398,340.6038405,64634918.35,0.019243113382215495,-0.3889345662131446,Short-term upward,Below long MA,0.019303303964457844,False,False,False,42.2,normal
2023-06-07,MSFT,271.8968,276.7212,266.677,273.3273,109043121,offline_fallback,-0.004699983249459305,288.23377,288.82521999999994,340.22904800000003,64908740.55,0.019076473271020737,-0.3918065635162664,Short-term downward,Below long MA,-0.07330953995457826,False,False,False,41.8,normal
2023-06-08,MSFT,265.5069,273.2086,262.261,267.6229,88573206,offline_fallback,-0.020870216769418803,286.147925,288.426828,339.75668450000006,63996095.3,0.0187450326644671,-0.40449969237341965,Short-term downward,Below long MA,-0.5469611145039202,False,False,False,48.1,normal
2023-06-09,MSFT,264.0608,266.887,257.9487,263.2667,118695634,offline_fallback,-0.016277381345168873,283.61231,287.76471399999997,339.2912945,67066355.55,0.018102566257202683,-0.4141928779718229,Short-term downward,Below long MA,-0.39757273918949987,False,False,False,41.8,normal
2023-06-12,MSFT,260.6305,261.8108,254.0897,257.0524,133398581,offline_fallback,-0.023604580450167223,281.2172,286.983908,338.81331400000005,70303366.35,0.017836398383035048,-0.4280206093120179,Short-term downward,Below long MA,-0.6098302821132352,False,False,True,43.9,high_volume
2023-06-13,MSFT,258.1302,259.9242,256.7221,257.1769,49774745,offline_fallback,0.00048433704567640845,278.655595,286.401736,338.39896500000003,68609979.55,0.017365164759488304,-0.42774357850374445,Short-term downward,Below long MA,0.0988697277504241,False,False,False,32.8,normal
2023-06-14,MSFT,256.3103,258.6648,251.6093,253.6601,85969107,offline_fallback,-0.01367463407483327,275.67014,285.653254,337.940298,72776659.25,0.0163576618879858,-0.4355689756646792,Short-term downward,Below long MA,-0.33600216598252003,False,False,False,32.1,normal
2023-06-15,MSFT,255.1509,258.4403,250.3829,255.417,74151180,offline_fallback,0.0069261976952623705,273.12217,284.938838,337.5014595,74481675.55,0.01654112096825877,-0.4316596148047934,Short-term downward,Below long MA,0.30257687355796214,False,False,False,31.8,normal
2023-06-16,MSFT,255.6259,257.7231,252.788,256.8267,127066979,offline_fallback,0.005519209762858468,270.82683499999996,284.92629800000003,337.04967150000004,73911402.75,0.016832334390297795,-0.4285228250021973,Short-term downward,Below long MA,0.2374183522941803,False,False,True,32.4,high_volume
2023-06-19,MSFT,258.5021,261.3641,250.5318,255.8404,82807928,offline_fallback,-0.00384033280028917,268.853745,285.218814,336.575892,73825484.6,0.01639561400565297,-0.43071748754195793,Short-term downward,Below long MA,-0.0421684569316926,False,False,False,27.2,normal
2023-06-20,MSFT,252.6496,256.7999,250.9503,252.4203,17845384,offline_fallback,-0.013368099799718869,266.935515,285.53813599999995,336.0070170000001,70040153.75,0.016349957012931213,-0.43832771298273177,Short-term downward,Below long MA,-0.30570913495446367,False,False,False,31.6,normal
2023-06-21,MSFT,251.0612,254.0991,246.9806,250.8162,9462219,offline_fallback,-0.006354877163207484,265.30666499999995,285.437162,335.4108015,69491450.85,0.015759835808114374,-0.4418970713727043,Short-term downward,Below long MA,-0.1257247192367028,False,False,False,27.1,normal
2023-06-22,MSFT,255.2489,258.2932,253.2899,254.3382,80717041,offline_fallback,0.014042155171795079,264.28195500000004,284.992746,334.8447885,71105378.5,0.015276484993330708,-0.43406010344708656,Short-term downward,Below long MA,0.5456390381182279,False,False,False,31.4,normal
2023-06-23,MSFT,256.3166,258.9231,250.9722,255.2152,89616437,offline_fallback,0.0034481646878055106,263.73024,284.684866,334.2971085,71078890.15,0.013900083680475578,-0.43210864948037253,Short-term downward,Below long MA,0.19474774116911336,False,False,False,21.5,normal
2023-06-26,MSFT,253.5186,254.6038,252.0477,253.4686,38335945,offline_fallback,-0.006843636272447773,262.92637,284.26714599999997,333.713465,67633928.1,0.013510890698518286,-0.435995091325598,Short-term downward,Below long MA,-0.1638803138261748,False,False,False,20.6,normal
2023-06-27,MSFT,252.9513,255.0864,249.2979,252.1654,58069955,offline_fallback,-0.005141465254473343,262.00620999999995,283.678034,333.1855855,69492499.45,0.01342243289635342,-0.4388949029668998,Short-term downward,Below long MA,-0.12163905539196278,False,False,False,19.7,normal
2023-06-28,MSFT,259.9799,260.8603,254.3389,260.3249,135974842,offline_fallback,0.03235773028337752,261.22004499999997,283.19765399999994,332.71357950000004,75880908.65,0.01475353352024617,-0.4207388155764744,Short-term downward,Below long MA,1.1914188701304793,False,False,True,34.8,high_volume
2023-06-29,MSFT,257.0004,260.7589,255.5966,258.5507,92864361,offline_fallback,-0.006815329613110377,260.424285,282.689054,332.28067799999997,75920761.5,0.014766751193111313,-0.4246866714804014,Short-term downward,Below long MA,-0.18456318402539218,False,False,False,23.1,normal
2023-06-30,MSFT,258.09,261.2082,256.5094,257.4496,129797952,offline_fallback,-0.004258739195059369,259.22747999999996,281.944448,331.87125149999997,81110279.35,0.013203773939048985,-0.4271367809020079,Short-term downward,Below long MA,-0.18823023614113085,False,False,True,19.8,high_volume
2023-07-03,MSFT,259.6824,261.1107,255.3874,260.5803,139404625,offline_fallback,0.012160438392602169,258.50689,281.251436,331.4398989999999,85824892.1,0.012951066193229221,-0.42017051301877906,Short-term downward,Below long MA,0.4683273550196142,False,False,True,23.0,high_volume
2023-07-04,MSFT,259.2417,263.3147,255.1817,258.5631,109323214,offline_fallback,-0.00774118381166955,257.704145,280.425904,331.02587450000004,88544622.8,0.012997210734682985,-0.42465907965692684,Short-term downward,Below long MA,-0.4202987877898776,False,False,False,22.7,normal
2023-07-05,MSFT,250.4318,254.673,247.765,252.0978,7971463,offline_fallback,-0.025004728052842817,256.64267,279.439556,330.5924075,83491039.9,0.013904308113004455,-0.43904532290777765,Short-term downward,Below long MA,-1.2357022021444302,False,False,False,34.3,normal
2023-07-06,MSFT,247.4483,249.957,243.5731,248.552,13043173,offline_fallback,-0.014065176292692771,255.68912500000002,278.31653600000004,330.1146980000001,79714538.25,0.013546947983351931,-0.4469352493332903,Short-term downward,Below long MA,-0.7207030751753204,False,False,False,29.4,normal
2023-07-07,MSFT,245.3842,251.4026,241.5807,246.8264,19657410,offline_fallback,-0.006942611606424398,254.86711,277.207932,329.675055,74762627.05,0.013244710619237097,-0.45077496309037324,Short-term downward,Below long MA,-0.3253780916547648,False,False,False,23.4,normal
2023-07-10,MSFT,247.6705,252.3724,244.407,246.6157,72510492,offline_fallback,-0.0008536364019408049,254.345275,276.170508,329.229907,71718222.6,0.012340315818170352,-0.45124380157473654,Short-term downward,Below long MA,0.046012876765117526,False,False,False,17.6,normal
2023-07-11,MSFT,246.1747,247.5365,241.4214,245.6175,138850041,offline_fallback,-0.004047593077001976,253.76730500000002,274.972978,328.81504650000005,76171987.4,0.012333936053268095,-0.45346494336444454,Short-term downward,Below long MA,-0.11513214085636105,False,False,True,18.7,high_volume
2023-07-12,MSFT,240.4704,242.7721,239.0955,241.3907,68931575,offline_fallback,-0.017208871517705338,253.15383500000002,273.678612,328.37224199999997,75320110.8,0.012530367304645946,-0.4628701949340077,Short-term downward,Below long MA,-0.8813997786964664,False,False,False,30.0,normal
2023-07-13,MSFT,241.6311,244.8288,239.4741,241.8036,74752338,offline_fallback,0.0017105050028853874,252.47316499999997,272.322362,327.943958,75350168.7,0.012379382723029774,-0.46195143171524355,Short-term downward,Below long MA,0.256189508661499,False,False,False,21.6,normal
2023-07-14,MSFT,244.8219,245.9561,242.6978,244.8406,52299367,offline_fallback,0.012559779920563674,251.87386,271.147264,327.50017649999995,71611788.1,0.012719712864769516,-0.4551936601110126,Short-term downward,Below long MA,0.9783240748971819,False,False,False,31.0,normal
2023-07-17,MSFT,241.6164,243.4875,238.022,239.2901,34602558,offline_fallback,-0.022669851323677492,251.04634500000003,269.75097600000004,327.0301965,69201519.6,0.01351114698637478,-0.4675443388364928,Short-term downward,Below long MA,-1.2024763789224548,False,False,False,34.5,normal
2023-07-18,MSFT,247.9007,252.7478,247.5198,248.5596,11642445,offline_fallback,0.03873749896046674,250.85331000000002,268.38436800000005,326.5915235,68891372.65,0.01621157504757468,-0.44691833821567684,Short-term downward,Below long MA,2.4868620186155304,False,False,False,46.1,normal
2023-07-19,MSFT,242.4364,244.2279,238.9752,243.8659,117936660,offline_fallback,-0.018883599748309776,250.50579500000003,266.89781800000003,326.08475849999996,74315094.7,0.01667908262938437,-0.45736251094494207,Short-term downward,Below long MA,-0.9189938511872057,False,False,False,41.9,normal
2023-07-20,MSFT,251.4787,254.6839,249.9291,250.9211,122868921,offline_fallback,0.02893065410129081,250.33494000000002,265.72944399999994,325.614612,76422688.7,0.017699639820698197,-0.4416636534466972,Short-term downward,Below long MA,1.8528607171624392,False,False,False,52.8,normal
2023-07-21,MSFT,254.7356,259.0563,251.0867,257.3673,25712049,offline_fallback,0.02569014722157692,250.44254500000002,264.59721,325.134087,73227469.3,0.018636607620419965,-0.4273199105045855,Short-term downward,Below long MA,1.5976031303928582,False,False,False,57.2,normal
2023-07-24,MSFT,263.6039,268.9188,261.9111,263.2813,14258906,offline_fallback,0.022978832198185195,250.93318,263.76374400000003,324.659238,72023617.35,0.019195748307850626,-0.4141603908248287,Short-term downward,Below long MA,1.39071050910822,False,False,False,58.3,normal
2023-07-25,MSFT,267.8615,270.4792,265.2243,268.0458,64094872,offline_fallback,0.018096613773936898,251.72720000000004,262.95648,324.177149,72324863.2,0.019437740502704207,-0.40355867768411147,Short-term downward,Below long MA,1.1304878004414378,False,False,False,58.7,normal
2023-07-26,MSFT,259.8293,267.9405,257.7718,262.7595,71537376,offline_fallback,-0.01972162966179658,251.84893000000002,261.944286,323.6909715,69102989.9,0.018809446979456725,-0.4153214725578177,Short-term downward,Below long MA,-0.966800297408581,False,False,False,53.5,normal
2023-07-27,MSFT,258.1945,261.3806,253.1765,259.859,88202049,offline_fallback,-0.011038611353728522,251.914345,261.013938,323.1820575,68869874.3,0.018920838036782944,-0.4217755115891222,Short-term downward,Below long MA,-0.4632358146014,False,False,False,47.6,normal
2023-07-28,MSFT,264.2904,267.7472,261.2728,263.0065,39471791,offline_fallback,0.012112337844754517,252.19219000000004,260.2194,322.6826535,64353566.25,0.019061310299084738,-0.41477186123537935,Short-term downward,Below long MA,0.8041483533223457,False,False,False,52.6,normal
2023-07-31,MSFT,260.05,261.5895,254.2711,258.8404,46912541,offline_fallback,-0.01584029292051725,252.105195,259.490164,322.1367365,59728962.05,0.019244430391324376,-0.4240420463787401,Short-term downward,Below long MA,-0.7359505460798434,False,False,False,53.9,normal
2023-08-01,MSFT,263.6048,267.6482,259.8794,262.6013,9029141,offline_fallback,0.014529802921027679,252.307105,258.926492,321.57084499999996,54714258.4,0.01942615328181667,-0.4156734908218247,Short-term downward,Below long MA,1.0011451005861085,False,False,False,57.5,normal
2023-08-02,MSFT,256.3707,262.7186,255.6625,257.7319,42834963,offline_fallback,-0.018542939429469607,252.58881000000002,258.413266,320.94487300000003,56457433.4,0.019021217079165004,-0.4265086218885491,Short-term downward,Below long MA,-0.8641943111330981,False,False,False,53.5,normal
2023-08-03,MSFT,252.0435,257.625,247.2769,252.2335,42543409,offline_fallback,-0.021333796864105747,252.772885,257.96128799999997,320.2681055,57932445.2,0.019395530036267587,-0.4387433704524948,Short-term downward,Below long MA,-1.0370328596792138,False,False,False,58.5,normal
2023-08-04,MSFT,251.1099,255.2945,246.4154,252.8659,121280851,offline_fallback,0.0025072006692212767,253.07486,257.693616,319.6113265,63013617.25,0.019308994944314237,-0.43733618745528846,Short-term downward,Below long MA,0.3447205745318436,False,False,False,49.6,normal
2023-08-07,MSFT,251.9493,252.2405,245.8482,250.779,99586196,offline_fallback,-0.008252991012232203,253.283025,257.31827599999997,318.958632,64367402.45,0.019424698834262847,-0.4419798468431283,Short-term downward,Below long MA,-0.3026072643191145,False,False,False,50.0,normal
2023-08-08,MSFT,250.9223,257.7934,246.403,252.623,95355741,offline_fallback,0.0073530877784822035,253.63329999999996,256.95936400000005,318.29625,62192687.45,0.019435571375374005,-0.4378766756748037,Short-term downward,Below long MA,0.621877284193648,False,False,False,54.6,normal
2023-08-09,MSFT,250.2794,255.1423,247.5136,250.1647,37556297,offline_fallback,-0.009731101285314403,254.07199999999997,256.441694,317.6595505,60623923.55,0.019124420282617422,-0.4433467546786498,Short-term downward,Below long MA,-0.36513155946254505,False,False,False,48.9,normal
2023-08-10,MSFT,244.0649,247.7038,241.2908,243.224,13128946,offline_fallback,-0.02774452190896648,254.14301999999998,255.816856,316.9978405,57542753.95,0.020245879906984038,-0.45879083283916533,Short-term downward,Below long MA,-1.424224906043973,False,False,False,66.4,normal
2023-08-11,MSFT,247.0396,250.2897,244.4177,245.4103,80970418,offline_fallback,0.008988833338815283,254.17150499999997,255.09734799999998,316.34884700000003,58976306.5,0.02014932123196085,-0.45392599383411747,Short-term downward,Below long MA,0.7290998604044663,False,False,False,60.0,normal
2023-08-14,MSFT,240.5401,241.1141,239.6987,240.0835,25131858,offline_fallback,-0.02170569042945636,254.211175,254.399176,315.65595749999994,58502771.5,0.02009252500915684,-0.4657789071635272,Short-term downward,Below long MA,-1.0907852515920529,False,False,False,63.5,normal
2023-08-15,MSFT,239.9488,240.6131,237.3724,238.6123,68983859,offline_fallback,-0.006127868012587245,253.71381000000002,253.679062,314.93448,61369842.2,0.0179748095800922,-0.46905254350996917,Short-term upward,Below long MA,-0.1771442992463917,False,False,False,40.3,normal
2023-08-16,MSFT,245.1847,250.3272,239.5652,244.0031,52826254,offline_fallback,0.022592297211836865,253.72066999999998,253.09257800000003,314.27815050000004,58114321.9,0.018300276628223686,-0.4570572207690776,Short-term upward,Below long MA,1.479013726764335,False,False,False,56.0,normal
2023-08-17,MSFT,250.0293,251.4115,249.5808,250.7391,102208234,offline_fallback,0.02760620664245672,253.71157,252.75490200000002,313.6316,57081287.55,0.018192870134244282,-0.44206863021059906,Short-term upward,Below long MA,1.7158144689115993,False,False,False,55.5,normal
2023-08-18,MSFT,247.1885,253.3845,241.824,248.5615,131691474,offline_fallback,-0.008684724480545802,253.27128000000002,252.46079799999998,313.0374235,62380258.8,0.017249399407171566,-0.4469141104362735,Short-term upward,Below long MA,-0.4658864325256265,False,False,True,38.6,high_volume
2023-08-21,MSFT,245.9486,252.1668,243.7692,247.2683,106840136,offline_fallback,-0.005202736546086162,252.47062999999997,252.26511599999998,312.4563995,67009320.3,0.01625869834744225,-0.4497916706070312,Short-term upward,Below long MA,-0.23790347376530674,False,False,False,31.0,normal
2023-08-22,MSFT,247.7522,249.226,246.1946,247.596,125127047,offline_fallback,0.0013252810813193516,251.44813999999997,252.073498,311.845422,70060929.05,0.015529092483375967,-0.44906248991730235,Short-term downward,Below long MA,0.1631831677900112,False,False,False,27.5,normal
2023-08-23,MSFT,248.6688,252.1738,245.6643,251.7872,32334252,offline_fallback,0.016927575566648922,250.89952499999998,252.03603999999999,311.26376500000003,68100772.85,0.01571827518439284,-0.43973645358287616,Short-term downward,Below long MA,1.124251883394625,False,False,False,39.7,normal
2023-08-24,MSFT,261.5911,264.5408,252.6501,258.1313,129769208,offline_fallback,0.025196276856011668,250.81314000000003,252.09032600000003,310.69824700000004,70179130.8,0.016681953151085657,-0.4256198981550193,Short-term downward,Below long MA,1.5665546992161599,False,False,True,44.7,high_volume
2023-08-25,MSFT,257.8733,263.2959,253.7658,257.028,80862197,offline_fallback,-0.004274181395282128,250.51421499999998,252.094352,310.042265,72248651.1,0.016446080246648644,-0.4280749029001454,Short-term downward,Below long MA,-0.17771588778694414,False,False,False,29.6,normal
2023-08-28,MSFT,255.2822,256.1793,253.2806,254.6765,42886452,offline_fallback,-0.009148808690103816,250.30602,252.071074,309.380366,72047346.65,0.016194873720180324,-0.433307336198581,Short-term downward,Below long MA,-0.497050538892339,False,False,False,33.7,normal
2023-08-29,MSFT,250.9594,255.0288,245.7342,251.2808,58716520,offline_fallback,-0.013333385687332777,249.739995,252.04828400000002,308.70641750000004,74531715.6,0.016014491476181066,-0.44086326805122733,Short-term downward,Below long MA,-0.7411984358201484,False,False,False,37.0,normal
2023-08-30,MSFT,249.4638,253.3307,246.2566,249.295,36624925,offline_fallback,-0.007902712821672098,249.31814999999997,252.01786,308.0936205,74221213.7,0.015610412830149427,-0.4452819650718667,Short-term downward,Below long MA,-0.4015550899085255,False,False,False,31.2,normal
2023-08-31,MSFT,254.7881,255.1242,250.5176,253.6248,15848960,offline_fallback,0.017368178262700873,249.38771500000001,252.003592,307.48984099999996,72886491.25,0.015426244849117293,-0.4356475233556998,Short-term downward,Below long MA,1.122524531624388,False,False,False,38.4,normal
2023-09-01,MSFT,245.668,247.0583,240.9153,245.8185,58136803,offline_fallback,-0.030778930136169613,249.035345,251.815658,306.7976465,69729288.85,0.01690980278114748,-0.45301768880650906,Short-term downward,Below long MA,-1.8046000714202548,False,False,False,48.0,normal
2023-09-04,MSFT,238.2189,241.812,236.2589,239.3208,26837752,offline_fallback,-0.026432916969227338,248.462435,251.532702,306.064503,66091866.65,0.017771259659260664,-0.4674760268219226,Short-term downward,Below long MA,-1.5318371662706936,False,False,False,52.9,normal
2023-09-05,MSFT,231.6062,233.3129,227.6247,229.9474,104908776,offline_fallback,-0.03916667502365023,247.32865500000003,251.088342,305.28009099999997,66569518.4,0.01942455675465757,-0.48833322022169146,Short-term downward,Below long MA,-2.1673168985011713,False,False,False,65.6,normal
2023-09-06,MSFT,229.0331,231.4692,228.3862,229.5193,125083961,offline_fallback,-0.0018617301174094214,246.29638500000001,250.47223000000002,304.3889005,70945901.6,0.01939293832221583,-0.4892858056756826,Short-term downward,Below long MA,-0.01985794343614225,False,False,False,46.8,normal
2023-09-07,MSFT,233.6273,234.4251,230.1865,232.8074,30939174,offline_fallback,0.014326028355785336,245.775555,249.95736399999998,303.5064685,71836413.0,0.018972430336291788,-0.48196929964609037,Short-term downward,Below long MA,0.9090493909030409,False,False,False,56.0,normal
2023-09-08,MSFT,231.4869,234.8535,227.5856,231.4559,48112238,offline_fallback,-0.005805227840695704,245.077835,249.43749,302.6096515,70193504.0,0.01880854043710789,-0.48497658589011994,Short-term downward,Below long MA,-0.24419004652730605,False,False,False,47.1,normal
2023-09-11,MSFT,226.0218,228.2306,225.0841,226.6966,19663300,offline_fallback,-0.020562448397297373,244.40848999999997,248.759816,301.683279,69920076.1,0.01874955721053283,-0.49556672826615433,Short-term downward,Below long MA,-1.0714269510377428,False,False,False,58.1,normal
2023-09-12,MSFT,223.5121,229.2983,221.3599,226.2447,137872048,offline_fallback,-0.0019934132227832357,243.79011,248.11344799999998,300.790502,73364485.55,0.01873252409025924,-0.4965722722200404,Short-term downward,Below long MA,-0.018339836689318358,False,False,True,43.7,high_volume
2023-09-13,MSFT,227.8099,231.6714,222.7854,226.412,31502769,offline_fallback,0.0007394648360823375,242.91055500000002,247.59973200000002,299.869285,72298311.3,0.0178069457138105,-0.49620000511783824,Short-term downward,Below long MA,0.1321072837234983,False,False,False,39.6,normal
2023-09-14,MSFT,227.8883,232.6231,223.0953,229.1984,95257826,offline_fallback,0.012306768192498652,241.83352,247.21266,298.9125625,71950790.9,0.016690172325389826,-0.48999985536544144,Short-term downward,Below long MA,0.8005467737357289,False,False,False,42.2,normal
2023-09-15,MSFT,229.8857,234.0134,224.4808,229.4135,11184958,offline_fallback,0.0009384882267939876,240.87612,246.86440199999998,297.9137945,65925465.1,0.016697278444689635,-0.4895212262340387,Short-term downward,Below long MA,0.14792297064653354,False,False,False,32.8,normal
2023-09-18,MSFT,224.5061,226.199,220.7685,225.2724,106930529,offline_fallback,-0.018050812179754017,239.77632499999999,246.437536,296.8598905,65929984.75,0.01699586948847362,-0.49873578270103924,Short-term downward,Below long MA,-0.9299034984017721,False,False,False,45.7,normal
2023-09-19,MSFT,227.2954,231.8408,224.3418,226.0712,19123624,offline_fallback,0.0035459292838360135,238.70008500000003,246.04661,295.837104,60629813.6,0.01704317922874028,-0.4969583352339798,Short-term downward,Below long MA,0.2985303664441718,False,False,False,37.5,normal
2023-09-20,MSFT,232.5128,233.667,230.1041,232.1777,48705254,offline_fallback,0.027011401717688788,237.71960999999996,245.86235,294.861205,61448363.7,0.017837892732949074,-0.48337047474624983,Short-term downward,Below long MA,1.662477945553977,False,False,False,54.4,normal
2023-09-21,MSFT,227.1945,232.8053,226.224,228.6884,29562619,offline_fallback,-0.015028575095713315,236.24746499999998,245.600046,293.7576045,56438034.25,0.016610801411710792,-0.4911346803631885,Short-term downward,Below long MA,-0.7557452122064161,False,False,False,41.4,normal
2023-09-22,MSFT,229.2375,234.0149,226.5231,229.5504,78910754,offline_fallback,0.0037693210499527563,234.873585,245.29424200000003,292.7063365,56340462.1,0.01674916593613246,-0.4892166036022906,Short-term downward,Below long MA,0.3180200735530631,False,False,False,35.7,normal
2023-09-25,MSFT,231.9723,235.8472,229.5747,229.8882,62895962,offline_fallback,0.0014715722560274536,233.63416999999998,245.106204,291.7098,57340937.6,0.016795785505032405,-0.4884649489273122,Short-term downward,Below long MA,0.19716456249374925,False,False,False,34.1,normal
2023-09-26,MSFT,230.3212,233.5857,225.7581,229.7711,79746065,offline_fallback,-0.0005093780368022882,232.55868500000003,244.73043399999997,290.7124365,58392414.85,0.016704315315559132,-0.48872551364738315,Short-term downward,Below long MA,0.07576226912560043,False,False,False,31.4,normal
2023-09-27,MSFT,220.9777,223.4397,214.5326,219.2846,91956084,offline_fallback,-0.045638898886761536,231.058165,244.23880800000003,289.71898799999997,61158972.8,0.019089883781030628,-0.5120595182334112,Short-term downward,Below long MA,-2.4226143472135875,False,False,False,65.4,normal
2023-09-28,MSFT,223.4183,226.1725,221.5054,223.0384,123352367,offline_fallback,0.01711839317489683,229.528845,243.68115400000002,288.7891445,66534143.15,0.019073715888235795,-0.5037067612205821,Short-term downward,Below long MA,1.0396062542926254,False,False,False,59.7,normal
2023-09-29,MSFT,221.467,223.5237,216.0364,219.4314,63052396,offline_fallback,-0.01617210309973527,228.20949000000002,242.92243599999998,287.893859,66779922.8,0.018350184259959178,-0.5117328666458245,Short-term downward,Below long MA,-0.7928211324020858,False,False,False,54.0,normal
2023-10-02,MSFT,217.4555,223.1349,215.6593,218.4909,19900999,offline_fallback,-0.004286077562281387,227.16799499999996,242.02662800000002,287.034615,66433085.15,0.017676340066667788,-0.5138256174504933,Short-term downward,Below long MA,-0.13411173672398674,False,False,False,40.2,normal
2023-10-03,MSFT,211.2869,215.4658,206.3915,210.3652,28823953,offline_fallback,-0.03719010723101068,226.18888499999997,240.87301600000004,286.1411065,62628844.0,0.01747607539739687,-0.5319064948704798,Short-term downward,Below long MA,-1.860279002124818,False,False,False,55.7,normal
2023-10-04,MSFT,206.23,206.5452,202.8152,206.0465,57166208,offline_fallback,-0.02052953625409515,225.015245,239.738756,285.1993415,59232956.35,0.01783420635768678,-0.5415162374543427,Short-term downward,Below long MA,-0.9637417702018392,False,False,False,53.6,normal
2023-10-05,MSFT,199.6409,201.3619,196.7902,199.7898,110486579,offline_fallback,-0.030365475754259297,223.364365,238.537372,284.220447,63210326.6,0.018053835366812845,-0.5554383150296445,Short-term downward,Below long MA,-1.4343727729774816,False,False,False,59.5,normal
2023-10-06,MSFT,197.7373,201.1057,194.9518,198.8386,127702938,offline_fallback,-0.004761003815009546,221.7335,237.254014,283.2083955,67189861.6,0.018060386214643932,-0.5575548749077954,Short-term downward,Below long MA,-0.07779405934156508,False,False,True,44.2,high_volume
2023-10-09,MSFT,198.6843,202.5814,196.5115,200.7736,108894765,offline_fallback,0.0097315108837015,220.43735,236.09267799999998,282.21945150000005,71651434.85,0.0181692203980481,-0.5532492153575199,Short-term downward,Below long MA,0.6611152932858474,False,False,False,53.4,normal
2023-10-10,MSFT,201.353,204.292,197.375,200.9876,73913848,offline_fallback,0.0010658771870404316,219.17449499999998,234.860404,281.326512,68453524.85,0.01821660897974919,-0.5527730338878771,Short-term downward,Below long MA,0.24552903674968138,False,False,False,48.1,normal
2023-10-11,MSFT,201.8539,205.5716,198.9565,201.5483,103648089,offline_fallback,0.0027897243412031703,217.93131,233.73673200000002,280.4622395,72060790.85,0.018260716221560662,-0.5515253939344716,Short-term downward,Below long MA,0.3226672528155759,False,False,False,49.3,normal
2023-10-12,MSFT,201.0055,203.9399,199.7972,202.5215,135246814,offline_fallback,0.00482861924412159,216.597465,232.74249200000003,279.6604275,74060240.25,0.017947794869555313,-0.5493598808211237,Short-term downward,Below long MA,0.47051217728932243,False,False,True,49.1,high_volume
2023-10-13,MSFT,204.9963,206.6352,203.6758,205.4642,2307055,offline_fallback,0.014530309127672947,215.4,231.79445799999996,278.8651835,73616345.1,0.01847446671990748,-0.5428119405841234,Short-term downward,Below long MA,1.0503753602236627,False,False,False,59.2,normal
2023-10-16,MSFT,206.2412,208.6172,201.8862,206.2128,4065422,offline_fallback,0.003643457108342796,214.44701999999998,230.90313400000002,278.056129,68473089.75,0.01832475268347427,-0.5411461954991951,Short-term downward,Below long MA,0.4467676566669237,False,False,False,50.6,normal
2023-10-17,MSFT,208.7756,212.6669,208.0478,208.3201,115884424,offline_fallback,0.010219055267180366,213.559465,230.01707599999997,277.277266,73311129.75,0.0185337082917425,-0.5364571431114453,Short-term downward,Below long MA,0.8500656819668717,False,False,False,57.3,normal
2023-10-18,MSFT,204.2552,206.1859,199.832,204.8567,108218851,offline_fallback,-0.016625376043886364,212.19341500000002,229.110916,276.4855775,76286809.6,0.01722355040329059,-0.544163717419675,Short-term downward,Below long MA,-0.7538988610039307,False,False,False,47.6,normal
2023-10-19,MSFT,206.4259,209.351,203.0749,206.8958,117089240,offline_fallback,0.009953787208326625,211.10378499999996,228.384352,275.68379200000004,80663140.65,0.017446170789416855,-0.5396264200610358,Short-term downward,Below long MA,0.8091310160263564,False,False,False,49.3,normal
2023-10-20,MSFT,204.5548,207.1648,200.2945,204.2337,44697151,offline_fallback,-0.012866863416270413,209.83795,227.56082000000004,274.8293595,78952460.5,0.01741025189748125,-0.5455499840345699,Short-term downward,Below long MA,-0.5260491940655416,False,False,False,46.0,normal
2023-10-23,MSFT,204.1454,205.1469,203.1861,204.1362,51760992,offline_fallback,-0.00047739427920068245,208.55034999999998,226.841874,273.999319,78395712.0,0.0173735343304633,-0.5457669358723745,Short-term downward,Below long MA,0.20012929400626725,False,False,False,41.2,normal
2023-10-24,MSFT,194.0388,197.3586,190.9086,195.25,97946295,offline_fallback,-0.04353074075053809,206.82429499999998,225.97462800000002,273.09380550000003,79305723.5,0.01924906430229855,-0.5655400376272367,Short-term downward,Below long MA,-2.2460442687886926,False,False,False,70.1,normal
2023-10-25,MSFT,194.0892,194.658,190.1742,193.5044,120796859,offline_fallback,-0.008940332906530069,205.53528500000002,224.96465399999997,272.1961195,80747762.25,0.017093530901615316,-0.5694242543254078,Short-term downward,Below long MA,-0.2516926638763636,False,False,False,42.0,normal
2023-10-26,MSFT,195.0597,197.6834,193.4056,195.5231,32138359,offline_fallback,0.010432320918800864,204.15952,223.860334,271.2790035,76187061.85,0.016675962207273187,-0.5649323499666784,Short-term downward,Below long MA,0.8476074708205593,False,False,False,47.5,normal
2023-10-27,MSFT,195.1632,198.3467,191.3793,194.7971,123528160,offline_fallback,-0.0037131162507141324,202.927805,222.785046,270.4488185,79210850.05,0.016524807989934352,-0.5665478067281772,Short-term downward,Below long MA,0.02807977358415939,False,False,False,35.1,normal
2023-10-30,MSFT,191.1484,194.0442,187.5057,190.7478,44716268,offline_fallback,-0.020787270447044537,201.54065,221.65463600000004,269.612046,80451613.5,0.01685366958190242,-0.5755580946955832,Short-term downward,Below long MA,-0.9505092258097092,False,False,False,50.8,normal
2023-10-31,MSFT,194.0731,196.1066,189.3068,193.4733,10859670,offline_fallback,0.01428850031297868,200.696055,220.572182,268.777048,79553399.35,0.015841318753911832,-0.5694934563987998,Short-term downward,Below long MA,1.0711854999503645,False,False,False,47.3,normal
2023-11-01,MSFT,187.995,192.399,185.0044,188.66,123198929,offline_fallback,-0.024878368229621306,199.82673,219.309638,267.9588165,82855035.4,0.016106962950308928,-0.580203756715772,Short-term downward,Below long MA,-1.1601858334383486,False,False,False,49.7,normal
2023-11-02,MSFT,187.6608,188.2356,187.2316,187.7896,18785644,offline_fallback,-0.00461359058623978,199.22672,217.902804,267.21649149999996,78269988.65,0.014895069380990285,-0.5821405247119269,Short-term downward,Below long MA,-0.026629473319968965,False,False,False,30.7,normal
2023-11-03,MSFT,188.1003,191.9583,183.8739,187.2451,108530935,offline_fallback,-0.002899521592250043,198.647045,216.507146,266.5082435,77311388.5,0.014889205971437707,-0.5833521172830509,Short-term downward,Below long MA,0.08455037096091347,False,False,False,31.6,normal
2023-11-06,MSFT,183.23,189.045,182.7788,185.8356,14515490,offline_fallback,-0.007527566809491959,197.900145,215.13032800000002,265.80124,72592424.75,0.01461669206836933,-0.5864884620562362,Short-term downward,Below long MA,-0.2003105729503248,False,False,False,32.8,normal
2023-11-07,MSFT,188.5983,193.4126,187.9105,189.2746,42471799,offline_fallback,0.018505603877836174,197.314495,213.89020399999998,265.0988355,71020322.3,0.015417705620790234,-0.578836181336134,Short-term downward,Below long MA,1.2854397975675915,False,False,False,48.4,normal
2023-11-08,MSFT,183.9651,188.2171,180.3679,185.8161,10897940,offline_fallback,-0.018272393654510388,196.527885,212.620626,264.361212,66382814.85,0.015726045813797874,-0.586531852423797,Short-term downward,Below long MA,-0.8154845049702357,False,False,False,46.1,normal
2023-11-09,MSFT,189.9816,192.7597,186.8689,190.258,39315819,offline_fallback,0.02390481772031605,195.91471,211.35329,263.6466635,61586265.1,0.01682570103923475,-0.5766479717228312,Short-term downward,Below long MA,1.676028602193969,False,False,False,55.1,normal
2023-11-10,MSFT,194.2468,197.2693,191.1934,194.5048,12637467,offline_fallback,0.022321269013654943,195.36674,210.32701600000001,262.9992425,62102785.7,0.01733498293316112,-0.5671982172121801,Short-term downward,Below long MA,1.5214212631031387,False,False,False,56.3,normal
2023-11-13,MSFT,196.2508,198.657,193.6853,195.6642,136524004,offline_fallback,0.005960778345829976,194.83931,209.453884,262.3900615,68725714.8,0.01738653006038058,-0.5646183817173018,Short-term downward,Below long MA,0.5609878174576998,False,False,True,48.0,high_volume
2023-11-14,MSFT,198.5996,199.4998,197.106,197.3145,135256667,offline_fallback,0.00843434823539524,194.28903,208.80122599999999,261.774849,69694326.95,0.01732239867712185,-0.5609462215334156,Short-term downward,Below long MA,0.6947179447369436,False,False,True,49.0,high_volume
2023-11-15,MSFT,194.5243,195.793,194.0319,194.815,6853868,offline_fallback,-0.012667594120047032,193.786945,208.10714,261.120714,64626077.8,0.017175321596040103,-0.5665079765959034,Short-term downward,Below long MA,-0.49734989205648483,False,False,False,45.6,normal
2023-11-16,MSFT,193.5149,194.4716,190.0401,192.145,39119359,offline_fallback,-0.013705310166054918,193.049405,207.29389200000003,260.45008149999995,60727583.75,0.0170965228113461,-0.5724491192311671,Short-term downward,Below long MA,-0.5322515996472763,False,False,False,46.4,normal
2023-11-17,MSFT,193.0444,196.8574,190.8595,194.066,81583682,offline_fallback,0.009997658018683797,192.54101999999997,206.54609399999998,259.73218199999997,62571910.3,0.017204957466574574,-0.5681746117396533,Short-term downward,Below long MA,0.8596964691304022,False,False,False,50.6,normal
2023-11-20,MSFT,195.6735,196.6025,194.8064,195.2619,30973113,offline_fallback,0.006162336524687451,192.097305,205.91740000000001,259.0389485,61532516.35,0.017307931013140192,-0.5655135583772892,Short-term downward,Below long MA,0.6160135413009515,False,False,False,48.4,normal
2023-11-21,MSFT,200.2508,200.676,198.5437,199.4832,82382606,offline_fallback,0.021618656788651602,192.308965,205.38217,258.3672525,60754331.9,0.015083098446947472,-0.5561205451165254,Short-term downward,Below long MA,1.4694162977881113,False,False,False,45.6,normal
2023-11-22,MSFT,199.7106,200.8707,196.9942,198.5498,54902069,offline_fallback,-0.004679090770551175,192.561235,204.824926,257.684718,57459592.4,0.01496221234917334,-0.5581974973771079,Short-term downward,Below long MA,-0.06041658135418348,False,False,False,29.2,normal
2023-11-23,MSFT,198.6842,201.9941,196.0397,200.9911,60812754,offline_fallback,0.012295655800207195,192.834635,204.26077999999998,257.020871,58893312.15,0.015027114025645525,-0.5527652458731867,Short-term downward,Below long MA,0.9354557832854836,False,False,False,41.6,normal
2023-11-24,MSFT,198.0189,198.5608,194.6241,196.6091,139257545,offline_fallback,-0.02180196038531046,192.925235,203.60469200000003,256.375092,59679781.4,0.015876917390590703,-0.5625158402655935,Short-term downward,Below long MA,-1.0771858908566525,False,False,True,46.8,high_volume
2023-11-27,MSFT,200.1932,202.3046,195.4632,199.1632,117584248,offline_fallback,0.012990751699692327,193.346005,203.08250800000002,255.78185850000003,63323180.4,0.015268957139911637,-0.5568325921739353,Short-term downward,Below long MA,0.9477675110800143,False,False,False,43.0,normal
2023-11-28,MSFT,200.8818,205.3227,197.3478,201.7127,105779228,offline_fallback,0.01280105963350664,193.75797500000002,202.595338,255.19991900000002,68069158.3,0.015210857335923287,-0.5511595797587272,Short-term downward,Below long MA,0.9160359863124471,False,False,False,42.0,normal
2023-11-29,MSFT,204.2818,208.0937,201.2785,204.8843,101068607,offline_fallback,0.01572335306601902,194.56919,202.04947,254.621218,66962642.2,0.014073985893793075,-0.5441023033609733,Short-term downward,Below long MA,1.067561249270661,False,False,False,38.6,normal
2023-11-30,MSFT,200.8999,206.2829,197.4255,201.9852,128125467,offline_fallback,-0.014149937306079607,195.27897,201.515406,253.97535499999998,72429633.35,0.014543007034495768,-0.5505532271864018,Short-term downward,Below long MA,-0.7305657407071481,False,False,True,37.0,high_volume
2023-12-01,MSFT,196.7474,198.2192,195.987,197.8971,129514095,offline_fallback,-0.020239601713392896,195.81157000000002,200.88234,253.3067065,73478791.35,0.015448991357596241,-0.5596498508595187,Short-term downward,Below long MA,-1.0785887590941174,False,False,True,45.3,high_volume
2023-12-04,MSFT,197.8626,199.2397,193.9894,196.8381,3386095,offline_fallback,-0.005351265885149337,196.361695,200.221338,252.71480250000002,72922321.6,0.01537930764891663,-0.5620062815901345,Short-term downward,Below long MA,-0.19208751498640989,False,False,False,33.9,normal
2023-12-05,MSFT,196.0861,201.3915,192.7396,197.1649,101369501,offline_fallback,0.0016602476857885407,196.75621,199.569214,252.1642625,75867206.7,0.014939998796754594,-0.5612791035327547,Short-term downward,Below long MA,0.23407885047124138,False,False,False,32.4,normal
2023-12-06,MSFT,199.9881,204.9695,199.4159,201.1025,127305292,offline_fallback,0.019971100332767167,197.52053,199.205572,251.678911,81687574.3,0.014632772301534445,-0.5525173644913258,Short-term downward,Below long MA,1.3171125217628084,False,False,True,42.5,high_volume
2023-12-07,MSFT,204.9561,208.0584,201.9839,204.5082,72386709,offline_fallback,0.016935145013115216,198.23304,198.834968,251.23557950000003,83341118.8,0.014212298563336095,-0.5449391811681354,Short-term downward,Below long MA,1.1238344159357447,False,False,False,39.5,normal
2023-12-08,MSFT,205.1687,205.8953,200.7728,205.155,3065411,offline_fallback,0.00316270936813301,198.76555000000002,198.54944,250.78224000000003,82862516.0,0.01352096913575119,-0.5434999560533457,Short-term upward,Below long MA,0.2935705059220267,False,False,False,28.2,normal
2023-12-11,MSFT,197.2401,198.7679,193.8762,195.7031,109042244,offline_fallback,-0.04607199434573861,198.767495,198.093684,250.27303500000002,81488428.0,0.01733879508141201,-0.5645318234968854,Short-term upward,Below long MA,-2.510059417674165,True,False,False,58.2,abnormal_return
2023-12-12,MSFT,202.7462,205.5845,200.7613,203.0211,134138685,offline_fallback,0.037393378030291746,199.052825,197.946802,249.7918415,81432528.9,0.019178249977076775,-0.5482481973527426,Short-term upward,Below long MA,2.1437400031128653,False,False,True,67.6,high_volume
2023-12-13,MSFT,209.7043,210.7321,206.233,208.8433,86865968,offline_fallback,0.028677807380612208,199.75424,198.00273800000002,249.37783149999998,85433133.9,0.019778090200240295,-0.5352929461725802,Short-term upward,Below long MA,1.6592213918652734,False,False,False,68.9,normal
2023-12-14,MSFT,211.1347,212.0087,207.0858,211.127,56146775,offline_fallback,0.010934992887011497,200.70334,198.229482,248.9844885,86284504.7,0.019402697313131826,-0.5302113778444333,Short-term upward,Below long MA,0.663743239221634,False,False,False,59.4,normal
2023-12-15,MSFT,216.0072,220.3894,213.2235,214.345,13668793,offline_fallback,0.015242010732876343,201.71729,198.53960999999998,248.60765350000003,82888760.25,0.01951033227748522,-0.523050854623355,Short-term upward,Below long MA,0.8840442311908798,False,False,False,62.6,normal
2023-12-18,MSFT,215.8229,219.6297,212.9647,215.2286,65445377,offline_fallback,0.004122326156430045,202.715625,198.82871000000003,248.15010250000003,84612373.45,0.019510169581346725,-0.5210847146860818,Short-term upward,Below long MA,0.2753170271855458,False,False,False,54.3,normal
2023-12-19,MSFT,217.3842,220.7654,215.5911,216.1291,121796736,offline_fallback,0.004183923512024013,203.54792,199.13154000000003,247.62718950000001,86583079.95,0.01911699319223611,-0.5190809697635892,Short-term upward,Below long MA,0.27423455086186593,False,False,False,51.4,normal
2023-12-20,MSFT,216.3691,219.7632,213.0075,216.4642,59339217,offline_fallback,0.00155046220060151,204.44364,199.429858,247.0934985,86804937.35,0.019015360532110306,-0.5183353229856578,Short-term upward,Below long MA,0.09289535440460003,False,False,False,47.3,normal
2023-12-21,MSFT,214.2982,217.923,209.7874,214.6237,39082673,offline_fallback,-0.008502560700568429,205.12527,199.67190199999996,246.572218,85718433.3,0.019135010029220197,-0.5224307061392919,Short-term upward,Below long MA,-0.46340198838844704,False,False,False,54.5,normal
2023-12-22,MSFT,220.2517,225.5825,215.7323,222.2272,60523481,offline_fallback,0.035427121981402854,206.406175,200.00716200000002,246.0700865,81781730.1,0.019434928658910878,-0.5055118005111163,Short-term upward,Below long MA,1.973202296614575,False,False,False,67.0,normal
2023-12-25,MSFT,218.4085,219.9488,216.4233,217.4223,112717441,offline_fallback,-0.021621565676928856,207.31913,200.23135200000002,245.57177649999997,81538389.75,0.0203303705458872,-0.5162034095928314,Short-term upward,Below long MA,-1.2065706455037848,False,False,False,68.9,normal
2023-12-26,MSFT,218.3134,219.153,218.0937,218.9099,103242878,offline_fallback,0.006841984469854179,208.17899000000003,200.443148,245.0849965,81411572.25,0.02024723346546096,-0.5128932808346972,Short-term upward,Below long MA,0.34806033710082956,False,False,False,58.5,normal
2023-12-27,MSFT,211.3262,213.8595,210.0511,211.3406,68204030,offline_fallback,-0.03457723931169854,208.50180500000002,200.57282600000002,244.626757,79768343.4,0.021816149169542446,-0.5297360864336123,Short-term upward,Below long MA,-1.9852300669085814,False,False,False,77.9,normal
2023-12-28,MSFT,215.036,218.3538,212.5297,213.5845,28633126,offline_fallback,0.01061745826405347,209.08177,200.7066,244.10977599999998,74793726.35,0.021565855849787905,-0.5247430789582307,Short-term upward,Below long MA,0.5414698019412844,False,False,False,67.2,normal
2023-12-29,MSFT,215.3861,218.618,213.0496,215.7989,99619784,offline_fallback,0.010367793543070825,209.97686,200.93790399999997,243.6760185,73299010.8,0.020904432069294925,-0.5198157133209541,Short-term upward,Below long MA,0.5118072994635119,False,False,False,64.5,normal
2024-01-01,MSFT,210.5448,212.1753,208.8247,211.1448,137653237,offline_fallback,-0.021566838385181808,210.692195,201.078076,243.200262,80012367.9,0.021611106576317568,-0.5301717702268649,Short-term upward,Below long MA,-1.2876296301274333,False,False,True,75.0,high_volume
2024-01-02,MSFT,216.7641,221.3465,213.4156,217.8791,89139114,offline_fallback,0.03189422614243864,211.72790500000002,201.53065800000002,242.6466865,79400848.55,0.022497421431248502,-0.5151869624183789,Short-term upward,Below long MA,1.6912993448188103,False,False,False,78.3,normal
2024-01-03,MSFT,220.3799,221.9205,218.2018,218.9835,56624732,offline_fallback,0.005068866173946862,212.62195499999999,202.04024,242.23067300000002,75866820.55,0.02222935135470374,-0.5127295100114929,Short-term upward,Below long MA,0.19616077470974635,False,False,False,63.2,normal
2024-01-04,MSFT,225.8343,230.1291,221.8236,225.3593,91301124,offline_fallback,0.02911543563784491,213.66451,202.636964,241.919757,76812541.3,0.022748636264670198,-0.49854241742201144,Short-term upward,Below long MA,1.4830659488057059,False,False,False,77.1,normal
2024-01-05,MSFT,230.2344,235.0773,225.1053,228.7707,5342706,offline_fallback,0.015137604705020014,214.845295,203.31643599999998,241.5817485,76926406.05,0.022851957637257808,-0.4909515507606109,Short-term upward,Below long MA,0.7191802618438293,False,False,False,70.4,normal
2024-01-08,MSFT,224.3267,225.612,223.1031,224.6815,8382114,offline_fallback,-0.017874666642188064,216.29421500000004,203.99510999999998,241.22469249999997,71893399.55,0.020205568866279885,-0.5000506220954877,Short-term upward,Below long MA,-1.0525575691620905,False,False,False,66.1,normal
2024-01-09,MSFT,221.1863,223.2787,216.4813,221.9701,23632026,offline_fallback,-0.012067749236140957,217.241665,204.565046,240.90311549999998,66368066.6,0.0193126196155471,-0.506083885818804,Short-term upward,Below long MA,-0.7167773707611274,False,False,False,58.4,normal
2024-01-10,MSFT,228.5814,231.234,223.0513,227.4827,23144445,offline_fallback,0.024834876409029816,218.17363500000002,205.34150000000002,240.585108,63181990.45,0.019078663421318153,-0.4938175401666858,Short-term upward,Below long MA,1.2290500473632702,False,False,False,60.5,normal
2024-01-11,MSFT,220.1416,224.6572,217.8231,220.4926,101156977,offline_fallback,-0.03072805096827136,218.641915,205.99556,240.231882,65432500.55,0.020551728640754975,-0.5093715405916888,Short-term upward,Below long MA,-1.6753065530447513,False,False,False,71.9,normal
2024-01-12,MSFT,226.6721,232.5468,224.7447,228.844,69470112,offline_fallback,0.03787610105735961,219.36686500000002,206.82753799999998,240.0888335,68222566.5,0.021878045751411106,-0.49078844748152295,Short-term upward,Below long MA,1.8292485854684168,False,False,False,75.2,normal
2024-01-15,MSFT,233.8486,238.2728,231.2217,233.1567,133831897,offline_fallback,0.018845589134956597,220.26326999999998,207.77395999999996,240.048544,71641892.5,0.022145979098421312,-0.48119205577998636,Short-term upward,Below long MA,0.8351668739568076,False,False,True,69.2,high_volume
2024-01-16,MSFT,233.2031,236.18,232.1779,233.1988,46748296,offline_fallback,0.0001805652593298568,221.11675499999996,208.652444,240.032267,67889470.5,0.02216460793445572,-0.48109837708899583,Short-term upward,Below long MA,-0.15779738003823085,False,False,False,59.8,normal
2024-01-17,MSFT,231.9835,233.1529,229.5837,231.6445,104071218,offline_fallback,-0.006665128637025619,221.87577000000002,209.56901200000001,239.911165,70126070.55,0.02228897554576008,-0.484556923155659,Short-term upward,Below long MA,-0.5257941087715433,False,False,False,66.0,normal
2024-01-18,MSFT,238.9475,244.0019,232.5617,237.1253,49058754,offline_fallback,0.02366039340454895,223.00084999999999,210.506358,239.7139965,70624874.6,0.022526537262870107,-0.47236133717987083,Short-term upward,Below long MA,1.0733709841648562,False,False,False,72.4,normal
2024-01-19,MSFT,229.5285,232.3884,225.6259,229.3273,34162551,offline_fallback,-0.032885567250731995,223.35585499999996,211.202808,239.50758699999997,69306828.1,0.022884367401756943,-0.48971303391012855,Short-term upward,Below long MA,-1.8419608307120001,False,False,False,77.8,normal
2024-01-22,MSFT,231.7096,235.5393,231.2947,232.7662,111460076,offline_fallback,0.014995597994656551,224.12304999999998,211.944848,239.29964500000003,69243959.85,0.022368965400045602,-0.48206097570473194,Short-term upward,Below long MA,0.5971234059793075,False,False,False,67.2,normal
2024-01-23,MSFT,223.525,225.1163,222.2861,224.358,109341592,offline_fallback,-0.03612294224848789,224.395455,212.48571800000002,239.01333000000002,69548895.55,0.02404682570673975,-0.5007704571675881,Short-term upward,Below long MA,-1.9537156593433522,False,False,False,79.8,normal
2024-01-24,MSFT,226.7775,232.2054,223.5054,227.7695,68007556,offline_fallback,0.01520560889292999,225.21689999999998,213.144808,238.730458,69539071.85,0.02265133585984563,-0.4931793679914822,Short-term upward,Below long MA,0.6062057770519714,False,False,False,68.8,normal
2024-01-25,MSFT,230.9244,234.855,226.5753,230.5399,20159998,offline_fallback,0.01216317373485043,226.06466999999998,213.912706,238.463254,69115415.45,0.02267774428222536,-0.4870148205919559,Short-term upward,Below long MA,0.4364759422673991,False,False,False,65.6,normal
2024-01-26,MSFT,231.2603,232.4992,226.0916,229.7387,61326922,offline_fallback,-0.0034753203241607578,226.76165999999998,214.62616000000003,238.13854800000001,67200772.35,0.022686719963022142,-0.48879760841194597,Short-term upward,Below long MA,-0.3613354622029842,False,False,False,64.9,normal
2024-01-29,MSFT,227.5597,230.9053,226.3233,227.0251,70305329,offline_fallback,-0.011811679965108124,227.55567499999998,215.26142399999998,237.797519,63833376.95,0.02222226272723456,-0.4948357674587819,Short-term upward,Below long MA,-0.781244483446619,False,False,False,70.1,normal
2024-01-30,MSFT,223.3313,226.1514,218.6187,224.972,38241892,offline_fallback,-0.009043493428700144,227.91032,215.77120000000002,237.42318050000003,61288515.85,0.021374036424007665,-0.49940421687618275,Short-term upward,Below long MA,-0.6179937941549846,False,False,False,66.3,normal
2024-01-31,MSFT,226.1993,230.817,221.249,226.8555,137165341,offline_fallback,0.008372152979037484,228.30392,216.337314,237.05038199999998,65315546.3,0.02141318602188529,-0.49521315239920916,Short-term upward,Below long MA,0.2500457899684222,False,False,True,60.6,high_volume
2024-02-01,MSFT,227.0439,231.2361,222.3679,228.1475,17263479,offline_fallback,0.005695255349771111,228.44333,216.88044200000002,236.66760449999998,61613664.05,0.02047112943634373,-0.4923382624049166,Short-term upward,Below long MA,0.1290180270615641,False,False,False,54.7,normal
2024-02-02,MSFT,226.1356,230.9117,221.5248,226.2273,118208675,offline_fallback,-0.008416484949429592,228.31616000000002,217.472806,236.28745800000002,67256962.5,0.020280404244949767,-0.4966109897787869,Short-term upward,Below long MA,-0.5813468328226754,False,False,False,61.1,normal
2024-02-05,MSFT,226.5255,229.7259,225.6653,227.195,118839260,offline_fallback,0.004277556245422032,228.441835,218.033442,235.9309985,72779819.8,0.019874534479630983,-0.4944577149742384,Short-term upward,Below long MA,0.08389054721268553,False,False,False,50.6,normal
2024-02-06,MSFT,228.2861,231.3263,225.1695,228.484,82340990,offline_fallback,0.005673540350800144,228.76753,218.568868,235.5459485,75715268.0,0.019667430371386824,-0.49158950042110905,Short-term upward,Below long MA,0.15939485056979702,False,False,False,51.1,normal
2024-02-07,MSFT,234.0386,234.7617,229.8701,234.232,139678924,offline_fallback,0.025157122599394288,229.10499499999997,219.155822,235.18656349999998,81541991.95,0.019687561561426828,-0.4787993551523836,Short-term upward,Below long MA,1.1393598053757024,False,False,True,62.6,high_volume
2024-02-08,MSFT,230.4291,232.5246,226.3643,231.2066,19922872,offline_fallback,-0.012916253970422398,229.640695,219.74024999999997,234.79451600000002,77480286.7,0.018513804298591213,-0.4855313150507834,Short-term upward,Below long MA,-0.8426880460220625,False,False,False,53.9,normal
2024-02-09,MSFT,229.862,232.5478,227.6136,231.9751,126620395,offline_fallback,0.003323867052237972,229.79725,220.42180999999997,234.436414,80337800.85,0.016550753508342564,-0.48382128953947245,Short-term upward,Below long MA,0.008549778470027972,False,False,True,29.1,high_volume
2024-02-12,MSFT,226.2568,227.4367,222.7718,225.6684,72416707,offline_fallback,-0.02718696963596523,229.42283500000002,220.998416,234.0192335,77267041.35,0.017102295608516865,-0.4978546244674945,Short-term upward,Below long MA,-1.5215464990664669,False,False,False,50.2,normal
2024-02-13,MSFT,229.2345,233.3772,227.6773,229.2258,62099426,offline_fallback,0.01576383755988875,229.22418500000003,221.639634,233.5809125,78034597.85,0.01753203625312712,-0.4899388863361508,Short-term upward,Below long MA,0.6799576882570286,False,False,False,45.5,normal
2024-02-14,MSFT,225.6194,228.0904,223.6588,224.0494,128975045,offline_fallback,-0.02258210026969043,228.84443000000002,222.098572,233.11019249999998,79279789.2,0.018166299690079185,-0.5014571375485778,Short-term upward,Below long MA,-1.2555335878198566,False,False,True,56.2,high_volume
2024-02-15,MSFT,224.5971,229.3594,221.8598,223.3221,17992280,offline_fallback,-0.0032461591059828043,228.15427,222.47484999999998,232.68010400000003,77726465.5,0.017173524777280784,-0.5030754870012473,Short-term upward,Below long MA,-0.26355230857076534,False,False,False,38.2,normal
2024-02-16,MSFT,225.6179,228.7556,224.2007,225.5705,124287880,offline_fallback,0.010067969090385542,227.96643000000003,222.88316000000003,232.23806150000001,82232731.95,0.015855286282860294,-0.49807246636412084,Short-term upward,Below long MA,0.3893320298159122,False,False,False,34.3,normal
2024-02-19,MSFT,224.0115,230.097,222.9094,225.3912,5790706,offline_fallback,-0.0007948734431142412,227.59768000000003,223.476922,231.8402445,76949263.45,0.01541946014852635,-0.4984714352309758,Short-term upward,Below long MA,-0.15661335594193232,False,False,False,29.3,normal
2024-02-20,MSFT,221.8211,223.8824,218.7773,221.8026,53088475,offline_fallback,-0.01592165088965314,227.46991000000003,223.852552,231.40721249999999,74136607.6,0.01358415649787765,-0.506456597950417,Short-term upward,Below long MA,-0.9057843309615464,False,False,False,34.7,normal
2024-02-21,MSFT,217.1302,219.7343,214.9227,218.0428,91446046,offline_fallback,-0.01695110877870687,226.98357499999997,224.03654199999997,230.9305805,75308532.1,0.013532238401242316,-0.5148227058455725,Short-term upward,Below long MA,-0.9277659349145898,False,False,False,35.1,normal
2024-02-22,MSFT,221.3857,224.9865,217.5591,221.425,78507967,offline_fallback,0.015511633495809196,226.52783,224.24250200000003,230.50582349999996,78225930.55,0.013737059484937551,-0.5072968134781607,Short-term upward,Below long MA,0.704544203823489,False,False,False,32.7,normal
2024-02-23,MSFT,224.093,228.527,221.9795,224.9112,96689957,offline_fallback,0.015744382973919002,226.28645500000002,224.45382600000002,230.1167125,79994082.3,0.014284273811082153,-0.4995395058170907,Short-term upward,Below long MA,0.6905036264363132,False,False,False,33.0,normal
2024-02-26,MSFT,234.8494,236.8502,231.967,232.875,45321391,offline_fallback,0.03540864127709065,226.57895000000002,224.806754,229.8045765,78744885.4,0.016174369501520968,-0.48181887970521253,Short-term upward,Below long MA,1.6306488787268054,False,False,False,45.2,normal
2024-02-27,MSFT,223.469,228.4701,218.7072,223.8593,3855087,offline_fallback,-0.03871476113794958,226.523315,224.961358,229.46994850000002,77025545.15,0.018391238353632888,-0.5018801380036204,Short-term upward,Below long MA,-1.9932089563488053,False,False,False,60.8,normal
2024-02-28,MSFT,220.7981,223.49,216.6932,220.1314,63330032,offline_fallback,-0.016652870798756103,226.18711,225.034702,229.1536395,73333779.7,0.018635121816011783,-0.5101752637077402,Short-term upward,Below long MA,-0.8916628818713954,False,False,False,56.8,normal
2024-02-29,MSFT,215.9019,221.4806,212.345,217.2217,131685374,offline_fallback,-0.01321801433144032,225.64082,225.086662,228.865586,79054874.45,0.018739026391340296,-0.5166497740919453,Short-term upward,Below long MA,-0.7008770147380037,False,False,True,55.5,high_volume
2024-03-01,MSFT,234.5954,238.819,232.741,234.4417,119918081,offline_fallback,0.07927384787063163,226.05154,225.330952,228.706547,79140344.75,0.026058034928903948,-0.4783327418150747,Short-term upward,Below long MA,3.349448967605778,True,False,False,80.4,abnormal_return
2024-03-04,MSFT,240.7172,243.894,237.9546,239.0666,66497072,offline_fallback,0.019727292542239594,226.64512,225.763838,228.55414999999996,76523235.35,0.02635328824879409,-0.46804165920315266,Short-term upward,Below long MA,0.7298583955857477,False,False,False,71.8,normal
2024-03-05,MSFT,243.0322,244.3593,239.4528,242.7845,15057489,offline_fallback,0.015551733282691993,227.36014500000002,226.24133,228.41522949999998,73159060.3,0.026500686448829847,-0.4597687849695766,Short-term upward,Below long MA,0.5675717866920406,False,False,False,69.3,normal
2024-03-06,MSFT,238.4263,243.2142,237.7316,239.1903,122878275,offline_fallback,-0.01480407521896987,227.60806000000002,226.79832399999998,228.23094,72319027.85,0.026276863114898467,-0.4677664085125226,Short-term upward,Below long MA,-0.8008643842303281,False,False,False,72.4,normal
2024-03-07,MSFT,246.1478,246.761,243.5515,245.3034,131473845,offline_fallback,0.02555747452969448,228.31289999999998,227.43270199999998,228.08512749999997,77896576.5,0.02658252571483182,-0.45416386205423354,Short-term upward,Below long MA,1.0481451027962807,False,False,True,74.5,high_volume
2024-03-08,MSFT,226.8832,228.1969,223.5775,226.6446,2259801,offline_fallback,-0.0760641719601115,228.04637500000004,227.64961600000004,227.811422,71678546.8,0.031960834939906486,-0.49568243591298344,Short-term upward,Below long MA,-3.224486619734567,True,True,False,83.7,abnormal_return
2024-03-11,MSFT,225.9886,227.8786,223.0433,224.9178,123053197,offline_fallback,-0.007618977023939655,228.00884499999998,227.92507600000002,227.5610505,74210371.3,0.03140118334142081,-0.49952481984653163,Short-term upward,Above long MA,-0.3600048599595114,False,True,False,70.1,volatility_spike
2024-03-12,MSFT,215.4086,215.6917,212.2663,214.1455,92609744,offline_fallback,-0.047894386304685566,227.25483,227.85040400000003,227.258688,75735887.2,0.032940012728817955,-0.523494771460709,Short-term downward,Above long MA,-1.9371404344936174,False,True,False,84.7,volatility_spike
2024-03-13,MSFT,214.1697,217.4419,210.4779,214.4517,122417755,offline_fallback,0.0014298689442457935,226.77494499999997,227.759768,226.96430999999995,75408022.7,0.032620195760126404,-0.5228134314326498,Short-term downward,Above long MA,0.05171051778562148,False,True,False,66.9,volatility_spike
2024-03-14,MSFT,227.0866,230.9956,222.8964,224.872,69953844,offline_fallback,0.048590428520734585,226.85244000000003,227.750022,226.75055550000002,78006100.9,0.03449471380361666,-0.4996267315816234,Short-term downward,Above long MA,1.8589276993231492,False,True,False,83.7,volatility_spike
2024-03-15,MSFT,223.8769,224.8324,217.5463,222.2435,47626378,offline_fallback,-0.011688871891564978,226.68608999999998,227.61947800000002,226.5454395,74173025.8,0.0345337952307421,-0.5054755306141294,Short-term downward,Above long MA,-0.47635832852057847,False,True,False,73.3,volatility_spike
2024-03-18,MSFT,207.9233,211.6494,204.5611,207.2709,33033305,offline_fallback,-0.06737024929862967,225.78007499999998,227.271266,226.296532,75535155.75,0.03766339213624429,-0.5387917674009282,Short-term downward,Above long MA,-2.5226256854507434,True,True,False,87.3,abnormal_return
2024-03-19,MSFT,214.1631,217.2956,212.8723,215.0569,112354406,offline_fallback,0.03756436624726378,225.44278999999997,227.13300199999998,226.08593200000004,78498452.3,0.038622050878886066,-0.5214667724353232,Short-term downward,Above long MA,1.3907594808233044,False,True,False,84.2,volatility_spike
2024-03-20,MSFT,207.723,211.5415,205.8179,206.5404,134399758,offline_fallback,-0.03960114741726495,224.86767000000003,226.714156,225.8503335,80646137.9,0.03944297257353982,-0.5404172373241716,Short-term downward,Above long MA,-1.4615411964532488,False,True,True,85.4,volatility_spike
2024-03-21,MSFT,191.6848,192.9703,190.4072,191.8007,39415574,offline_fallback,-0.0713647305805547,223.386455,226.140318,225.532252,78691518.25,0.04211076099241975,-0.5732152373619992,Short-term downward,Above long MA,-2.449926690713323,False,True,False,91.2,volatility_spike
2024-03-22,MSFT,202.7161,203.9009,199.5638,202.3412,18384303,offline_fallback,0.05495548243567394,222.25795499999998,225.610262,225.25982450000004,74776235.55,0.04405915696037799,-0.5497610748350332,Short-term downward,Above long MA,1.8885103552233258,False,True,False,88.8,volatility_spike
2024-03-25,MSFT,209.0276,209.4407,204.9316,209.1288,109975979,offline_fallback,0.033545318501620125,221.070645,225.12970400000003,225.02626650000002,78008964.95,0.043972552085016395,-0.5346576666885472,Short-term downward,Above long MA,1.1226382429660666,False,True,False,84.2,volatility_spike
2024-03-26,MSFT,200.8864,207.6003,197.6142,203.1839,124430620,offline_fallback,-0.02842697897181079,220.036875,224.52940600000002,224.7800845,84037741.6,0.043609174389222835,-0.5478859434122854,Short-term downward,Below long MA,-0.936693674165049,False,True,False,83.1,volatility_spike
2024-03-27,MSFT,199.3713,200.0524,194.8141,198.5776,133410687,offline_fallback,-0.02267059545564387,218.95918500000002,223.86806800000002,224.51889150000002,87541774.35,0.04372222397603023,-0.5581356382889955,Short-term downward,Below long MA,-0.7233338589921399,False,True,True,81.9,volatility_spike
2024-03-28,MSFT,214.9796,219.4862,213.9345,216.2701,98400765,offline_fallback,0.08909615183182806,218.911605,223.45096400000003,224.32855099999998,85877543.9,0.04835496388997888,-0.5187672240289181,Short-term downward,Below long MA,2.8190147373297805,True,True,False,89.0,abnormal_return
2024-03-29,MSFT,215.9731,216.6081,212.0331,216.2895,50286966,offline_fallback,8.970264497953906e-05,218.00399499999997,223.19020799999998,224.1339225,82395988.15,0.044703030505366524,-0.5187240561760625,Short-term downward,Below long MA,0.016884231487398812,False,True,False,69.2,volatility_spike
2024-04-01,MSFT,216.9833,220.797,212.8754,217.3713,30209935,offline_fallback,0.005001629760113202,216.91923000000003,222.88231,223.953436,80581631.3,0.0444282126740048,-0.5163168920926062,Short-term downward,Below long MA,0.16059974286949671,False,True,False,71.6,volatility_spike
2024-04-02,MSFT,216.9568,217.9223,212.2403,216.3077,55172887,offline_fallback,-0.004893010254803598,215.59539,222.72130399999998,223.7741475,82587401.2,0.044193957540204686,-0.5186835584996723,Short-term downward,Below long MA,-0.15713129490670902,False,True,False,71.6,volatility_spike
2024-04-03,MSFT,216.6045,221.8948,214.6571,217.3151,41020829,offline_fallback,0.0046572544574232655,214.50163000000003,222.512216,223.5590985,78494528.9,0.04417699792231948,-0.5164419453570638,Short-term downward,Below long MA,0.15752260682097244,False,True,False,71.4,volatility_spike
2024-04-04,MSFT,215.8167,218.6034,211.6521,216.1379,80204821,offline_fallback,-0.005417018881798796,213.04335500000002,222.224176,223.3470345,75931077.7,0.04363116594456429,-0.5190613884695106,Short-term downward,Below long MA,-0.17880405384673145,False,True,False,71.7,volatility_spike
2024-04-05,MSFT,211.5891,215.1076,208.4782,210.8296,82625267,offline_fallback,-0.02455978336053044,212.252605,221.845994,223.1139345,79949351.0,0.04065991358890859,-0.5308731365784136,Short-term downward,Below long MA,-0.7669425858406164,False,True,False,79.9,volatility_spike
2024-04-08,MSFT,208.2295,212.1726,207.3996,208.2569,12044539,offline_fallback,-0.0122027457245093,211.41956,221.47063000000003,222.8523175,74398918.1,0.040701233404239714,-0.5365977724052838,Short-term downward,Below long MA,-0.350510212457183,False,True,False,74.5,volatility_spike
2024-04-09,MSFT,203.1146,208.1326,201.5617,204.1448,45410296,offline_fallback,-0.019745324164529454,210.91952499999996,221.05408599999998,222.580226,72038945.7,0.0395392958760233,-0.5457477996077066,Short-term downward,Below long MA,-0.5831015997058333,False,True,False,78.3,volatility_spike
2024-04-10,MSFT,195.9476,198.8288,194.8052,197.3211,17244107,offline_fallback,-0.03342578405132046,210.062995,220.46339799999998,222.3063425,66780263.3,0.04015967848531232,-0.5609315355628566,Short-term downward,Below long MA,-1.0032866796433004,False,True,False,84.3,volatility_spike
2024-04-11,MSFT,196.7852,198.469,194.1752,196.9278,47649144,offline_fallback,-0.001993197889125997,208.665785,219.83900400000002,222.0482215,65665028.3,0.03826150553757379,-0.5618066858993545,Short-term downward,Below long MA,0.020299197549584484,False,True,False,70.3,volatility_spike
2024-04-12,MSFT,199.2441,200.1628,194.659,198.5948,124696337,offline_fallback,0.008465031346513774,207.48335000000003,219.286354,221.8070635,69518526.25,0.038366894579371334,-0.5580973657596597,Short-term downward,Below long MA,0.3384681816819464,False,True,False,75.3,volatility_spike
2024-04-15,MSFT,197.7072,198.7277,194.8325,198.0736,102306159,offline_fallback,-0.002624439310596194,207.023485,218.703926,221.564353,72982168.95,0.03543957986553638,-0.5592571124044161,Short-term downward,Below long MA,-0.013010296723479465,False,True,False,69.4,volatility_spike
2024-04-16,MSFT,192.5429,195.3585,189.3769,193.5389,125149733,offline_fallback,-0.022894015153962943,205.94758499999998,218.00502400000002,221.30396000000002,73621935.3,0.034481703271657456,-0.5693474867520307,Short-term downward,Below long MA,-0.6862964725468451,False,True,True,80.1,volatility_spike
2024-04-17,MSFT,191.1786,195.7373,187.9695,191.8323,121176792,offline_fallback,-0.00881786555571007,205.21218,217.15703000000002,221.05616799999999,72960787.0,0.033515338826453425,-0.57314492271508,Short-term downward,Below long MA,-0.2111719316975098,False,True,False,73.7,volatility_spike
2024-04-18,MSFT,194.2096,197.008,189.6062,193.2331,106339314,offline_fallback,0.00730221135856679,205.28379999999999,216.39756,220.8133155,76306974.0,0.029460611551589955,-0.5700279367212681,Short-term downward,Below long MA,0.3227336151830422,False,False,False,73.6,normal
2024-04-19,MSFT,185.8805,189.6102,185.4202,187.71,2686154,offline_fallback,-0.028582577208563165,204.55224,215.512258,220.52766250000002,75522066.55,0.027210246710720837,-0.5823176464174575,Short-term downward,Below long MA,-0.841387028401589,False,False,False,81.1,normal
2024-04-22,MSFT,183.4662,187.0653,182.1008,184.4357,10191111,offline_fallback,-0.017443396728996863,203.317585,214.687604,220.25339050000002,70532823.15,0.025924314230307752,-0.589603445417699,Short-term downward,Below long MA,-0.47274125527432836,False,False,False,75.9,normal
2024-04-23,MSFT,181.2741,183.1331,178.0698,182.7448,15182116,offline_fallback,-0.009167964770377957,202.29563000000002,213.757984,219.92431650000003,65070397.95,0.02539797935679932,-0.593365946571994,Short-term downward,Below long MA,-0.20182799726097983,False,False,False,71.6,normal
2024-04-24,MSFT,177.4065,181.6215,175.1444,177.9148,93053591,offline_fallback,-0.02643030061594087,201.26249,212.835292,219.594561,63052543.15,0.02554918511632429,-0.6041134068447749,Short-term downward,Below long MA,-0.745110740652037,False,False,False,79.7,normal
2024-04-25,MSFT,176.1498,177.3033,172.9354,176.1606,16316028,offline_fallback,-0.009859775577973462,199.257015,211.892062,219.22075850000002,58948306.3,0.012663445353448117,-0.6080167598076138,Short-term downward,Below long MA,-0.19638058740155528,False,False,False,30.2,normal
2024-04-26,MSFT,169.6958,171.0461,168.9157,170.0289,91276438,offline_fallback,-0.03480744275394154,196.943985,210.78123,218.7840665,60997779.9,0.013554455550471314,-0.6216606940011149,Short-term downward,Below long MA,-0.9877272821419407,False,False,False,43.3,normal
2024-04-29,MSFT,166.305,169.9121,164.8874,166.6409,130403875,offline_fallback,-0.019926024340568005,194.407465,209.606224,218.3008645,66007476.9,0.013058218367091612,-0.6291994922214422,Short-term downward,Below long MA,-0.4924702315021146,False,False,True,36.6,high_volume
2024-04-30,MSFT,167.4213,169.0933,166.2324,168.8438,60759678,offline_fallback,0.013219443726000035,192.03427,208.547048,217.8048545,66286816.45,0.014233841959591376,-0.6242977157752914,Short-term downward,Below long MA,0.5732992014294125,False,False,False,39.8,normal
2024-05-01,MSFT,178.0371,181.5098,174.9364,178.0979,65941595,offline_fallback,0.05480864562394361,190.07341000000002,207.74815,217.3815465,67532854.75,0.020430818771007952,-0.6037059824191131,Short-term downward,Below long MA,1.8560820784339278,False,False,False,78.0,normal
2024-05-02,MSFT,177.3806,177.8477,174.2454,176.8034,111935576,offline_fallback,-0.007268474249275236,188.106685,206.85571799999997,216.9662685,69119392.5,0.020414554674303278,-0.6065864352810416,Short-term downward,Below long MA,-0.10406470813702418,False,False,False,61.7,normal
2024-05-03,MSFT,178.7808,181.3233,175.6465,179.75,14438626,offline_fallback,0.016665969093354382,186.552705,205.952494,216.549986,65710060.45,0.020920594791893843,-0.600029816970529,Short-term downward,Below long MA,0.6419454902828617,False,False,False,71.8,normal
2024-05-06,MSFT,177.8333,181.6586,172.7015,176.0934,111749799,offline_fallback,-0.02034269819193324,184.94453000000001,204.81686200000001,216.136251,70695323.45,0.021090546634147007,-0.6081662896896698,Short-term downward,Below long MA,-0.5266890406908731,False,False,False,71.2,normal
2024-05-07,MSFT,175.2953,177.7409,172.94,175.2232,19776200,offline_fallback,-0.004941695713751915,183.49845,203.84413999999998,215.6993605,69413618.65,0.02092103053463694,-0.610102612656414,Short-term downward,Below long MA,-0.030466232645456375,False,False,False,63.2,normal
2024-05-08,MSFT,175.1458,176.2738,173.3973,174.9488,66562082,offline_fallback,-0.001566002675444711,182.379835,202.94048800000002,215.285445,71879517.4,0.020029251872130192,-0.6107131930081429,Short-term downward,Below long MA,0.06539680356960752,False,False,False,59.1,normal
2024-05-09,MSFT,174.2401,177.2167,169.8973,173.4813,110631201,offline_fallback,-0.008388168424133258,181.20751,202.06568000000004,214.89168400000003,75028620.25,0.020016149992617027,-0.6139785963104837,Short-term downward,Below long MA,-0.14822641868670233,False,False,False,60.7,normal
2024-05-10,MSFT,173.1337,177.9809,171.5923,175.339,125973391,offline_fallback,0.010708358768351411,180.04472,200.883626,214.5040495,75092472.95,0.020108315387782807,-0.6098449406275137,Short-term downward,Below long MA,0.456908915543669,False,False,True,65.5,high_volume
2024-05-13,MSFT,178.0891,181.0668,175.6392,177.5373,75464449,offline_fallback,0.012537427497590237,179.01790499999998,199.65304,214.137841,73750387.45,0.020524478825249444,-0.6049533998578132,Short-term downward,Below long MA,0.5067660235932335,False,False,False,68.3,normal
2024-05-14,MSFT,178.0702,179.0201,173.8101,177.4122,77061025,offline_fallback,-0.0007046406586107556,178.21157,198.34559399999998,213.761787,71345952.05,0.020116754257214632,-0.6052317657543193,Short-term downward,Below long MA,0.07990762271689104,False,False,False,59.3,normal
2024-05-15,MSFT,173.2985,176.692,172.7109,174.4669,116241389,offline_fallback,-0.016601451309436466,177.3433,197.051126,213.383298,71099181.9,0.02028638229535698,-0.6117854913736611,Short-term downward,Below long MA,-0.4238809968607089,False,False,False,66.6,normal
2024-05-16,MSFT,173.7496,175.2752,169.4958,172.9893,62694141,offline_fallback,-0.00846922826048968,176.33111,195.604844,213.03212449999998,68916923.25,0.020107593253522883,-0.6150733686612515,Short-term downward,Below long MA,-0.15402737825611246,False,False,False,61.3,normal
2024-05-17,MSFT,173.5466,176.0828,169.5772,172.6103,5328286,offline_fallback,-0.002190886950811377,175.576125,194.524158,212.66812449999998,69049029.85,0.019352996320997854,-0.6159166993948713,Short-term downward,Below long MA,0.05511133414593181,False,False,False,55.9,normal
2024-05-20,MSFT,170.3334,173.1284,168.4357,170.7401,131563980,offline_fallback,-0.010834811132359956,174.891345,193.44060399999998,212.32140750000002,75117673.3,0.019167060765847874,-0.6200781694160212,Short-term downward,Below long MA,-0.19847391832029637,False,False,True,57.6,high_volume
2024-05-21,MSFT,173.0416,174.4853,168.5669,170.9296,139089558,offline_fallback,0.0011098740131929574,174.300585,192.576286,211.982994,81313045.4,0.019149893759053002,-0.6196565040492114,Short-term downward,Below long MA,0.16764884183867462,False,False,True,56.8,high_volume
2024-05-22,MSFT,171.8304,172.4683,170.4166,170.8285,117060732,offline_fallback,-0.0005914715766023315,173.94627,191.703822,211.617121,82513402.45,0.01835264208100823,-0.6198814664164118,Short-term downward,Below long MA,0.1035279847857706,False,False,False,51.5,normal
2024-05-23,MSFT,171.9718,173.564,169.8578,171.5151,118802679,offline_fallback,0.004019235666179899,173.71399499999998,190.63668400000003,211.221001,87637735.0,0.018297030165179078,-0.6183536804488567,Short-term downward,Below long MA,0.24489942826139455,False,False,False,53.3,normal
2024-05-24,MSFT,169.9494,173.095,168.934,170.5912,112614540,offline_fallback,-0.005386697730986989,173.74211,189.603638,210.83114949999998,88704640.1,0.016550324437317687,-0.6204094938124224,Short-term downward,Below long MA,-0.017616019842781168,False,False,False,38.8,normal
2024-05-27,MSFT,172.6189,173.82,170.3561,172.3357,19192180,offline_fallback,0.01022620158601395,174.02685000000002,188.904934,210.45648650000004,83144055.35,0.015974919805976397,-0.6165277247760111,Short-term downward,Below long MA,0.5360339727853327,False,False,False,44.7,normal
2024-05-28,MSFT,177.5809,180.1621,176.798,177.084,114120299,offline_fallback,0.027552619683559376,174.43886,188.14547600000003,210.10392649999997,85812086.4,0.016813641272562827,-0.6059620590175754,Short-term downward,Below long MA,1.1298516194533241,False,False,False,53.8,normal
2024-05-29,MSFT,175.4393,178.8273,171.8394,175.0567,52687914,offline_fallback,-0.011448239253687542,174.2868,187.51580199999998,209.720274,85149402.35,0.011725812814684267,-0.6104730996409725,Short-term downward,Below long MA,-0.23252448369750683,False,False,False,30.3,normal
2024-05-30,MSFT,176.1582,180.0944,175.6888,177.569,53836242,offline_fallback,0.014351350162547183,174.32508,187.231168,209.3174625,82244435.65,0.012088633645431245,-0.6048828626961884,Short-term downward,Below long MA,0.6782701186131761,False,False,False,36.2,normal
2024-05-31,MSFT,174.7095,178.8418,171.2014,175.0591,105585461,offline_fallback,-0.014134787040530616,174.090535,186.68552599999998,208.907618,86801777.4,0.011851585555745451,-0.6104677592880419,Short-term downward,Below long MA,-0.37828060676339603,False,False,False,32.6,normal
2024-06-03,MSFT,175.3097,175.9065,173.0818,175.0074,91342680,offline_fallback,-0.0002953288346622118,174.03623499999998,186.003098,208.5092725,85781421.45,0.010966981117639033,-0.6105827993907548,Short-term downward,Below long MA,0.13070865716229843,False,False,False,28.4,normal
2024-06-04,MSFT,168.4288,172.1933,164.9953,168.9609,63004850,offline_fallback,-0.03454996760136986,173.72312,185.318638,208.097673,87942853.95,0.013368696684067661,-0.6240371510552203,Short-term downward,Below long MA,-1.1622463214717378,False,False,False,44.3,normal
2024-06-05,MSFT,169.1407,171.3885,167.0578,169.3307,102391058,offline_fallback,0.002188672053711871,173.442215,184.7337,207.69785149999998,89734302.75,0.013397494743715597,-0.623214291674501,Short-term downward,Below long MA,0.2166829576062522,False,False,False,33.1,normal
2024-06-06,MSFT,165.4286,165.938,163.3671,165.0973,74014605,offline_fallback,-0.02500078249248372,173.023015,183.710244,207.25521400000002,87903472.95,0.014326837260594099,-0.6326342292146232,Short-term downward,Below long MA,-0.7803060939511794,False,False,False,43.0,normal
2024-06-07,MSFT,160.0668,160.4772,159.5598,160.1925,20586242,offline_fallback,-0.02970854156912317,172.26569,182.58830400000002,206.82708399999999,82634115.5,0.015207546876414927,-0.6435481304870736,Short-term downward,Below long MA,-0.943881305664904,False,False,False,48.8,normal
2024-06-10,MSFT,158.8171,162.5159,157.0639,159.5455,60083397,offline_fallback,-0.00403889070961494,171.36610000000002,181.431788,206.42820749999998,81865062.9,0.01467857195089576,-0.6449878006312741,Short-term downward,Below long MA,0.0006186071705455076,False,False,False,33.0,normal
2024-06-11,MSFT,163.7963,167.2564,163.1845,165.0451,38995452,offline_fallback,0.034470417529795405,170.747745,180.40653600000002,206.103696,79961784.25,0.017148276945965935,-0.6327503818908633,Short-term downward,Below long MA,1.5642473641555303,False,False,False,59.6,normal
2024-06-12,MSFT,164.1989,167.6869,162.0454,162.8894,38136382,offline_fallback,-0.013061278402085263,170.16887,179.31802199999998,205.77054650000002,76056533.9,0.017023376788356966,-0.6375471313960461,Short-term downward,Below long MA,-0.3875673618498383,False,False,False,48.1,normal
2024-06-13,MSFT,160.4341,162.1553,157.1606,159.8963,72286606,offline_fallback,-0.018375044662206408,169.51422,178.19319,205.405991,76536157.15,0.017323466111688616,-0.6442072190445887,Short-term downward,Below long MA,-0.6884128271148346,False,False,False,54.7,normal
2024-06-14,MSFT,162.0051,163.8456,158.7106,161.332,56511384,offline_fallback,0.008978944478390094,168.950305,177.20323800000003,205.0553715,79095312.05,0.017556051700569716,-0.641012575418578,Short-term downward,Below long MA,0.5850117444268226,False,False,False,54.9,normal
2024-06-17,MSFT,163.4272,164.7135,159.7632,163.2968,81354354,offline_fallback,0.012178613046388787,168.57814,176.30403600000002,204.7383725,76584830.75,0.017783834923955556,-0.6366406064860812,Short-term downward,Below long MA,0.7673772753225017,False,False,False,58.2,normal
2024-06-18,MSFT,157.6745,159.7481,154.8889,157.63,12126379,offline_fallback,-0.034702455896257534,167.91316,175.37374,204.39529899999997,70236671.8,0.019193280255027693,-0.6492500698139889,Short-term downward,Below long MA,-1.4550374102749617,False,False,False,72.8,normal
2024-06-19,MSFT,162.006,162.2571,160.1286,161.1533,27489716,offline_fallback,0.022351709699930167,167.4294,174.650384,204.06900550000003,65758121.0,0.02006515894928613,-0.6414102091972003,Short-term downward,Below long MA,1.2067534977997467,False,False,False,75.7,normal
2024-06-20,MSFT,159.247,162.3784,155.9484,158.3862,46558762,offline_fallback,-0.01717060711757068,166.772955,173.879552,203.71494449999997,62145925.15,0.020249219763759593,-0.6475674136114471,Short-term downward,Below long MA,-0.6943015440244086,False,False,False,72.4,normal
2024-06-21,MSFT,151.9314,153.6911,150.5315,152.2857,124968999,offline_fallback,-0.0385166131897855,165.85768,172.95337,203.32930549999998,62763648.1,0.021691429550087217,-0.6611419232168506,Short-term downward,Below long MA,-1.8247120487181083,False,False,False,86.0,normal
2024-06-24,MSFT,151.4857,154.2438,150.5112,152.182,109818089,offline_fallback,-0.0006809569119097247,164.84999499999998,172.035538,202.9638535,67294943.55,0.02141226802274082,-0.6613726709663925,Short-term downward,Below long MA,0.28317104166586854,False,False,False,72.0,normal
2024-06-25,MSFT,153.9845,156.2068,150.5587,153.3293,121131373,offline_fallback,0.007538999356034193,163.66226,171.23134599999997,202.600144,67645497.25,0.02019574782919442,-0.6588197597508725,Short-term downward,Below long MA,0.7260590685258518,False,False,False,72.9,normal
2024-06-26,MSFT,150.8098,154.8147,150.5351,152.0772,50966075,offline_fallback,-0.008166084368740889,162.513285,170.43624399999996,202.19964149999998,67559405.3,0.020170859021825225,-0.6616058663776943,Short-term downward,Below long MA,-0.13302269556292137,False,False,False,64.2,normal
2024-06-27,MSFT,152.4942,154.4149,151.2812,151.925,31870522,offline_fallback,-0.0010008074846196147,161.23108499999998,169.610082,201.8158245,66461119.3,0.019607125568380346,-0.6619445337593748,Short-term downward,Below long MA,0.26096910367838244,False,False,False,63.8,normal
2024-06-28,MSFT,155.947,157.9572,155.7589,156.6793,139807668,offline_fallback,0.031293730459108104,160.312095,168.98946800000002,201.451469,68172229.65,0.021361294167905356,-0.6513655171186126,Short-term downward,Below long MA,1.954595288411085,False,False,True,85.1,high_volume
2024-07-01,MSFT,154.2469,156.2855,151.9263,155.086,20083215,offline_fallback,-0.010169179974636067,159.316025,168.402474,201.077458,64609256.4,0.021353315410943017,-0.6549108439203976,Short-term downward,Below long MA,-0.2947701186642792,False,False,False,71.5,normal
2024-07-02,MSFT,155.7805,158.4103,152.6885,155.8153,80225990,offline_fallback,0.004702552132365145,158.658745,167.86388399999998,200.70767899999998,65470313.4,0.02035290289878473,-0.6532880441736193,Short-term downward,Below long MA,0.49151584978977597,False,False,False,70.6,normal
2024-07-03,MSFT,156.975,159.2222,155.0093,158.2522,112914870,offline_fallback,0.015639670815381868,158.10482,167.470632,200.40251700000002,65996504.0,0.020780502663315076,-0.6478655833167375,Short-term downward,Below long MA,1.0553854096552144,False,False,False,79.0,normal
2024-07-04,MSFT,156.5223,158.6376,155.5639,156.8483,95033182,offline_fallback,-0.008871282674111303,157.69237,167.08438600000002,200.07156650000002,67047432.85,0.020193444861342343,-0.650989467266418,Short-term downward,Below long MA,-0.2890313141801721,False,False,False,66.3,normal
2024-07-05,MSFT,154.8809,156.9126,153.1208,154.9496,30528649,offline_fallback,-0.012105327249323006,157.430225,166.78280000000004,199.7491575,67544553.2,0.0193029213108433,-0.6552143539786186,Short-term downward,Below long MA,-0.44921478807007387,False,False,False,64.4,normal
2024-07-08,MSFT,153.5547,155.4142,150.7699,152.9386,92264551,offline_fallback,-0.012978413626108076,157.09987999999998,166.508754,199.42139600000002,69153610.9,0.01946796237082627,-0.6596891247050289,Short-term downward,Below long MA,-0.4869046343504209,False,False,False,66.4,normal
2024-07-09,MSFT,151.4078,154.0177,149.561,151.2256,99600319,offline_fallback,-0.011200573301965777,156.408905,166.15639,199.125698,72183854.25,0.01755816275182225,-0.6635008016092263,Short-term downward,Below long MA,-0.40287289595205117,False,False,False,53.5,normal
2024-07-10,MSFT,148.2995,151.7184,148.0337,149.0465,108780513,offline_fallback,-0.014409597316856204,155.71676,165.57536199999998,198.840698,75716060.8,0.01759646022660724,-0.6683496195554823,Short-term downward,Below long MA,-0.5745851619150248,False,False,False,56.5,normal
2024-07-11,MSFT,148.099,149.694,146.2246,148.918,7863559,offline_fallback,-0.000862147048068862,155.167845,165.017654,198.586339,72494908.45,0.01729140194124356,-0.6686355509519735,Short-term downward,Below long MA,0.18400949457667592,False,False,False,48.3,normal
2024-07-12,MSFT,144.7972,144.9524,143.8002,144.6836,101061039,offline_fallback,-0.028434440430303853,154.33542500000001,164.316326,198.31556399999997,74722391.2,0.017894126297544034,-0.6780577136391501,Short-term downward,Below long MA,-1.3485686711064329,False,False,False,66.0,normal
2024-07-15,MSFT,146.6593,147.7308,145.6212,147.3965,64756361,offline_fallback,0.018750570209754125,153.54041,163.742388,198.0486785,73892491.55,0.01828758104580562,-0.6720211121952522,Short-term downward,Below long MA,1.2299617521768573,False,False,False,67.7,normal
2024-07-16,MSFT,148.5397,150.7175,146.2459,149.0642,12731990,offline_fallback,0.011314379920825735,153.11212,163.219208,197.7890615,73922772.1,0.017210279220872104,-0.6683102344526194,Short-term downward,Below long MA,0.7975904754176709,False,False,False,56.2,normal
2024-07-17,MSFT,146.2861,147.1222,143.8562,146.0458,90264670,offline_fallback,-0.02024899338674202,152.356745,162.641148,197.511549,77061519.8,0.016577866620683706,-0.6750266183216382,Short-term downward,Below long MA,-0.9454028344149198,False,False,False,55.2,normal
2024-07-18,MSFT,145.9666,146.6363,143.8677,146.1444,110141480,offline_fallback,0.0006751306781842548,151.74465500000002,162.09441,197.2296635,80240655.7,0.016354543811227557,-0.674807218822074,Short-term downward,Below long MA,0.2001694848688742,False,False,False,44.6,normal
2024-07-19,MSFT,145.533,146.9268,143.6395,145.212,91358701,offline_fallback,-0.00637999129627953,151.39097,161.49187,196.92840249999998,78560140.8,0.014211343905844451,-0.676881945935602,Short-term downward,Below long MA,-0.221719802373553,False,False,False,37.2,normal
2024-07-22,MSFT,145.6762,149.1701,144.5657,147.2626,21887228,offline_fallback,0.014121422471972123,151.145,160.886376,196.6336515,74163597.75,0.014676811464317888,-0.6723190593858372,Short-term downward,Below long MA,0.9110191481011384,False,False,False,47.2,normal
2024-07-23,MSFT,146.1481,148.9551,144.2179,147.0302,101309028,offline_fallback,-0.001578133212370214,150.83004499999998,160.27873599999998,196.327202,73172480.5,0.014520752823566364,-0.672836183561281,Short-term downward,Below long MA,0.03289463037707408,False,False,False,34.3,normal
2024-07-24,MSFT,146.2176,148.054,143.9089,146.1151,139032005,offline_fallback,-0.006223891418225658,150.53194,159.7117,196.03349400000002,77575777.0,0.014483760566604128,-0.6748724156307679,Short-term downward,Below long MA,-0.19318833316934228,False,False,True,37.2,high_volume
2024-07-25,MSFT,148.6642,151.7799,147.3548,148.6254,137600160,offline_fallback,0.017180291427785432,150.36696,159.224422,195.74214199999997,82862258.9,0.015100479932888789,-0.6692866289800927,Short-term downward,Below long MA,1.2454962751166871,False,False,True,52.2,high_volume
2024-07-26,MSFT,145.3474,149.1443,142.732,146.7639,2210088,offline_fallback,-0.012524777056949987,149.87119,158.707494,195.454793,75982379.9,0.013233417175087568,-0.6734287402218694,Short-term downward,Below long MA,-0.5850266336403678,False,False,False,40.7,normal
2024-07-29,MSFT,146.6803,148.6185,146.0058,146.5224,71721724,offline_fallback,-0.0016455000173748457,149.44301000000002,158.22314,195.166724,78564305.35,0.013133362493238007,-0.6739661132355084,Short-term downward,Below long MA,0.0823331209238396,False,False,False,32.5,normal
2024-07-30,MSFT,148.5048,150.8659,145.7141,149.7413,96869187,offline_fallback,0.021968654622091854,149.13931,157.799374,194.9391805,79396465.2,0.014175443787115823,-0.6668035873820811,Short-term downward,Below long MA,1.5268255296271531,False,False,False,49.9,normal
2024-07-31,MSFT,145.0559,148.2415,142.5623,146.3542,132203296,offline_fallback,-0.02261967807144727,148.54441000000003,157.309888,194.70342950000003,80360886.5,0.014266472827984655,-0.6743403829700596,Short-term downward,Below long MA,-1.218888752506983,False,False,True,49.1,high_volume
2024-08-01,MSFT,145.0963,146.9084,141.7936,144.5812,69629570,offline_fallback,-0.01211444563941444,147.931055,156.77121,194.44871999999998,79090705.9,0.014345319130363415,-0.6782855686975213,Short-term downward,Below long MA,-0.5666866054770373,False,False,False,42.8,normal
2024-08-02,MSFT,143.1805,144.939,140.35,143.7499,29729692,offline_fallback,-0.005749710197453073,147.37107,156.234384,194.19348399999998,79050758.05,0.014225414309134415,-0.6801353334438489,Short-term downward,Below long MA,-0.15921609067543308,False,False,False,36.4,normal
2024-08-05,MSFT,150.7088,153.1421,149.2047,150.2513,112786135,offline_fallback,0.04522716189715603,147.236705,155.792696,193.9910015,80076837.25,0.017736693008036347,-0.665668762384334,Short-term downward,Below long MA,2.7798282700216554,True,False,False,67.8,abnormal_return
2024-08-06,MSFT,151.942,153.7938,150.4194,152.2186,64629272,offline_fallback,0.01309339752800831,147.28635500000001,155.295388,193.78472800000003,78328284.9,0.017814148187944117,-0.6612912305842011,Short-term downward,Below long MA,0.8938966564825218,False,False,False,61.1,normal
2024-08-07,MSFT,157.7309,159.218,155.056,155.9493,89512219,offline_fallback,0.02450883137803128,147.631495,154.91324,193.62117450000002,77364870.2,0.01822335217584783,-0.6529898744683289,Short-term downward,Below long MA,1.492247483839261,False,False,False,68.0,normal
2024-08-08,MSFT,156.9282,158.3298,155.0271,156.3392,116182287,offline_fallback,0.0025001715301062877,148.00255499999997,154.488644,193.4639225,82780806.6,0.01820695335498514,-0.652122289631816,Short-term downward,Below long MA,0.22972375463432684,False,False,False,54.7,normal
2024-08-09,MSFT,154.3513,158.0147,153.5432,154.9425,9962939,offline_fallback,-0.00893377988374,148.5155,154.086312,193.30240950000004,78225901.6,0.016935788622370346,-0.6552301525227049,Short-term downward,Below long MA,-0.41440004108227,False,False,False,49.4,normal
2024-08-12,MSFT,157.4142,160.0038,155.1469,157.1081,29750610,offline_fallback,0.013976797844361677,149.00108,153.728326,193.158772,76475614.05,0.01674306205683114,-0.6504113740616833,Short-term downward,Below long MA,0.8613466936988325,False,False,False,54.0,normal
2024-08-13,MSFT,159.2,162.0451,156.8145,160.4627,102171184,offline_fallback,0.021352177258842753,149.57100499999999,153.55836200000002,193.01471249999997,80947573.75,0.017140803818472352,-0.642946895752973,Short-term downward,Below long MA,1.2432183455782961,False,False,False,58.5,normal
2024-08-14,MSFT,159.8403,162.3113,156.2021,159.2522,123953450,offline_fallback,-0.007543809246635003,150.231325,153.356792,192.881893,82632012.75,0.016421823363067183,-0.6456404362623316,Short-term downward,Below long MA,-0.3646362714919193,False,False,False,46.0,normal
2024-08-15,MSFT,159.6701,162.2188,158.2631,160.5981,87377752,offline_fallback,0.008451374612093332,150.95400999999998,153.266808,192.7335935,81493826.35,0.01641943884917393,-0.6426456108418066,Short-term downward,Below long MA,0.5231687440882584,False,False,False,47.8,normal
2024-08-16,MSFT,163.9062,166.4318,161.0642,164.3233,98323067,offline_fallback,0.0231957912328975,151.909575,153.349424,192.582686,81842044.65,0.0166841929703117,-0.6343564930347334,Short-term downward,Below long MA,1.299593090446312,False,False,False,56.4,normal
2024-08-19,MSFT,166.4174,169.4369,162.1728,165.3132,59639904,offline_fallback,0.006024100051544856,152.812105,153.464778,192.43093100000002,83729678.45,0.01658316660009511,-0.632153819965577,Short-term downward,Below long MA,0.36077381223487975,False,False,False,45.6,normal
2024-08-20,MSFT,165.2858,168.6103,163.6549,164.8148,44746473,offline_fallback,-0.0030148832640104484,153.70133500000003,153.460172,192.26843250000002,80901550.7,0.01662046081506164,-0.633262833257493,Short-term upward,Below long MA,-0.11096803647852904,False,False,False,41.6,normal
2024-08-21,MSFT,158.84,160.541,157.4095,159.9314,67820112,offline_fallback,-0.029629620640864718,154.39215000000002,153.40101199999998,192.0940145,77340956.05,0.01825901548014807,-0.644129116382979,Short-term upward,Below long MA,-1.5605980837268605,False,False,False,68.0,normal
2024-08-22,MSFT,162.7394,164.5189,159.9839,161.8406,68505877,offline_fallback,0.011937618253826221,155.05291,153.439898,191.94249250000001,73886241.9,0.018107190338012346,-0.6398808656267071,Short-term upward,Below long MA,0.7362888134550944,False,False,False,60.4,normal
2024-08-23,MSFT,161.4091,166.5289,159.1904,163.357,104591758,offline_fallback,0.009369713162210358,155.882565,153.480398,191.7889475,79005325.4,0.017685574206819616,-0.6365066526334059,Short-term upward,Below long MA,0.5735387759836145,False,False,False,55.3,normal
2024-08-26,MSFT,162.7191,164.1961,159.8536,162.1226,113630035,offline_fallback,-0.007556456105339837,156.662575,153.45691399999998,191.62325099999998,81100740.95,0.017860109230786417,-0.6392533741573646,Short-term upward,Below long MA,-0.35627762021153486,False,False,False,53.3,normal
2024-08-27,MSFT,162.6751,164.3433,158.4065,161.6062,116047868,offline_fallback,-0.003185243759969314,157.25582,153.536438,191.43386600000002,82059675.0,0.017500812729432092,-0.6404024400962598,Short-term upward,Below long MA,-0.1478822959761401,False,False,False,47.7,normal
2024-08-28,MSFT,157.3569,158.4515,155.5653,157.1263,63214121,offline_fallback,-0.027721089908679386,157.794425,153.455898,191.22674849999999,78610216.25,0.017940320789528178,-0.6503708763852931,Short-term upward,Below long MA,-1.4887277225523725,False,False,False,65.7,normal
2024-08-29,MSFT,159.058,162.7056,156.3154,159.2203,79601047,offline_fallback,0.013326858711749878,158.52638,153.47258,191.0178945,79108790.1,0.01765902970004094,-0.645711418453367,Short-term upward,Below long MA,0.7781539120843114,False,False,False,58.4,normal
2024-08-30,MSFT,161.4005,163.4213,158.458,160.0041,101364508,offline_fallback,0.004922739123089048,159.33909,153.626948,190.83486950000002,82690530.9,0.017478009387238695,-0.6439673481921236,Short-term upward,Below long MA,0.277287218616726,False,False,False,49.9,normal
2024-09-02,MSFT,157.975,161.4173,155.7776,157.5321,36458200,offline_fallback,-0.015449604103894732,159.70313,153.73395,190.626714,78874134.15,0.015359759422067448,-0.6494679117106151,Short-term upward,Below long MA,-0.8841369972859882,False,False,False,49.1,normal
2024-09-03,MSFT,161.7893,165.2189,158.7672,161.2462,54373826,offline_fallback,0.023576782128848395,160.15451,153.89228799999998,190.4243815,78361361.85,0.01590999458426831,-0.6412034930358461,Short-term upward,Below long MA,1.3938081664027235,False,False,False,54.4,normal
2024-09-04,MSFT,161.6838,163.4166,160.3351,162.5332,137700224,offline_fallback,0.007981583441966533,160.48370500000001,154.101408,190.21262599999997,80770762.1,0.015145155112501685,-0.6383397287768255,Short-term upward,Below long MA,0.46219013066360753,False,False,True,42.1,high_volume
2024-09-05,MSFT,160.9383,164.2484,159.2489,162.0011,84553916,offline_fallback,-0.0032737926774344395,160.76680000000002,154.30293,190.0127055,79189343.55,0.01519366611908705,-0.6395237295244749,Short-term upward,Below long MA,-0.21525094505990347,False,False,False,39.0,normal
2024-09-06,MSFT,168.4091,171.3142,168.0896,168.7321,69026223,offline_fallback,0.04154910059252681,161.45628,154.54398600000002,189.8668805,82142507.75,0.017342266088893162,-0.6245462647012685,Short-term upward,Below long MA,2.3017377592884984,False,False,False,62.4,normal
2024-09-09,MSFT,172.9969,174.9523,170.5882,173.6473,70537001,offline_fallback,0.029130201070217243,162.28324,154.915212,189.7509265,84181827.3,0.01809663609270702,-0.6136092218994522,Short-term upward,Below long MA,1.5546700370675806,False,False,False,64.6,normal
2024-09-10,MSFT,176.5648,178.8501,173.8856,176.5689,125662502,offline_fallback,0.016824908881393652,163.08855,155.330284,189.6479465,85356393.2,0.017910957339470842,-0.6071082322652999,Short-term upward,Below long MA,0.8468639312904991,False,False,True,57.8,high_volume
2024-09-11,MSFT,171.5662,174.7145,170.6132,172.027,34802598,offline_fallback,-0.025723102992656233,163.72729,155.60577999999998,189.502569,80898850.6,0.019005972596948865,-0.6172146276717063,Short-term upward,Below long MA,-1.5311261422038498,False,False,False,69.8,normal
2024-09-12,MSFT,171.1321,174.4019,168.995,170.4389,60395636,offline_fallback,-0.009231690374185475,164.21932999999999,155.877592,189.3322225,79549744.8,0.019200115748375112,-0.6207483837088084,Short-term upward,Below long MA,-0.6060155588929661,False,False,False,64.0,normal
2024-09-13,MSFT,170.8712,171.6605,167.2153,169.4246,2048157,offline_fallback,-0.005951106232203962,164.47439500000002,156.167092,189.1535705,74735999.3,0.018698326545339802,-0.6230053503660924,Short-term upward,Below long MA,-0.47025757588482914,False,False,False,59.5,normal
2024-09-16,MSFT,166.9055,168.3492,163.8037,166.9208,67120695,offline_fallback,-0.014778255341904245,164.554775,156.446736,189.009659,75110038.85,0.01902066137641942,-0.628576673560914,Short-term upward,Below long MA,-0.9759541236972179,False,False,False,67.2,normal
2024-09-17,MSFT,166.1656,170.747,165.0991,167.1357,97358880,offline_fallback,0.0012874369161901544,164.67082,156.764938,188.830232,77740659.2,0.01900128812143326,-0.6280984894589221,Short-term upward,Below long MA,-0.017175409549430348,False,False,False,53.5,normal
2024-09-18,MSFT,168.8269,170.7542,164.7486,168.1077,46411935,offline_fallback,0.005815633643799556,165.079635,157.146162,188.626554,76670250.35,0.01760878884061869,-0.6259356465220396,Short-term upward,Below long MA,0.23834354778082947,False,False,False,49.5,normal
2024-09-19,MSFT,170.7701,173.8187,165.8699,169.5048,124483813,offline_fallback,0.008310743648268337,165.462845,157.557898,188.418443,79469147.15,0.01752650970502943,-0.622826893572329,Short-term upward,Below long MA,0.3771950844117716,False,False,False,50.5,normal
2024-09-20,MSFT,171.2807,173.5594,169.7422,171.3485,121805875,offline_fallback,0.010876978115074154,165.86242,158.091196,188.2034605,80329853.0,0.017560985879583428,-0.6187243899481207,Short-term upward,Below long MA,0.5634094499298568,False,False,False,53.3,normal
2024-09-23,MSFT,166.7712,170.2291,163.9908,167.2544,31416914,offline_fallback,-0.023893410213687294,166.11900999999997,158.488354,187.96358949999998,76219196.95,0.018414393900544626,-0.6278343645035641,Short-term upward,Below long MA,-1.515929056499267,False,False,False,67.9,normal
2024-09-24,MSFT,167.5533,170.4636,165.5364,168.1781,115573516,offline_fallback,0.005522724663745704,166.447605,158.870632,187.7238345,76195479.35,0.01839525079520627,-0.6257789961694094,Short-term upward,Below long MA,0.24650412439905545,False,False,False,54.8,normal
2024-09-25,MSFT,164.6541,169.4557,163.7464,165.8474,118041949,offline_fallback,-0.01385852260193221,166.88366000000002,159.266664,187.4707505,78936870.75,0.017446999982066752,-0.6309651464091133,Short-term upward,Below long MA,-0.8851561748653951,False,False,False,57.0,normal
2024-09-26,MSFT,166.4607,166.9566,164.6375,166.4583,106947393,offline_fallback,0.0036835066452656218,167.24556,159.672942,187.2299235,80304188.05,0.017274572465817924,-0.6296058040735767,Short-term upward,Below long MA,0.15354959562611545,False,False,False,45.5,normal
2024-09-27,MSFT,172.6164,175.226,168.9661,171.5987,31643371,offline_fallback,0.030881007435495933,167.82529,160.20067600000002,186.97678100000002,76818131.2,0.018414347900939914,-0.6181676581551083,Short-term upward,Below long MA,1.7090921126463487,False,False,False,67.8,normal
2024-09-30,MSFT,175.5358,176.2917,172.067,175.5267,57986357,offline_fallback,0.02289061630420286,168.72502000000003,160.765958,186.767303,77894539.05,0.018315230859209174,-0.6094272805254017,Short-term upward,Below long MA,1.1965335525780998,False,False,False,64.0,normal
2024-10-01,MSFT,173.9231,175.4489,171.0552,174.6189,13167237,offline_fallback,-0.005171862742249567,169.39365500000002,161.317732,186.545848,75834209.6,0.01795309892883213,-0.6114472690213915,Short-term upward,Below long MA,-0.453056410980273,False,False,False,53.5,normal
2024-10-02,MSFT,174.2322,176.7926,172.9018,174.7499,19874821,offline_fallback,0.0007502051610679406,170.00448999999998,161.890428,186.3628945,69942939.45,0.017944552518569058,-0.6111557747572642,Short-term upward,Below long MA,-0.12110110708146933,False,False,False,48.3,normal
2024-10-03,MSFT,179.3723,180.7637,178.0461,179.1293,125083231,offline_fallback,0.0250609585470436,170.8609,162.500506,186.19061850000003,71969405.2,0.018469028921879998,-0.6014109657471989,Short-term upward,Below long MA,1.275567456207962,False,False,False,65.2,normal
2024-10-04,MSFT,185.112,188.5458,182.9174,185.0726,55965529,offline_fallback,0.03317882669111083,171.67792500000002,163.26668,186.036987,71316370.5,0.017679947134313836,-0.588186249258748,Short-term upward,Below long MA,1.6981261274784398,False,False,False,61.3,normal
2024-10-07,MSFT,186.851,188.9353,183.2172,186.9117,77331726,offline_fallback,0.009937181408809392,172.341145,164.074466,185.9158215,71656106.75,0.016787035782869126,-0.5840939813109899,Short-term upward,Below long MA,0.3440965524206174,False,False,False,43.3,normal
2024-10-08,MSFT,189.6697,192.5944,189.2506,190.5463,89461179,offline_fallback,0.019445545677450937,173.04001499999998,164.890566,185.7791575,69846040.6,0.01690370579806014,-0.576006461827046,Short-term upward,Below long MA,0.8924672189623576,False,False,False,50.3,normal
2024-10-09,MSFT,191.3956,195.6282,191.0684,191.7379,38463270,offline_fallback,0.006253598206839905,174.02555999999998,165.79824,185.64292949999998,70029074.2,0.015394037343364878,-0.5733549765970158,Short-term upward,Below long MA,0.09382085086870287,False,False,False,33.3,normal
2024-10-10,MSFT,193.5308,196.378,189.9266,194.1528,109621081,offline_fallback,0.012594797377044387,175.211255,166.789672,185.48689700000003,72490346.45,0.015060999253083424,-0.5679814689753309,Short-term upward,Below long MA,0.46035874896205364,False,False,False,36.9,normal
2024-10-11,MSFT,192.0751,194.0122,188.9381,193.2034,57040968,offline_fallback,-0.0048899629570112735,176.400195,167.77874200000002,185.30906050000002,75239987.0,0.015016103944515748,-0.5700940235887839,Short-term upward,Below long MA,-0.5853864795071805,False,False,False,39.2,normal
2024-10-14,MSFT,196.076,199.2737,192.8438,195.6203,50823696,offline_fallback,0.0125096142200396,177.83517,168.68612200000004,185.16375449999998,74425137.05,0.01417868670548899,-0.5647160656729902,Short-term upward,Below long MA,0.45620208895560493,False,False,False,33.2,normal
2024-10-15,MSFT,195.44,197.5011,193.607,195.6192,102383331,offline_fallback,-5.623138293775476e-06,179.259345,169.554134,185.032,74676359.6,0.014214094530109219,-0.56471851333475,Short-term upward,Below long MA,-0.2939132251108303,False,False,False,31.2,normal
2024-10-16,MSFT,194.0796,197.1161,189.8942,194.0471,80800972,offline_fallback,-0.008036532201338153,180.556315,170.31609,184.86482200000003,76395811.45,0.014656461003077648,-0.5682166670189817,Short-term upward,Below long MA,-0.77158064843057,False,False,False,39.2,normal
2024-10-17,MSFT,189.1156,191.0023,188.4715,189.4904,59458040,offline_fallback,-0.02348244318003212,181.55559499999998,170.979114,184.70981099999997,73144522.8,0.016185683108360615,-0.5783559946017933,Short-term upward,Below long MA,-1.6235738866811738,False,False,False,52.3,normal
2024-10-18,MSFT,189.5353,192.5053,185.9169,188.0998,37861576,offline_fallback,-0.0073386303475004855,182.39316,171.64226,184.50609,68947307.85,0.01639097163463587,-0.5814502840956501,Short-term upward,Below long MA,-0.684712201887584,False,False,False,46.1,normal
2024-10-21,MSFT,187.107,190.5139,183.3052,188.2357,136990493,offline_fallback,0.0007224888064740753,183.442225,172.26481199999998,184.281485,74225986.8,0.014986931993907836,-0.5811478866109564,Short-term upward,Below long MA,-0.21233497762793774,False,False,True,34.5,high_volume
2024-10-22,MSFT,189.6243,193.1114,186.4878,188.7208,87184847,offline_fallback,0.0025770881931534984,184.46936,172.829974,184.059095,72806553.35,0.015006665017808174,-0.5800684677748641,Short-term upward,Below long MA,-0.08475470869859919,False,False,False,32.1,normal
2024-10-23,MSFT,193.5832,195.3864,191.1752,193.4506,7821843,offline_fallback,0.025062420252563555,185.84952,173.51394200000001,183.8681255,67295548.05,0.014834202030525757,-0.5695439672369347,Short-term upward,Below long MA,1.2169092804519057,False,False,False,44.4,normal
2024-10-24,MSFT,191.2507,193.5574,188.7316,192.3248,110654251,offline_fallback,-0.005819573575889692,187.14284500000002,174.14847599999996,183.644123,67480890.95,0.015123424041619508,-0.572049037790785,Short-term upward,Below long MA,-0.647193134866049,False,False,False,40.4,normal
2024-10-25,MSFT,193.4508,195.3482,191.5946,192.7214,32537697,offline_fallback,0.0020621365523321167,188.19898,174.71643799999998,183.46109350000003,67525607.25,0.014102468957029438,-0.5711665444690076,Short-term upward,Below long MA,-0.17984066575337707,False,False,False,29.9,normal
2024-10-28,MSFT,190.8529,191.8785,188.4733,190.2832,27150035,offline_fallback,-0.012651423246198945,188.936805,175.215838,183.24867849999998,65983791.15,0.01409011354760446,-0.5765918980170602,Short-term upward,Below long MA,-1.0582704537261216,False,False,False,41.5,normal
2024-10-29,MSFT,195.3062,199.4002,191.8347,194.6576,98071162,offline_fallback,0.022988892345724654,189.93874,175.81269400000002,183.10017649999998,70228987.4,0.014511572948688602,-0.5668582147422667,Short-term upward,Below long MA,1.1764104116746057,False,False,False,42.3,normal
2024-10-30,MSFT,202.0161,203.0012,199.6802,202.0723,65606517,offline_fallback,0.038090986429504925,191.30486000000002,176.655512,182.9716905,72515572.2,0.01616948174937696,-0.5503594168779629,Short-term upward,Below long MA,2.0597075743756057,False,False,False,50.7,normal
2024-10-31,MSFT,207.5635,209.4981,202.3326,206.271,48956714,offline_fallback,0.020778206612187766,192.661945,177.54412,182.850346,68709246.35,0.015950337428762864,-0.5410166919406287,Short-term upward,Below long MA,0.9728902795822025,False,False,False,44.1,normal
2024-11-01,MSFT,207.2613,211.4105,204.0879,206.0771,86168502,offline_fallback,-0.0009400255004338165,193.71217000000001,178.398522,182.732038,70219395.0,0.014809192285140412,-0.5414481479544779,Short-term upward,Below long MA,-0.3562577105413791,False,False,False,32.0,normal
2024-11-04,MSFT,205.5321,208.1607,203.9402,204.9059,92474696,offline_fallback,-0.00568330979036491,194.61187999999999,179.254188,182.621442,70976543.5,0.014973465207947987,-0.5440542401845982,Short-term upward,Below long MA,-0.6253568364283278,False,False,False,36.9,normal
2024-11-05,MSFT,201.7673,203.5974,201.4519,203.0338,84139725,offline_fallback,-0.00913638894731672,195.236255,180.08273999999997,182.511751,70710470.8,0.01485675055756889,-0.5482199379851516,Short-term upward,Below long MA,-0.8077924896663206,False,False,False,38.7,normal
2024-11-06,MSFT,199.8577,202.7829,198.5985,200.6358,130239589,offline_fallback,-0.011810841347598355,195.68115,180.95292999999998,182.3806525,75299286.75,0.015211516490419352,-0.5535558406216171,Short-term upward,Below long MA,-0.9635783771080569,False,False,True,42.8,high_volume
2024-11-07,MSFT,199.6495,203.9109,196.5966,202.3513,80699974,offline_fallback,0.008550318537369872,196.091075,181.81555,182.25167150000001,73853231.4,0.015095004426809715,-0.5497386008497837,Short-term upward,Below long MA,0.27807219770876274,False,False,False,32.9,normal
2024-11-08,MSFT,200.1969,202.1905,196.9863,198.6862,124180746,offline_fallback,-0.018112559691981223,196.365215,182.589192,182.113966,77210220.3,0.015698334155344013,-0.5578939873188868,Short-term upward,Above long MA,-1.3022344016728837,False,False,False,47.4,normal
2024-11-11,MSFT,199.2707,199.5788,197.6556,199.0813,111950774,offline_fallback,0.001988562869489563,196.538265,183.420176,181.97339750000003,80266574.2,0.015485392772261089,-0.5570148317176912,Short-term upward,Above long MA,-0.07580424487788189,False,False,False,31.6,normal
2024-11-12,MSFT,198.4892,198.7602,194.8579,197.9647,37529457,offline_fallback,-0.005608763856776111,196.65554,184.154546,181.820801,77023880.5,0.015554886112683705,-0.5594994309186408,Short-term upward,Above long MA,-0.534602544077284,False,False,False,39.5,normal
2024-11-13,MSFT,203.971,208.242,200.6566,202.3112,42134748,offline_fallback,0.021955934568132607,197.06874499999998,184.950106,181.661197,75090569.3,0.016103356692071646,-0.5498278292466653,Short-term upward,Above long MA,1.114808428769641,False,False,False,46.5,normal
2024-11-14,MSFT,200.0289,202.742,197.9164,201.4545,37764423,offline_fallback,-0.004234565362669085,197.66694999999999,185.73917400000002,181.51243649999998,74005888.45,0.01502622954468492,-0.551734112728175,Short-term upward,Above long MA,-0.49910316249995806,False,False,False,36.2,normal
2024-11-15,MSFT,202.9397,207.1144,202.1131,202.974,138836043,offline_fallback,0.0075426461061927075,198.41066,186.424012,181.367431,79054611.8,0.014845731392471539,-0.548353001779005,Short-term upward,Above long MA,0.23617272919604776,False,False,True,30.9,high_volume
2024-11-18,MSFT,205.8133,210.2333,205.2171,205.5972,133004472,offline_fallback,0.01292382275562387,199.278735,187.06301,181.267075,78855310.75,0.014957862005394902,-0.5425159960258874,Short-term upward,Above long MA,0.5510489935258899,False,False,True,35.5,high_volume
2024-11-19,MSFT,199.9788,202.3627,196.3602,200.4627,116441352,offline_fallback,-0.02497358913448222,199.86583000000002,187.54088600000003,181.1232595,80318136.0,0.016350600197067282,-0.5539410135767348,Short-term upward,Above long MA,-1.74644638054838,False,False,False,51.1,normal
2024-11-20,MSFT,194.6972,197.9644,193.4452,194.0446,109822370,offline_fallback,-0.03201642998921994,199.89552999999998,187.98123800000002,180.97323550000002,85418162.35,0.017279390718711214,-0.5682222298866176,Short-term upward,Above long MA,-2.1512392197585335,False,False,False,57.8,normal
2024-11-21,MSFT,190.3894,193.2713,188.0663,191.5453,132699047,offline_fallback,-0.0128800286119789,199.85655500000001,188.40336599999998,180.8143515,86520402.15,0.01748181940671902,-0.5737835399196944,Short-term upward,Above long MA,-0.9659340330466912,False,False,True,54.5,high_volume
2024-11-22,MSFT,192.2131,195.7948,191.1367,192.1121,55394937,offline_fallback,0.002959091139276282,199.82609,188.857116,180.64705950000004,87663264.15,0.01748869468648952,-0.5725223265692572,Short-term upward,Above long MA,-0.01376620332533144,False,False,False,41.0,normal
2024-11-25,MSFT,189.1641,192.3397,188.4783,189.3954,89945111,offline_fallback,-0.014141222754839533,199.7817,189.30660799999998,180.46708049999998,90803017.95,0.017548427648676333,-0.5785673835719618,Short-term upward,Above long MA,-1.042529610678044,False,False,False,55.9,normal
2024-11-26,MSFT,194.2828,195.6962,190.6968,193.8539,9979581,offline_fallback,0.023540698454133535,199.741515,189.840972,180.327337,86398438.9,0.017587010923201255,-0.5686465654298929,Short-term upward,Above long MA,1.2215938004518931,False,False,False,56.8,normal
2024-11-27,MSFT,189.2384,190.7462,186.4869,190.3818,108730508,offline_fallback,-0.017910911258427142,199.15699,190.28645400000002,180.189032,88554638.45,0.015531057149634923,-0.5763724985174958,Short-term upward,Above long MA,-1.2277295777192507,False,False,False,48.2,normal
2024-11-28,MSFT,189.9589,193.5704,186.9236,190.2588,15961285,offline_fallback,-0.0006460701600677909,198.35638,190.70153399999998,180.03320100000002,86904867.0,0.014520815615063841,-0.5766461916051877,Short-term upward,Above long MA,-0.20595540039878318,False,False,False,31.9,normal
2024-11-29,MSFT,191.4473,192.483,190.2796,191.6881,100697502,offline_fallback,0.0075123989008654135,197.63693,191.10832599999998,179.8670855,87631317.0,0.014733907251045567,-0.5734657889203253,Short-term upward,Above long MA,0.32721744880277737,False,False,False,34.1,normal
2024-12-02,MSFT,187.8018,189.0306,183.5643,187.3569,11165551,offline_fallback,-0.022595038502650877,196.75948,191.510376,179.63949499999998,83565859.75,0.015338152133961967,-0.5831033458423684,Short-term upward,Above long MA,-1.5002741128074062,False,False,False,49.5,normal
2024-12-03,MSFT,183.6621,187.88,180.1698,184.2702,125569590,offline_fallback,-0.016474973699927786,195.8213,191.83221799999998,179.4415495,85637353.0,0.015544949817063185,-0.5899717072552033,Short-term upward,Above long MA,-1.0805514632810425,False,False,True,48.3,high_volume
2024-12-04,MSFT,181.217,185.4301,179.0542,181.4461,14662483,offline_fallback,-0.015325863867299172,194.861815,192.144192,179.24812299999996,79858497.7,0.015648842735012696,-0.5962557450515511,Short-term upward,Above long MA,-1.034999861109198,False,False,False,48.2,normal
2024-12-05,MSFT,188.5655,190.0102,184.7023,188.1458,114551866,offline_fallback,0.036923912941639436,194.15154,192.577942,179.1027435,81551092.3,0.018036167183633232,-0.5813479273311475,Short-term upward,Above long MA,2.1442443263703677,False,False,False,63.9,normal
2024-12-06,MSFT,190.5449,193.8802,187.4304,190.0589,49389935,offline_fallback,0.010168178083167279,193.72017499999998,192.947146,178.8808295,77811551.75,0.017936815507501848,-0.5770909985013635,Short-term upward,Above long MA,0.4952921325033797,False,False,False,51.9,normal
2024-12-09,MSFT,184.0765,189.5575,183.6528,185.7894,24347479,offline_fallback,-0.02246408876406203,193.05558000000002,193.15240000000003,178.61444350000002,73431387.0,0.018471416820200603,-0.5865912638501497,Short-term downward,Above long MA,-1.4728725570990284,False,False,False,65.7,normal
2024-12-10,MSFT,186.4005,190.3792,185.1098,186.0341,86363642,offline_fallback,0.0013170826753301501,192.45905,193.380704,178.3306915,75873096.25,0.01849051469207639,-0.5860467703659366,Short-term downward,Above long MA,-0.03649160409841964,False,False,False,49.5,normal
2024-12-11,MSFT,189.2048,192.6078,186.8743,189.6166,109923187,offline_fallback,0.019257222197435864,191.82432,193.67803800000002,178.082823,79262518.2,0.018308214102472162,-0.5780751810435272,Short-term downward,Above long MA,1.0246770995855656,False,False,False,60.8,normal
2024-12-12,MSFT,182.5148,183.0894,181.6584,182.8589,94788838,offline_fallback,-0.03563875736617994,190.89453999999998,193.75262999999998,177.7706005,82113738.95,0.019706144154063146,-0.5931120572930864,Short-term downward,Above long MA,-2.132455725275318,False,False,False,74.5,normal
2024-12-13,MSFT,187.7718,191.8747,183.8434,188.1447,16867595,offline_fallback,0.028906440977168657,190.153075,193.814072,177.57810100000003,76015316.55,0.020941895744038996,-0.5813503749929074,Short-term downward,Above long MA,1.536817815253676,False,False,False,78.6,normal
2024-12-16,MSFT,183.4787,185.3703,182.7175,184.7386,34851963,offline_fallback,-0.01810361918246972,189.110145,193.77061,177.377205,71107691.1,0.020803910456090396,-0.5889294483749195,Short-term downward,Above long MA,-1.1335161617140381,False,False,False,76.2,normal
2024-12-17,MSFT,185.6363,186.0489,183.6944,185.6336,94156071,offline_fallback,0.004844683244324743,188.36869,193.672356,177.2346455,69993427.05,0.020370874317563802,-0.5869379417612262,Short-term downward,Above long MA,0.17342014352066432,False,False,False,62.0,normal
2024-12-18,MSFT,183.1773,185.7651,181.0563,182.371,95567955,offline_fallback,-0.017575482024805855,187.78501,193.48501799999997,177.07424200000003,69280706.3,0.019551523687921322,-0.594197706540931,Short-term downward,Above long MA,-1.0955181561641987,False,False,False,69.7,normal
2024-12-19,MSFT,180.7807,182.9564,179.8566,181.3546,4606527,offline_fallback,-0.005573254519633086,187.275475,193.229054,176.856655,62876080.3,0.019423390427008923,-0.5964593460070292,Short-term downward,Above long MA,-0.40537899553569035,False,False,False,60.8,normal
2024-12-20,MSFT,176.145,178.7791,175.3272,177.4485,120654178,offline_fallback,-0.02153846662836234,186.54229500000002,192.91395599999998,176.63268,66139042.35,0.019825888352757563,-0.6051509929162444,Short-term downward,Above long MA,-1.273225945453102,False,False,False,72.5,normal
2024-12-23,MSFT,172.3605,173.6109,170.467,171.3366,90790178,offline_fallback,-0.0344432328252986,185.639355,192.428282,176.4530085,66181295.7,0.02087644063788099,-0.6187508691980681,Short-term downward,Above long MA,-1.9207140812856212,False,False,False,81.5,normal
2024-12-24,MSFT,169.9934,170.7063,168.7873,170.065,107774246,offline_fallback,-0.007421648381023105,184.44991,191.91719799999998,176.228049,71071028.95,0.01978435610942055,-0.6215803661924508,Short-term downward,Above long MA,-0.40058516596795674,False,False,False,64.1,normal
2024-12-25,MSFT,171.6564,173.2202,169.8806,171.7292,26993994,offline_fallback,0.009785670184929263,183.51728,191.47083999999998,176.05399300000002,66984203.25,0.019900726164396476,-0.6178772764645084,Short-term downward,Above long MA,0.5552873309683704,False,False,False,66.6,normal
2024-12-26,MSFT,170.7125,174.5257,167.6793,171.0652,114507650,offline_fallback,-0.00386655268876801,182.5576,191.102336,175.9503155,71911521.5,0.019877047411391,-0.6193547741086338,Short-term downward,Above long MA,-0.18510857046601467,False,False,False,61.2,normal
2024-12-27,MSFT,177.1076,178.809,176.3031,176.627,124631807,offline_fallback,0.03251274952474259,181.80454500000002,190.87288,175.8217445,73108236.75,0.021437795190702193,-0.6069789512214389,Short-term downward,Above long MA,1.8895402408089186,False,False,False,82.3,normal
2024-12-30,MSFT,177.1946,177.7416,175.4249,177.4746,102583524,offline_fallback,0.004798813318461992,181.31043,190.657658,175.6634735,77679135.4,0.021049743286200163,-0.6050929165781244,Short-term downward,Above long MA,0.31497192340350716,False,False,False,67.7,normal
2024-12-31,MSFT,179.0201,180.081,175.4224,179.1711,88336160,offline_fallback,0.009559114374676714,181.055475,190.46666399999998,175.54340950000002,75817463.9,0.020944468684837,-0.6013179546003247,Short-term downward,Above long MA,0.601483298546023,False,False,False,71.6,normal
2022-01-03,TSLA,228.5468,231.634,223.9582,226.9466,115075007,offline_fallback,,226.9466,226.9466,226.9466,115075007.0,,0.0,Neutral,Above long MA,,False,False,False,0.8,normal
2022-01-04,TSLA,223.9511,226.3258,222.8632,225.2481,107258141,offline_fallback,-0.007484139440731896,226.09735,226.09735,226.09735,111166574.0,,-0.007484139440731896,Neutral,Above long MA,,False,False,False,2.5,normal
2022-01-05,TSLA,223.5464,226.6438,221.0276,221.8265,37392964,offline_fallback,-0.015190361206154357,224.67373333333333,224.67373333333333,224.67373333333333,86575370.66666667,,-0.02256081386546427,Neutral,Above long MA,,False,False,False,4.5,normal
2022-01-06,TSLA,222.2303,226.8003,219.7487,222.89,83566338,offline_fallback,0.004794287427336119,224.2278,224.2278,224.2278,85823112.5,,-0.017874689464393856,Neutral,Above long MA,,False,False,False,3.5,normal
2022-01-07,TSLA,221.318,222.3615,216.7028,220.2958,121701552,offline_fallback,-0.011638925030283853,223.4414,223.4414,223.4414,92998800.4,,-0.029305572324062057,Neutral,Above long MA,,False,False,False,5.7,normal
2022-01-10,TSLA,226.7655,229.5656,221.8582,226.8577,130554658,offline_fallback,0.02978676851760209,224.0107833333333,224.0107833333333,224.0107833333333,99258110.0,0.018251345416622065,-0.00039172210555260545,Neutral,Above long MA,,False,False,True,28.7,high_volume
2022-01-11,TSLA,224.7264,225.8566,220.3354,222.701,128956727,offline_fallback,-0.01832293988698641,223.82367142857143,223.82367142857143,223.82367142857143,103500769.57142857,0.01796584827825985,-0.01870748449194659,Neutral,Above long MA,,False,False,True,29.0,high_volume
2022-01-12,TSLA,220.0254,221.0894,217.4481,218.7749,85735218,offline_fallback,-0.017629467312674785,223.192575,223.192575,223.192575,101280075.625,0.017306425826259617,-0.036007148818268164,Neutral,Above long MA,,False,False,False,27.8,normal
2022-01-13,TSLA,211.9016,214.5423,207.5547,213.7078,124554608,offline_fallback,-0.023161249302365183,222.1387111111111,222.1387111111111,222.1387111111111,103866134.77777778,0.017248501491397412,-0.05833442757018614,Neutral,Above long MA,,False,False,False,32.4,normal
2022-01-14,TSLA,214.7463,217.036,210.3827,215.3706,45727422,offline_fallback,0.007780717409472171,221.4619,221.4619,221.4619,98052263.5,0.016904997039137046,-0.051007593856880806,Neutral,Above long MA,,False,False,False,28.8,normal
2022-01-17,TSLA,212.256,216.1188,209.5517,210.9748,95897747,offline_fallback,-0.020410399562428738,220.5085272727273,220.5085272727273,220.5085272727273,97856398.36363636,0.016605483569174722,-0.07037690804797248,Neutral,Above long MA,,False,False,False,30.8,normal
2022-01-18,TSLA,215.4081,218.0168,213.0791,215.1427,70286837,offline_fallback,0.019755439986197443,220.061375,220.061375,220.061375,95558934.91666667,0.017719066845556793,-0.052011794845130965,Neutral,Above long MA,,False,False,False,33.8,normal
2022-01-19,TSLA,212.0906,216.6963,211.8401,212.2141,85668593,offline_fallback,-0.013612360540236734,219.45773846153847,219.45773846153847,219.45773846153847,94798139.38461539,0.017089162394677563,-0.06491615208159096,Neutral,Above long MA,,False,False,False,32.9,normal
2022-01-20,TSLA,215.2727,218.6965,211.5173,215.1663,73819875,offline_fallback,0.013911422473813051,219.15120714285715,219.15120714285715,219.15120714285715,93299691.92857143,0.017219810472947048,-0.05190780562475927,Neutral,Above long MA,,False,False,False,30.6,normal
2022-01-21,TSLA,222.9084,224.3823,220.7253,222.732,23752570,offline_fallback,0.03516210484634441,219.38992666666667,219.38992666666667,219.38992666666667,88663217.13333334,0.019570678163661946,-0.018570888482136283,Neutral,Above long MA,,False,False,False,37.2,normal
2022-01-24,TSLA,219.9894,223.1977,215.2035,219.7298,137959035,offline_fallback,-0.01347897922166541,219.41116875,219.41116875,219.41116875,91744205.75,0.019125072352954676,-0.03179955108382315,Neutral,Above long MA,,False,False,True,38.0,high_volume
2022-01-25,TSLA,207.9026,210.7547,206.2637,207.5539,90392708,offline_fallback,-0.05541305730947743,218.71368235294116,218.71368235294116,218.71368235294116,91664705.88235295,0.022799344349840607,-0.08545049804667704,Neutral,Above long MA,,False,False,False,58.6,normal
2022-01-26,TSLA,209.7399,210.7254,206.3127,210.059,134633030,offline_fallback,0.012069635887352659,218.23286666666667,218.23286666666667,218.23286666666667,94051835.0,0.022474744830483912,-0.07441221855714075,Neutral,Above long MA,,False,False,True,56.9,high_volume
2022-01-27,TSLA,212.4615,216.0341,211.0118,212.5888,138295610,offline_fallback,0.0120432830776116,217.93581052631578,217.93581052631578,217.93581052631578,96380454.73684211,0.02214133311450619,-0.06326510289204601,Neutral,Above long MA,,False,False,True,54.6,high_volume
2022-01-28,TSLA,213.1587,213.9209,207.9207,212.4927,122715369,offline_fallback,-0.0004520463919076567,217.663655,217.663655,217.663655,97697200.45,0.02152806909216241,-0.06368855052245759,Neutral,Above long MA,,False,False,False,53.1,normal
2022-01-31,TSLA,210.9924,216.3947,206.6474,212.6361,82344246,offline_fallback,0.0006748467123811608,216.94813,217.42424761904763,217.42424761904763,96060662.4,0.020972126985279612,-0.06305668381901286,Short-term downward,Above long MA,0.17716932852491546,False,False,False,54.8,normal
2022-02-01,TSLA,215.4513,218.8034,211.3555,217.2684,90587515,offline_fallback,0.02178510610380835,216.549145,217.41716363636363,217.41716363636363,95227131.1,0.02165582248953453,-0.042645274262755994,Short-term downward,Above long MA,1.1180739633730232,False,False,False,64.6,normal
2022-02-02,TSLA,209.7713,211.5512,208.2934,210.9926,29638251,offline_fallback,-0.028885010429496427,216.00744999999998,217.13783478260868,217.13783478260868,94839395.45,0.022315367034186632,-0.07029847550040402,Short-term downward,Above long MA,-1.204021928259716,False,False,False,72.1,normal
2022-02-03,TSLA,210.7465,212.0712,208.5257,210.9965,116899256,offline_fallback,1.848406057836094e-05,215.412775,216.88194583333333,216.88194583333333,96506041.35,0.02226137216075211,-0.07028129084110535,Short-term downward,Above long MA,0.14183250322161586,False,False,False,58.4,normal
2022-02-04,TSLA,217.7758,219.0334,214.5146,218.0696,123445196,offline_fallback,0.03352235700592199,215.301465,216.92945199999997,216.92945199999997,96593223.55,0.02353943319495771,-0.03911492835759589,Short-term downward,Above long MA,1.6038174405708898,False,False,False,68.8,normal
2022-02-07,TSLA,216.7245,219.9459,213.6949,215.9499,101107898,offline_fallback,-0.009720291136407821,214.756075,216.89177692307692,216.89177692307692,95120885.55,0.0225225073912299,-0.0484550110025882,Short-term downward,Above long MA,-0.37179820586543566,False,False,False,58.5,normal
2022-02-08,TSLA,214.8114,218.7889,214.1321,215.8081,117053680,offline_fallback,-0.0006566337840397951,214.41143000000002,216.85164074074075,216.85164074074075,94525733.2,0.022201791710358604,-0.04907982758939766,Short-term downward,Above long MA,0.05076942424359036,False,False,False,52.4,normal
2022-02-09,TSLA,216.9686,219.9871,211.4781,215.5535,54320894,offline_fallback,-0.00117975182581187,214.25036,216.80527857142857,216.80527857142857,92955017.0,0.021868566612766906,-0.05020167739900039,Short-term downward,Above long MA,0.02535772380924815,False,False,False,51.5,normal
2022-02-10,TSLA,221.1413,225.5236,219.0835,219.7744,133182367,offline_fallback,0.019581681577891308,214.55369000000002,216.9076620689655,216.9076620689655,93386404.95,0.02162588218451054,-0.031603029082612255,Short-term downward,Above long MA,0.997485604732783,False,False,True,60.5,high_volume
2022-02-11,TSLA,215.5516,217.9757,210.3778,213.568,34442826,offline_fallback,-0.02823986779169918,214.46356,216.79634,216.79634,92822175.15,0.022565725917471545,-0.05895043151120116,Short-term downward,Above long MA,-1.2653627390250597,False,False,False,70.9,normal
2022-02-14,TSLA,212.2404,213.4737,207.9238,212.1934,20038126,offline_fallback,-0.0064363575067426515,214.52449000000001,216.64785806451613,216.64785806451613,89029194.1,0.02211814072756911,-0.06500736296556098,Short-term downward,Above long MA,-0.21490163663332815,False,False,False,59.0,normal
2022-02-15,TSLA,216.1862,217.1891,212.4208,215.6216,18151126,offline_fallback,0.016156016162613973,214.548435,216.6157875,216.6157875,86422408.55,0.02196754051853143,-0.049901606809707566,Short-term downward,Above long MA,0.8627637738309347,False,False,False,64.0,normal
2022-02-16,TSLA,219.0915,222.3433,215.8286,220.7081,2234784,offline_fallback,0.023589937186256016,214.973135,216.73979696969698,216.73979696969698,82250718.1,0.022296313575865076,-0.02748884539358598,Short-term downward,Above long MA,1.1800622549995685,False,False,False,63.1,normal
2022-02-17,TSLA,217.3002,218.6485,212.9075,216.2616,77696030,offline_fallback,-0.020146519316690314,215.0279,216.72573235294118,216.72573235294118,82444525.85,0.022652731703540225,-0.047081560155560864,Short-term downward,Above long MA,-0.9209585391099316,False,False,False,65.6,normal
2022-02-18,TSLA,218.563,220.2546,213.8534,218.1439,137423359,offline_fallback,0.008703810570161341,214.798495,216.76625142857142,216.76625142857142,88128065.3,0.021251135392919496,-0.038787538566341095,Short-term downward,Above long MA,0.47684076985520946,False,False,True,55.4,high_volume
2022-02-21,TSLA,217.8519,220.2835,214.0915,217.552,27001694,offline_fallback,-0.0027133465570203796,214.68960499999997,216.78807777777777,216.78807777777777,82580198.25,0.02104908127177825,-0.04139564108913729,Short-term downward,Above long MA,-0.08515855903669427,False,False,False,48.9,normal
2022-02-22,TSLA,218.8514,222.4806,215.3412,219.4141,55271135,offline_fallback,0.008559332941090014,215.282615,216.85905135135135,216.85905135135135,80824119.6,0.0166270139263993,-0.03319062722243915,Short-term downward,Above long MA,0.471175231477315,False,False,False,31.2,normal
2022-02-23,TSLA,225.4883,227.9661,224.6654,225.6068,25865261,offline_fallback,0.028223801478574062,216.060005,217.0892552631579,217.0892552631579,75385731.15,0.01746638183678731,-0.005903591417540488,Short-term downward,Above long MA,1.4059880045481405,False,False,False,40.9,normal
2022-02-24,TSLA,219.0718,220.8408,215.4074,219.5996,38404069,offline_fallback,-0.02662685699189915,216.410545,217.15362307692308,217.15362307692308,70391154.1,0.01860024418434151,-0.032373254325026135,Short-term downward,Above long MA,-1.2825088397267894,False,False,False,51.8,normal
2022-02-25,TSLA,217.3488,219.1061,214.7951,216.4534,40785551,offline_fallback,-0.014326984202157167,216.60858,217.1361175,217.1361175,66294663.2,0.01894376718622681,-0.04623642742389622,Short-term downward,Above long MA,-0.6624535637208062,False,False,False,50.5,normal
2022-02-28,TSLA,215.2916,219.1106,213.8673,215.505,24231736,offline_fallback,-0.004381543556257306,216.752025,217.09633414634143,217.09633414634143,63389037.7,0.018983357560107376,-0.05041538405950996,Short-term downward,Above long MA,-0.16539887810325368,False,False,False,44.3,normal
2022-03-01,TSLA,208.621,212.7774,204.2068,207.6202,61833076,offline_fallback,-0.03658755017284976,216.26961500000002,216.87071190476192,216.87071190476192,61951315.75,0.020051125239346365,-0.0851583588385989,Short-term downward,Above long MA,-1.70040507274906,False,False,False,69.4,normal
2022-03-02,TSLA,202.2674,204.0562,200.8692,201.2782,129691713,offline_fallback,-0.030546160730025362,215.78389500000003,216.5080953488372,216.5080953488372,66953988.85,0.02017109667876096,-0.1131032586520353,Short-term downward,Above long MA,-1.3550974632438548,False,False,True,72.1,high_volume
2022-03-03,TSLA,201.3665,202.6335,198.5503,200.6175,70920855,offline_fallback,-0.0032825214056961816,215.26494500000004,216.14694545454543,216.14694545454543,64655068.8,0.020165834820573124,-0.11601451619015213,Short-term downward,Above long MA,-0.03057369121019617,False,False,False,56.0,normal
2022-03-04,TSLA,203.3275,207.1769,198.5746,203.0211,106720381,offline_fallback,0.011981008635836732,214.51252,215.85526,215.85526,63818828.05,0.018670224445957857,-0.10542347847467204,Short-term downward,Above long MA,0.7074555424716065,False,False,False,58.6,normal
2022-03-07,TSLA,202.475,205.0594,200.054,203.7489,33411595,offline_fallback,0.0035848490624865725,213.90247,215.59207826086956,215.59207826086956,60434012.9,0.018670302846619073,-0.10221655667015939,Short-term downward,Above long MA,0.28886077362918394,False,False,False,52.9,normal
2022-03-08,TSLA,201.2523,202.9668,196.9111,202.1892,79985435,offline_fallback,-0.0076550106528182615,213.221525,215.3069106382979,215.3069106382979,58580600.65,0.01869482259004108,-0.10908909849277315,Short-term downward,Above long MA,-0.2696021182594494,False,False,False,53.3,normal
2022-03-09,TSLA,203.2964,204.5232,198.8729,202.4266,36571162,offline_fallback,0.0011741477784175114,212.56518,215.03857083333332,215.03857083333332,57693114.05,0.018714861337820913,-0.1080430374370005,Short-term downward,Above long MA,0.17426174045218082,False,False,False,51.5,normal
2022-03-10,TSLA,203.4211,206.8818,199.9792,204.4265,118405362,offline_fallback,0.009879630443825116,211.79778499999998,214.82199795918365,214.82199795918365,56954263.8,0.01821872135248947,-0.09923083227508134,Short-term downward,Above long MA,0.6096749912510475,False,False,False,54.4,normal
2022-03-11,TSLA,205.6576,206.365,203.0985,206.125,22807418,offline_fallback,0.0083086096959053,211.42563499999997,214.648058,214.648058,56372493.4,0.017417144841646914,-0.09174669283434955,Short-term downward,Above long MA,0.522137143765675,False,False,False,46.5,normal
2022-03-14,TSLA,201.8216,203.39,197.8675,200.9484,89327718,offline_fallback,-0.02511388720436636,210.86338500000002,214.12809400000003,214.37943725490197,59836973.0,0.018172912188627495,-0.11455646394350039,Short-term downward,Below long MA,-1.178640027195232,False,False,False,61.8,normal
2022-03-15,TSLA,194.0122,196.8643,192.4795,195.5345,79389804,offline_fallback,-0.026941742258211443,209.85903,213.533822,214.0170346153846,62898906.9,0.018390595937730167,-0.138411855476134,Short-term downward,Below long MA,-1.2406097084002268,False,False,False,66.5,normal
2022-03-16,TSLA,199.3454,203.0806,197.2283,198.7269,26904219,offline_fallback,0.01632653061224487,208.75996999999998,213.07183,213.72854150943397,64132378.65,0.017866452985299527,-0.12434511025941786,Short-term downward,Below long MA,0.9582133476841228,False,False,False,59.2,normal
2022-03-17,TSLA,192.4683,194.6462,190.8243,192.6989,76529553,offline_fallback,-0.030333085254185432,207.581835,212.468008,213.33910370370373,64074054.8,0.01845412900781302,-0.1509064246831633,Short-term downward,Below long MA,-1.393438950064317,False,False,False,69.0,normal
2022-03-18,TSLA,196.1589,198.5145,192.5264,195.9928,115407697,offline_fallback,0.017093507020538246,206.47428,211.98194800000002,213.02371636363637,62973271.7,0.018886397330062647,-0.13639243769239107,Short-term downward,Below long MA,0.9958225867463943,False,False,False,66.5,normal
2022-03-21,TSLA,198.282,199.5382,197.6098,198.443,85352569,offline_fallback,0.012501479646191305,205.51882999999998,211.41365399999998,212.76334642857142,65890815.45,0.019292568785744913,-0.12559606532990575,Short-term downward,Below long MA,0.751803871245309,False,False,False,65.1,normal
2022-03-22,TSLA,195.7955,197.664,193.3781,196.0989,116591136,offline_fallback,-0.011812460001108804,204.35307,210.881612,212.47098771929822,68956815.5,0.019108801805624232,-0.13592492683300827,Short-term downward,Below long MA,-0.4822445976296083,False,False,False,61.7,normal
2022-03-23,TSLA,196.5652,196.7758,193.4962,196.574,137703184,offline_fallback,0.0024227570883876837,202.90143,210.437594,212.19690172413792,74548711.65,0.017522545237672705,-0.1338314828245939,Short-term downward,Below long MA,0.24620783710808938,False,False,True,48.2,high_volume
2022-03-24,TSLA,199.8729,201.7058,194.8102,199.0313,53996022,offline_fallback,0.012500635892844336,201.87301499999998,210.144064,211.9737559322034,75328309.3,0.017366181398296356,-0.12300382556953926,Short-term downward,Below long MA,0.7574898175552074,False,False,False,53.3,normal
2022-03-25,TSLA,195.5294,200.6177,195.2148,197.8835,34213432,offline_fallback,-0.005766932135799707,200.94452,209.794322,211.73891833333334,74999703.35,0.017222889512062856,-0.12806140299083568,Short-term downward,Below long MA,-0.19005041382285098,False,False,False,44.9,normal
2022-03-28,TSLA,193.9152,198.2793,191.4761,195.1834,53302267,offline_fallback,-0.013644897123812672,199.92844,209.47849399999998,211.46751639344262,76453229.9,0.017348381517933546,-0.13995891544530736,Short-term downward,Below long MA,-0.5960505273189811,False,False,False,53.2,normal
2022-03-29,TSLA,197.9533,198.1938,194.4018,197.6221,115062026,offline_fallback,0.012494402700229612,199.428535,209.12808200000003,211.24420322580647,79114677.4,0.016036340664071266,-0.12921321579613887,Short-term downward,Below long MA,0.7602534657838111,False,False,False,45.1,normal
2022-03-30,TSLA,199.8528,202.8495,196.0664,199.7992,72640927,offline_fallback,0.01101648044424186,199.354585,208.879784,211.0625365079365,76262138.1,0.014837145298662773,-0.11962021021685265,Short-term downward,Below long MA,0.6600626564538882,False,False,False,37.0,normal
2022-03-31,TSLA,204.177,207.5423,203.2549,203.8238,89200587,offline_fallback,0.020143223796691867,199.5149,208.65293400000002,210.94943125,77176124.7,0.01549626463412747,-0.10188652308516621,Short-term downward,Below long MA,1.114527631114547,False,False,False,42.5,normal
2022-04-01,TSLA,199.3574,200.6973,196.5372,200.1444,53557903,offline_fallback,-0.01805186636693068,199.371065,208.20118200000002,210.7832,74518000.8,0.015818567055427852,-0.11809914755277229,Short-term downward,Below long MA,-0.8611728079520603,False,False,False,43.8,normal
2022-04-04,TSLA,200.6968,201.6952,196.9545,201.4495,125810910,offline_fallback,0.006520791988184671,199.25609500000002,207.835576,210.64178030303032,79137966.55,0.015872914428157418,-0.11234845553976125,Short-term downward,Below long MA,0.4399753587310035,False,False,False,37.8,normal
2022-04-05,TSLA,202.9843,206.4249,201.1947,201.5202,127552297,offline_fallback,0.0003509564431780632,199.222645,207.714902,210.50563731343286,81516309.65,0.015782257732581743,-0.11203692851093605,Short-term downward,Below long MA,0.09794670378365727,False,False,True,31.4,high_volume
2022-04-06,TSLA,205.4227,209.8618,200.731,205.1634,58393139,offline_fallback,0.018078584677863496,199.359485,207.61699000000002,210.427075,82607408.5,0.01629539350471118,-0.09598381293220515,Short-term downward,Below long MA,1.0072743187250714,False,False,False,45.5,normal
2022-04-07,TSLA,202.2533,207.6814,201.0521,204.1665,41132527,offline_fallback,-0.004859053807842795,199.346485,207.448544,210.3363420289855,78743766.75,0.016196069525383147,-0.10037647622832846,Short-term downward,Below long MA,-0.22935628955222812,False,False,False,35.4,normal
2022-04-08,TSLA,200.2168,204.0822,197.522,200.4312,117773061,offline_fallback,-0.018295361873764904,199.06179500000002,207.207314,210.19484,83492048.9,0.01657125352542961,-0.11683541414588283,Short-term downward,Below long MA,-0.922545459015048,False,False,False,49.6,normal
2022-04-11,TSLA,200.0042,204.2506,199.0306,201.6921,63028549,offline_fallback,0.006290936740387831,199.09898,206.988434,210.07508309859156,82177090.45,0.015655420563444922,-0.11127948160492374,Short-term downward,Below long MA,0.3699510774894951,False,False,False,35.1,normal
2022-04-12,TSLA,196.468,197.7423,194.532,195.6529,72329990,offline_fallback,-0.02994267004012563,199.1049,206.556124,209.874775,81824099.75,0.015942030559052463,-0.1378901468451169,Short-term downward,Below long MA,-1.5215114554196552,False,False,False,51.5,normal
2022-04-13,TSLA,192.8416,194.4556,189.9453,192.2154,55343469,offline_fallback,-0.017569379242525884,198.779325,206.18057999999996,209.63286575342465,83246062.25,0.0159337165906688,-0.1530368818039134,Short-term downward,Below long MA,-0.8559444574532377,False,False,False,48.2,normal
2022-04-14,TSLA,191.3921,192.8906,188.364,191.6951,71494067,offline_fallback,-0.0027068590758075883,198.72913499999999,205.794552,209.3904635135135,82994287.95,0.014433356266652668,-0.15532949160727672,Short-term downward,Below long MA,-0.05117063242205932,False,False,False,29.8,normal
2022-04-15,TSLA,195.5353,197.233,193.1739,195.8084,70091538,offline_fallback,0.021457512476844798,198.719915,205.34932799999999,209.20936933333334,80728480.0,0.014737725299231539,-0.1372049636346171,Short-term downward,Below long MA,1.2793897163976418,False,False,False,44.6,normal
2022-04-18,TSLA,191.885,195.3947,187.7497,190.8398,122589390,offline_fallback,-0.025374805166683445,198.339755,204.847126,208.9676644736842,82590321.05,0.015469744670361598,-0.1590982195811702,Short-term downward,Below long MA,-1.2533957034500196,False,False,False,49.8,normal
2022-04-19,TSLA,189.584,192.0218,185.1757,189.3001,139538245,offline_fallback,-0.008068023546451086,197.99981499999998,204.31696599999998,208.71224155844155,83737676.5,0.015364971803045536,-0.16588263494584188,Short-term downward,Below long MA,-0.3892921667416565,False,False,True,40.1,high_volume
2022-04-20,TSLA,187.2039,191.6077,186.8719,187.9066,101293271,offline_fallback,-0.007361327331575573,197.566445,203.764028,208.44550256410255,81917180.85,0.01538421408409022,-0.1720228459029569,Short-term downward,Below long MA,-0.3306844699928895,False,False,False,40.1,normal
2022-04-21,TSLA,182.4896,184.8602,180.3783,181.2459,98256867,offline_fallback,-0.03544686562366617,196.677175,202.993458,208.10120379746834,84130223.1,0.016665307429196124,-0.2013720408237003,Short-term downward,Below long MA,-1.8791483135895513,False,False,False,62.1,normal
2022-04-22,TSLA,182.7912,183.2559,180.1623,182.5656,39433120,offline_fallback,0.007281268155582943,195.91127999999998,202.37341,207.78200875,84391207.5,0.016868776184667273,-0.19555701649639168,Short-term downward,Below long MA,0.5493872421246935,False,False,False,53.6,normal
2022-04-25,TSLA,180.9271,183.5512,180.0245,180.6528,72510868,offline_fallback,-0.010477329792688117,195.18474999999998,201.742598,207.4470802469136,85351637.55,0.016786984310181066,-0.20398543093397292,Short-term downward,Below long MA,-0.4498171099319634,False,False,False,51.9,normal
2022-04-26,TSLA,178.8079,183.4488,176.4784,179.7461,64575071,offline_fallback,-0.005019019910015188,194.29095,201.02508799999998,207.1092634146341,82827289.8,0.016347363409779582,-0.20798064390477755,Short-term downward,Below long MA,-0.11624357683054806,False,False,False,43.3,normal
2022-04-27,TSLA,180.8108,182.565,178.4358,180.4129,82005787,offline_fallback,0.0037096771501579084,193.321635,200.21918399999998,206.78762048192772,83295532.8,0.01605905606333652,-0.2050425077969883,Short-term downward,Below long MA,0.3632771692244167,False,False,False,45.0,normal
2022-04-28,TSLA,175.216,177.2177,172.869,176.4428,59149196,offline_fallback,-0.02200563263491695,191.952585,199.422808,206.4263726190476,81792963.25,0.015339902133117844,-0.2225360503307826,Short-term downward,Below long MA,-1.1164164666148997,False,False,False,51.3,normal
2022-04-29,TSLA,173.754,175.7704,170.5387,172.6501,12076791,offline_fallback,-0.02149535146801118,190.57787000000002,198.51293199999998,206.02900470588236,79718907.65,0.015488204994034272,-0.23924791118263056,Short-term downward,Below long MA,-1.0651141751203295,False,False,False,52.1,normal
2022-05-02,TSLA,177.8886,180.4645,173.3152,176.9428,92010693,offline_fallback,0.024863582471136736,189.352535,197.70074799999998,205.69079302325582,78028896.8,0.016831213382446624,-0.22033288888223035,Short-term downward,Below long MA,1.644611686609784,False,False,False,63.3,normal
2022-05-03,TSLA,174.9361,177.9933,172.8168,176.8187,25204986,offline_fallback,-0.000701356596595093,188.11746,196.84884,205.35892988505748,72911531.25,0.016810863271258556,-0.22087971355376101,Short-term downward,Below long MA,0.14493239444628042,False,False,False,47.8,normal
2022-05-04,TSLA,180.5765,182.8847,177.9862,180.2878,50112326,offline_fallback,0.019619531192119455,186.87368,195.94245999999998,205.0740306818182,72497490.6,0.016931966462599056,-0.20559373879141607,Short-term downward,Below long MA,1.2976000945703303,False,False,False,61.7,normal
2022-05-05,TSLA,185.8003,186.018,182.7298,184.9849,86743083,offline_fallback,0.026053343598402057,185.9146,195.25016599999998,204.84831011235954,74778018.4,0.01841671542495762,-0.1848967995114268,Short-term downward,Below long MA,1.6479340672399017,False,False,False,72.0,normal
2022-05-06,TSLA,186.0341,188.3213,184.9852,186.2731,67882637,offline_fallback,0.0069638116408419215,185.206695,194.64656,204.6419188888889,72283497.2,0.018305367631707953,-0.17922057435537697,Short-term downward,Below long MA,0.5294986423640635,False,False,False,61.7,normal
2022-05-09,TSLA,183.7323,186.9837,181.4111,183.1275,136430465,offline_fallback,-0.016887033071334545,184.278465,193.99901000000003,204.4054967032967,75953593.0,0.01838663295886921,-0.19308110366050868,Short-term downward,Below long MA,-0.844228874659545,False,False,True,66.5,high_volume
2022-05-10,TSLA,190.5629,193.668,185.2497,189.2683,18524440,offline_fallback,0.033532921052272346,183.959235,193.631972,204.24096195652174,73263315.5,0.01925006446072435,-0.16602275601396976,Short-term downward,Below long MA,2.005282033697419,False,False,False,76.2,normal
2022-05-11,TSLA,188.1886,190.619,187.2249,188.51,54580712,offline_fallback,-0.004006481803873196,183.773965,193.376608,204.07181182795702,73225177.65,0.018889003386776352,-0.1693640706668441,Short-term downward,Below long MA,-0.08797163709287141,False,False,False,57.1,normal
2022-05-12,TSLA,185.5523,189.3786,182.4067,186.6578,52224567,offline_fallback,-0.009825473449684319,183.5221,193.09741400000001,203.8865563829787,72261702.65,0.018993537872430643,-0.1775254619368608,Short-term downward,Below long MA,-0.4353262077623561,False,False,False,63.9,normal
2022-05-13,TSLA,188.4325,189.8384,184.2342,188.0891,78113331,offline_fallback,0.007668042803461672,183.13613500000002,192.798774,203.72026736842105,72662792.3,0.01836935088447365,-0.17121869197423534,Short-term downward,Below long MA,0.5784031162019518,False,False,False,62.6,normal
2022-05-16,TSLA,191.2887,195.2513,190.8047,191.1756,126551588,offline_fallback,0.01640977600509541,183.152925,192.54730800000002,203.58959374999998,72860902.2,0.017923573548773702,-0.15761857635232246,Short-term downward,Below long MA,1.0558667184489252,False,False,True,64.1,high_volume
2022-05-17,TSLA,194.8627,197.2485,189.3702,193.12,76003297,offline_fallback,0.010170754008356653,183.34392,192.36592399999998,203.48165979381446,69684154.8,0.017942575883927798,-0.14905092211119264,Short-term downward,Below long MA,0.6958201348926041,False,False,False,59.5,normal
2022-05-18,TSLA,189.1458,193.3271,188.5306,191.8807,137152259,offline_fallback,-0.0064172535211268755,183.54262500000002,192.155006,203.36328265306122,71477104.2,0.01792022703847313,-0.15451167807757415,Short-term downward,Below long MA,-0.2272700630561522,False,False,True,53.2,high_volume
2022-05-19,TSLA,194.7461,198.6411,191.7732,195.1782,27632813,offline_fallback,0.017185157235720006,184.23924,191.97004,203.28060505050507,67945901.5,0.016019116945934934,-0.13998182832437234,Short-term downward,Below long MA,1.1249876699987462,False,False,False,50.0,normal
2022-05-20,TSLA,192.2648,194.7991,188.2136,192.6922,111734774,offline_fallback,-0.012737078218776454,184.74557,191.70138400000005,203.17472099999998,71560984.2,0.016412761521184222,-0.15093594704657387,Short-term downward,Below long MA,-0.6483233443474424,False,False,False,48.9,normal
2022-05-23,TSLA,194.4855,196.1504,191.0508,194.1863,124573180,offline_fallback,0.007753816708719885,185.42224500000003,191.566142,203.08572673267327,74164099.8,0.016138753492991292,-0.1443524600060102,Short-term downward,Below long MA,0.5524961720556242,False,False,False,45.2,normal
2022-05-24,TSLA,192.2009,195.7638,189.1133,193.4366,118619861,offline_fallback,-0.0038607254991726014,186.10677,191.524184,202.9911274509804,76866339.3,0.01610770867909328,-0.1476558802819694,Short-term downward,Below long MA,-0.17271748660969194,False,False,False,39.2,normal
2022-05-25,TSLA,190.1616,194.2574,187.5739,190.3145,51723675,offline_fallback,-0.016140172025356003,186.60185,191.355936,202.86805339805827,75352233.7,0.016713683206741402,-0.16141286099901908,Short-term downward,Below long MA,-0.9614831776459675,False,False,False,56.2,normal
2022-05-26,TSLA,193.3207,196.9623,192.5086,192.8159,55775456,offline_fallback,0.013143507194669724,187.420505,191.35827599999996,202.77139807692308,75183546.7,0.015789713131507208,-0.15039088490420205,Short-term downward,Below long MA,0.8524858898676522,False,False,False,47.1,normal
2022-05-27,TSLA,193.7204,195.8961,192.1656,194.6337,34635588,offline_fallback,0.009427645749131797,188.519685,191.33109399999998,202.6938961904762,76311486.55,0.014570515025184961,-0.14238107114184562,Short-term downward,Below long MA,0.6247202231840956,False,False,False,38.5,normal
2022-05-30,TSLA,192.3326,193.3992,188.1984,192.9223,116329495,offline_fallback,-0.008792927432402453,189.31866,191.22068,202.6017113207547,77527426.65,0.014230278178448094,-0.14992205214795018,Short-term downward,Below long MA,-0.49941746652902097,False,False,False,36.3,normal
2022-05-31,TSLA,189.5541,193.627,187.4452,191.0649,35751895,offline_fallback,-0.009627710223235053,190.03097,191.12,202.49389065420561,78054772.1,0.014536313967477881,-0.15810635629703196,Short-term downward,Below long MA,-0.5488555620722252,False,False,False,39.1,normal
2022-06-01,TSLA,189.7247,195.2906,188.1584,191.6183,88343376,offline_fallback,0.002896398030198144,190.597495,191.020886,202.39319074074072,79966324.6,0.014062709351469022,-0.15566789720577434,Short-term downward,Below long MA,0.22934299434011826,False,False,False,32.2,normal
2022-06-02,TSLA,194.406,196.9275,191.5323,195.1459,35461883,offline_fallback,0.018409515166349033,191.105545,190.94317800000002,202.32670183486238,77402264.6,0.013499972301063519,-0.14012415255394872,Short-term upward,Below long MA,1.1766502775288012,False,False,False,40.7,normal
2022-06-03,TSLA,199.5358,202.9095,195.5166,200.3048,87487199,offline_fallback,0.026436117796991843,191.80713,190.991604,202.30832090909092,78382492.7,0.014485081807971109,-0.11739237336007668,Short-term upward,Below long MA,1.6200906209818358,False,False,False,43.1,normal
2022-06-06,TSLA,198.9968,203.1807,197.2252,198.7795,45956392,offline_fallback,-0.007614894900172087,192.58973,191.063526,202.27652972972973,73858789.05,0.013927918896512468,-0.12411333767503008,Short-term upward,Below long MA,-0.4658564910824386,False,False,False,31.9,normal
2022-06-07,TSLA,201.8045,202.927,200.9202,201.38,84579731,offline_fallback,0.01308233494902633,193.195315,191.13868399999998,202.26852499999998,77161553.6,0.0123188734663395,-0.11265469498111003,Short-term upward,Below long MA,0.7824529561206928,False,False,False,32.0,normal
2022-06-08,TSLA,205.7543,210.1482,203.1418,205.3881,79047838,offline_fallback,0.01990316813983517,194.03922,191.250462,202.29613185840708,78384909.9,0.012737983594827876,-0.09499371217722574,Short-term upward,Below long MA,1.2018211905012792,False,False,False,34.4,normal
2022-06-09,TSLA,204.0994,206.3452,199.2852,201.6219,26397725,offline_fallback,-0.018336992260018947,194.787425,191.206424,202.29021754385965,77093567.8,0.013364134264127412,-0.11158880547230043,Short-term upward,Below long MA,-1.2255842331132358,False,False,False,37.1,normal
2022-06-10,TSLA,201.9511,205.9644,201.0789,201.5354,53882859,offline_fallback,-0.0004290208553733299,195.45974,191.234244,202.28365391304348,75882044.2,0.01336815116943056,-0.11196995240289997,Short-term upward,Below long MA,-0.06519457362048964,False,False,False,22.3,normal
2022-06-13,TSLA,196.9711,200.4464,194.6016,196.4717,57161508,offline_fallback,-0.025125610686757782,195.72454499999998,191.13468799999998,202.23355086206897,72412540.2,0.014446860205703663,-0.13428224965696778,Short-term upward,Below long MA,-1.587519222416316,False,False,False,44.5,normal
2022-06-14,TSLA,195.2875,199.9062,194.9047,196.3312,114047824,offline_fallback,-0.0007151157138661768,195.885105,191.03090799999998,202.18310341880343,74314766.55,0.014306034069524654,-0.13490133802401094,Short-term upward,Below long MA,-0.05447060540901755,False,False,False,27.3,normal
2022-06-15,TSLA,199.1074,200.5349,196.857,198.9822,85920666,offline_fallback,0.013502693407874133,196.24018,190.907284,202.15597711864405,71753186.9,0.014460760475874376,-0.12322017602378699,Short-term upward,Below long MA,0.8331086039622633,False,False,False,38.3,normal
2022-06-16,TSLA,200.7843,202.6936,197.9785,200.3441,86454580,offline_fallback,0.006844330799438358,196.498475,190.830836,202.1407512605042,74694275.25,0.014065625134353495,-0.11721920487022053,Short-term upward,Below long MA,0.4195994295273325,False,False,False,30.7,normal
2022-06-17,TSLA,202.6695,205.9292,201.5144,203.852,122977225,offline_fallback,0.017509375120105863,197.056465,190.899252,202.15501166666667,75256397.8,0.014091521660864999,-0.10176226477946793,Short-term upward,Below long MA,1.0625814404665008,False,False,False,36.6,normal
2022-06-20,TSLA,193.2586,198.524,191.5354,194.7885,24494636,offline_fallback,-0.0444611777171674,197.08657499999998,190.76118,202.0941314049587,70252470.6,0.017558080363196612,-0.14169897235737394,Short-term upward,Below long MA,-2.6474872987700477,True,False,False,64.4,abnormal_return
2022-06-21,TSLA,194.5053,198.1095,191.1163,194.4958,36054179,offline_fallback,-0.0015026554442382212,197.139535,190.73803800000002,202.03185,66124186.5,0.017536556517592807,-0.1429887030693564,Short-term upward,Below long MA,-0.08208922034863983,False,False,False,46.1,normal
2022-06-22,TSLA,189.1221,192.3168,188.0774,189.0275,9756714,offline_fallback,-0.028115260072454018,197.07518499999998,190.67428000000004,201.92612357723576,64025838.45,0.018318738834973113,-0.16708379856759248,Short-term upward,Below long MA,-1.6010728883127983,False,False,False,70.4,normal
2022-06-23,TSLA,203.5046,205.49,200.1234,203.8426,29739963,offline_fallback,0.07837536866328976,197.62651999999997,190.91723000000002,201.94157903225806,62724063.8,0.02529447412425367,-0.10180368421470065,Short-term upward,Below long MA,3.9624617917959832,True,False,False,81.9,abnormal_return
2022-06-24,TSLA,190.0722,194.2501,186.0187,189.9668,59112597,offline_fallback,-0.06807114901399414,197.39317499999999,190.80039800000003,201.8457808,63947914.25,0.029805330236646527,-0.16294493947034228,Short-term upward,Below long MA,-3.1372282614535014,True,True,False,90.2,abnormal_return
2022-06-27,TSLA,190.57,192.5811,189.5017,190.9708,71275900,offline_fallback,0.0052851340339470365,197.2956,190.803018,201.75947142857143,61695234.5,0.02977264204416534,-0.15852099128164954,Short-term upward,Below long MA,0.2768323786395937,False,True,False,75.1,volatility_spike
2022-06-28,TSLA,187.6093,189.2309,186.5296,188.2847,129921550,offline_fallback,-0.014065501113259216,197.15659,190.78271,201.65337086614173,66403717.25,0.029863880657269484,-0.17035681521556179,Short-term upward,Below long MA,-0.6106127496196734,False,True,True,80.8,volatility_spike
2022-06-29,TSLA,189.0765,190.1617,188.1761,189.2983,60759350,offline_fallback,0.005383337042255798,197.04059,190.81054400000002,201.556846875,65024515.95,0.02988310391299622,-0.16589056632705657,Short-term upward,Below long MA,0.3032595547727384,False,True,False,76.3,volatility_spike
2022-06-30,TSLA,180.7295,184.018,176.4116,179.7927,67596206,offline_fallback,-0.05021492533213456,196.27293,190.78148000000002,201.38813255813955,66631232.1,0.031530043016561864,-0.20777530925777254,Short-term upward,Below long MA,-2.1637314885005114,False,True,False,91.9,volatility_spike
2022-07-01,TSLA,176.0208,177.6407,173.6409,176.1948,97500895,offline_fallback,-0.02001137977237122,195.06743,190.654064,201.1943376923077,67131916.9,0.03090434335538443,-0.22362881840926463,Short-term upward,Below long MA,-0.809819171725859,False,True,False,85.7,volatility_spike
2022-07-04,TSLA,167.9711,169.6208,165.5311,167.7786,29124847,offline_fallback,-0.04776644940713337,193.517385,190.39658,200.93925572519083,66290339.65,0.03229193978652215,-0.26071331317587476,Short-term upward,Below long MA,-1.946043451627141,False,True,False,94.6,volatility_spike
2022-07-05,TSLA,170.2294,172.7822,167.1773,169.5668,33145566,offline_fallback,0.010658093463647766,191.926725,190.192994,200.7015856060606,63718631.4,0.03221330503314792,-0.2528339265712727,Short-term upward,Below long MA,0.5583650619531402,False,True,False,84.6,volatility_spike
2022-07-06,TSLA,168.6674,169.1959,167.33,168.43,53673842,offline_fallback,-0.006704142556207882,190.07882,189.953336,200.45894210526316,62449931.6,0.031539729730359484,-0.257843034440701,Short-term upward,Below long MA,-0.20874438785643995,False,True,False,79.3,volatility_spike
2022-07-07,TSLA,168.983,173.1643,166.1508,169.6598,108030702,offline_fallback,0.007301549605177149,188.480715,189.817676,200.22909776119405,66531580.45,0.03167801977145948,-0.252424138541842,Short-term downward,Below long MA,0.39741678541296177,False,True,False,81.6,volatility_spike
2022-07-08,TSLA,173.7694,176.5065,170.7704,175.0605,27427900,offline_fallback,0.031832526031505326,187.15697,189.865884,200.0426637037037,65208832.5,0.03288833147166425,-0.22862691047145012,Short-term downward,Below long MA,1.450051539058932,False,True,False,92.1,volatility_spike
2022-07-11,TSLA,174.1786,177.057,171.5854,174.27,117013407,offline_fallback,-0.004515581756021403,186.046885,189.812428,199.8531588235294,68201427.45,0.03259570209517998,-0.23211010872161109,Short-term downward,Below long MA,-0.1426831403705834,False,True,False,77.1,volatility_spike
2022-07-12,TSLA,161.0866,163.2048,160.1914,161.3027,61184796,offline_fallback,-0.07440925001434573,184.29546,189.50210800000002,199.5717686131387,65558276.05,0.03601550161913448,-0.2892482196252334,Short-term downward,Below long MA,-2.9152548383096213,True,True,False,97.2,abnormal_return
2022-07-13,TSLA,164.4079,169.5308,163.8848,166.4032,115455517,offline_fallback,0.03162067342952102,182.66651,189.22441600000002,199.33141666666666,67035018.6,0.036834025917596665,-0.26677376968855226,Short-term downward,Below long MA,1.3284906994779684,False,True,False,94.2,volatility_spike
2022-07-14,TSLA,165.414,167.6377,164.768,165.7647,106742408,offline_fallback,-0.003837065633353176,180.93753999999998,188.84001200000003,199.08992949640287,68049410.0,0.03668074603723462,-0.26958720685835336,Short-term downward,Below long MA,-0.10740027371075403,False,True,False,79.5,volatility_spike
2022-07-15,TSLA,169.9463,173.1321,169.0879,169.3604,134681520,offline_fallback,0.021691590549737017,179.21296,188.501758,198.8775757142857,68634624.75,0.03685006811112929,-0.253743391617235,Short-term downward,Below long MA,0.9108327334538184,False,True,True,90.1,volatility_spike
2022-07-18,TSLA,171.9028,172.5524,169.17,171.9041,40126294,offline_fallback,0.01501944964702484,178.06874,188.27729,198.68627446808512,69416207.65,0.03619593038586341,-0.2425350280638705,Short-term downward,Below long MA,0.6239470296460625,False,True,False,86.0,volatility_spike
2022-07-19,TSLA,169.441,173.6228,167.823,169.8949,46135723,offline_fallback,-0.01168791203932884,176.83869499999997,187.889822,198.48351830985914,69920284.85,0.036206864090684555,-0.25138821202873274,Short-term downward,Below long MA,-0.4433748707631021,False,True,False,83.7,volatility_spike
2022-07-20,TSLA,175.8251,177.5596,172.6916,175.7534,35439054,offline_fallback,0.03448308336506867,176.17499,187.63469,198.32456643356645,71204401.85,0.036903598346423205,-0.22557376933604645,Short-term downward,Below long MA,1.3652836754595397,False,True,False,92.7,volatility_spike
2022-07-21,TSLA,167.7374,168.5815,166.0943,167.3161,19339826,offline_fallback,-0.048006468153674375,174.34866499999998,187.24785599999998,198.10922986111112,70684395.0,0.03283554945681144,-0.26275123751578555,Short-term downward,Below long MA,-1.829498195780868,False,True,False,94.8,volatility_spike
2022-07-22,TSLA,167.8338,170.3929,165.8706,167.1774,14705849,offline_fallback,-0.0008289698361365616,173.209195,186.82962200000003,197.89590689655174,68464057.6,0.029803765624484436,-0.263362394501614,Short-term downward,Below long MA,-0.024133794096671973,False,True,False,75.2,volatility_spike
2022-07-25,TSLA,169.0232,171.2807,165.887,169.1352,17535818,offline_fallback,0.011710913077963792,172.117415,186.388814,197.69891575342467,65777053.5,0.029965324847349067,-0.25473569553366293,Short-term downward,Below long MA,0.4734984297557124,False,True,False,82.6,volatility_spike
2022-07-26,TSLA,169.1323,172.217,165.7915,170.9141,92624629,offline_fallback,0.010517621405833788,171.248885,185.944696,197.51670612244897,63912207.45,0.030104415935577878,-0.24689728773200392,Short-term downward,Below long MA,0.41901326843909603,False,True,False,81.1,volatility_spike
2022-07-27,TSLA,171.4246,173.5799,167.8638,170.0598,105606225,offline_fallback,-0.004998417333619609,170.28696,185.50827800000002,197.33118648648647,66154551.2,0.030016436221221344,-0.2506616093830002,Short-term downward,Below long MA,-0.17026924401182073,False,True,False,77.3,volatility_spike
2022-07-28,TSLA,169.4759,171.7679,168.841,169.7561,127058955,offline_fallback,-0.0017858423919114852,169.78513,184.999836,197.14611879194632,69127688.65,0.02805861501949603,-0.25199980964685076,Short-term downward,Below long MA,-0.026591737866671426,False,True,True,74.0,volatility_spike
2022-07-29,TSLA,170.2541,170.804,167.1685,170.5948,109125935,offline_fallback,0.004940617745105902,169.50513,184.557888,196.96911,69708940.65,0.027791807985064858,-0.2483042266330494,Short-term downward,Below long MA,0.24067154420218223,False,True,False,77.8,volatility_spike
2022-08-01,TSLA,169.9476,171.5022,169.3102,169.7809,118799169,offline_fallback,-0.004770954331550503,169.60524500000002,184.06977999999998,196.78905562913909,74192656.75,0.025578032184694535,-0.25189053283900265,Short-term downward,Below long MA,-0.15175041638526693,False,False,False,75.2,normal
2022-08-02,TSLA,168.3458,171.6351,166.4107,168.028,120531804,offline_fallback,-0.010324482907087984,169.528305,183.561608,196.59983815789474,78561968.65,0.025587537939094167,-0.259614376245337,Short-term downward,Below long MA,-0.3483195124238628,False,False,False,79.4,normal
2022-08-03,TSLA,174.9987,176.7741,172.2193,174.8269,130327862,offline_fallback,0.04046289904063616,169.84814999999998,183.251856,196.45753137254903,82394669.65,0.02708054262133131,-0.22965622750021364,Short-term downward,Below long MA,1.6288003541768938,False,False,True,90.4,high_volume
2022-08-04,TSLA,175.7813,177.8023,175.4013,175.806,43216062,offline_fallback,0.005600396735285118,170.15546,182.91165800000002,196.32343051948052,79153937.65,0.02706641241820038,-0.22534199675165867,Short-term downward,Below long MA,0.24713652530144703,False,False,False,76.9,normal
2022-08-05,TSLA,174.8714,175.9657,171.6228,173.1819,16747656,offline_fallback,-0.014926111736800807,170.06153,182.48262200000002,196.17413032258065,78619925.45,0.026376935938889772,-0.2369046286659504,Short-term downward,Below long MA,-0.5451970434171526,False,False,False,81.5,normal
2022-08-08,TSLA,183.5835,185.3701,180.4531,183.2015,25545630,offline_fallback,0.057855930671738776,170.508105,182.288206,196.09097243589744,74046536.6,0.029358708974013673,-0.19275503576612285,Short-term downward,Below long MA,2.1995864703922634,False,True,False,90.6,volatility_spike
2022-08-09,TSLA,184.6182,186.3408,181.6212,185.9733,15660560,offline_fallback,0.015129788784480347,171.741635,182.18637400000003,196.0265286624204,71770324.8,0.023108204827249665,-0.18054158995992886,Short-term downward,Below long MA,0.5813188713442866,False,False,False,78.3,normal
2022-08-10,TSLA,183.4705,187.7949,181.6731,184.721,89121897,offline_fallback,-0.006733762319644732,172.657525,182.04842800000003,195.9549746835443,70453643.8,0.022577179261137875,-0.1860596281239727,Short-term downward,Below long MA,-0.24321701271722806,False,False,False,72.8,normal
2022-08-11,TSLA,183.9374,188.3819,181.1681,185.6818,119273630,offline_fallback,0.00520135772326924,173.65338000000003,181.859146,195.8903635220126,71080204.9,0.022471169812515672,-0.1818260330844348,Short-term downward,Below long MA,0.2152386641638326,False,False,False,71.8,normal
2022-08-12,TSLA,185.045,188.9976,184.033,184.6355,60590089,offline_fallback,-0.005634908752500278,174.417135,181.54576,195.820020625,67375633.35,0.022292273664762618,-0.18643636873167513,Short-term downward,Below long MA,-0.1996686760929859,False,False,False,71.5,normal
2022-08-15,TSLA,189.6393,191.4586,187.4033,189.1559,136187623,offline_fallback,0.024482832391387266,175.279725,181.35328800000002,195.77862857142856,72178699.8,0.022623907118030723,-0.1665180267076043,Short-term downward,Below long MA,0.9252285662864884,False,False,True,81.1,high_volume
2022-08-16,TSLA,192.2379,194.6289,191.3533,193.8375,63353843,offline_fallback,0.024749954931355678,176.476855,181.202438,195.7666462962963,73039605.8,0.02267350086518878,-0.14588938543252017,Short-term downward,Below long MA,0.9109064832413944,False,False,False,79.2,normal
2022-08-17,TSLA,188.7684,189.8239,187.4988,188.2796,113853361,offline_fallback,-0.028672986393241895,177.10316500000002,180.860268,195.72071349693252,76960321.15,0.023018663442931606,-0.170379287462337,Short-term downward,Below long MA,-1.0716302107015503,False,False,False,83.3,normal
2022-08-18,TSLA,184.3179,185.915,182.3761,184.689,81290949,offline_fallback,-0.01907057376370036,177.97181,180.52161,195.6534469512195,80057877.3,0.020352787043530485,-0.18620063045668012,Short-term downward,Below long MA,-0.6935390313579569,False,False,False,72.9,normal
2022-08-19,TSLA,185.8222,188.3981,185.0162,185.3003,50169569,offline_fallback,0.0033098885152877955,178.877955,180.196908,195.5907006060606,81831063.3,0.020309841385206917,-0.1835070452696802,Short-term downward,Below long MA,0.13982891412449236,False,False,False,64.2,normal
2022-08-22,TSLA,182.9212,184.97,181.3178,182.4928,101271263,offline_fallback,-0.015151081784541165,179.54583499999998,179.91733,195.51179759036145,86017835.55,0.02075062067683987,-0.19587779680330086,Short-term downward,Below long MA,-0.5401756686411783,False,False,False,73.1,normal
2022-08-23,TSLA,182.268,183.204,180.1076,182.1831,50981002,offline_fallback,-0.0016970532536078053,180.109285,179.634368,195.43198502994014,83935654.2,0.020728719632259675,-0.1972424350045341,Short-term upward,Below long MA,-0.04685274314960723,False,False,False,64.6,normal
2022-08-24,TSLA,182.7368,186.5792,181.8772,182.1251,47947195,offline_fallback,-0.00031836103348770184,180.71255,179.29722600000002,195.3527773809524,81052702.7,0.020655226682888824,-0.19749800173256615,Short-term upward,Below long MA,0.006242039574643972,False,False,False,63.7,normal
2022-08-25,TSLA,187.9342,189.1386,184.2108,186.7602,97956872,offline_fallback,0.025450088977301943,181.56275499999998,179.025548,195.30193372781065,79597598.55,0.021170604039242164,-0.17707425447219738,Short-term upward,Below long MA,0.9537557611804243,False,False,False,78.7,normal
2022-08-26,TSLA,191.4966,192.069,190.8896,191.8439,61898449,offline_fallback,0.027220467744198062,182.62520999999998,178.785386,195.28159235294117,77236224.25,0.021745998680419064,-0.1546738307601876,Short-term upward,Below long MA,1.0181675142422244,False,False,False,79.2,normal
2022-08-29,TSLA,196.296,198.6756,193.6488,195.5605,68601980,offline_fallback,0.019373042353705294,183.91419,178.80082600000003,195.28322339181287,74726364.8,0.021780406148591825,-0.13829729108080935,Short-term upward,Below long MA,0.709171214035194,False,False,False,74.1,normal
2022-08-30,TSLA,192.4144,193.1972,189.0458,192.2768,133572518,offline_fallback,-0.016791223176459313,185.12663,178.75644599999998,195.2657441860465,75378400.5,0.022101688656082547,-0.15276633357803104,Short-term upward,Below long MA,-0.6020657156405645,False,False,True,75.0,high_volume
2022-08-31,TSLA,191.6566,193.3063,190.9455,191.6634,106314435,offline_fallback,-0.003190192472518838,185.968455,178.80916399999998,195.24492138728326,74177729.15,0.02073556198411899,-0.15546917204311494,Short-term upward,Below long MA,-0.08863137434595703,False,False,False,63.4,normal
2022-09-01,TSLA,188.4361,191.4419,186.0258,189.8627,53591690,offline_fallback,-0.009395116647205493,186.67129,178.529566,195.21398908045978,74696510.55,0.02097518041181062,-0.16340363768393096,Short-term upward,Below long MA,-0.3240748434970388,False,False,False,69.4,normal
2022-09-02,TSLA,189.8053,192.2884,186.5708,190.6802,118951735,offline_fallback,0.004305743044842547,187.546205,178.54383399999998,195.1880817142857,79806714.5,0.020494307083964065,-0.159801468715548,Short-term upward,Below long MA,0.18011284553831095,False,False,False,64.8,normal
2022-09-05,TSLA,190.977,195.3763,190.7319,191.4324,112258692,offline_fallback,0.003944824895295795,187.95774999999998,178.553066,195.1667426136364,84142367.6,0.01629440394652005,-0.1564870326323461,Short-term upward,Below long MA,0.14986913514994613,False,False,False,40.8,normal
2022-09-06,TSLA,189.8212,192.1042,189.2435,191.0359,137756980,offline_fallback,-0.0020712272321717906,188.21088,178.60809,195.143404519774,90247188.6,0.016034890816466925,-0.15823413966104793,Short-term upward,Below long MA,-0.07347630896197493,False,False,True,37.8,high_volume
2022-09-07,TSLA,192.9195,197.3306,190.0852,194.1882,29849630,offline_fallback,0.016501086968470302,188.68424,178.705888,195.1380382022472,87283575.25,0.01624982724828931,-0.14434408799250575,Short-term upward,Below long MA,0.6160828370846723,False,False,False,46.5,normal
2022-09-08,TSLA,193.1832,195.9255,189.587,195.5042,10283699,offline_fallback,0.006776930833078509,189.17536,179.020118,195.14008379888267,81834078.7,0.016266773171798588,-0.13854536705991627,Short-term upward,Below long MA,0.25415254893111444,False,False,False,40.9,normal
2022-09-09,TSLA,192.9037,197.3019,189.891,193.2978,68457526,offline_fallback,-0.011285691049092605,189.608475,179.36217799999997,195.1298488888889,82227450.55,0.01646711488277716,-0.14826747790008754,Short-term upward,Below long MA,-0.4012827453005043,False,False,False,45.7,normal
2022-09-12,TSLA,194.6971,199.3392,193.8885,195.6995,22242488,offline_fallback,0.012424869812279304,189.935655,179.92059600000002,195.13299613259667,76530193.8,0.01582519101181018,-0.1376848121981118,Short-term upward,Below long MA,0.457917207145233,False,False,False,41.1,normal
2022-09-13,TSLA,196.0547,198.8577,192.7909,196.4808,101554017,offline_fallback,0.00399234540711646,190.06782,180.45887600000003,195.14040164835163,78440202.5,0.014895631417997738,-0.13424215211860413,Short-term upward,Below long MA,0.13282240655725908,False,False,False,30.9,normal
2022-09-14,TSLA,198.6935,199.729,194.6886,197.876,124223193,offline_fallback,0.007100948286041353,190.54764,181.04779599999998,195.15535027322406,78958694.1,0.013226776227065157,-0.12809445041256395,Short-term upward,Below long MA,0.23126140660754252,False,False,False,27.4,normal
2022-09-15,TSLA,199.2222,203.3015,196.5033,200.1808,21007570,offline_fallback,0.011647698558693298,191.32223,181.65821599999998,195.18266250000002,75944525.15,0.012334851906840248,-0.1179387573993177,Short-term upward,Below long MA,0.48699564586021754,False,False,False,29.4,normal
2022-09-16,TSLA,197.8342,202.4216,195.0058,199.6205,46528569,offline_fallback,-0.0027989697313629547,192.03824,182.14941600000003,195.2066508108108,75762475.15,0.012430901359705692,-0.12040762011856532,Short-term upward,Below long MA,-0.17414817986736603,False,False,False,24.7,normal
2022-09-19,TSLA,201.9343,206.2676,200.2467,203.2518,105271021,offline_fallback,0.018191017455622127,193.07619,182.72905200000002,195.24990430107525,75962463.05,0.01198301758387388,-0.10440693978230997,Short-term upward,Below long MA,0.7569831246558109,False,False,False,30.2,normal
2022-09-20,TSLA,202.1103,202.3462,197.9272,201.5264,44169315,offline_fallback,-0.008488977711390566,194.043355,183.533526,195.28346844919787,75621878.7,0.01228912365465779,-0.11200960930897397,Short-term upward,Below long MA,-0.4429991692191348,False,False,False,27.3,normal
2022-09-21,TSLA,210.0912,212.3972,207.4905,210.5775,20858538,offline_fallback,0.04491272607459873,195.46597500000001,184.417012,195.36481968085107,74267445.85,0.015079028851676425,-0.07212754013499212,Short-term upward,Below long MA,1.866399988194169,False,False,False,40.4,normal
2022-09-22,TSLA,214.6356,218.3033,214.2419,214.7877,110138265,offline_fallback,0.01999358905866022,196.86735,185.397472,195.46758624338625,74876515.5,0.014781516217214139,-0.05357603947360301,Short-term upward,Below long MA,0.7617763710122705,False,False,False,28.8,normal
2022-09-23,TSLA,216.7799,220.2244,215.127,219.3927,19565826,offline_fallback,0.02143977518265716,198.24479000000002,186.39811799999998,195.59350789473683,72759884.35,0.014419845018302948,-0.03328492253243709,Short-term upward,Below long MA,0.7993493490836677,False,False,False,23.4,normal
2022-09-26,TSLA,215.8237,217.1525,212.2526,216.3658,112235297,offline_fallback,-0.013796721586451954,199.285055,187.287352,195.70226335078533,74941550.2,0.014803578907804737,-0.046622421309682416,Short-term upward,Below long MA,-0.8694205002618909,False,False,False,28.7,normal
2022-09-27,TSLA,219.6933,223.3487,217.5198,218.0135,93905167,offline_fallback,0.007615344014626935,200.57189,188.249724,195.81846770833332,72958182.65,0.01387470357456942,-0.03936212307212361,Short-term upward,Below long MA,0.15243372872313035,False,False,False,13.3,normal
2022-09-28,TSLA,214.8586,219.1157,213.4338,214.4491,18789092,offline_fallback,-0.01634944624988821,201.711175,189.023638,195.91499948186527,68581915.5,0.01464368184032324,-0.05506802040656267,Short-term upward,Below long MA,-0.9756951782212684,False,False,False,31.2,normal
2022-09-29,TSLA,212.1534,212.816,207.3643,211.562,48273747,offline_fallback,-0.013462868344982448,202.79613999999998,189.90855599999998,195.99565412371135,68316018.35,0.014891017005732577,-0.06778951524279275,Short-term upward,Below long MA,-0.8180022794709095,False,False,False,32.6,normal
2022-09-30,TSLA,213.4592,214.9074,211.1384,214.3404,15509623,offline_fallback,0.013132793223735728,203.97915,190.85181599999999,196.08972974358977,63143912.75,0.01498335806957357,-0.055546987705477835,Short-term upward,Below long MA,0.45508252660530935,False,False,False,26.3,normal
2022-10-03,TSLA,222.3057,225.4827,219.2951,221.0254,21229301,offline_fallback,0.031188707308561492,205.45880000000002,191.88962,196.21695255102043,58592443.2,0.015993806615907213,-0.026090719138334717,Short-term upward,Below long MA,1.2719027822020381,False,False,False,33.2,normal
2022-10-04,TSLA,224.4764,226.0767,220.5596,222.9882,111414605,offline_fallback,0.008880427317403461,207.05641500000002,192.93110199999998,196.35284720812183,57275324.45,0.0158416322782853,-0.01744198855589807,Short-term upward,Below long MA,0.17789365664780868,False,False,False,18.1,normal
2022-10-05,TSLA,223.7713,228.7318,220.8221,225.9576,25140411,offline_fallback,0.01331639970186771,208.64488500000002,194.049058,196.50236616161618,57039863.5,0.01576624993692721,-0.004357853345236196,Short-term upward,Below long MA,0.4402434142189637,False,False,False,19.8,normal
2022-10-06,TSLA,222.4267,224.4995,220.5925,222.778,120711477,offline_fallback,-0.014071666542749717,210.00857499999998,195.109496,196.63440452261307,62561252.4,0.016503965507706653,-0.018368197628869543,Short-term upward,Below long MA,-1.0421683584103878,False,False,False,34.3,normal
2022-10-07,TSLA,215.7851,217.0661,210.9936,214.2779,38394773,offline_fallback,-0.03815502428426509,211.05758,195.983158,196.722622,61058114.75,0.018954938820606407,-0.05582238288654684,Short-term upward,Below long MA,-2.2132874293489744,False,False,False,61.6,normal
2022-10-10,TSLA,223.1014,227.1166,219.2961,221.9712,123746890,offline_fallback,0.03590337594310955,212.37116499999996,197.02696400000002,196.697745,66133334.85,0.020109007284037275,-0.021923218942253242,Short-term upward,Above long MA,1.6141280450225597,False,False,False,58.0,normal
2022-10-11,TSLA,215.294,219.2562,210.7357,216.9797,99303330,offline_fallback,-0.022487151486318968,213.39611,198.005998,196.65640299999998,66020800.5,0.02112928467675272,-0.043917379683150015,Short-term upward,Above long MA,-1.3595984807400368,False,False,False,65.1,normal
2022-10-12,TSLA,213.2656,216.0896,212.2071,214.4646,80145335,offline_fallback,-0.011591406938068483,214.22554,198.79875199999998,196.61959349999998,63816907.6,0.02145106536320811,-0.054999722401657514,Short-term upward,Above long MA,-0.7790007709554155,False,False,False,62.9,normal
2022-10-13,TSLA,213.9241,215.157,211.9878,214.5039,51988685,offline_fallback,0.00018324702538330406,214.94169500000004,199.57271,196.577663,65365963.35,0.02139611283783543,-0.054826553911801246,Short-term upward,Above long MA,-0.22710716419833257,False,False,False,55.2,normal
2022-10-14,TSLA,207.5159,209.7003,204.209,206.9395,122357570,offline_fallback,-0.035264626890233575,215.307645,200.247862,196.51088149999998,69157413.4,0.023078743548226026,-0.08815774283465794,Short-term upward,Above long MA,-2.0671318279663202,False,False,False,78.2,normal
2022-10-17,TSLA,201.6544,204.4214,197.8924,200.9607,32416215,offline_fallback,-0.028891535931999446,215.19309000000004,200.60304600000003,196.38139649999997,65514673.1,0.02373800969111781,-0.11450226617186587,Short-term upward,Above long MA,-1.655542221214537,False,False,False,81.0,normal
2022-10-18,TSLA,199.0586,201.5612,198.1724,201.1627,84736693,offline_fallback,0.0010051716579411174,215.17490500000002,200.90683399999998,196.27370499999998,67543042.0,0.023660426147822267,-0.11361218894665082,Short-term upward,Above long MA,-0.09834894636573556,False,False,False,64.5,normal
2022-10-19,TSLA,196.7914,200.5321,194.8759,197.358,12801389,offline_fallback,-0.018913546099749046,214.51393,201.159574,196.1666205,67140184.55,0.021515875931502924,-0.1303769256732641,Short-term upward,Above long MA,-1.1093186886333832,False,False,False,76.5,normal
2022-10-20,TSLA,196.947,197.4259,194.361,196.4055,136495123,offline_fallback,-0.004826254826254872,213.59482000000003,201.37404800000002,196.08010900000002,68458027.45,0.020823502927790113,-0.13457394823275604,Short-term upward,Above long MA,-0.3823351289199498,False,False,True,66.3,high_volume
2022-10-21,TSLA,198.5416,201.5778,197.5418,199.1101,139639128,offline_fallback,0.013770490133932167,212.58069,201.66353999999998,195.9988065,74461692.55,0.020391521222962578,-0.12265660732524741,Short-term upward,Above long MA,0.563702630127746,False,False,True,66.4,high_volume
2022-10-24,TSLA,201.1474,204.227,195.2034,199.5678,64573017,offline_fallback,0.00229872819108623,211.74078999999998,201.87177799999998,195.9417715,72078578.55,0.0203286663637662,-0.12063983333524264,Short-term upward,Above long MA,-0.029984954632414722,False,False,False,57.0,normal
2022-10-25,TSLA,198.5761,202.1571,194.9907,199.399,46393338,offline_fallback,-0.0008458278339491532,210.81006499999998,201.983008,195.863053,69702987.1,0.02016519683401702,-0.12138362064027397,Short-term upward,Above long MA,-0.20008985247429323,False,False,False,60.0,normal
2022-10-26,TSLA,199.3471,201.7098,198.6806,200.7165,83680027,offline_fallback,0.006607355102081769,210.12343500000003,202.231746,195.80556500000003,72947533.85,0.020094010870314195,-0.11557829022333888,Short-term upward,Above long MA,0.21965494043657852,False,False,False,59.2,normal
2022-10-27,TSLA,194.0032,197.9005,191.5551,194.2509,135338246,offline_fallback,-0.032212598366352485,209.25788000000003,202.42298399999999,195.700988,77300758.8,0.02101850611817724,-0.14406781154685722,Short-term upward,Above long MA,-1.7625951028388234,False,False,True,80.1,high_volume
2022-10-28,TSLA,193.6853,196.8975,188.4404,192.6732,50596703,offline_fallback,-0.008121970091258257,208.17451999999997,202.570442,195.550694,79055112.8,0.02063795201791521,-0.15101966718161886,Short-term upward,Above long MA,-0.5239385357313867,False,False,False,69.9,normal
2022-10-31,TSLA,198.2996,203.2785,195.5299,200.3585,117406351,offline_fallback,0.039887747751114144,207.14117500000003,202.92775600000002,195.45383750000002,83863965.3,0.021516233521281188,-0.11715575382050225,Short-term upward,Above long MA,2.068180292045181,False,False,False,78.8,normal
2022-11-01,TSLA,203.5691,207.6804,202.5265,204.5827,28850201,offline_fallback,0.021083208349034432,206.22089999999997,203.37574800000002,195.4389815,79735745.1,0.022086365250171474,-0.09854256463855371,Short-term upward,Above long MA,1.0404097605680087,False,False,False,73.6,normal
2022-11-02,TSLA,202.5147,207.8609,201.2717,203.6807,92732322,offline_fallback,-0.004408974952427536,205.107055,203.80685999999997,195.40709000000004,83115340.65,0.021704465953554613,-0.10251706789174186,Short-term upward,Above long MA,-0.33452189843768826,False,False,False,64.6,normal
2022-11-03,TSLA,197.5219,199.7609,193.246,197.5387,81674886,offline_fallback,-0.030155041690253404,203.84508999999997,204.02243,195.3318395,81163511.1,0.022348514773456982,-0.1295807031257573,Short-term downward,Above long MA,-1.6504881230368935,False,False,False,81.4,normal
2022-11-04,TSLA,197.3001,198.515,193.5531,196.1441,26138859,offline_fallback,-0.007059882443288257,202.9384,204.10843400000002,195.2500965,80550715.4,0.02101799929137868,-0.1357257610380591,Short-term downward,Above long MA,-0.4336888751057072,False,False,False,67.9,normal
2022-11-07,TSLA,197.3691,199.1916,197.0588,197.8617,86668065,offline_fallback,0.008756827250985477,201.732925,204.15445799999998,195.1762245,78696774.15,0.01907880366184487,-0.12815746082999246,Short-term downward,Above long MA,0.4168070647814155,False,False,False,59.7,normal
2022-11-08,TSLA,194.5322,195.1169,191.5138,194.1917,96804418,offline_fallback,-0.01854830924832862,200.593525,204.192756,195.060841,78571828.55,0.0189144900346642,-0.1443286658623658,Short-term downward,Above long MA,-1.0030164158277162,False,False,False,67.7,normal
2022-11-09,TSLA,199.6262,202.3882,196.8635,200.2727,74934063,offline_fallback,0.031314417660486926,199.88393000000002,204.364942,195.0072415,78311264.95,0.020534618056873535,-0.11753381632507387,Short-term downward,Above long MA,1.6079310333958827,False,False,False,74.8,normal
2022-11-10,TSLA,198.0053,201.3939,195.9815,196.9772,100571102,offline_fallback,-0.0164550635208891,199.00759499999998,204.50723200000002,194.937145,80740385.8,0.020725754287540477,-0.13205485343248136,Short-term downward,Above long MA,-0.9474320568595362,False,False,False,72.7,normal
2022-11-11,TSLA,196.1657,196.9998,194.56,195.7081,124806230,offline_fallback,-0.006442877652845125,198.44602500000002,204.60779,194.82533750000002,80862818.8,0.019400706235096484,-0.13764691782119665,Short-term downward,Above long MA,-0.402300864069142,False,False,False,62.0,normal
2022-11-14,TSLA,195.5254,195.8204,193.7558,195.1504,70081846,offline_fallback,-0.0028496521094426575,198.15551,204.68215,194.72134000000003,82746100.35,0.018391474600173322,-0.1401043241009119,Short-term downward,Above long MA,-0.22253315560964046,False,False,False,54.8,normal
2022-11-15,TSLA,197.2516,197.6985,195.0514,196.6669,22610572,offline_fallback,0.007770929498479129,197.93072,204.79477,194.625634,79639794.3,0.018498133777159382,-0.13342213542745296,Short-term downward,Above long MA,0.3399354834954979,False,False,False,56.3,normal
2022-11-16,TSLA,194.9459,199.2344,194.7371,195.9016,123700747,offline_fallback,-0.0038913513153459034,197.8579,204.829038,194.5273745,85184762.2,0.018030155403496128,-0.13679429434060697,Short-term downward,Above long MA,-0.2834500654011528,False,False,False,53.1,normal
2022-11-17,TSLA,204.7767,205.6867,202.8363,205.451,104932048,offline_fallback,0.04874590100336085,198.31017500000002,205.027974,194.4557575,83606608.45,0.02103781241623405,-0.094716554466998,Short-term downward,Above long MA,2.4265575256191934,False,False,False,75.2,normal
2022-11-18,TSLA,199.1182,202.4829,198.2905,199.6409,50239381,offline_fallback,-0.028279735800750605,198.33671499999997,205.15483600000005,194.386122,79136621.1,0.021930488059712393,-0.12031773113146438,Short-term downward,Above long MA,-1.4979065878756792,False,False,False,78.8,normal
2022-11-21,TSLA,199.2003,205.7084,195.15,201.8728,65621648,offline_fallback,0.011179572923183612,198.451965,205.278302,194.334519,79189052.65,0.02206133355343833,-0.11048325905741696,Short-term downward,Above long MA,0.541119900685556,False,False,False,69.1,normal
2022-11-22,TSLA,203.4672,206.99,201.0582,203.8192,81140132,offline_fallback,0.009641714980918481,198.672975,205.42507,194.27550700000003,80926392.35,0.02214454400735442,-0.10190679217049292,Short-term downward,Above long MA,0.44122654047001997,False,False,False,67.1,normal
2022-11-23,TSLA,200.0467,201.6569,195.2164,198.7248,9696131,offline_fallback,-0.024994701186149326,198.57339,205.442046,194.1655905,77227197.55,0.022863808764476582,-0.12435436353750173,Short-term downward,Above long MA,-1.3205766321352828,False,False,False,80.4,normal
2022-11-24,TSLA,196.5089,198.3569,195.4514,196.9366,24047658,offline_fallback,-0.008998373630266565,198.707675,205.37716200000003,194.06896550000002,71662668.15,0.021716347336984118,-0.13223375014210392,Short-term downward,Above long MA,-0.5017424082969101,False,False,False,70.6,normal
2022-11-25,TSLA,192.8491,194.7293,192.6395,193.1235,63765885,offline_fallback,-0.01936206880793101,198.73019,205.247222,193.94386350000002,72321127.25,0.022104333464130384,-0.1490354999810527,Short-term downward,Above long MA,-1.0038608290052695,False,False,False,79.2,normal
2022-11-28,TSLA,189.7627,192.0048,185.2104,189.2436,116221769,offline_fallback,-0.02009025312817969,198.17444500000002,204.967058,193.8023215,72261898.15,0.020465295255673654,-0.16613159218952833,Short-term downward,Above long MA,-1.0117399456303446,False,False,False,76.0,normal
2022-11-29,TSLA,190.3356,191.7895,188.5621,189.4913,19537987,offline_fallback,0.0013088949903723446,197.419875,204.726356,193.6527075,71796287.45,0.019722426380866236,-0.1650401460079155,Short-term downward,Above long MA,0.06300071341961071,False,False,False,60.1,normal
2022-11-30,TSLA,194.9852,195.7615,191.2581,193.7819,40590527,offline_fallback,0.0226427281885766,196.92493499999998,204.390444,193.493583,69189197.7,0.020576119855216398,-0.14613437698559917,Short-term downward,Above long MA,1.1264220531492324,False,False,False,75.9,normal
2022-12-01,TSLA,191.8142,193.8774,187.9928,190.8956,62047615,offline_fallback,-0.014894579937548391,196.59278,203.912602,193.350063,68207834.15,0.019754915269652062,-0.15885234676351168,Short-term downward,Above long MA,-0.7334555094706614,False,False,False,70.2,normal
2022-12-02,TSLA,192.5576,196.7087,189.3527,192.2199,136005389,offline_fallback,0.006937299759659066,196.39657000000003,203.369146,193.2288955,73701160.65,0.019796417289550495,-0.15301705335087634,Short-term downward,Above long MA,0.34171718637442255,False,False,True,64.6,high_volume
2022-12-05,TSLA,192.6129,194.9576,186.9165,191.1177,107757661,offline_fallback,-0.005734057712026619,196.05937,202.86418400000002,193.10695900000002,74755640.45,0.01969215737711136,-0.15787370244806476,Short-term downward,Above long MA,-0.2774246880773461,False,False,False,63.6,normal
2022-12-06,TSLA,185.7539,188.2057,183.0461,185.3499,83672639,offline_fallback,-0.0301793083529156,195.61728,202.21091199999998,192.9956075,74099051.5,0.020380294222717327,-0.18328849165398375,Short-term downward,Above long MA,-1.4479705512927843,False,False,False,79.4,normal
2022-12-07,TSLA,183.9402,185.8402,181.4828,183.6165,111949707,offline_fallback,-0.009352041732960115,194.78447,201.59426,192.907299,75949833.7,0.018838074454728664,-0.19092641176382452,Short-term downward,Above long MA,-0.40899629325358594,False,False,False,62.9,normal
2022-12-08,TSLA,182.0523,184.005,180.3972,182.8306,93921457,offline_fallback,-0.004280116438337478,194.07714,201.01963199999997,192.8183645,75617351.45,0.01861541584403246,-0.1943893409286589,Short-term downward,Above long MA,-0.1467205938317686,False,False,False,57.8,normal
2022-12-09,TSLA,189.1522,192.8363,188.2063,190.3203,41277132,offline_fallback,0.04096524323608852,193.80775,200.53922999999998,192.7548605,71440896.55,0.021083269518718657,-0.16138730432621584,Short-term downward,Above long MA,1.9811397059778428,False,False,False,82.6,normal
2022-12-12,TSLA,190.5449,193.399,189.0946,190.6571,119364022,offline_fallback,0.001769648324430051,193.583085,199.93186400000002,192.68940149999997,73905005.35,0.02108938277169216,-0.1599032547744711,Short-term downward,Above long MA,0.12593975974164448,False,False,False,66.2,normal
2022-12-13,TSLA,189.3569,192.4584,185.2317,189.4671,119410860,offline_fallback,-0.006241571911038357,193.223095,199.26144200000002,192.625791,78745019.75,0.021016879462880975,-0.16514677902202546,Short-term downward,Above long MA,-0.26064947483783324,False,False,False,68.6,normal
2022-12-14,TSLA,190.8632,192.0367,188.3558,190.7931,86351961,offline_fallback,0.0069985765338680395,192.96767,198.55815199999998,192.5676235,76877580.45,0.021096815189189846,-0.15930399486046487,Short-term downward,Above long MA,0.42312305169785436,False,False,False,71.0,normal
2022-12-15,TSLA,194.3581,194.5655,193.5385,194.1308,137461232,offline_fallback,0.01749381922092552,192.40166,197.98520800000003,192.516145,78504039.65,0.01816306165082854,-0.14459701092679955,Short-term downward,Above long MA,0.953019332026231,False,False,True,63.1,high_volume
2022-12-16,TSLA,194.7064,197.6423,193.5339,194.1219,3808308,offline_fallback,-4.584537847673875e-05,192.12571,197.582088,192.45612949999997,76182486.0,0.017136303482478837,-0.14463622720058367,Short-term downward,Above long MA,0.09149773655630188,False,False,False,44.5,normal
2022-12-19,TSLA,195.3766,198.4571,191.2569,196.0867,26369048,offline_fallback,0.010121475217376386,191.836405,197.064398,192.43182099999999,74219856.0,0.017097461062846233,-0.1359786839723529,Short-term downward,Above long MA,0.5876935313749939,False,False,False,51.3,normal
2022-12-20,TSLA,187.163,190.6899,185.3545,186.966,115938588,offline_fallback,-0.046513608521128624,190.99374500000002,196.464124,192.3889785,75959778.8,0.01962727735833022,-0.1761674332199733,Short-term downward,Above long MA,-2.1553893993203093,False,False,False,78.3,normal
2022-12-21,TSLA,183.1946,187.6872,182.9886,183.7936,30077706,offline_fallback,-0.01696779093525036,190.247185,195.850704,192.31431200000003,76978857.55,0.01925657855582606,-0.19014605197874734,Short-term downward,Above long MA,-0.7126225088953296,False,False,False,69.5,normal
2022-12-22,TSLA,179.7186,181.0303,178.0881,180.3175,121500817,offline_fallback,-0.0189130633493223,189.41623,195.166976,192.252405,81851515.5,0.01952532995082246,-0.20546287100137206,Short-term downward,Above long MA,-0.800674991814237,False,False,False,71.8,normal
2022-12-23,TSLA,179.6182,181.7206,176.9399,179.6024,135144529,offline_fallback,-0.00396578257795277,188.740175,194.620234,192.17045299999998,85420447.7,0.019197538494596364,-0.20861383250509147,Short-term downward,Above long MA,-0.06005473168141573,False,False,True,59.8,high_volume
2022-12-26,TSLA,179.3988,182.2324,179.0096,179.3284,94149438,offline_fallback,-0.0015255920856291905,188.244415,194.187588,192.07488,84316831.15,0.01879505313342516,-0.20982116497889813,Short-term downward,Above long MA,0.08798545823246547,False,False,False,58.3,normal
2022-12-27,TSLA,181.4397,184.0521,176.46,180.21,129212188,offline_fallback,0.004916120369110599,187.78035,193.768534,191.9954355,89800541.2,0.018850942310519838,-0.2059365507128108,Short-term downward,Above long MA,0.4146137597966669,False,False,True,63.6,high_volume
2022-12-28,TSLA,178.6997,182.1303,175.2205,179.6442,34712807,offline_fallback,-0.0031396703845513185,187.073465,193.41425800000002,191.9107865,89506655.2,0.017910817083653784,-0.20842964820799248,Short-term downward,Above long MA,0.024384764253460613,False,False,False,51.9,normal
2022-12-29,TSLA,180.3378,181.9239,177.9717,179.6184,138786951,offline_fallback,-0.00014361721669831073,186.509605,193.07851599999998,191.813722,93343622.0,0.017725185851962623,-0.20854333133873781,Short-term downward,Above long MA,0.1642406600751738,False,False,True,53.1,high_volume
2022-12-30,TSLA,178.6538,181.3775,175.5662,178.0533,110347446,offline_fallback,-0.008713472561831082,185.80127499999998,192.65738,191.71457100000003,92060724.85,0.017613619007514892,-0.21543966730499586,Short-term downward,Above long MA,-0.3019808451515369,False,False,False,55.2,normal
2023-01-02,TSLA,179.0899,181.6495,176.4335,179.6824,77974160,offline_fallback,0.009149507478940277,185.22951,192.259672,191.637066,90571549.8,0.0178349608220979,-0.2082613266733231,Short-term downward,Above long MA,0.6704524971604076,False,False,False,61.3,normal
2023-01-03,TSLA,177.0502,178.8148,173.6318,178.5854,98390586,offline_fallback,-0.006105216760239229,184.89128499999998,191.8434,191.54188249999999,91307447.15,0.01667353812605705,-0.21309506289144675,Short-term downward,Above long MA,-0.16416633261524868,False,False,False,47.2,normal
2023-01-04,TSLA,173.6129,174.5158,172.5056,173.3487,91427740,offline_fallback,-0.02932322575081714,184.37789500000002,191.296044,191.40963,90281348.8,0.017719588431577515,-0.23616965400671341,Short-term downward,Below long MA,-1.3842818825715735,False,False,False,68.2,normal
2023-01-05,TSLA,176.985,178.8649,175.4397,175.8258,51059811,offline_fallback,0.014289694702065647,184.027655,190.927542,191.26964,88138266.5,0.01811580512803518,-0.2252547515582961,Short-term downward,Below long MA,0.9226826125042875,False,False,False,66.8,normal
2023-01-06,TSLA,173.5998,175.8964,172.2078,174.3492,124513142,offline_fallback,-0.008398084922690452,183.22910000000002,190.56106200000002,191.140664,92300067.0,0.015094123488430746,-0.2317611279481605,Short-term downward,Below long MA,-0.3101132367261525,False,False,False,41.1,normal
2023-01-09,TSLA,176.167,179.0209,172.6636,177.2007,5231139,offline_fallback,0.016355108024585174,182.55628,190.097906,191.01942,86593422.85,0.01573947787346476,-0.2191964982070671,Short-term downward,Below long MA,1.0017035858576249,False,False,False,51.6,normal
2023-01-10,TSLA,176.5324,177.9075,174.6844,176.5766,98740917,offline_fallback,-0.0035219951162721586,181.911755,189.537784,190.894702,85559925.7,0.015726593960301197,-0.22194648432715003,Short-term downward,Below long MA,-0.08301152592281576,False,False,False,38.7,normal
2023-01-11,TSLA,175.118,178.0608,171.6826,175.2859,23424568,offline_fallback,-0.007309575560974779,181.13639500000002,188.969888,190.74531449999998,82413556.05,0.015553262222741848,-0.2276337252904428,Short-term downward,Below long MA,-0.303129911054672,False,False,False,42.6,normal
2023-01-12,TSLA,173.6273,175.9682,170.1186,173.5455,92543699,offline_fallback,-0.009928921835698157,180.10713,188.49002399999998,190.5922095,80167679.4,0.014735462211642526,-0.23530248966056322,Short-term downward,Below long MA,-0.44226288677694686,False,False,False,41.3,normal
2023-01-13,TSLA,167.7256,170.1834,166.2509,167.9633,32249062,offline_fallback,-0.03216562803414669,178.79919999999998,187.926408,190.42987000000002,81589717.1,0.015821842641139495,-0.25989946533677966,Short-term downward,Below long MA,-1.598843791349637,False,False,False,57.8,normal
2023-01-16,TSLA,168.6565,170.7342,166.6529,169.6348,55136819,offline_fallback,0.009951578707967812,177.476605,187.36187,190.2695835,83028105.65,0.015812157901232252,-0.2525342966142695,Short-term downward,Below long MA,0.6745578593865394,False,False,False,50.1,normal
2023-01-17,TSLA,174.6218,177.6642,172.1625,175.9705,134202537,offline_fallback,0.03734905809421174,176.92683,186.99744599999997,190.17117149999999,83941303.1,0.015928915863795395,-0.22461715663508508,Short-term downward,Below long MA,2.0425697957833866,False,False,True,57.7,high_volume
2023-01-18,TSLA,173.9855,177.7986,173.1928,173.908,43855833,offline_fallback,-0.011720714551586742,176.43255,186.47015199999998,190.0796345,84630209.45,0.01572704767183221,-0.233705197610363,Short-term downward,Below long MA,-0.49497846172165283,False,False,False,46.5,normal
2023-01-19,TSLA,174.6103,176.1191,171.7783,174.2805,4438154,offline_fallback,0.0021419371161763845,176.1307,186.016218,189.99256150000002,78777076.3,0.015278955092689396,-0.2320638423311916,Short-term downward,Below long MA,0.20054978210067914,False,False,False,39.8,normal
2023-01-20,TSLA,173.5144,173.7208,170.5577,173.0709,97808728,offline_fallback,-0.006940535516021584,175.804125,185.563474,189.878874,76910286.25,0.015317725901445589,-0.2373937305075291,Short-term downward,Below long MA,-0.2831320667649014,False,False,False,41.7,normal
2023-01-23,TSLA,169.3526,171.3537,168.6662,169.0171,6203902,offline_fallback,-0.023422770667974824,175.28856000000002,185.040808,189.76976049999996,72513009.45,0.016065950833655657,-0.25525608226781094,Short-term downward,Below long MA,-1.1394334394799501,False,False,False,56.9,normal
2023-01-24,TSLA,165.7338,168.2168,162.1112,165.2718,48993339,offline_fallback,-0.022159296307888265,174.54165,184.412906,189.64961899999997,68502067.0,0.01651303854979885,-0.2717590834143362,Short-term downward,Below long MA,-1.0362175117034909,False,False,False,60.3,normal
2023-01-25,TSLA,167.9697,170.2904,167.258,167.5745,18100777,offline_fallback,0.01393280644368855,173.938165,183.846364,189.54795850000002,67671465.5,0.01700404357234722,-0.2616126436791738,Short-term downward,Below long MA,0.93234295760293,False,False,False,62.0,normal
2023-01-26,TSLA,167.9706,171.1757,165.5094,169.4923,70329376,offline_fallback,0.011444462015402168,173.43186,183.12719,189.4891905,64248586.75,0.01731310208927576,-0.253162197627107,Short-term downward,Below long MA,0.7688621499874903,False,False,False,61.2,normal
2023-01-27,TSLA,165.2498,169.3893,162.9778,167.0833,71449082,offline_fallback,-0.01421303504642979,172.88336,182.47603799999996,189.411779,62303668.55,0.017455808987330255,-0.2637770294862315,Short-term downward,Below long MA,-0.6484629203584092,False,False,False,61.0,normal
2023-01-30,TSLA,169.4693,170.0582,167.4321,169.4226,80700723,offline_fallback,0.014000800798164681,172.37037,181.827034,189.355628,62439996.7,0.017666394804021993,-0.2534693183330352,Short-term downward,Below long MA,0.9064980217798007,False,False,False,64.8,normal
2023-01-31,TSLA,166.54,168.4051,164.5611,167.4012,59578927,offline_fallback,-0.011931111905967628,171.81116,181.098674,189.29390349999997,60499413.75,0.017771700891270812,-0.2623762594372421,Short-term downward,Below long MA,-0.5333326033186163,False,False,False,61.8,normal
2023-02-01,TSLA,166.0677,168.3653,162.2539,164.9367,116993954,offline_fallback,-0.014722116687335474,171.39056,180.422912,189.21652250000002,61777724.45,0.01691614217447906,-0.2732356422171559,Short-term downward,Below long MA,-0.6632550539183544,False,False,False,58.6,normal
2023-02-02,TSLA,162.894,164.7674,161.4061,162.8404,64040967,offline_fallback,-0.012709724397299116,170.74129,179.740988,189.1485105,62426782.25,0.016592710753735408,-0.28247261690635594,Short-term downward,Below long MA,-0.5534925535852284,False,False,False,55.6,normal
2023-02-03,TSLA,165.9477,169.3318,163.3614,166.5217,131790722,offline_fallback,0.022606797821670854,170.34991499999998,179.20895199999998,189.11786850000001,62790661.25,0.017551208480237227,-0.2662516204252453,Short-term downward,Below long MA,1.4110678541207429,False,False,True,68.5,high_volume
2023-02-06,TSLA,168.8648,170.0012,164.2614,167.7904,111177126,offline_fallback,0.0076188268555990035,169.87939999999998,178.779888,189.07210650000002,68087960.6,0.0171710599862235,-0.26066131856568897,Short-term downward,Below long MA,0.5584858161371701,False,False,False,58.4,normal
2023-02-07,TSLA,166.4773,167.1988,163.2142,166.0124,32054279,offline_fallback,-0.010596553795687913,169.35119,178.31031,189.01807499999998,64753628.7,0.01726399642874748,-0.26849576067674064,Short-term downward,Below long MA,-0.4445437054256099,False,False,False,57.4,normal
2023-02-08,TSLA,167.9932,169.6404,165.1085,168.9561,79398334,offline_fallback,0.017731807985427395,169.0347,177.81379400000003,188.9614165,67552317.0,0.017829126043191843,-0.25552486796453444,Short-term downward,Below long MA,1.1108138129463796,False,False,False,68.3,normal
2023-02-09,TSLA,171.7386,171.9692,167.701,170.8648,26402421,offline_fallback,0.01129701739090816,168.900665,177.41317800000002,188.89081599999997,64245253.1,0.017944049163048335,-0.24711451945083107,Short-term downward,Below long MA,0.844245389359662,False,False,False,65.9,normal
2023-02-10,TSLA,169.6317,172.8541,168.5308,169.5187,65414847,offline_fallback,-0.007878158637706578,168.97843500000002,176.959154,188.807044,65903542.35,0.016457453391503448,-0.2530458707026234,Short-term downward,Below long MA,-0.32002627978132564,False,False,False,49.8,normal
2023-02-13,TSLA,163.8553,164.2722,161.3775,163.5018,28578324,offline_fallback,-0.035494019243894614,168.671785,176.406836,188.7089155,64575617.6,0.018147312166096764,-0.2795582749422111,Short-term downward,Below long MA,-1.8937904402285033,False,False,False,74.5,normal
2023-02-14,TSLA,160.8253,161.2149,156.9134,160.0515,30805263,offline_fallback,-0.021102519972257205,167.875835,175.900868,188.5628315,59405753.9,0.01612440819476261,-0.29476141083409046,Short-term downward,Below long MA,-1.0114368910074882,False,False,False,57.0,normal
2023-02-15,TSLA,156.926,158.8301,154.7343,156.8613,79887969,offline_fallback,-0.019932334279903707,167.0235,175.365764,188.404588,61207360.7,0.016417005431882552,-0.30881846214043296,Short-term downward,Below long MA,-0.95294377760991,False,False,False,58.7,normal
2023-02-16,TSLA,157.3016,159.3307,156.0881,157.4796,36932737,offline_fallback,0.003941698812900407,166.18345499999998,174.858744,188.25869699999998,62832089.85,0.016463175840318492,-0.3060940326931533,Short-term downward,Below long MA,0.4436150623487436,False,False,False,52.9,normal
2023-02-17,TSLA,157.1711,160.535,154.0351,157.7512,21560641,offline_fallback,0.0017246678299920326,165.41747,174.207362,188.1070075,59019685.5,0.016521298301988764,-0.30489727539429967,Short-term downward,Below long MA,0.29407681504444555,False,False,False,51.5,normal
2023-02-20,TSLA,159.8622,161.6733,156.5233,159.5168,7154466,offline_fallback,0.01119230788735659,164.942455,173.58455599999996,187.94871349999997,59067213.7,0.016244682811545563,-0.2971174716871723,Short-term downward,Below long MA,0.8277504293000412,False,False,False,55.7,normal
2023-02-21,TSLA,156.5851,159.5473,155.8956,156.7864,58966356,offline_fallback,-0.01711669241108149,164.518185,172.930942,187.76704550000002,59565864.55,0.015964498841072868,-0.30914849572542613,Short-term downward,Below long MA,-0.8354327112021946,False,False,False,54.1,normal
2023-02-22,TSLA,153.1546,156.4766,150.0166,154.5449,51196969,offline_fallback,-0.01429652061658393,163.866705,172.205978,187.58036650000003,61220674.15,0.015679581696628034,-0.3190252684992857,Short-term downward,Below long MA,-0.6425884518421334,False,False,False,50.1,normal
2023-02-23,TSLA,161.1491,164.5736,160.931,161.2989,61298762,offline_fallback,0.04370250975606438,163.457035,171.54934,187.41097,60769143.45,0.018709770861446106,-0.2892649636522424,Short-term downward,Below long MA,2.6306040223159055,True,False,False,78.9,abnormal_return
2023-02-24,TSLA,162.6656,165.5553,160.6028,163.3815,79015774,offline_fallback,0.012911433369973357,163.271945,170.934532,187.2644165,61147478.05,0.01878439132968981,-0.28008835558673273,Short-term downward,Below long MA,0.8739761996201464,False,False,False,72.6,normal
2023-02-27,TSLA,169.767,172.7497,166.7931,168.9302,30515589,offline_fallback,0.03396161744138726,163.247325,170.39140199999997,187.138136,58638221.35,0.020104582138497595,-0.2556389917275693,Short-term downward,Below long MA,1.9587435004720968,False,False,False,83.2,normal
2023-02-28,TSLA,170.7085,174.2625,165.9885,169.6608,30446716,offline_fallback,0.004324863168338133,163.360305,170.045298,187.019257,57181610.8,0.019922683251152776,-0.25241973221894487,Short-term downward,Below long MA,0.31440813843375576,False,False,False,69.2,normal
2023-03-01,TSLA,169.6039,172.2381,166.2964,169.6474,25163189,offline_fallback,-7.898111997584056e-05,163.59584,169.76237400000002,186.9159215,52590072.55,0.01958619611922975,-0.25247877694576604,Short-term downward,Below long MA,0.06038993367748909,False,False,False,63.1,normal
2023-03-02,TSLA,169.4083,170.1292,166.2872,168.8042,43424226,offline_fallback,-0.0049703090056198995,163.89403,169.53210799999997,186.795863,51559235.5,0.019363988379697293,-0.25619418841260444,Short-term downward,Below long MA,-0.21208650909483953,False,False,False,66.0,normal
2023-03-03,TSLA,169.9247,174.1605,169.1036,170.5711,82341209,offline_fallback,0.010467156622880225,164.09650000000002,169.351482,186.67555000000002,49086759.85,0.018867197356306,-0.24840865648571064,Short-term downward,Below long MA,0.7100260148335041,False,False,False,69.6,normal
2023-03-06,TSLA,179.0667,179.6669,176.4874,178.2857,133577129,offline_fallback,0.04522806032205917,164.62126500000002,169.330628,186.60236700000002,50206760.0,0.02124689584579297,-0.21441563786370887,Short-term downward,Below long MA,2.54521876506219,True,False,True,86.1,abnormal_return
2023-03-07,TSLA,177.2978,179.9204,173.6846,178.0025,126280421,offline_fallback,-0.0015884616657421136,165.22077000000002,169.286478,186.537055,54918067.1,0.021032296082438746,-0.21566350850816884,Short-term downward,Below long MA,-0.039162481919660014,False,False,False,66.6,normal
2023-03-08,TSLA,178.0077,179.5568,174.0948,177.5463,108398004,offline_fallback,-0.002562885352733746,165.65028,169.24451999999997,186.466695,56368050.6,0.020808122766741943,-0.2176736730138279,Short-term downward,Below long MA,-0.08424540052083804,False,False,False,66.5,normal
2023-03-09,TSLA,176.441,180.7102,173.0277,178.2347,89106285,offline_fallback,0.003877298484958658,166.018775,169.216846,186.382139,59503243.8,0.020712450110994145,-0.21464036033146117,Short-term downward,Below long MA,0.28642124517108863,False,False,False,70.0,normal
2023-03-10,TSLA,173.0184,176.4964,171.9859,173.9511,86499368,offline_fallback,-0.024033479451532225,166.24039499999998,169.134802,186.2503705,60557469.85,0.021433392179614423,-0.23351528509349773,Short-term downward,Below long MA,-1.2297210008603385,False,False,False,83.7,normal
2023-03-13,TSLA,176.4865,176.9072,173.3314,176.5496,61032380,offline_fallback,0.014938106168917553,166.892785,169.07214600000003,186.139221,62180172.65,0.01975173171823818,-0.2220654550453719,Short-term downward,Below long MA,0.9051445484390521,False,False,False,74.9,normal
2023-03-14,TSLA,175.9465,177.0527,173.6915,175.9258,12939250,offline_fallback,-0.0035332846973314957,167.6865,169.01895399999998,186.01194999999998,61286872.0,0.018949565921537258,-0.22481411926858552,Short-term downward,Below long MA,-0.15426914182141097,False,False,False,61.0,normal
2023-03-15,TSLA,179.3724,180.2787,177.0312,178.9805,17268242,offline_fallback,0.017363570323397637,168.79245999999998,169.13159,185.879912,58155885.65,0.018196582625195305,-0.21135412471480064,Short-term downward,Below long MA,1.020517343186829,False,False,False,68.0,normal
2023-03-16,TSLA,177.8257,180.1012,176.6659,178.7432,96559978,offline_fallback,-0.0013258427594067257,169.85564000000002,169.189938,185.76551849999998,61137247.7,0.018277654671292196,-0.21239974513828364,Short-term upward,Below long MA,-0.07724460713463623,False,False,False,55.2,normal
2023-03-17,TSLA,195.6698,197.5166,194.9534,196.7934,60768687,offline_fallback,0.1009839814885265,171.80775,169.638822,185.74180850000002,63097650.0,0.027869376995529972,-0.13286473558096923,Short-term upward,Below long MA,4.612125283126761,True,True,False,86.6,abnormal_return
2023-03-20,TSLA,196.1389,196.914,194.8182,195.2669,137837837,offline_fallback,-0.007756865829850024,173.595255,170.00014599999997,185.73578450000002,69631818.55,0.028199540152056796,-0.13959098748339915,Short-term upward,Below long MA,-0.43622538249632525,False,True,True,74.9,volatility_spike
2023-03-21,TSLA,198.7285,199.1277,194.4401,198.6291,56252995,offline_fallback,0.01721848403390447,175.68739,170.441196,185.747274,69496150.5,0.027463734756796285,-0.12477604863875469,Short-term upward,Below long MA,0.7103641763233358,False,False,False,76.9,normal
2023-03-22,TSLA,198.9267,203.395,195.1235,199.0768,60722441,offline_fallback,0.002253949698206359,177.913985,170.91701400000002,185.747747,69972424.1,0.02686483299246221,-0.12280333787772102,Short-term upward,Below long MA,0.014621447320943714,False,False,False,65.5,normal
2023-03-23,TSLA,194.0127,196.5576,190.6654,193.7441,116371112,offline_fallback,-0.026787149482008887,179.536245,171.320986,185.714747,72726041.6,0.027255451799593752,-0.14630093599110972,Short-term upward,Below long MA,-1.2888579376701974,False,False,False,84.6,normal
2023-03-24,TSLA,183.4971,185.8626,180.2854,183.2867,93384469,offline_fallback,-0.053975321054937964,180.531505,171.627454,185.61192050000002,73444476.35,0.0307058038173741,-0.1923796170552896,Short-term upward,Below long MA,-2.3737873925298714,False,True,False,91.4,volatility_spike
2023-03-27,TSLA,185.4667,189.2865,181.4212,185.4778,123723489,offline_fallback,0.011954495334358661,181.358885,171.94431399999996,185.565367,78104871.35,0.030045826783619015,-0.18272492295544407,Short-term upward,Below long MA,0.48411798294914904,False,True,False,79.8,volatility_spike
2023-03-28,TSLA,171.9258,173.2905,171.6219,172.6104,38258382,offline_fallback,-0.06937434021753552,181.506365,171.877112,185.45594,78495454.65,0.034356115711750235,-0.23942284220164567,Short-term upward,Below long MA,-2.789553935872998,True,True,False,95.3,abnormal_return
2023-03-29,TSLA,178.5295,180.1444,175.8641,178.7536,43975497,offline_fallback,0.035589976038523874,181.96167499999999,171.97402400000001,185.40457049999998,79436070.05,0.03519016071872001,-0.2123539193801537,Short-term upward,Below long MA,1.3966570622374745,False,True,False,91.5,volatility_spike
2023-03-30,TSLA,193.9523,194.6543,191.6279,193.3342,49204035,offline_fallback,0.08156814743870888,183.188175,172.355098,185.35202850000002,79725060.5,0.039222209439059276,-0.14810708774663284,Short-term upward,Below long MA,2.955114565673884,True,True,False,91.9,abnormal_return
2023-03-31,TSLA,205.6918,207.0925,200.509,204.9797,127275578,offline_fallback,0.06023507480828538,184.908605,172.99327399999999,185.42709299999999,81971778.95,0.040958951288015466,-0.09679325444840325,Short-term upward,Below long MA,2.0456836469809807,False,True,True,85.2,volatility_spike
2023-04-03,TSLA,211.7505,214.522,209.5224,212.5979,25512903,offline_fallback,0.03716563152351182,186.624215,173.86489,185.5352285,76568567.65,0.04063250177161925,-0.06322500535368225,Short-term upward,Below long MA,1.1949662944805732,False,True,False,77.9,volatility_spike
2023-04-04,TSLA,222.0647,225.8566,217.6497,223.1486,74729472,offline_fallback,0.049627489264945535,188.88152,175.02242599999997,185.70954799999998,73991020.2,0.041494316195483376,-0.016735214363202577,Short-term upward,Below long MA,1.5712521124677916,False,True,False,70.4,volatility_spike
2023-04-05,TSLA,239.8018,242.6853,238.5596,241.2493,105314758,offline_fallback,0.08111500587500897,192.06667,176.49592200000004,185.969303,73836857.9,0.04406921438565667,0.0,Short-term upward,Below long MA,2.473794219459498,False,True,False,69.6,volatility_spike
2023-04-06,TSLA,259.4078,263.5758,255.784,261.136,20368819,offline_fallback,0.0824321562798318,196.211735,178.328796,186.3760195,70399984.6,0.046340690902837,0.0,Short-term upward,Below long MA,2.3514246304361026,False,True,False,69.9,volatility_spike
2023-04-07,TSLA,260.6803,266.0406,256.6594,259.8344,58355104,offline_fallback,-0.004984375957355569,200.50590000000003,180.18381800000003,186.7942175,68992771.4,0.04557127440282686,-0.004984375957355569,Short-term upward,Below long MA,-0.404336625661873,False,True,False,58.7,volatility_spike
2023-04-10,TSLA,261.1271,261.8237,257.0746,259.4915,139775847,offline_fallback,-0.0013196866927552842,204.65299499999998,181.98519600000003,187.25278199999997,72929944.75,0.04583376234432582,-0.0062974848354881985,Short-term upward,Below long MA,-0.2820929933317845,False,True,True,57.4,volatility_spike
2023-04-11,TSLA,246.3929,246.7985,244.6765,246.1833,38270028,offline_fallback,-0.0512856875851424,208.16586999999998,183.560838,187.6358645,74196483.65,0.048323535085572446,-0.0572602015807856,Short-term upward,Below long MA,-1.7807040850397828,False,True,False,80.1,volatility_spike
2023-04-12,TSLA,247.9497,251.5108,246.3967,247.1029,136230280,offline_fallback,0.0037354280326895584,211.57199,185.204162,188.02922900000002,80144585.55,0.048429468881014674,-0.053738664910238376,Short-term upward,Below long MA,-0.08194381124854284,False,True,True,62.3,volatility_spike
2023-04-13,TSLA,248.8048,251.0663,246.3297,249.5104,80946529,offline_fallback,0.00974290467655381,215.11035,186.93756199999999,188.428482,79363913.1,0.048267746948152064,-0.044519330923350364,Short-term upward,Below long MA,0.10097950375856896,False,True,False,60.6,volatility_spike
2023-04-14,TSLA,258.4548,262.3143,255.8456,258.5753,78750820,offline_fallback,0.03633075014107634,218.19944500000003,188.778634,188.84605600000003,80263019.75,0.0444228341429984,-0.009806001470498149,Short-term upward,Below long MA,0.9005939811422224,False,True,False,65.4,volatility_spike
2023-04-17,TSLA,262.7655,268.0785,257.5742,263.001,95740824,offline_fallback,0.017115710587979338,221.58615,190.68284599999998,189.28971099999998,78158169.1,0.04410886445098409,0.0,Short-term upward,Above long MA,0.287316458917692,False,True,False,55.7,volatility_spike
2023-04-18,TSLA,265.4897,267.7758,260.6139,263.0949,65314380,offline_fallback,0.00035703286299293424,224.80944,192.624496,189.798672,78611238.35,0.04424363246731655,0.0,Short-term upward,Above long MA,-0.24823692855814278,False,True,False,55.1,volatility_spike
2023-04-19,TSLA,267.1417,271.6317,265.577,266.6382,27605105,offline_fallback,0.013467763913325603,228.18750999999997,194.578138,190.29984699999997,76955371.55,0.04414354623451071,0.0,Short-term upward,Above long MA,0.16337571541649384,False,True,False,53.3,volatility_spike
2023-04-20,TSLA,262.695,268.3878,259.8983,262.6855,107006980,offline_fallback,-0.014824207484148921,231.63458,196.41455200000001,190.78445099999996,76487164.95,0.04361636377956474,-0.014824207484148921,Short-term upward,Above long MA,-0.7076016591072518,False,True,False,63.4,volatility_spike
2023-04-21,TSLA,270.7857,276.4519,264.9339,270.5474,94391846,offline_fallback,0.02992894544997715,235.997615,198.43512599999997,191.290386,76537533.8,0.04042642039253776,0.0,Short-term upward,Above long MA,0.6678570803318937,False,True,False,60.3,volatility_spike
2023-04-24,TSLA,269.6534,277.04,264.1758,271.6665,41408831,offline_fallback,0.004136428588853658,240.30704999999998,200.59842,191.789198,72421800.9,0.040550285221092934,0.0,Short-term upward,Above long MA,-0.13308402777040038,False,True,False,52.3,volatility_spike
2023-04-25,TSLA,266.1254,266.7568,263.5055,265.9105,6578393,offline_fallback,-0.02118774305996496,244.972055,202.71560000000002,192.269276,70837801.45,0.036151060396579525,-0.02118774305996496,Short-term upward,Above long MA,-0.9162813052586377,False,True,False,65.2,volatility_spike
2023-04-26,TSLA,269.3223,272.9636,266.2049,270.3797,10730916,offline_fallback,0.01680715879967143,249.55336000000003,204.98596799999999,192.7424075,69175572.4,0.0360354555922228,-0.0047366900225090935,Short-term upward,Above long MA,0.25135759508977124,False,True,False,54.7,volatility_spike
2023-04-27,TSLA,272.7243,275.611,270.2335,270.5089,21692241,offline_fallback,0.00047784652472038225,253.412095,207.246554,193.25837150000004,67799982.7,0.033386747435948605,-0.004261106908654555,Short-term upward,Above long MA,-0.26680136996150494,False,True,False,54.4,volatility_spike
2023-04-28,TSLA,275.3278,277.5358,274.899,276.3559,44854627,offline_fallback,0.021614815630835116,256.980905,209.618648,193.804264,63678935.15,0.03186427992882737,0.0,Short-term upward,Above long MA,0.3966662973940725,False,True,False,54.0,volatility_spike
2023-05-01,TSLA,275.3657,276.981,274.5331,275.7736,29154958,offline_fallback,-0.002107065562920951,260.13969000000003,211.94378400000002,194.33745599999997,63861037.9,0.03166983190075736,-0.002107065562920951,Short-term upward,Above long MA,-0.3419975982721933,False,True,False,54.4,volatility_spike
2023-05-02,TSLA,275.7868,276.9784,269.9047,275.4338,73558797,offline_fallback,-0.0012321701569691923,262.75395,214.316732,194.86005449999996,63802504.15,0.030646625776151726,-0.0033366394565848,Short-term upward,Above long MA,-0.3202119853826183,False,True,False,53.9,volatility_spike
2023-05-03,TSLA,280.7715,284.1024,276.3619,278.5141,77147718,offline_fallback,0.011183449525802525,264.61719000000005,216.796116,195.402326,62394152.15,0.025840340873734803,0.0,Short-term upward,Above long MA,0.07321708086778676,False,False,False,46.3,normal
2023-05-04,TSLA,288.092,289.9437,280.9672,287.1529,123394464,offline_fallback,0.031017460157313437,265.91803500000003,219.31319599999998,195.98931000000002,67545434.4,0.019861113580028452,0.0,Short-term upward,Above long MA,0.6834904248097197,False,False,False,46.4,normal
2023-05-05,TSLA,279.8351,281.5595,276.0062,281.255,100568221,offline_fallback,-0.020539231886566367,266.98906500000004,221.67066599999998,196.542611,69656090.25,0.020562721758889194,-0.020539231886566367,Short-term upward,Above long MA,-0.9192654867488381,False,False,False,54.5,normal
2023-05-08,TSLA,281.4602,282.603,276.8408,279.2886,95144065,offline_fallback,-0.0069915201507529945,267.97892,223.877834,197.0901495,67424501.15,0.020681202591820366,-0.027387151583703417,Short-term upward,Above long MA,-0.5195173964801492,False,False,False,51.5,normal
2023-05-09,TSLA,280.6687,280.9942,275.8493,278.9778,48633458,offline_fallback,-0.0011128273764127172,269.61864499999996,226.06417399999998,197.6448985,67942672.65,0.0161922613275224,-0.028469501788071727,Short-term upward,Above long MA,-0.34669210249572296,False,False,False,24.9,normal
2023-05-10,TSLA,278.8678,286.4377,272.8197,280.4452,18961163,offline_fallback,0.005259916738894699,271.28576,228.28012999999999,198.17299,62079216.8,0.016182662763313115,-0.02335933225818021,Short-term upward,Above long MA,-0.1584115399148033,False,False,False,20.6,normal
2023-05-11,TSLA,271.7207,274.0832,266.4903,272.9223,22634289,offline_fallback,-0.02682484849089939,272.456355,230.36249200000003,198.6585715,59163604.8,0.01778058372386397,-0.04955757020040541,Short-term upward,Above long MA,-1.1577215060373374,False,False,False,49.4,normal
2023-05-12,TSLA,271.3902,276.8676,271.0006,271.6937,74351403,offline_fallback,-0.00450164753851201,273.112275,232.384944,199.1511305,58943633.95,0.016227093908635238,-0.05383612702501006,Short-term upward,Above long MA,-0.4460774668544351,False,False,False,32.2,normal
2023-05-15,TSLA,273.3071,275.1664,271.9738,273.4875,40283793,offline_fallback,0.0066022877968832105,273.6366,234.28897999999998,199.6025605,56170782.4,0.015899166478743943,-0.0475892808326156,Short-term upward,Above long MA,-0.09197341512171525,False,False,False,22.8,normal
2023-05-16,TSLA,269.415,274.2822,267.7102,271.9876,27400855,offline_fallback,-0.00548434571963996,274.081235,236.16868200000002,200.032632,54275106.15,0.015985834539475326,-0.05281263048362039,Short-term upward,Above long MA,-0.48289412327502235,False,False,False,30.8,normal
2023-05-17,TSLA,274.2612,275.7044,271.2789,274.278,24389094,offline_fallback,0.008420972132553217,274.463225,238.103316,200.48041700000002,54114305.6,0.01583078621066662,-0.044836392040616624,Short-term upward,Above long MA,-0.052990749501072625,False,False,False,20.9,normal
2023-05-18,TSLA,272.0391,274.3161,266.7672,270.4427,94776617,offline_fallback,-0.013983257862460796,274.851085,239.947476,200.90422150000003,53502787.45,0.01578610995616011,-0.058192691071551006,Short-term upward,Above long MA,-0.7422460929185913,False,False,False,34.0,normal
2023-05-19,TSLA,272.0173,274.918,271.647,274.4561,25667324,offline_fallback,0.014840112156845109,275.04652,241.95757600000002,201.35332449999999,50066561.35,0.014681592871372584,-0.044216164976916494,Short-term upward,Above long MA,0.18281019466846127,False,False,False,18.3,normal
2023-05-22,TSLA,275.891,277.9867,272.0437,276.6702,105752816,offline_fallback,0.008067228237958801,275.29670500000003,243.95998799999998,201.790896,53283760.6,0.01475445861176156,-0.036505638633633763,Short-term upward,Above long MA,-0.02102404893114952,False,False,False,13.7,normal
2023-05-23,TSLA,276.9337,278.853,273.9576,275.2229,98871749,offline_fallback,-0.005231138011972503,275.76232500000003,245.94593,202.197823,57898428.4,0.013897114959199531,-0.041545810611698486,Short-term upward,Above long MA,-0.44477246402602216,False,False,False,19.0,normal
2023-05-24,TSLA,276.316,277.5195,271.9794,275.8351,18923113,offline_fallback,0.0022243788580094126,276.035095,247.883022,202.6356005,58308038.25,0.013444254623376832,-0.03941384537645265,Short-term upward,Above long MA,-0.20560755697481017,False,False,False,13.9,normal
2023-05-25,TSLA,279.4911,284.028,276.8858,278.8332,4731995,offline_fallback,0.010869175097730333,276.45131000000003,249.88482199999999,203.1063215,57460025.95,0.013619207982744031,-0.028973066265393865,Short-term upward,Above long MA,0.06488922267503457,False,False,False,9.2,normal
2023-05-26,TSLA,272.9113,275.2153,266.0307,271.1891,12816929,offline_fallback,-0.027414597687793196,276.19297,251.372736,203.53576549999997,55858141.05,0.014226889615621668,-0.05559337899773953,Short-term upward,Above long MA,-1.1389426277373977,False,False,False,31.2,normal
2023-05-29,TSLA,271.4877,274.1755,269.6056,272.4832,109497910,offline_fallback,0.0047719469550953075,276.02844999999996,252.91706200000002,203.9857175,59875288.65,0.014277882289124827,-0.05108672069827602,Short-term upward,Above long MA,-0.0900290302389848,False,False,False,16.3,normal
2023-05-30,TSLA,264.3377,267.7047,261.8975,264.9113,134324170,offline_fallback,-0.027788502190226883,275.50232500000004,254.242706,204.3993585,62913557.3,0.015529274729057227,-0.07745559943848734,Short-term upward,Above long MA,-1.1176190969682935,False,False,True,39.6,high_volume
2023-05-31,TSLA,271.0406,273.159,265.9142,270.5801,3094794,offline_fallback,0.02139886067525265,275.10562500000003,255.672772,204.8416335,59210911.1,0.01613599568667213,-0.0577142003441371,Short-term upward,Above long MA,0.4440234497760156,False,False,False,32.3,normal
2023-06-01,TSLA,274.7161,277.5742,272.9866,275.4142,85916829,offline_fallback,0.01786568930974597,274.51869,257.306174,205.2849035,57337029.35,0.01497501115913901,-0.04087961500650006,Short-term upward,Above long MA,0.3232901078377776,False,False,False,21.0,normal
2023-06-02,TSLA,270.0657,271.3973,266.9813,270.3668,3135709,offline_fallback,-0.018326578658616643,273.97428,259.047776,205.67751800000002,52465403.75,0.014838212075280792,-0.058457010185166025,Short-term upward,Above long MA,-0.838993539217253,False,False,False,31.1,normal
2023-06-05,TSLA,271.5332,278.7209,270.6195,274.1878,48915200,offline_fallback,0.014132652381875221,273.71924,260.821976,206.07065450000002,50153960.5,0.015201613652866146,-0.045150510407521605,Short-term upward,Above long MA,0.20195556640126625,False,False,False,21.0,normal
2023-06-06,TSLA,276.6885,279.1094,274.2601,275.8397,65929668,offline_fallback,0.006024702776709967,273.56233499999996,262.88656199999997,206.488469,51018771.0,0.015277738710699238,-0.03939782603623365,Short-term upward,Above long MA,-0.06315102732163844,False,False,False,17.1,normal
2023-06-07,TSLA,274.5178,275.9371,273.9008,275.6105,17162215,offline_fallback,-0.0008309173770127964,273.3206,264.8237,206.90820449999998,50928823.6,0.015218439028504987,-0.04019600707497639,Short-term upward,Above long MA,-0.27348165975602956,False,False,False,21.2,normal
2023-06-08,TSLA,276.8759,278.8962,273.1709,276.7464,70622238,offline_fallback,0.0041213959555241875,273.511805,266.491944,207.34262299999997,53328221.05,0.013948939739588008,-0.03624027478043923,Short-term upward,Above long MA,-0.11750439781758229,False,False,False,12.6,normal
2023-06-09,TSLA,277.8684,282.1383,272.8308,276.8556,23973048,offline_fallback,0.0003945850786133409,273.7699,267.929462,207.7735,50809303.3,0.013894058194836436,-0.03585998957349901,Short-term upward,Above long MA,-0.19933344274093825,False,False,False,13.8,normal
2023-06-12,TSLA,269.3169,274.6576,266.9109,268.8508,119465270,offline_fallback,-0.028913267421717292,273.538065,269.05451999999997,208.160592,54768377.15,0.015339317338930751,-0.06373642752693776,Short-term upward,Above long MA,-1.1977143611390753,False,False,False,37.6,normal
2023-06-13,TSLA,276.965,282.8862,272.3957,276.3417,106882840,offline_fallback,0.027862665835474587,273.75577000000004,270.118382,208.587121,58742476.4,0.016560475134084207,-0.0376496284731932,Short-term upward,Above long MA,0.7551674889626683,False,False,False,35.2,normal
2023-06-14,TSLA,267.9916,272.8642,264.3054,269.5162,35863805,offline_fallback,-0.024699493417026708,273.51768000000004,270.68372,208.96376099999998,59316211.95,0.017405888936277324,-0.06141919513959271,Short-term upward,Above long MA,-1.029603279895401,False,False,False,48.5,normal
2023-06-15,TSLA,262.9332,268.1821,261.2083,264.389,112691241,offline_fallback,-0.019023717312725563,273.214995,270.74877999999995,209.308185,60211943.15,0.017642753281078304,-0.0792744910464076,Short-term upward,Above long MA,-0.8440624751200184,False,False,False,50.5,normal
2023-06-16,TSLA,270.348,271.6574,269.1783,270.2877,29776059,offline_fallback,0.022310686148061976,273.006575,270.957846,209.6931345,60417379.9,0.018069309128094884,-0.05873247318762942,Short-term upward,Above long MA,0.5474319509669365,False,False,False,47.1,normal
2023-06-19,TSLA,262.6377,264.3611,259.7992,262.0326,53988661,offline_fallback,-0.030541900352846096,272.27469499999995,271.008668,210.0248,57829172.15,0.0191251428241794,-0.08748057219690275,Short-term upward,Above long MA,-1.2841771335482544,False,False,False,64.2,normal
2023-06-20,TSLA,259.6226,261.0724,257.5508,260.1219,78097866,offline_fallback,-0.007291840786222914,271.51964499999997,271.28744,210.3430055,56790478.0,0.019145945675913906,-0.09413451857877808,Short-term upward,Above long MA,-0.5393441453023999,False,False,False,57.5,normal
2023-06-21,TSLA,257.121,261.105,252.9046,257.6979,40664154,offline_fallback,-0.009318707882727262,270.612785,271.49934,210.642115,57877530.05,0.019165478662457127,-0.10257601438118846,Short-term downward,Above long MA,-0.59083786425591,False,False,False,59.9,normal
2023-06-22,TSLA,253.8093,257.6535,250.4379,254.4271,6019509,offline_fallback,-0.01269238127280048,269.39248,271.597674,210.91334649999996,57941905.75,0.018977086411452227,-0.11396646177001868,Short-term downward,Above long MA,-0.705383273177675,False,False,False,61.2,normal
2023-06-23,TSLA,252.4918,254.1379,249.8364,252.8992,71117121,offline_fallback,-0.0060052565155205295,268.477985,271.484152,211.17973999999998,60856915.35,0.01819827223231082,-0.11928732044844392,Short-term downward,Above long MA,-0.41000191134418895,False,False,False,53.9,normal
2023-06-26,TSLA,251.909,258.2051,250.7459,253.791,37771867,offline_fallback,0.0035263061330363943,267.543375,271.299952,211.43243600000002,57270613.2,0.01817120516602917,-0.11618165792509838,Short-term downward,Above long MA,0.012962212709695026,False,False,False,46.3,normal
2023-06-27,TSLA,250.736,257.2007,245.5962,252.057,33777994,offline_fallback,-0.006832393583696805,266.90065999999996,271.07919400000003,211.685089,52243304.4,0.017272210793387616,-0.12222025269464454,Short-term downward,Above long MA,-0.40157645789607005,False,False,False,47.7,normal
2023-06-28,TSLA,247.8522,250.7698,244.8136,247.0334,75808350,offline_fallback,-0.019930412565411726,265.723325,270.687098,211.8673685,55878982.2,0.016746686870257443,-0.13971476520000314,Short-term downward,Above long MA,-1.0074395753493126,False,False,False,54.5,normal
2023-06-29,TSLA,250.9634,252.8758,248.2468,252.0517,111554860,offline_fallback,0.020314257100456867,264.5552,270.474422,212.0536885,57160883.75,0.016926083719845955,-0.12223870976054907,Short-term downward,Above long MA,1.1840884075646467,False,False,False,55.1,normal
2023-06-30,TSLA,249.7726,251.5686,246.7946,250.0616,107275109,offline_fallback,-0.00789560237046616,263.53994,270.064706,212.20703300000002,62367853.75,0.0166287712110462,-0.1291691638844671,Short-term downward,Above long MA,-0.42232334345453393,False,False,False,45.1,normal
2023-07-03,TSLA,249.8101,253.5189,248.849,251.8428,41186491,offline_fallback,0.007123044881741203,262.42269,269.668232,212.384418,61981418.3,0.016302372126064293,-0.1229661967544119,Short-term downward,Above long MA,0.42510590853579555,False,False,False,42.1,normal
2023-07-04,TSLA,249.2071,250.4693,248.207,248.7004,129259177,offline_fallback,-0.012477624931107822,261.06572500000004,269.32403,212.5378525,65147893.75,0.01622147011664367,-0.1339094956032134,Short-term downward,Above long MA,-0.7823232028083318,False,False,True,47.0,high_volume
2023-07-05,TSLA,253.9408,259.1651,247.499,252.1165,50439607,offline_fallback,0.013735804204576985,259.891025,268.95876599999997,212.7261895,66811763.35,0.016739162365642886,-0.12201304601137575,Short-term downward,Above long MA,0.8080499150122912,False,False,False,50.2,normal
2023-07-06,TSLA,255.1598,255.67,252.8315,255.412,39426439,offline_fallback,0.013071338052051296,258.824305,268.656828,212.9454395,65251973.4,0.017092379461117743,-0.11053658173049963,Short-term downward,Above long MA,0.7624665316680395,False,False,False,50.2,normal
2023-07-07,TSLA,256.4067,260.7864,253.5485,257.849,52860800,offline_fallback,0.009541446760527927,257.873975,268.28669,213.1629825,66696361.0,0.0173330078426255,-0.10204981387964396,Short-term downward,Above long MA,0.5982639423909931,False,False,False,48.7,normal
2023-07-10,TSLA,254.3702,259.7053,251.1944,254.2922,68468456,offline_fallback,-0.013794119814309891,257.146045,267.857062,213.32931649999998,64146520.3,0.016470258273620225,-0.11443624633426996,Short-term downward,Above long MA,-0.8474321374887043,False,False,False,47.6,normal
2023-07-11,TSLA,257.6779,258.2163,255.0645,257.9018,102128807,offline_fallback,0.014194694135329256,256.22405,267.506422,213.5038845,63908818.65,0.01538535624345648,-0.10186593971365088,Short-term downward,Above long MA,0.9074111586995851,False,False,False,40.0,normal
2023-07-12,TSLA,259.0974,262.4509,252.5616,257.6359,79941613,offline_fallback,-0.0010310125792064584,255.630035,267.088858,213.662276,66112709.05,0.014542674122971111,-0.10279192722761987,Short-term downward,Above long MA,-0.036853707482188885,False,False,False,24.5,normal
2023-07-13,TSLA,260.7346,265.1295,257.4042,259.8326,27469130,offline_fallback,0.008526373847744129,255.40221499999998,266.54245199999997,213.847549,61851603.5,0.014160096277862775,-0.09514199577994853,Short-term downward,Above long MA,0.5470129134304095,False,False,False,30.1,normal
2023-07-14,TSLA,262.6818,268.1924,259.6757,261.8972,19784508,offline_fallback,0.00794588515836736,254.98269,266.155296,214.0856455,61352025.95,0.013263508970330767,-0.08795209799378656,Short-term downward,Above long MA,0.549549950453198,False,False,False,27.3,normal
2023-07-17,TSLA,264.1144,265.0876,259.8228,264.1392,79955669,offline_fallback,0.008560610804544844,255.08802,265.852308,214.2964855,62650376.35,0.0115238192836814,-0.08014441086960977,Short-term downward,Above long MA,0.583788052761337,False,False,False,25.2,normal
2023-07-18,TSLA,265.7673,271.3555,258.9194,263.6087,103439919,offline_fallback,-0.002008410716773601,255.26236,265.54492600000003,214.52963050000002,63917479.0,0.011396534309345951,-0.08199185869270342,Short-term downward,Above long MA,-0.13144014986322022,False,False,False,18.0,normal
2023-07-19,TSLA,256.211,263.1024,251.0005,257.5663,13401025,offline_fallback,-0.022921853489660915,255.25578000000002,265.08734799999996,214.74513900000002,62554322.55,0.012390270933260235,-0.1030343068100652,Short-term downward,Above long MA,-1.467603184812851,False,False,False,36.8,normal
2023-07-20,TSLA,259.769,266.6601,258.444,261.8263,116773103,offline_fallback,0.01653943081839504,255.62574,264.865428,214.981751,68092002.25,0.012531664528189868,-0.08819900478107656,Short-term downward,Above long MA,1.1085048182607717,False,False,False,32.6,normal
2023-07-21,TSLA,267.5229,267.8371,262.45,266.9468,17018386,offline_fallback,0.019556858879340888,256.32812,264.77049,215.28178749999998,65387065.5,0.013019001030708657,-0.07036704139153738,Short-term downward,Above long MA,1.3119916595686778,False,False,False,32.4,normal
2023-07-24,TSLA,257.875,259.3719,254.9818,258.8007,132546747,offline_fallback,-0.030515818133051154,256.57860500000004,264.476754,215.5709875,70125809.5,0.014992975389657636,-0.0987355516869235,Short-term downward,Above long MA,-1.8788545117338957,False,False,True,43.3,high_volume
2023-07-25,TSLA,259.7724,260.7427,256.4458,258.5197,66696721,offline_fallback,-0.0010857775887005428,256.90174,264.207396,215.85777249999998,71771745.85,0.014887952475697835,-0.09971412442639438,Short-term downward,Above long MA,-0.009677878741155353,False,False,False,24.4,normal
2023-07-26,TSLA,256.5882,263.4479,251.3245,259.4569,67579486,offline_fallback,0.003625255638158409,257.522915,263.910974,216.16826700000001,71360302.65,0.014020456650527225,-0.09645035798001678,Short-term downward,Above long MA,0.2988590786639768,False,False,False,26.3,normal
2023-07-27,TSLA,253.6309,260.1139,248.6339,256.335,28791857,offline_fallback,-0.012032441611689815,257.73708,263.62882,216.4679145,67222152.5,0.013726021542073212,-0.10732226629088548,Short-term downward,Above long MA,-0.6765465892546694,False,False,False,31.7,normal
2023-07-28,TSLA,261.3159,266.2648,259.4313,259.9807,79992476,offline_fallback,0.014222404275655132,258.23303500000003,263.339312,216.77226750000003,65858020.85,0.013867564689127034,-0.09462624267419895,Short-term downward,Above long MA,1.0216204526837536,False,False,False,34.2,normal
2023-07-31,TSLA,260.1131,263.7642,254.9815,258.0551,48335822,offline_fallback,-0.007406703651463453,258.54364999999996,262.96701,217.06470399999998,66215487.4,0.013967424695844362,-0.10133207778852316,Short-term downward,Above long MA,-0.4108441005959229,False,False,False,28.1,normal
2023-08-01,TSLA,253.5398,258.9756,251.8502,253.4077,108844697,offline_fallback,-0.018009332115505483,258.77901499999996,262.530706,217.33474750000002,65194763.4,0.014305544999535107,-0.11751648686118088,Short-term downward,Above long MA,-1.0833909299016735,False,False,False,39.5,normal
2023-08-02,TSLA,253.0628,253.8292,249.3056,251.9689,20499257,offline_fallback,-0.005677806949039077,258.77163499999995,262.053382,217.5910095,63697745.9,0.014054890662992613,-0.12252705788449292,Short-term downward,Above long MA,-0.2631777244866691,False,False,False,29.2,normal
2023-08-03,TSLA,249.2365,250.092,247.2055,248.8384,92147755,offline_fallback,-0.012424152345785422,258.442955,261.453486,217.863947,66333811.7,0.013969091406260233,-0.1334289153966406,Short-term downward,Above long MA,-0.7358803002873701,False,False,False,36.4,normal
2023-08-04,TSLA,249.0406,253.0856,245.329,249.6362,47031162,offline_fallback,0.003206096808209713,258.03231500000004,261.022428,218.14876200000003,66042329.8,0.01378305549067849,-0.130650604608207,Short-term downward,Above long MA,0.3014294203344785,False,False,False,29.6,normal
2023-08-07,TSLA,253.7559,254.3749,247.9257,253.4144,11352122,offline_fallback,0.015134824196170182,257.98842499999995,260.641052,218.4140415,63186513.1,0.013944892043175967,-0.11749315434390528,Short-term downward,Above long MA,1.0814618049483598,False,False,False,38.2,normal
2023-08-08,TSLA,254.3068,257.6043,251.4907,254.1859,138904828,offline_fallback,0.0030444205222750487,257.80263,260.426544,218.6620575,65025314.15,0.013561784491836365,-0.11480643239194166,Short-term downward,Above long MA,0.2695131130467172,False,False,True,26.9,high_volume
2023-08-09,TSLA,239.2141,241.6745,238.8767,241.2769,119583356,offline_fallback,-0.05078566513720861,256.98467999999997,259.84048,218.85003849999998,67007401.3,0.017599969501153497,-0.15976157649809553,Short-term downward,Above long MA,-2.9888108978246444,True,False,False,66.9,abnormal_return
2023-08-10,TSLA,246.0938,250.0198,242.8007,247.1293,22909564,offline_fallback,0.024255948248671944,256.349515,259.274782,219.09799149999998,66779423.0,0.018477610300178214,-0.13938079678108772,Short-term downward,Above long MA,1.5443033164386517,False,False,False,68.4,normal
2023-08-11,TSLA,245.6093,248.4671,240.2726,245.4179,84154493,offline_fallback,-0.00692511976524024,255.52554999999998,258.77580400000005,219.3443605,69997922.25,0.01834066730957085,-0.14534068783564436,Short-term downward,Above long MA,-0.31561012607394534,False,False,False,56.6,normal
2023-08-14,TSLA,245.0709,246.064,239.9895,244.6144,76475198,offline_fallback,-0.003274007315684835,254.54931000000002,258.18433600000003,219.578124,69823898.7,0.018135014812910258,-0.14813884867608862,Short-term downward,Above long MA,-0.08266680263595023,False,False,False,50.9,normal
2023-08-15,TSLA,248.0722,251.3119,242.0064,246.9115,32005446,offline_fallback,0.009390698176395151,253.71445000000003,257.605772,219.84172299999997,66252175.05,0.01836775457986336,-0.14013927771580925,Short-term downward,Above long MA,0.6714731554111991,False,False,False,60.9,normal
2023-08-16,TSLA,242.489,243.7265,241.1161,242.1003,29068697,offline_fallback,-0.019485524165541057,252.94114999999996,256.935568,220.050861,67035558.65,0.01818780866787131,-0.15689411459887737,Short-term downward,Above long MA,-1.0495064018761384,False,False,False,65.7,normal
2023-08-17,TSLA,249.0383,254.7358,248.7485,249.4815,51603228,offline_fallback,0.030488190225290923,252.32391,256.39027,220.31338250000002,63777064.9,0.01921236491049005,-0.13118934198470567,Short-term downward,Above long MA,1.8858460290434322,False,False,False,72.4,normal
2023-08-18,TSLA,242.8509,246.832,238.3361,243.2314,118781144,offline_fallback,-0.02505235859171928,251.13814000000002,255.71778600000002,220.55099900000002,68865202.8,0.019138611350710273,-0.15295509813761232,Short-term downward,Above long MA,-1.3743206064803164,False,False,False,72.6,normal
2023-08-21,TSLA,242.6776,245.802,237.1896,242.4118,28467019,offline_fallback,-0.0033696307302428785,250.318695,255.189006,220.787306,63661216.4,0.018129896834878298,-0.1558093266688234,Short-term downward,Above long MA,-0.09210980146985948,False,False,False,51.9,normal
2023-08-22,TSLA,246.3283,248.6208,243.7062,245.5658,9125247,offline_fallback,0.013010917785355236,249.671,254.573488,221.03180050000003,60782642.7,0.018483228917206527,-0.14482563122294778,Short-term downward,Above long MA,0.8437760995769089,False,False,False,64.1,normal
2023-08-23,TSLA,247.1385,250.7287,242.948,246.2507,125717955,offline_fallback,0.0027890691619110175,249.01068999999998,254.108178,221.283546,63689566.15,0.018469815625155137,-0.14244049076293497,Short-term downward,Above long MA,0.25599022491687595,False,False,False,55.9,normal
2023-08-24,TSLA,244.9355,248.222,243.1382,245.1482,81452681,offline_fallback,-0.004477144633497465,248.45135,253.723362,221.482032,66322607.35,0.018340212183156217,-0.14627990871762042,Short-term downward,Above long MA,-0.16376054016364014,False,False,False,53.9,normal
2023-08-25,TSLA,247.2438,250.4586,242.4817,248.0982,106539843,offline_fallback,0.012033537264397598,247.85722499999997,253.279572,221.7243185,67649975.7,0.01824416865856069,-0.136006636185809,Short-term downward,Above long MA,0.8202588255256525,False,False,False,61.2,normal
2023-08-28,TSLA,253.6978,255.3278,246.684,252.1282,121922925,offline_fallback,0.01624356807103,247.56088,253.081484,221.97559550000003,71329330.85,0.018649298100241907,-0.12197230116777502,Short-term downward,Above long MA,1.0746803995832919,False,False,False,64.6,normal
2023-08-29,TSLA,258.0829,263.7386,253.7098,259.2712,18098976,offline_fallback,0.02833082534996101,247.85405500000002,253.06447,222.25285549999998,66792044.8,0.019291666463885103,-0.09709705177973116,Short-term downward,Above long MA,1.7488549873922692,False,False,False,68.2,normal
2023-08-30,TSLA,261.8248,266.9583,254.7569,260.1389,63951656,offline_fallback,0.0033466887182223015,248.26255499999996,253.11329,222.55992600000002,68964664.75,0.019224729738254228,-0.09407531666927271,Short-term downward,Above long MA,0.2494592098429988,False,False,False,53.8,normal
2023-08-31,TSLA,254.262,258.0739,252.7055,253.4537,130195546,offline_fallback,-0.02569857872082948,248.49331999999998,253.093822,222.8425115,70867054.3,0.01995595220170358,-0.1173562934589899,Short-term downward,Above long MA,-1.433047725456905,False,False,True,72.4,high_volume
2023-09-01,TSLA,256.8445,260.7909,253.0328,253.7877,7441838,offline_fallback,0.0013177949266474087,248.700895,253.11159199999997,223.14583249999998,68887588.1,0.01994998098613461,-0.11619315006047293,Short-term downward,Above long MA,0.15421283305472192,False,False,False,57.6,normal
2023-09-04,TSLA,254.8495,259.6498,252.5039,255.5369,93971430,offline_fallback,0.006892375004777573,248.80702000000002,253.14651,223.47729900000002,73018553.5,0.019726852523310925,-0.11010162181889849,Short-term downward,Above long MA,0.4564810220839521,False,False,False,61.0,normal
2023-09-05,TSLA,249.8093,252.9314,245.5674,251.0671,131847704,offline_fallback,-0.017491798640431155,248.65108,253.12671199999997,223.785178,72665697.3,0.02012360849040279,-0.1256675450604886,Short-term downward,Above long MA,-0.979630025305912,False,False,True,70.8,high_volume
2023-09-06,TSLA,253.55,256.8236,252.2508,254.0957,51372463,offline_fallback,0.01206291067208709,249.29202,253.267958,224.086747,69255152.65,0.016409619861750113,-0.11512055075884653,Short-term downward,Above long MA,0.7990870013535487,False,False,False,46.3,normal
2023-09-07,TSLA,257.5002,260.9674,256.3324,259.2264,109536146,offline_fallback,0.020191998526539523,249.896875,253.411452,224.42840099999998,73586481.75,0.016152040782410296,-0.09725306622360419,Short-term downward,Above long MA,1.2580639716347242,False,False,False,46.6,normal
2023-09-08,TSLA,258.8752,260.0442,254.9955,258.3411,18366045,offline_fallback,-0.003415161418744539,250.543035,253.577042,224.759007,70297059.35,0.016062880389786892,-0.10033609272272714,Short-term downward,Above long MA,-0.17488471351052104,False,False,False,33.3,normal
2023-09-11,TSLA,264.9682,267.1945,263.5754,264.0794,81993220,offline_fallback,0.02221210639731752,251.51628499999998,253.821774,225.12381549999998,70572960.45,0.016567699967916395,-0.08035266229245797,Short-term downward,Above long MA,1.397337622740673,False,False,False,48.9,normal
2023-09-12,TSLA,271.9226,275.5902,268.365,273.1957,110011629,offline_fallback,0.03452105692454599,252.83049499999998,254.31168000000002,225.5630445,74473269.6,0.017900148712083196,-0.04860546419694878,Short-term downward,Above long MA,2.0606508601408966,False,False,False,53.6,normal
2023-09-13,TSLA,279.1583,282.1244,274.591,278.9617,11772554,offline_fallback,0.02110574946823851,254.673565,254.84858400000002,226.0397705,73608462.45,0.017240247154204143,-0.028525569478838553,Short-term downward,Above long MA,1.19525919103901,False,False,False,41.7,normal
2023-09-14,TSLA,273.0107,275.362,270.7804,274.0139,17728687,offline_fallback,-0.017736484972668443,255.90018499999996,255.220622,226.495687,71914735.4,0.017191689240898356,-0.045756111117108755,Short-term upward,Above long MA,-1.1562379047691325,False,False,False,44.9,normal
2023-09-15,TSLA,278.0833,281.9179,273.9274,279.4648,129097166,offline_fallback,0.019892786460832923,257.711855,255.652938,226.94140950000002,72430536.5,0.015972807465326845,-0.026773541204006546,Short-term upward,Above long MA,1.085290813307604,False,False,True,32.0,high_volume
2023-09-18,TSLA,278.4046,285.486,275.0716,279.9338,136022898,offline_fallback,0.0016782077742885093,259.587955,256.16576999999995,227.38779300000002,77808330.45,0.01583817749474111,-0.02514026499471178,Short-term upward,Above long MA,-0.005659895421615801,False,False,True,16.0,high_volume
2023-09-19,TSLA,283.5135,284.8245,276.844,281.5136,99448360,offline_fallback,0.005643477136380026,261.38534500000003,256.63800599999996,227.8480255,82324486.1,0.015784939629220864,-0.019638666369031887,Short-term upward,Above long MA,0.22019990486717642,False,False,False,18.6,normal
2023-09-20,TSLA,277.8667,278.3527,272.7143,277.0373,109473458,offline_fallback,-0.015900830368408392,262.92467500000004,257.026034,228.2792465,81512261.25,0.01657888873233733,-0.035227225634844594,Short-term upward,Above long MA,-1.0843092458600285,False,False,False,38.5,normal
2023-09-21,TSLA,270.8722,272.3198,268.5509,271.8896,36016465,offline_fallback,-0.01858125241619102,264.26174499999996,257.267174,228.6680405,79240450.45,0.017332529131743612,-0.053153912079592525,Short-term upward,Above long MA,-1.2045958360643287,False,False,False,47.7,normal
2023-09-22,TSLA,269.417,273.106,262.6914,268.4835,101480972,offline_fallback,-0.0125275111662968,265.28101000000004,257.39889999999997,229.0398485,78987506.9,0.017698983147611706,-0.06501553701877993,Short-term upward,Above long MA,-0.8322288860015692,False,False,False,49.0,normal
2023-09-25,TSLA,268.2524,270.5062,264.013,268.0566,73146744,offline_fallback,-0.0015900418461469723,266.07743,257.477248,229.39969800000003,76548697.85,0.017503370111870996,-0.06650220144041719,Short-term upward,Above long MA,-0.16640367906123493,False,False,False,38.4,normal
2023-09-26,TSLA,267.3241,271.9116,266.1349,268.9825,70533371,offline_fallback,0.0034541212564809243,266.562995,257.584724,229.80978050000002,79170417.6,0.01647835529860702,-0.0632777868515344,Short-term upward,Above long MA,0.12167121655217705,False,False,False,31.0,normal
2023-09-27,TSLA,273.0663,276.4675,268.7814,272.242,90246523,offline_fallback,0.012117888710232005,267.16815,257.878238,230.25202249999998,80485160.95,0.01663294920368619,-0.051926691320199,Short-term upward,Above long MA,0.6480661518799958,False,False,False,37.7,normal
2023-09-28,TSLA,271.123,277.073,267.5121,269.0883,57014179,offline_fallback,-0.011584178782113042,267.94988,258.023478,230.69587650000003,76826092.6,0.015647937915624636,-0.06290934202649523,Short-term upward,Above long MA,-0.7617499257082232,False,False,False,34.1,normal
2023-09-29,TSLA,274.8333,276.9583,274.1776,275.4123,100765204,offline_fallback,0.023501579221393065,269.03111,258.192788,231.17492600000003,81492260.9,0.01628715916112648,-0.04088623169050343,Short-term upward,Above long MA,1.3295968008182368,False,False,False,38.9,normal
2023-10-02,TSLA,269.9409,270.7833,265.9662,268.6115,38654965,offline_fallback,-0.024693160036788564,269.68484,258.389004,231.62134149999997,78726437.65,0.01750075922672754,-0.06456978146485726,Short-term upward,Above long MA,-1.5174350454009478,False,False,False,52.4,normal
2023-10-03,TSLA,269.5167,274.8617,265.8309,270.9066,139854174,offline_fallback,0.008544310277110334,270.676815,258.636742,232.0748245,79126761.15,0.016881588361007872,-0.05657717543510776,Short-term upward,Above long MA,0.44842442203774624,False,False,True,37.8,high_volume
2023-10-04,TSLA,271.0275,275.0268,270.2248,271.7245,119706180,offline_fallback,0.0030191217194410758,271.55825500000003,258.882094,232.535226,82543447.0,0.016773471475113946,-0.053728867094847366,Short-term upward,Above long MA,0.11769242352991297,False,False,False,30.9,normal
2023-10-05,TSLA,273.4238,275.772,269.3161,271.2276,126253208,offline_fallback,-0.0018286904566940931,272.158315,259.179946,232.993272,83379300.1,0.016336659084800344,-0.05545930408503619,Short-term upward,Above long MA,-0.15901917573715965,False,False,False,28.9,normal
2023-10-06,TSLA,274.9947,279.9479,270.8685,273.547,88305026,offline_fallback,0.008551489597666384,272.91861,259.451272,233.4707405,86876249.15,0.016331929635645642,-0.04738207414934681,Short-term upward,Above long MA,0.45501808412061795,False,False,False,31.8,normal
2023-10-09,TSLA,280.9616,283.645,275.8032,280.52,82770168,offline_fallback,0.02549104907017785,273.74064000000004,259.90057,233.97492849999998,86915096.55,0.016550046799349266,-0.023098843856356743,Short-term upward,Above long MA,1.418595543286132,False,False,False,38.1,normal
2023-10-10,TSLA,278.3428,284.1765,278.0468,279.5264,7415815,offline_fallback,-0.0035419934407527887,274.05717500000003,260.42294400000003,234.4796335,81785305.85,0.014854870217761856,-0.026559021343681266,Short-term upward,Above long MA,-0.27177009293259985,False,False,False,16.8,normal
2023-10-11,TSLA,280.9052,285.498,277.3279,279.0938,15010732,offline_fallback,-0.001547617684769742,274.06378,260.965442,235.008359,81947214.75,0.014106043429899368,-0.0280655358173294,Short-term upward,Above long MA,-0.1793478190315577,False,False,False,12.8,normal
2023-10-12,TSLA,276.3252,279.2041,270.0842,275.3704,4977667,offline_fallback,-0.013341034447916678,274.13160500000004,261.496082,235.50608200000002,81309663.75,0.013845053726782682,-0.04103214698510782,Short-term upward,Above long MA,-0.8491690438962609,False,False,False,23.7,normal
2023-10-13,TSLA,281.9258,283.9303,280.3223,281.6774,52000176,offline_fallback,0.022903696257840167,274.242235,262.136906,236.042723,77454814.25,0.014083198505475554,-0.01906823855862161,Short-term upward,Above long MA,1.2912732665445608,False,False,False,24.2,normal
2023-10-16,TSLA,286.1604,288.885,284.5119,284.9439,77249353,offline_fallback,0.011596599514196004,274.49274,262.767496,236.58143900000002,74516137.0,0.014300258051940164,-0.007692765770430987,Short-term upward,Above long MA,0.5985004087193245,False,False,False,16.8,normal
2023-10-17,TSLA,288.374,289.0722,286.0429,288.6057,76331716,offline_fallback,0.01285095066081432,274.847345,263.455892,237.14158450000002,73360304.8,0.014513082251958808,0.0,Short-term upward,Above long MA,0.6582504029356973,False,False,False,16.6,normal
2023-10-18,TSLA,288.3904,294.6631,286.6663,288.0204,114151644,offline_fallback,-0.0020280264734896525,275.39649999999995,264.390762,237.70525700000002,73594214.1,0.013966699336526387,-0.0020280264734896525,Short-term upward,Above long MA,-0.23617078848384432,False,False,False,9.7,normal
2023-10-19,TSLA,296.9784,297.734,292.2201,296.9031,98082525,offline_fallback,0.030840523796231034,276.647175,265.386238,238.322045,76697517.1,0.014488789222991818,0.0,Short-term upward,Above long MA,1.6768035391142813,False,False,False,24.3,normal
2023-10-20,TSLA,295.6465,297.744,290.4047,297.1056,112904003,offline_fallback,0.0006820407062102518,278.07828,266.419992,238.9677565,77268668.65,0.013962810667224051,0.0,Short-term upward,Above long MA,-0.10035381094783662,False,False,False,6.0,normal
2023-10-23,TSLA,292.4657,298.5015,286.4937,293.0929,45133860,offline_fallback,-0.013505972287294443,279.330095,267.389562,239.58504699999997,75868024.45,0.014509949803545658,-0.013505972287294443,Short-term upward,Above long MA,-0.9354986671458443,False,False,False,21.9,normal
2023-10-24,TSLA,280.9692,283.4959,278.3914,280.7122,8474959,offline_fallback,-0.04224155549315589,279.91657999999995,268.065576,240.1087555,72765103.85,0.017897785678558077,-0.05517701450258761,Short-term upward,Above long MA,-2.5023337599186624,True,False,False,55.6,abnormal_return
2023-10-25,TSLA,284.0004,285.7533,279.6487,283.7277,97219704,offline_fallback,0.01074231900145417,280.490865,268.89812400000005,240.65785400000001,73113762.9,0.017860632712147252,-0.045027424592468,Short-term upward,Above long MA,0.488198970226457,False,False,False,41.9,normal
2023-10-26,TSLA,286.4666,288.2366,281.6679,284.5391,74916558,offline_fallback,0.002859784222689621,281.26340500000003,269.59927600000003,241.20914699999997,74008881.85,0.017562591593240313,-0.0422964090882163,Short-term upward,Above long MA,0.026871387066097742,False,False,False,31.2,normal
2023-10-27,TSLA,285.2608,287.6461,282.1455,285.0987,112537385,offline_fallback,0.001966689288044998,281.747725,270.436622,241.769286,74597490.9,0.01688279784470129,-0.040412903694847846,Short-term upward,Above long MA,-0.02290014297038402,False,False,False,26.9,normal
2023-10-30,TSLA,283.7603,286.6205,282.5739,283.8396,48187805,offline_fallback,-0.004416365279813594,282.50913,271.265178,242.3433985,75074132.9,0.01577651326885384,-0.04465079082992707,Short-term upward,Above long MA,-0.3697185354409862,False,False,False,25.7,normal
2023-10-31,TSLA,284.8315,291.1272,283.5501,285.1364,130478471,offline_fallback,0.004568777577194982,283.22062,272.05658999999997,242.9427215,74605347.75,0.01572635283659673,-0.040286012784679914,Short-term upward,Above long MA,0.14315386646672432,False,False,True,20.6,high_volume
2023-11-01,TSLA,281.6664,283.3828,280.5256,283.0308,122217166,offline_fallback,-0.0073845359624375995,283.785935,272.792192,243.520003,74730897.05,0.015885836191354846,-0.04737305523692581,Short-term upward,Above long MA,-0.6324097553983812,False,False,False,31.1,normal
2023-11-02,TSLA,291.1187,294.7544,288.9313,291.225,37376172,offline_fallback,0.028951619399726125,284.785805,273.713728,244.1286665,70287045.25,0.016935310486444033,-0.01979296250222129,Short-term upward,Above long MA,1.609299287733844,False,False,False,40.7,normal
2023-11-03,TSLA,294.6968,301.1045,288.3153,293.4349,130723798,offline_fallback,0.007588290840415457,285.78020000000004,274.620462,244.7604245,72407983.85,0.016922152097293235,-0.012354866417866095,Short-term upward,Above long MA,0.2769326789697726,False,False,True,26.7,high_volume
2023-11-06,TSLA,281.4558,286.6573,281.1606,283.645,35526755,offline_fallback,-0.03336310711507062,285.93645,275.250798,245.3315365,70045813.2,0.018006988244347405,-0.045305776801245035,Short-term upward,Above long MA,-2.138474453384456,False,False,False,53.8,normal
2023-11-07,TSLA,284.9668,288.502,279.6064,285.0419,22904300,offline_fallback,0.004924817994323982,286.212225,275.766212,245.91974000000002,70820237.45,0.018001312527175434,-0.04060408151175876,Short-term upward,Above long MA,0.14222787259032943,False,False,False,36.0,normal
2023-11-08,TSLA,286.692,292.284,283.7073,285.5353,80669664,offline_fallback,0.0017309735866901654,286.53430000000003,276.27414,246.52273299999996,74103184.05,0.01799054747918549,-0.03894339251767709,Short-term upward,Above long MA,-0.06995735178083892,False,False,False,34.1,normal
2023-11-09,TSLA,276.4073,276.7813,268.8808,273.9452,105852584,offline_fallback,-0.04059077809293632,286.46304,276.68397,247.078257,79146929.9,0.020069203721333716,-0.07795342800674232,Short-term upward,Above long MA,-2.4766337283263518,False,False,False,69.9,normal
2023-11-10,TSLA,275.8669,277.141,273.1885,273.814,96960438,offline_fallback,-0.00047892790236869764,286.06987,277.084496,247.61471849999998,81394943.0,0.01932806033788831,-0.07839502183735336,Short-term upward,Above long MA,-0.15510299812535863,False,False,False,50.7,normal
2023-11-13,TSLA,269.7119,272.1915,264.6447,269.5906,24979211,offline_fallback,-0.015424339149934019,285.302205,277.36557,248.1237195,78781435.9,0.019328284920529584,-0.09261016958280155,Short-term upward,Above long MA,-1.0286215930670424,False,False,False,64.1,normal
2023-11-14,TSLA,268.1278,274.7522,267.108,268.9422,68342041,offline_fallback,-0.0024051283687189784,284.31903,277.723072,248.63836849999998,78381952.15,0.018984973042689972,-0.09479255860542501,Short-term upward,Above long MA,-0.24172646027915792,False,False,False,52.6,normal
2023-11-15,TSLA,267.6913,269.7661,264.8456,268.1272,80778118,offline_fallback,-0.0030303909167099796,283.32437000000004,278.003702,249.134224,76713275.85,0.01898262479841576,-0.0975356910135654,Short-term upward,Above long MA,-0.273006116267967,False,False,False,53.5,normal
2023-11-16,TSLA,267.998,271.1261,262.1731,268.624,128010460,offline_fallback,0.0018528519299796375,281.910415,278.19165399999997,249.62302,78209672.6,0.017259121591114358,-0.09586355827692228,Short-term upward,Above long MA,0.011221873911485566,False,False,True,37.6,high_volume
2023-11-17,TSLA,272.3529,275.2671,270.5464,271.9319,16601661,offline_fallback,0.012314238489486984,280.65173,278.46347000000003,250.135086,73394555.5,0.017646945478603154,-0.08472980650650808,Short-term upward,Above long MA,0.6338436059132405,False,False,False,48.7,normal
2023-11-20,TSLA,267.7942,270.8636,263.6557,267.8801,16396305,offline_fallback,-0.014900054020877906,279.39109,278.53948399999996,250.65697750000004,71957677.75,0.01768806460887368,-0.09836738183326044,Short-term upward,Above long MA,-0.9543536205307369,False,False,False,54.3,normal
2023-11-21,TSLA,257.0711,259.545,253.3849,259.1583,48254544,offline_fallback,-0.03255859617791701,278.313395,278.258736,251.1525115,73946657.0,0.016700922012661046,-0.12772327414898943,Short-term upward,Above long MA,-1.9247421846677322,False,False,False,57.2,normal
2023-11-22,TSLA,246.7941,250.9925,246.4084,247.3588,123069377,offline_fallback,-0.04553008720924623,276.49495,277.62667799999997,251.604999,75239140.65,0.01872961067384919,-0.16743810954758165,Short-term downward,Above long MA,-2.4954763627831738,False,False,False,74.3,normal
2023-11-23,TSLA,250.6581,253.4863,248.104,251.4952,45843003,offline_fallback,0.01672226741074101,274.842755,277.17630399999996,252.075077,73785462.9,0.01934701933283312,-0.15351578697944424,Short-term downward,Above long MA,0.9376117956228568,False,False,False,70.4,normal
2023-11-24,TSLA,254.288,256.0767,252.1392,253.9596,17316163,offline_fallback,0.009798994175634235,273.2858,276.6662,252.556119,69024401.8,0.01959388635258242,-0.1452210931062894,Short-term downward,Above long MA,0.5395113972672518,False,False,False,65.8,normal
2023-11-27,TSLA,259.8601,265.4469,257.6305,260.7329,58916532,offline_fallback,0.026670777556745184,272.130465,276.28218200000003,253.06219950000002,69560838.15,0.020881894690537486,-0.12242347502032946,Short-term downward,Above long MA,1.4415316082861167,False,False,False,76.3,normal
2023-11-28,TSLA,261.9673,266.0091,259.1216,261.842,45180174,offline_fallback,0.0042537784836513826,270.965745,275.88875,253.58747749999998,65295923.3,0.020875187811070832,-0.11869045888061347,Short-term downward,Above long MA,0.18841224597872372,False,False,False,62.0,normal
2023-11-29,TSLA,262.1089,263.5536,258.1341,262.57,78411383,offline_fallback,0.0027803026252473106,269.942705,275.59940400000005,254.127603,63105634.15,0.020913252593654612,-0.11624015164978374,Short-term downward,Above long MA,0.11554884542286672,False,False,False,60.3,normal
2023-11-30,TSLA,262.7407,266.1014,257.4509,263.3945,26237231,offline_fallback,0.0031401150169478864,268.55118000000004,275.429502,254.63808100000003,62548687.1,0.019555323608430517,-0.1134650440786037,Short-term downward,Above long MA,0.15296005621561715,False,False,False,55.4,normal
2023-12-01,TSLA,271.2594,274.2966,266.9036,270.4298,77278602,offline_fallback,0.026710124926678347,267.40092500000003,275.46842799999996,255.17332249999998,59876427.3,0.020631991874191093,-0.08978558465407582,Short-term downward,Above long MA,1.426064232240145,False,False,False,70.8,normal
2023-12-04,TSLA,281.0964,284.5052,278.735,281.35,60440616,offline_fallback,0.04038090476715217,267.286175,275.734296,255.73542149999997,61122120.35,0.021648096326588432,-0.05303030303030287,Short-term downward,Above long MA,2.1062441837272834,False,False,False,70.2,normal
2023-12-05,TSLA,281.4259,284.0627,277.0891,282.7302,11664324,offline_fallback,0.00490563355251461,267.17059000000006,276.00925,256.3007685,60560121.55,0.02164785856312829,-0.04838481671163375,Short-term downward,Above long MA,0.2308075678525437,False,False,False,54.4,normal
2023-12-06,TSLA,280.7221,283.3415,276.66,282.2593,38912577,offline_fallback,-0.001665545456410511,267.00679,276.209596,256.863828,58472267.2,0.021645376994905575,-0.04996977505641087,Short-term downward,Above long MA,-0.11294826570089868,False,False,False,52.3,normal
2023-12-07,TSLA,278.2517,280.369,275.2113,279.1226,125080939,offline_fallback,-0.011112831357549702,267.26565999999997,276.410282,257.41542000000004,59433684.95,0.019675197014043768,-0.06052730073078394,Short-term downward,Above long MA,-0.6509082838458289,False,False,False,56.7,normal
2023-12-08,TSLA,268.4868,270.7526,262.6392,269.6908,110683650,offline_fallback,-0.03379088615540249,267.0595,276.295852,257.9110185,60119845.55,0.02117093773868169,-0.09227291575789875,Short-term downward,Above long MA,-1.8391575364312418,False,False,False,74.6,normal
2023-12-11,TSLA,278.0827,280.9754,276.019,277.5045,50748229,offline_fallback,0.028972808861110533,267.455195,276.473712,258.4071125,61408296.45,0.021845462740436184,-0.06597351244809913,Short-term downward,Above long MA,1.5621728222094409,False,False,False,72.1,normal
2023-12-12,TSLA,276.2893,281.7211,270.2889,275.9573,75191640,offline_fallback,-0.005575405083521279,267.80595000000005,276.574726,258.8968865,61750776.4,0.021888090897496545,-0.07118108847493954,Short-term downward,Above long MA,-0.29212030192037447,False,False,False,60.8,normal
2023-12-13,TSLA,284.248,288.9466,283.6889,284.9328,134340482,offline_fallback,0.032524959477426396,268.64622999999995,276.838892,259.433819,64428894.6,0.022918954612214926,-0.04097129101571961,Short-term downward,Above long MA,1.6882321476394664,False,False,True,69.4,high_volume
2023-12-14,TSLA,293.4025,299.4217,288.2608,292.7074,48712035,offline_fallback,0.02728573193398587,269.8504,277.268488,260.0061825,60463973.35,0.02353210500481367,-0.014803490745378012,Short-term downward,Above long MA,1.3604785325043847,False,False,False,63.3,normal
2023-12-15,TSLA,302.0276,304.7595,299.3842,300.6936,89180665,offline_fallback,0.027283901944399114,271.288485,277.81142,260.639895,64092923.55,0.024024430389518844,0.0,Short-term downward,Above long MA,1.311776014114049,False,False,False,60.9,normal
2023-12-18,TSLA,305.8921,311.9166,298.8823,304.386,107675557,offline_fallback,0.012279609542737324,273.11378,278.28874,261.27907700000003,68656886.15,0.023585478321325105,0.0,Short-term downward,Above long MA,0.5180170797678674,False,False,False,52.9,normal
2023-12-19,TSLA,308.7265,313.4569,300.4171,306.4207,91270943,offline_fallback,0.006684604416760331,275.4769,278.826626,261.9315515,70807706.1,0.02170742843924003,0.0,Short-term downward,Above long MA,0.2245985556471962,False,False,False,45.6,normal
2023-12-20,TSLA,304.1296,310.8414,297.487,305.549,2071998,offline_fallback,-0.002844781700453103,278.38640999999996,279.35573,262.564394,64757837.15,0.017858772200837543,-0.002844781700453103,Short-term downward,Above long MA,-0.25751310612143696,False,False,False,31.2,normal
2023-12-21,TSLA,308.8888,309.2252,302.0726,307.2039,138451845,offline_fallback,0.0054161525647278275,281.17184499999996,279.99240000000003,263.2066975,69388279.25,0.017839382299563934,0.0,Short-term upward,Above long MA,0.15791135637248063,False,False,True,27.9,high_volume
2023-12-22,TSLA,308.5265,310.6448,307.411,308.9811,12388283,offline_fallback,0.0057850828065662,283.92292000000003,280.538474,263.76763600000004,69141885.25,0.01786674724819936,0.0,Short-term upward,Above long MA,0.19457355341835705,False,False,False,29.1,normal
2023-12-25,TSLA,312.1641,312.8601,305.3024,310.147,62663531,offline_fallback,0.0037733699569324486,286.39362500000004,281.042536,264.3420365,69329235.2,0.01747182504495354,0.0,Short-term upward,Above long MA,0.06455490428329747,False,False,False,23.4,normal
2023-12-26,TSLA,312.5378,314.7581,310.8594,311.5388,135989935,offline_fallback,0.00448754945235641,288.878465,281.501198,264.906585,73869723.25,0.01746865966820354,0.0,Short-term upward,Above long MA,0.10660305816968284,False,False,True,24.2,high_volume
2023-12-27,TSLA,315.7429,317.5721,313.7158,315.736,81460845,offline_fallback,0.013472479190393072,291.536765,282.05550999999997,265.48988099999997,74022196.35,0.017436028529227914,0.0,Short-term upward,Above long MA,0.5782370781299863,False,False,False,31.6,normal
2023-12-28,TSLA,304.1128,306.9175,300.9923,305.6275,114635064,offline_fallback,-0.03201567132034355,293.648415,282.229998,266.049298,78442088.0,0.019723031189228066,-0.03201567132034355,Short-term upward,Above long MA,-1.7814637355280403,False,False,False,59.0,normal
2023-12-29,TSLA,303.7454,309.7381,301.8883,305.2942,131695168,offline_fallback,-0.0010905432266402615,295.391635,282.39377,266.6593355,81162916.3,0.01928362922076007,-0.03307130007347914,Short-term upward,Above long MA,-0.16185394166375436,False,False,True,41.9,high_volume
2024-01-01,TSLA,297.7551,301.6678,294.6091,298.4109,120574278,offline_fallback,-0.022546448638722794,296.24468,282.50013,267.224001,84169599.4,0.018542443072715475,-0.05487210834367939,Short-term upward,Above long MA,-1.2384936537437297,False,False,False,56.2,normal
2024-01-02,TSLA,300.4746,305.5539,298.8887,300.141,105777178,offline_fallback,0.005797710472372097,297.11522,282.888706,267.861654,88875242.1,0.018548058131980114,-0.04939253046849257,Short-term upward,Above long MA,0.23089390351444966,False,False,False,43.2,normal
2024-01-03,TSLA,301.4365,308.7563,297.9165,303.2822,133106235,offline_fallback,0.010465747765216804,298.166365,283.279796,268.484297,93584925.0,0.018580413010882833,-0.03944371246864464,Short-term upward,Above long MA,0.4630367728519116,False,False,True,44.7,high_volume
2024-01-04,TSLA,306.079,311.4525,303.8305,307.6585,90547070,offline_fallback,0.014429795088534814,299.59316,283.74218399999995,269.0559185,91858231.55,0.01838089625553192,-0.025583082068563523,Short-term upward,Above long MA,0.6462896268706139,False,False,False,42.9,normal
2024-01-05,TSLA,297.5653,301.8979,292.3203,299.1712,5309382,offline_fallback,-0.02758675609482597,301.06718,284.023634,269.526876,86589518.15,0.017731974025731338,-0.052464083918210114,Short-term upward,Above long MA,-1.4864734798140478,False,False,False,51.6,normal
2024-01-08,TSLA,302.3801,306.9267,296.618,303.8559,6689780,offline_fallback,0.01565892706249805,302.38475,284.42396,269.98316600000004,84386595.7,0.017034653417157052,-0.03762668811918812,Short-term upward,Above long MA,0.7422028333075505,False,False,False,38.1,normal
2024-01-09,TSLA,301.6944,304.9366,297.3389,302.3404,89517771,offline_fallback,-0.004987561538216112,303.70390499999996,284.76804,270.37912500000004,85102902.25,0.01701651674744401,-0.04242658423493051,Short-term upward,Above long MA,-0.3072475545696384,False,False,False,33.8,normal
2024-01-10,TSLA,304.6193,305.5763,303.0928,303.6936,11287620,offline_fallback,0.004475749850168853,304.641945,285.181296,270.6913465,78950259.15,0.015709412474465684,-0.03814072516279421,Short-term upward,Above long MA,0.1759704985523597,False,False,False,20.7,normal
2024-01-11,TSLA,300.3359,301.4234,294.895,300.2914,110301959,offline_fallback,-0.011202738549643487,305.021145,285.362624,270.8871235,82029755.35,0.014957374133220196,-0.04891618314034507,Short-term upward,Above long MA,-0.6082762010993507,False,False,False,26.7,normal
2024-01-12,TSLA,305.051,310.2695,303.8709,306.2838,18868177,offline_fallback,0.01995528343469033,305.300655,285.619602,271.1193705,78514130.95,0.014367692494949638,-0.029937036004763495,Short-term upward,Above long MA,1.0039625799564666,False,False,False,24.7,normal
2024-01-15,TSLA,299.7004,307.5783,296.4135,303.5272,14724651,offline_fallback,-0.009000149534516666,305.257715,286.017246,271.33954900000003,73866585.65,0.014277660939043804,-0.03866774773861703,Short-term upward,Above long MA,-0.5101131254707598,False,False,False,20.5,normal
2024-01-16,TSLA,301.0986,308.0041,297.3327,303.1236,18271561,offline_fallback,-0.0013296996117645454,305.09286000000003,286.37888,271.62425049999996,70216616.55,0.014191090868796821,-0.03994603086122572,Short-term upward,Above long MA,-0.15174598031947997,False,False,False,14.7,normal
2024-01-17,TSLA,293.4886,298.8962,289.8008,291.5558,49834284,offline_fallback,-0.038161990686307656,304.39320000000004,286.49929,271.846515,72604730.85,0.01651291198415003,-0.07658360148985233,Short-term upward,Above long MA,-2.047077150209351,False,False,False,49.7,normal
2024-01-18,TSLA,291.6218,295.0689,287.5614,288.7054,66525959,offline_fallback,-0.009776516193469531,303.468275,286.794494,272.04249,69008436.55,0.016493055074389817,-0.08561139686320218,Short-term upward,Above long MA,-0.5368203920607435,False,False,False,40.6,normal
2024-01-19,TSLA,289.6527,295.7728,286.576,290.3019,42866799,offline_fallback,0.005529858464718762,302.534315,287.124252,272.201123,70532362.35,0.01648602183419036,-0.08055495730610385,Short-term upward,Above long MA,0.2656942705292186,False,False,False,36.3,normal
2024-01-22,TSLA,298.4017,299.4272,289.6119,295.8252,86630305,offline_fallback,0.01902605528933843,301.818225,287.64894400000003,272.365244,71730701.05,0.01715424507308109,-0.06306154508830164,Short-term upward,Above long MA,0.9483478791370803,False,False,False,46.4,normal
2024-01-23,TSLA,294.7142,300.7081,290.568,293.6138,114168369,offline_fallback,-0.00747536044934638,300.921975,288.142376,272.5178385,70639622.75,0.01711657811727829,-0.07006549775762017,Short-term upward,Above long MA,-0.424951842786861,False,False,False,40.9,normal
2024-01-24,TSLA,292.8405,294.8482,286.2267,292.652,113468238,offline_fallback,-0.0032757315902728346,299.767775,288.632872,272.6479075,72239992.4,0.01668180429558111,-0.0731117135835001,Short-term upward,Above long MA,-0.2096664987614039,False,False,False,35.8,normal
2024-01-25,TSLA,289.1055,292.4379,282.3846,286.9799,130566790,offline_fallback,-0.019381723002063866,298.835395,288.99999,272.7693795,73036578.7,0.015765390620956134,-0.09107640560468244,Short-term upward,Above long MA,-1.0189999505460596,False,False,True,41.2,high_volume
2024-01-26,TSLA,292.5476,296.4165,285.848,291.3198,17427258,offline_fallback,0.015122661900711432,298.136675,289.387748,272.8732415,67323183.2,0.01627852416786009,-0.07733106139306256,Short-term upward,Above long MA,0.7915602992196424,False,False,False,40.7,normal
2024-01-29,TSLA,304.8282,310.8183,301.4298,304.4326,13351040,offline_fallback,0.045011701916587876,298.43775999999997,290.118798,273.037072,61962021.3,0.01867076843611338,-0.035800162160792626,Short-term upward,Above long MA,2.251638702096748,False,False,False,55.8,normal
2024-01-30,TSLA,310.0031,312.3038,306.7415,311.0427,114346823,offline_fallback,0.02171285204015616,298.982845,291.15648600000003,273.262733,62390503.55,0.019209988429695304,-0.014864633744647304,Short-term upward,Above long MA,1.0261340082452362,False,False,False,50.1,normal
2024-01-31,TSLA,305.6193,311.8369,299.3363,307.2517,13599205,offline_fallback,-0.012188037205181135,299.18132,292.35434399999997,273.447093,56415152.05,0.019349462850545018,-0.02687150024070728,Short-term upward,Above long MA,-0.6925494663314316,False,False,False,48.9,normal
2024-02-01,TSLA,305.7873,311.9139,299.6342,304.7198,76053817,offline_fallback,-0.008240475154409288,299.03438500000004,293.418836,273.61814749999996,55690489.4,0.0191739354780737,-0.03489054146502135,Short-term upward,Above long MA,-0.5393919525623431,False,False,False,47.8,normal
2024-02-02,TSLA,305.1128,312.5053,304.4442,306.7485,11815238,offline_fallback,0.0066575916628981435,299.41324999999995,294.474614,273.7701105,56015782.2,0.018108957763535133,-0.028465236780094827,Short-term upward,Above long MA,0.24265730956063655,False,False,False,35.9,normal
2024-02-05,TSLA,307.5237,312.0585,303.6735,307.1082,53987553,offline_fallback,0.0011726218710117475,299.575865,295.40211999999997,273.9267835,58380670.85,0.01779589552847765,-0.02732599386829493,Short-term upward,Above long MA,-0.06260668399382342,False,False,False,30.1,normal
2024-02-06,TSLA,312.8558,313.5247,306.2321,311.3935,3695668,offline_fallback,0.013953714033034581,300.02852,296.39315000000005,274.106582,54089565.7,0.017981323064917173,-0.013753578939367017,Short-term upward,Above long MA,0.6024791413585784,False,False,False,38.2,normal
2024-02-07,TSLA,306.5107,308.8235,305.7269,307.3861,119387892,offline_fallback,-0.012869247431304798,300.213145,297.289472,274.250942,59494579.3,0.018253037502746483,-0.026445828160235108,Short-term upward,Above long MA,-0.8106630179280244,False,False,False,44.3,normal
2024-02-08,TSLA,307.2273,313.3258,306.6581,307.9588,56903037,offline_fallback,0.0018631291395414529,300.596515,298.180758,274.3549715,56824633.2,0.018034783611510844,-0.024631971013758358,Short-term upward,Above long MA,-0.03137001383689639,False,False,False,31.0,normal
2024-02-09,TSLA,302.9478,308.0115,300.741,303.6073,84059208,offline_fallback,-0.014130136888440892,300.46269,298.844308,274.466733,60084184.75,0.01779955002916335,-0.03841405477994264,Short-term upward,Above long MA,-0.850708481208053,False,False,False,44.1,normal
2024-02-12,TSLA,304.9921,311.715,302.3918,305.4753,100161128,offline_fallback,0.0061526847345239055,300.560095,299.326814,274.5976665,64356008.6,0.0177316023340252,-0.032497719613854614,Short-term upward,Above long MA,0.200814223665609,False,False,False,33.6,normal
2024-02-13,TSLA,307.5801,314.8657,301.7149,308.8953,26058889,offline_fallback,0.011195667865781633,300.84868,299.850116,274.747254,64745375.0,0.017885269035960955,-0.021665885423264863,Short-term upward,Above long MA,0.44214618456092675,False,False,False,36.3,normal
2024-02-14,TSLA,307.6626,308.1094,298.9279,304.8923,115944487,offline_fallback,-0.012959083547079087,301.51550499999996,300.302776,274.86948950000004,68050885.15,0.015732003008405052,-0.034344198951022364,Short-term upward,Above long MA,-0.958868846487899,False,False,False,30.8,normal
2024-02-15,TSLA,296.4738,302.3738,290.3143,296.3014,122369708,offline_fallback,-0.02817683490202927,301.895305,300.646352,274.986385,70843072.6,0.016968263292281804,-0.061553323029366225,Short-term upward,Above long MA,-1.7551601082246442,False,False,False,50.0,normal
2024-02-16,TSLA,296.2537,300.3902,292.6314,296.4629,57068856,offline_fallback,0.0005450531114601365,302.203355,301.181794,275.110231,71553175.45,0.016941540197240233,-0.061041819748144044,Short-term upward,Above long MA,-0.12391754047382463,False,False,False,33.8,normal
2024-02-19,TSLA,297.8455,300.4474,290.5766,295.3097,28172914,offline_fallback,-0.003889862778782671,302.17758000000003,301.53789800000004,275.219342,68630305.9,0.016438935021498728,-0.06469423822433917,Short-term upward,Above long MA,-0.35118343062086116,False,False,False,34.7,normal
2024-02-20,TSLA,295.5583,302.8035,290.1274,296.943,52148837,offline_fallback,0.0055308037629646645,302.34404,301.957612,275.344119,65529329.3,0.01638314575928326,-0.05952124559758787,Short-term upward,Above long MA,0.18846573058050214,False,False,False,30.6,normal
2024-02-21,TSLA,301.8444,303.2769,295.1708,301.4445,111997500,offline_fallback,0.015159475050767313,302.78366500000004,302.287846,275.47995149999997,65455792.4,0.016664450224489195,-0.04526408138444771,Short-term upward,Above long MA,0.7260516352212038,False,False,False,37.5,normal
2024-02-22,TSLA,297.6938,299.9664,295.6651,297.6177,122903516,offline_fallback,-0.012694874180819271,303.315555,302.386052,275.6158265,65072628.7,0.0162838101081162,-0.057384333747181104,Short-term upward,Above long MA,-0.8453663979084897,False,False,False,38.4,normal
2024-02-23,TSLA,304.041,310.7126,299.1163,304.7669,137108408,offline_fallback,0.024021420768993273,303.98791,302.46751800000004,275.7673805,71056686.2,0.01677689353911826,-0.03474136620467727,Short-term upward,Above long MA,1.246663382061042,False,False,True,40.9,high_volume
2024-02-26,TSLA,322.7787,323.9045,321.8843,322.6832,5375074,offline_fallback,0.05878689582103558,304.90044,302.833462,275.9974455,70657887.9,0.018781699896421686,0.0,Short-term upward,Above long MA,3.0668223585651875,True,False,False,50.6,abnormal_return
2024-02-27,TSLA,300.0502,306.4596,296.902,298.9087,125375369,offline_fallback,-0.07367752644079395,304.29373999999996,302.683222,276.1158745,71209315.2,0.024912365639896482,-0.07367752644079395,Short-term upward,Above long MA,-3.5922592635440664,True,False,False,78.3,abnormal_return
2024-02-28,TSLA,312.2515,319.4201,305.9963,313.8529,80638845,offline_fallback,0.049995868303599034,304.62379999999996,302.8493,276.3059635,74561297.2,0.02729921037545857,-0.027365230046063838,Short-term upward,Above long MA,2.2058217119619568,False,False,False,69.3,normal
2024-02-29,TSLA,303.4196,306.3376,297.9515,303.1441,26809360,offline_fallback,-0.03412044304831974,304.54501500000003,302.768104,276.42751799999996,72099074.35,0.028373442427157513,-0.060551959321092697,Short-term upward,Above long MA,-1.6106052540049192,False,True,False,75.7,volatility_spike
2024-03-01,TSLA,323.7669,326.8726,321.026,323.5057,116239843,offline_fallback,0.06716805637978784,305.382875,303.058596,276.689101,77320304.6,0.03208943992645445,0.0,Short-term upward,Above long MA,2.7454925420690093,True,True,False,67.2,abnormal_return
2024-03-04,TSLA,333.9565,340.2984,330.181,333.8301,136432002,offline_fallback,0.031914120833110626,306.71897,303.532258,276.9958355,81442527.05,0.032719734428992835,0.0,Short-term upward,Above long MA,1.2248077229377088,False,True,True,63.8,volatility_spike
2024-03-05,TSLA,326.8395,333.3196,319.9083,327.0419,82256245,offline_fallback,-0.020334295798970836,307.50139,303.84232,277.3064885,85370555.9,0.033104736741960225,-0.020334295798970836,Short-term upward,Above long MA,-0.997746238433135,False,True,False,65.4,volatility_spike
2024-03-06,TSLA,337.0929,337.8032,332.4983,337.0207,30114754,offline_fallback,0.030512298271261118,308.98312,304.268014,277.6386915,80906899.0,0.03343162384077911,0.0,Short-term upward,Above long MA,1.1700766991639595,False,True,False,63.8,volatility_spike
2024-03-07,TSLA,341.2145,347.5084,335.5935,341.549,64895712,offline_fallback,0.013436266674420994,310.66263000000004,304.986444,277.9693655,81306532.75,0.0334719969582177,0.0,Short-term upward,Above long MA,0.4551737918636077,False,True,False,56.0,volatility_spike
2024-03-08,TSLA,330.1516,332.6823,323.7984,331.7182,7139268,offline_fallback,-0.02878298575021432,312.068175,305.514924,278.2761225,77460535.75,0.03408415430262428,-0.02878298575021432,Short-term upward,Above long MA,-1.3113122370539438,False,True,False,69.6,volatility_spike
2024-03-11,TSLA,340.0695,347.3858,338.9026,339.8809,93625925,offline_fallback,0.024607332368256962,313.788455,306.344324,278.604588,77133775.6,0.034365950885892026,-0.004883925878863549,Short-term upward,Above long MA,0.955195101389475,False,True,False,63.6,volatility_spike
2024-03-12,TSLA,319.3934,324.4055,313.4453,316.943,129558572,offline_fallback,-0.06748805243248446,314.19084,306.680364,278.8101045,82308759.75,0.038036980866327404,-0.07204237166555894,Short-term upward,Above long MA,-2.7133598694242083,True,True,True,82.3,abnormal_return
2024-03-13,TSLA,327.8964,335.8583,321.4248,329.7041,73922632,offline_fallback,0.04026307569499887,315.43143,307.208802,279.08057249999996,80207667.0,0.03879125029452123,-0.034679943434177796,Short-term upward,Above long MA,1.5047798120013023,False,True,False,72.8,volatility_spike
2024-03-14,TSLA,330.1884,332.348,326.3374,327.7547,53936697,offline_fallback,-0.005912574335593557,317.004095,307.610726,279.335614,76786016.45,0.038113502300086935,-0.04038747002626264,Short-term upward,Above long MA,-0.28464734406913084,False,True,False,61.8,volatility_spike
2024-03-15,TSLA,340.5925,346.2008,333.4163,339.045,123807914,offline_fallback,0.03444740838193927,319.13320000000004,308.40820199999996,279.646561,80122969.35,0.038620275284822765,-0.007331305317831327,Short-term upward,Above long MA,1.2497258958363324,False,True,False,67.1,volatility_spike
2024-03-18,TSLA,330.7074,337.4669,325.522,329.9178,111463030,offline_fallback,-0.026920320311463075,320.86360499999995,308.92944,279.951896,84287475.15,0.03931322349657302,-0.03405426454183724,Short-term upward,Above long MA,-1.0749687333279583,False,True,False,70.4,volatility_spike
2024-03-19,TSLA,327.3361,332.2816,323.0669,331.2465,81344125,offline_fallback,0.004027366816825362,322.57878,309.507562,280.22642,85747239.55,0.03931620011420211,-0.030164046739999062,Short-term upward,Above long MA,0.10118956295693411,False,True,False,56.6,volatility_spike
2024-03-20,TSLA,329.0386,335.4489,323.5034,328.6944,67597815,offline_fallback,-0.007704534236588345,323.941275,310.00757799999997,280.522311,83527255.3,0.039374963989791734,-0.03763618104576505,Short-term upward,Above long MA,-0.3314615035701801,False,True,False,62.2,volatility_spike
2024-03-21,TSLA,338.1631,339.3177,335.3772,336.1358,116321280,offline_fallback,0.022639266139003356,325.86718,310.724466,280.88104500000003,83198143.5,0.03932825466671241,-0.01584897042591238,Short-term upward,Above long MA,0.7944459119700048,False,True,False,64.1,volatility_spike
2024-03-22,TSLA,336.6649,342.3541,332.6117,337.6905,124674313,offline_fallback,0.0046252139760178945,327.51336,311.3526,281.218059,82576438.75,0.039120977440955565,-0.011297061329413882,Short-term upward,Above long MA,0.10000342952721927,False,True,False,53.2,volatility_spike
2024-03-25,TSLA,336.0575,340.0719,330.4245,334.975,89374967,offline_fallback,-0.008041387009702583,328.12795,311.98155599999996,281.582771,86776433.4,0.037168992037812515,-0.019247604296894316,Short-term upward,Above long MA,-0.39752613795628694,False,True,False,58.7,volatility_spike
2024-03-26,TSLA,331.3089,338.525,330.0751,331.1874,133290628,offline_fallback,-0.011307112471079961,329.741885,312.54283200000003,281.9380985,87172196.35,0.032797771761367854,-0.030337081941390398,Short-term upward,Above long MA,-0.511482022677553,False,True,True,61.6,volatility_spike
2024-03-27,TSLA,341.085,343.3976,334.8392,340.8281,4199001,offline_fallback,0.02910950114648081,331.090645,313.528278,282.3537495,83350204.15,0.03162295491540345,-0.0021106781164634825,Short-term upward,Above long MA,1.0246151416483416,False,True,False,62.8,volatility_spike
2024-03-28,TSLA,337.0558,337.4821,330.59,334.3025,104310320,offline_fallback,-0.01914630865236755,332.648565,314.44022,282.7531265,87225252.15,0.030824981802440973,-0.021216575074147426,Short-term upward,Above long MA,-0.7943543233563126,False,True,False,62.3,volatility_spike
2024-03-29,TSLA,340.7114,348.5695,340.1495,341.0838,72585293,offline_fallback,0.02028492159047568,333.52747,315.45585800000003,283.1940495,85042524.65,0.02747785289642195,-0.001362030045469309,Short-term upward,Above long MA,0.6806346983992057,False,False,False,57.4,normal
2024-04-01,TSLA,343.1648,350.6912,340.3357,341.6004,39189027,offline_fallback,0.001514583806091041,333.915985,316.37136200000003,283.63309649999997,80180375.9,0.026622394452595927,0.0,Short-term upward,Above long MA,-0.029678400849849768,False,False,False,45.8,normal
2024-04-02,TSLA,342.5284,347.4706,337.1175,341.5393,122878910,offline_fallback,-0.00017886395917554587,334.640855,317.329872,284.08050799999995,82211509.15,0.026129635525040655,-0.00017886395917554587,Short-term upward,Above long MA,-0.09784888291412844,False,False,False,47.7,normal
2024-04-03,TSLA,342.4476,349.3893,340.9047,343.307,137369120,offline_fallback,0.0051756854921234385,334.95517,318.342972,284.561876,87574227.45,0.025301065797591196,0.0,Short-term upward,Above long MA,0.10745478804934541,False,False,True,46.9,high_volume
2024-04-04,TSLA,336.6531,337.5324,333.0976,335.6279,18911449,offline_fallback,-0.022368026285511267,334.659115,319.31593200000003,284.979757,85275014.3,0.025656316343265918,-0.022368026285511267,Short-term upward,Above long MA,-0.938768346419836,False,False,False,62.3,normal
2024-04-05,TSLA,342.8899,343.8933,333.2896,340.7428,103082216,offline_fallback,0.015239793831204107,335.110345,320.304392,285.433163,90072161.7,0.024987035128383926,-0.007469116563309286,Short-term upward,Above long MA,0.5025776998452338,False,False,False,55.0,normal
2024-04-08,TSLA,335.432,335.9304,333.0165,335.4157,81771759,offline_fallback,-0.015633785952336998,334.887085,320.924054,285.85102750000004,89479453.4,0.024658588771054635,-0.022986131946042487,Short-term upward,Above long MA,-0.6737685080889273,False,False,False,59.0,normal
2024-04-09,TSLA,332.5939,341.1357,332.209,334.0313,38967154,offline_fallback,-0.004127415621868691,335.7415,321.383826,286.27768199999997,84949882.5,0.019003139495967474,-0.027018674247830776,Short-term upward,Above long MA,-0.23236372647312778,False,False,False,40.9,normal
2024-04-10,TSLA,335.7518,338.9966,332.8928,333.3121,130678268,offline_fallback,-0.002153091641412086,335.9219,321.905034,286.68366000000003,87787664.3,0.01684652721437112,-0.029113592207557715,Short-term upward,Above long MA,-0.18358665620540612,False,False,True,27.4,high_volume
2024-04-11,TSLA,340.1057,344.1041,334.6234,340.0145,93703252,offline_fallback,0.020108480910234094,336.53489,322.610928,287.1066725,89775992.05,0.017309155474355187,-0.009590541410457787,Short-term upward,Above long MA,0.6634071408647358,False,False,False,33.8,normal
2024-04-12,TSLA,342.1248,343.6434,338.7258,343.2412,20620621,offline_fallback,0.00948988940177542,336.74469999999997,323.340782,287.5336335,84616627.4,0.01566697972788577,-0.00019166518597069082,Short-term upward,Above long MA,0.2476350266510348,False,False,False,16.2,normal
2024-04-15,TSLA,355.0875,357.0478,348.7169,353.131,48309306,offline_fallback,0.028812974666211355,337.90536000000003,324.261238,288.0278275,81458941.2,0.015444715278025697,0.0,Short-term upward,Above long MA,0.9875594064327007,False,False,False,23.9,normal
2024-04-16,TSLA,359.3501,366.874,354.7333,362.725,25961408,offline_fallback,0.027168387935355476,339.479285,325.287868,288.5519435,78689805.35,0.016326495856429805,0.0,Short-term upward,Above long MA,0.8966730021222182,False,False,False,28.2,normal
2024-04-17,TSLA,356.2587,362.7196,353.0962,356.919,95983404,offline_fallback,-0.016006616582810773,340.890515,326.278526,289.048359,80109084.8,0.0167576719671218,-0.016006616582810773,Short-term upward,Above long MA,-0.753036785546124,False,False,False,32.6,normal
2024-04-18,TSLA,349.6569,357.8183,347.3589,353.5782,29537396,offline_fallback,-0.009360106915014321,341.762635,327.19091399999996,289.517087,75769890.6,0.01643504472971855,-0.02521689985526232,Short-term upward,Above long MA,-0.5071029236496295,False,False,False,28.5,normal
2024-04-19,TSLA,348.8787,350.991,347.0917,347.4961,2018423,offline_fallback,-0.01720156955377894,342.25291500000003,328.06869,289.9450815,69637096.1,0.017012251510688706,-0.04198469915225034,Short-term upward,Above long MA,-0.7852230881012718,False,False,False,39.8,normal
2024-04-22,TSLA,352.032,358.8004,346.2837,351.6145,35901791,offline_fallback,0.011851643802621048,343.08489,328.99147400000004,290.382458,66963437.3,0.01700232809162763,-0.03063064304914187,Short-term upward,Above long MA,0.3575012871256445,False,False,False,31.5,normal
2024-04-23,TSLA,342.3099,349.3174,340.0239,343.5284,126469437,offline_fallback,-0.022997060701421712,343.70194000000004,329.684136,290.7820565,66622377.75,0.017691245448327467,-0.052923288993038886,Short-term upward,Above long MA,-0.9750584090178053,False,False,False,47.8,normal
2024-04-24,TSLA,333.7854,337.1105,326.6728,334.1287,123143902,offline_fallback,-0.027362220998322084,343.36697000000004,330.268864,291.1648685,72569622.8,0.017639713817614235,-0.07883741126197541,Short-term upward,Above long MA,-1.1260851253391575,False,False,False,53.3,normal
2024-04-25,TSLA,322.9854,329.0005,321.5625,324.3925,129744941,offline_fallback,-0.02913907126206161,342.87147,330.830686,291.47769949999997,73841353.85,0.018314023472309468,-0.10567923357915787,Short-term upward,Above long MA,-1.1688921354999802,False,False,True,61.5,high_volume
2024-04-26,TSLA,326.1694,332.4389,324.2908,324.6572,21490026,offline_fallback,0.0008159868061068387,342.05014,331.394572,291.7662515,71286590.5,0.01760766299054354,-0.10494947963333112,Short-term upward,Above long MA,-0.017846409452821302,False,False,False,41.1,normal
2024-04-29,TSLA,324.4316,326.0453,322.3506,323.3766,137278202,offline_fallback,-0.00394446819599259,341.13894999999997,331.95591,292.089131,76191049.25,0.017587432715100788,-0.10847997794472408,Short-term upward,Above long MA,-0.1969091439640938,False,False,True,44.7,high_volume
2024-04-30,TSLA,327.0655,328.3501,324.8784,327.2708,128845716,offline_fallback,0.012042306091411659,340.425525,332.562466,292.4328865,76489389.55,0.017885413801596105,-0.09774402095251222,Short-term upward,Above long MA,0.4168717935850841,False,False,True,49.1,high_volume
2024-05-01,TSLA,327.0036,327.9329,325.1654,326.0747,93952983,offline_fallback,-0.003654771522543454,339.56390999999996,333.05507,292.76597549999997,74318582.7,0.017808314190064088,-0.10104156041077961,Short-term upward,Above long MA,-0.19099908566075638,False,False,False,45.4,normal
2024-05-02,TSLA,326.0696,331.9345,318.4998,322.9952,8472880,offline_fallback,-0.009444154974304952,338.932275,333.56262000000004,293.09927650000003,73796654.25,0.017272845940996703,-0.10953146322971952,Short-term upward,Above long MA,-0.4055417819515431,False,False,False,46.1,normal
2024-05-03,TSLA,324.9021,329.1211,323.3987,325.8239,40433483,offline_fallback,0.008757715284932965,338.18633,333.98375999999996,293.4284925,70664217.6,0.016995371306646575,-0.10173299331449459,Short-term upward,Above long MA,0.2785633618848592,False,False,False,42.3,normal
2024-05-06,TSLA,326.2535,327.892,325.293,325.8092,132263759,offline_fallback,-4.511639569715342e-05,337.706005,334.04627999999997,293.767263,73188817.6,0.016696805857874013,-0.1017735198842099,Short-term upward,Above long MA,-0.05586993033759335,False,False,True,36.2,high_volume
2024-05-07,TSLA,324.6978,325.1711,319.9692,322.6431,68544581,offline_fallback,-0.00971765069862962,337.136595,334.520968,294.11344,74667688.95,0.01679280259622603,-0.11050217106623483,Short-term upward,Above long MA,-0.41427505331409686,False,False,False,43.8,normal
2024-05-08,TSLA,329.992,332.4068,325.6031,330.4141,25587187,offline_fallback,0.024085436818577666,336.991695,334.852192,294.50566599999996,69413134.9,0.01774515875033015,-0.08907822730718862,Short-term upward,Above long MA,0.8580699365462439,False,False,False,52.5,normal
2024-05-09,TSLA,322.4082,323.8429,317.6158,323.3196,60569114,offline_fallback,-0.02147154131739548,336.15695,335.25570200000004,294.878072,67756428.0,0.01766543877793976,-0.10863712178647744,Short-term upward,Above long MA,-0.8946394853889424,False,False,False,54.5,normal
2024-05-10,TSLA,323.4641,330.1615,316.8682,325.5203,126540429,offline_fallback,0.006806577763921684,335.270905,335.295994,295.25749249999996,73052418.4,0.01758064257875434,-0.10256999104004416,Short-term downward,Above long MA,0.1889384181289656,False,False,False,44.0,normal
2024-05-13,TSLA,328.4206,333.085,327.4193,328.0904,130840655,offline_fallback,0.007895360135757867,334.018875,335.18120000000005,295.6308725,77178985.85,0.01618670300885132,-0.0954844579226688,Short-term downward,Above long MA,0.22325020881872587,False,False,True,34.5,high_volume
2024-05-14,TSLA,333.1976,337.2504,327.2966,332.841,85741286,offline_fallback,0.014479545881257216,332.524675,335.297182,296.02414799999997,80167979.75,0.015133916055515608,-0.0823874836308498,Short-term downward,Above long MA,0.4698601140377075,False,False,False,31.4,normal
2024-05-15,TSLA,334.7879,340.9798,333.588,335.107,23950175,offline_fallback,0.006808055497970589,331.434075,335.258908,296.49329850000004,76566318.3,0.015055228561768632,-0.07614032669377624,Short-term downward,Above long MA,0.1810748239639703,False,False,False,25.6,normal
2024-05-16,TSLA,335.703,339.3569,332.9492,333.5622,11484619,offline_fallback,-0.004609870877063216,330.433275,335.09917199999995,296.92546300000004,75663679.45,0.014987588574738217,-0.08039920049624372,Short-term downward,Above long MA,-0.2637573829507817,False,False,False,27.6,normal
2024-05-17,TSLA,343.5022,348.6735,341.5928,343.0744,99955858,offline_fallback,0.028517020213921107,330.21218999999996,335.326296,297.4137455,80560551.2,0.016119577216998235,-0.05417492590805706,Short-term downward,Above long MA,1.007305696644677,False,False,False,38.1,normal
2024-05-20,TSLA,339.5279,340.3734,335.6916,339.2646,90746768,offline_fallback,-0.011104879874453077,329.594695,335.31397,297.8869965,83302800.05,0.01600949697531559,-0.06467819973809374,Short-term downward,Above long MA,-0.4901374359411336,False,False,False,33.7,normal
2024-05-21,TSLA,337.2121,342.8642,331.0131,337.2852,132277685,offline_fallback,-0.005834384135568471,329.282535,335.720814,298.338865,83593212.45,0.015247683923849387,-0.07013522641119319,Short-term downward,Above long MA,-0.35251222889128253,False,False,True,28.4,high_volume
2024-05-22,TSLA,337.3648,343.3067,333.1251,337.8098,25777507,offline_fallback,0.0015553602707738534,329.46659000000005,335.88292799999994,298.81741250000005,78724892.7,0.013909250278230853,-0.06868895168516098,Short-term downward,Above long MA,0.003971703556174991,False,False,False,16.9,normal
2024-05-23,TSLA,338.8428,344.7859,336.6641,338.1583,106987827,offline_fallback,0.0010316456183332434,330.15487999999993,336.091,299.26079649999997,77587037.0,0.012016944161996654,-0.06772816872286169,Short-term downward,Above long MA,-0.04722085962609356,False,False,False,14.8,normal
2024-05-24,TSLA,338.3595,347.0556,336.1487,339.9888,76429727,offline_fallback,0.0054131452636236865,330.92145999999997,336.109876,299.7445835,80334022.05,0.012034071055112124,-0.06268164587497416,Short-term downward,Above long MA,0.2207354894695292,False,False,False,17.4,normal
2024-05-27,TSLA,342.8921,350.0295,339.1688,343.3638,93341089,offline_fallback,0.009926797588626357,331.92082,336.378796,300.2493435,78137166.4,0.012050204633967828,-0.05337707629747057,Short-term downward,Above long MA,0.47524754671752106,False,False,False,19.5,normal
2024-05-28,TSLA,347.7939,348.9246,343.5544,348.5674,93948387,offline_fallback,0.015154771702782899,332.98564999999996,336.725214,300.7643515,76392299.95,0.012191422503492243,-0.039031222000137866,Short-term downward,Above long MA,0.7169969317425863,False,False,False,19.5,normal
2024-05-29,TSLA,352.1069,355.7248,347.6399,349.9502,7743299,offline_fallback,0.003967095029540735,334.179425,337.15033000000005,301.282849,72081815.75,0.01208361718733214,-0.03521896753739062,Short-term downward,Above long MA,0.16621072634783504,False,False,False,10.6,normal
2024-05-30,TSLA,351.6828,355.1697,345.3156,351.949,69789560,offline_fallback,0.005711669831878874,335.627115,337.46659400000004,301.816853,75147649.75,0.011690813858453488,-0.02970845681990486,Short-term downward,Above long MA,0.26558185073944773,False,False,False,11.2,normal
2024-05-31,TSLA,344.462,351.3859,343.2407,346.2004,108092979,offline_fallback,-0.016333616518302452,336.64594,337.636792,302.307364,78530624.55,0.01251221004660021,-0.045556826797160443,Short-term downward,Above long MA,-0.9212000255002452,False,False,False,23.9,normal
2024-06-03,TSLA,347.9535,352.3564,345.7622,349.8988,21011025,offline_fallback,0.010682829944737238,337.85042,337.935268,302.796217,72967987.85,0.012599400897839627,-0.03536067268591914,Short-term downward,Above long MA,0.5427894814113067,False,False,False,17.5,normal
2024-06-04,TSLA,349.8242,353.6127,348.8836,353.1659,52199651,offline_fallback,0.009337271233853972,339.37656000000004,338.374838,303.2656905,72150741.35,0.012251142642352433,-0.026353573643945083,Short-term upward,Above long MA,0.45709699592088776,False,False,False,13.6,normal
2024-06-05,TSLA,357.0001,361.994,350.592,357.3772,17912151,offline_fallback,0.011924424187046423,340.724715,338.70582,303.751882,71766989.55,0.011512720876565546,-0.014743400647873717,Short-term upward,Above long MA,0.676934485599304,False,False,False,14.0,normal
2024-06-06,TSLA,356.4457,364.1865,349.7702,356.1133,5825023,offline_fallback,-0.0035365994249214605,342.3644,339.142036,304.26518,69029785.0,0.010027556443977348,-0.018227858570542543,Short-term upward,Above long MA,-0.32626875547167805,False,False,False,9.6,normal
2024-06-07,TSLA,343.3203,346.4385,337.6794,344.1172,25604744,offline_fallback,-0.03368618919877453,343.29424500000005,339.20270400000004,304.7168275,63983000.75,0.013204704632888968,-0.05130002067682127,Short-term upward,Above long MA,-2.1995092912579834,False,False,False,31.3,normal
2024-06-10,TSLA,359.1704,360.4687,355.5843,359.5321,132072761,offline_fallback,0.04479549409329153,344.86633,339.56133800000003,305.2368035,64044606.05,0.016185931354860964,-0.008802536356744106,Short-term upward,Above long MA,2.6861492927277797,True,False,True,35.5,abnormal_return
2024-06-11,TSLA,361.0106,364.3781,360.1871,361.5877,101539677,offline_fallback,0.0057174310722185595,346.303665,339.962306,305.7894065,64834525.6,0.016025366237773144,-0.003135433179406011,Short-term upward,Above long MA,0.2564078854231958,False,False,False,19.0,normal
2024-06-12,TSLA,366.8213,372.7968,361.253,365.5251,78172540,offline_fallback,0.010889197834992759,347.82457,340.40666799999997,306.3465535,67545643.85,0.016085231659914496,0.0,Short-term upward,Above long MA,0.5584659996986461,False,False,False,22.8,normal
2024-06-13,TSLA,352.0124,358.9098,345.7241,350.093,123469120,offline_fallback,-0.04221898851816197,348.65111,340.69597,306.8008865,73144868.9,0.019116127494006974,-0.04221898851816197,Short-term upward,Above long MA,-2.555267325021473,True,False,False,59.8,abnormal_return
2024-06-14,TSLA,357.1904,363.5038,353.8006,358.1866,25769298,offline_fallback,0.02311842853184709,349.40672000000006,341.04484599999995,307.300114,69435540.9,0.01876574167370149,-0.020076596655058787,Short-term upward,Above long MA,1.2875490114165602,False,False,False,50.2,normal
2024-06-17,TSLA,356.6014,362.4923,348.1017,354.7193,53731507,offline_fallback,-0.009680149955358486,350.179455,341.430918,307.7533135,67584777.85,0.018714710026800942,-0.029562402144203026,Short-term upward,Above long MA,-0.6304564583196919,False,False,False,45.5,normal
2024-06-18,TSLA,354.0631,356.3214,353.3025,353.9101,23448811,offline_fallback,-0.002281240406146412,351.0107,341.828494,308.1568855,62143334.15,0.018649209965617048,-0.031776203604075404,Short-term upward,Above long MA,-0.2073609677127822,False,False,False,39.3,normal
2024-06-19,TSLA,347.1359,349.1815,345.1233,348.759,65712064,offline_fallback,-0.01455482621151527,351.55816,342.137432,308.50587199999995,64140062.0,0.019039382883862584,-0.04586853269447155,Short-term upward,Above long MA,-0.9003239838087422,False,False,False,53.9,normal
2024-06-20,TSLA,351.9991,358.9692,351.3816,353.2332,88247163,offline_fallback,0.012828916243021737,352.31190499999997,342.401806,308.9019685,63203028.8,0.019197429719526544,-0.03362806001557761,Short-term upward,Above long MA,0.7085764796765844,False,False,False,49.7,normal
2024-06-21,TSLA,348.3535,350.174,346.5826,349.1159,16311556,offline_fallback,-0.011656039126559992,352.76826,342.5193,309.250224,60197120.25,0.01943247885134639,-0.04489212915884577,Short-term upward,Above long MA,-0.7379798627690868,False,False,False,53.4,normal
2024-06-24,TSLA,357.9825,359.4667,354.4567,357.5277,66359373,offline_fallback,0.02409457718769037,353.47645500000004,342.607234,309.6381935,58848034.45,0.020005420337418384,-0.021879208842292996,Short-term upward,Above long MA,1.3823693302416764,False,False,False,56.7,normal
2024-06-25,TSLA,360.9946,369.8716,355.7864,362.527,129114849,offline_fallback,0.013982972508144176,354.174435,342.60327399999994,310.0432605,60606357.55,0.019967204494475078,-0.008202172709890543,Short-term upward,Above long MA,0.7618929514448812,False,False,True,49.5,high_volume
2024-06-26,TSLA,369.2172,372.4223,362.0032,370.1813,43366457,offline_fallback,0.021113737735396265,355.18599000000006,342.86852,310.5089805,62387515.45,0.02041225247804391,0.0,Short-term upward,Above long MA,1.156010925623236,False,False,False,52.9,normal
2024-06-27,TSLA,355.3098,359.2798,348.3879,357.5831,35787205,offline_fallback,-0.034032513257692965,355.467695,342.948618,310.937448,60687397.7,0.022007900113113942,-0.034032513257692965,Short-term upward,Above long MA,-2.026123202466695,False,False,False,66.6,normal
2024-06-28,TSLA,362.9814,369.8007,356.0519,361.865,47673914,offline_fallback,0.011974559200364832,356.250925,343.235996,311.4043555,57666444.45,0.021741416734714174,-0.022465478402069472,Short-term upward,Above long MA,0.6237421277160309,False,False,False,55.2,normal
2024-07-01,TSLA,358.7006,364.7557,355.2921,355.8686,109918376,offline_fallback,-0.016570820609895898,356.549415,343.32107800000006,311.8434155,62111812.0,0.022049537580145717,-0.03866402759944931,Short-term upward,Above long MA,-1.0194793054657343,False,False,False,63.2,normal
2024-07-02,TSLA,341.258,342.7305,337.5189,340.4515,16928211,offline_fallback,-0.04332245103951293,355.913695,343.2595400000001,312.2007605,60348240.0,0.0240635018854642,-0.0803114581962947,Short-term upward,Above long MA,-2.396004806669525,False,False,False,78.3,normal
2024-07-03,TSLA,343.806,347.7315,337.6041,344.9165,107247277,offline_fallback,0.013114937076206035,355.29066,343.475296,312.564133,64814996.3,0.024100045487645477,-0.06824980084083132,Short-term upward,Above long MA,0.674512253300606,False,False,False,68.1,normal
2024-07-04,TSLA,348.6155,352.5456,347.6464,348.1121,53922129,offline_fallback,0.009264851058154777,354.8906,343.9496879999999,312.959252,67219851.6,0.024212715573793023,-0.059617274022215616,Short-term upward,Above long MA,0.4782394103341885,False,False,False,64.2,normal
2024-07-05,TSLA,346.0992,354.2509,338.5246,347.4816,54931706,offline_fallback,-0.0018111981743811345,355.05881999999997,344.4061760000001,313.3195985,68686199.7,0.02295431247275662,-0.06132049349872615,Short-term upward,Above long MA,-0.11988838345334779,False,False,False,57.8,normal
2024-07-08,TSLA,344.6732,348.6207,338.5217,346.7722,106832977,offline_fallback,-0.002041546948097439,354.42082500000004,344.87408800000003,313.710402,67424210.5,0.0204786392398754,-0.06323685178046545,Short-term upward,Above long MA,-0.10653103423760255,False,False,False,51.6,normal
2024-07-09,TSLA,342.9846,345.4412,334.4765,340.9746,61848851,offline_fallback,-0.016718756578526173,353.39017,345.14816399999995,314.060742,65439669.2,0.02067012093398721,-0.07889836682728169,Short-term upward,Above long MA,-0.9027677545409506,False,False,False,65.8,normal
2024-07-10,TSLA,343.4904,347.4839,342.8476,346.0587,19052802,offline_fallback,0.014910494799319274,352.41685,345.54784400000005,314.432413,62483682.3,0.02082847544343931,-0.06516428571621535,Short-term upward,Above long MA,0.8703135932856485,False,False,False,64.6,normal
2024-07-11,TSLA,352.7163,354.3783,349.5054,350.9869,62810475,offline_fallback,0.01424093658099057,352.461545,346.107678,314.8312095,59450750.05,0.018902374918371715,-0.05185134959545501,Short-term upward,Above long MA,0.8070182248979832,False,False,False,53.1,normal
2024-07-12,TSLA,358.0476,359.685,353.4722,354.6565,4690549,offline_fallback,0.010455091058954036,352.28504,346.68433000000005,315.236757,58396812.6,0.018300260476678272,-0.041938369118051155,Short-term upward,Above long MA,0.5689730233551906,False,False,False,45.2,normal
2024-07-15,TSLA,355.6869,356.7072,352.8382,355.313,22926714,offline_fallback,0.0018510868967578364,352.314725,347.274406,315.610722,56856572.95,0.018171516921016442,-0.040164913786839174,Short-term upward,Above long MA,0.0874646659161811,False,False,False,35.9,normal
2024-07-16,TSLA,356.5678,357.0336,354.0401,355.0201,89499530,offline_fallback,-0.0008243436069043097,352.370225,347.92194600000005,315.9881905,60159108.9,0.018163787474364278,-0.04095614770384137,Short-term upward,Above long MA,-0.08840969300475408,False,False,False,36.2,normal
2024-07-17,TSLA,360.1548,366.0599,356.4369,362.2449,55017126,offline_fallback,0.02035039706202535,353.04452000000003,348.55856199999994,316.403946,59624362.0,0.018335941375225543,-0.021439224509720134,Short-term upward,Above long MA,1.1119744870461108,False,False,False,47.0,normal
2024-07-18,TSLA,353.8123,362.175,352.398,354.8625,94677272,offline_fallback,-0.020379582983776845,353.125985,349.18942000000004,316.8014065,59945867.45,0.01880701089196878,-0.04138188503849327,Short-term upward,Above long MA,-1.3159560480343124,False,False,False,55.1,normal
2024-07-19,TSLA,351.4985,354.6697,349.4732,351.0169,119187133,offline_fallback,-0.010836873436894545,353.22103500000003,349.699352,317.148104,65089646.3,0.018780246487550976,-0.05177030822464557,Short-term upward,Above long MA,-0.7305654341615431,False,False,False,51.4,normal
2024-07-22,TSLA,347.2771,348.8284,342.617,348.0618,77436625,offline_fallback,-0.008418682975093295,352.74773999999996,350.09878,317.46369350000003,65643508.9,0.018016641014083866,-0.05975315338727272,Short-term upward,Above long MA,-0.5810630494941389,False,False,False,47.5,normal
2024-07-23,TSLA,349.1912,353.2859,345.1662,348.353,3514132,offline_fallback,0.0008366330347082673,352.03904,350.40901999999994,317.76243,59363473.05,0.01767062538652852,-0.05896651181461632,Short-term upward,Above long MA,-0.020467508220032016,False,False,False,35.5,normal
2024-07-24,TSLA,351.4407,352.3565,346.9772,349.3341,57732693,offline_fallback,0.002816396012091049,350.99668,350.69356199999993,318.06899849999996,60081784.85,0.016875327288396583,-0.056316188851246785,Short-term upward,Above long MA,0.0911309401308134,False,False,False,31.6,normal
2024-07-25,TSLA,339.3702,343.3857,335.598,338.3439,40170405,offline_fallback,-0.03146042713837549,350.03472,350.789196,318.2762025,60300944.85,0.01663249091391861,-0.0860048846335566,Short-term downward,Above long MA,-1.8777750585690753,False,False,False,51.4,normal
2024-07-26,TSLA,337.8473,343.2457,331.8321,339.5203,64648200,offline_fallback,0.0034769357449624394,348.917485,350.718114,318.488276,61149659.15,0.01634588705336483,-0.08282698234621788,Short-term downward,Above long MA,0.15356033960194196,False,False,False,33.0,normal
2024-07-29,TSLA,335.2783,345.7798,334.0889,338.4773,41187122,offline_fallback,-0.0030719812629760312,348.04792000000003,350.70236800000004,318.71519800000004,57713096.45,0.016034075142037092,-0.08564452067135753,Short-term downward,Above long MA,-0.2237847445318521,False,False,False,32.3,normal
2024-07-30,TSLA,334.4254,338.9827,328.4227,335.2817,79488815,offline_fallback,-0.00944110579941404,347.78943,350.662298,318.9880455,60841126.65,0.012979354567626276,-0.09427704748997323,Short-term downward,Above long MA,-0.5939224493312483,False,False,False,28.1,normal
2024-07-31,TSLA,334.4824,337.0136,327.2309,334.9489,43481115,offline_fallback,-0.0009925981644689497,347.29105,350.60508000000004,319.2441515,57652818.55,0.01256673383817291,-0.09517606643015208,Short-term downward,Above long MA,-0.08034949697507315,False,False,False,19.6,normal
2024-08-01,TSLA,334.8421,335.1826,331.8798,334.5127,33171855,offline_fallback,-0.0013022881997820646,346.61108,350.532168,319.49401950000004,56615304.85,0.012314813198981051,-0.09635440796172046,Short-term downward,Above long MA,-0.12017282200163755,False,False,False,20.2,normal
2024-08-02,TSLA,330.4064,333.1374,323.0567,329.278,69675470,offline_fallback,-0.015648733217004884,345.7009,350.317952,319.714916,57352493.05,0.012691446893784653,-0.11049531675424984,Short-term downward,Above long MA,-0.950127652497628,False,False,False,34.0,normal
2024-08-05,TSLA,321.09,327.3139,315.8765,321.7923,113313149,offline_fallback,-0.022733677925643403,344.451905,349.88652199999996,319.90467950000004,57676501.65,0.013462651837685748,-0.13071702973651023,Short-term downward,Above long MA,-1.3229565142518047,False,False,False,40.4,normal
2024-08-06,TSLA,331.463,337.9503,327.7738,331.0531,20564524,offline_fallback,0.028778811674486704,343.95583,349.536236,320.134263,55612285.3,0.014904000396843387,-0.10570009884345877,Short-term downward,Above long MA,1.6549397532397512,False,False,False,43.5,normal
2024-08-07,TSLA,339.9932,341.1696,330.9808,337.0794,22786253,offline_fallback,0.018203424163676596,343.506865,349.27882,320.404506,55798957.85,0.015110079322722549,-0.08942077841317209,Short-term downward,Above long MA,1.0265048731096533,False,False,False,38.6,normal
2024-08-08,TSLA,343.4909,348.5241,338.8674,344.527,130531359,offline_fallback,0.02209449761688176,343.18387,349.13038,320.671016,59185002.05,0.01562585848485199,-0.06930198797183984,Short-term downward,Above long MA,1.2088188589379394,False,False,True,39.4,high_volume
2024-08-09,TSLA,337.7902,340.6313,333.5723,335.2943,41931024,offline_fallback,-0.0267981899822074,342.21576,348.912258,320.880313,61047025.8,0.016412607218775917,-0.0942430101142332,Short-term downward,Above long MA,-1.5036509083932763,False,False,False,49.1,normal
2024-08-12,TSLA,339.2319,346.4325,334.746,341.0827,105494235,offline_fallback,0.017263639733809955,341.50424499999997,348.735936,321.1675015,65175401.85,0.01698805595494425,-0.07860634775446529,Short-term downward,Above long MA,0.9585980011209837,False,False,False,48.1,normal
2024-08-13,TSLA,332.394,341.6649,328.1356,335.9847,69684304,offline_fallback,-0.014946521767301602,340.552475,348.392312,321.4222155,64184640.55,0.01723253629126883,-0.09237797803400671,Short-term downward,Above long MA,-0.8427631613919323,False,False,False,49.2,normal
2024-08-14,TSLA,339.9056,346.9385,335.8545,339.1912,127438047,offline_fallback,0.00954358933606203,339.39979,348.028592,321.690495,67805686.6,0.01663370967045192,-0.083716006183997,Short-term downward,Above long MA,0.5209279156702445,False,False,True,41.4,high_volume
2024-08-15,TSLA,340.485,347.1034,334.5619,342.0205,92625762,offline_fallback,0.00834131310010422,338.75769,347.746736,322.0308715,67703111.1,0.016304537582741113,-0.07607299450296379,Short-term downward,Above long MA,0.44613953738309264,False,False,False,36.6,normal
2024-08-16,TSLA,345.442,346.361,342.4092,344.5414,55329785,offline_fallback,0.007370610825959245,338.43391499999996,347.75521999999995,322.38450850000004,64510243.7,0.016276682578665068,-0.06926308811385129,Short-term downward,Above long MA,0.3898973643540894,False,False,False,34.1,normal
2024-08-19,TSLA,351.5655,353.0392,346.7015,348.9661,73484368,offline_fallback,0.012842288328775542,338.47913000000005,347.5439,322.781386,64312630.85,0.016446614796159716,-0.05731029633317519,Short-term downward,Above long MA,0.6912254972429994,False,False,False,37.9,normal
2024-08-20,TSLA,351.7271,359.4335,344.0303,351.8531,72277211,offline_fallback,0.008273009899815387,338.654135,347.349208,323.1959405,67750784.8,0.01654414004613295,-0.049511415082285404,Short-term downward,Above long MA,0.44500123869261166,False,False,False,33.8,normal
2024-08-21,TSLA,343.1988,348.9238,340.8555,342.6333,108765448,offline_fallback,-0.026203549151620265,338.319095,346.891372,323.568471,70302422.55,0.01758234775161797,-0.0744175894352308,Short-term downward,Above long MA,-1.4293080704974366,False,False,False,54.3,normal
2024-08-22,TSLA,344.8593,349.8064,338.1294,346.2065,51350709,offline_fallback,0.010428641932935356,338.71222500000005,346.81364199999996,323.9563835,70861437.75,0.016179336137457985,-0.06476502189602773,Short-term downward,Above long MA,0.5778493114625107,False,False,False,35.9,normal
2024-08-23,TSLA,348.1403,354.3231,346.471,350.0071,114180061,offline_fallback,0.010977841259479426,339.23656500000004,346.650052,324.3467595,73338030.8,0.016319422206214917,-0.0544981607660896,Short-term downward,Above long MA,0.5852858568553964,False,False,False,35.1,normal
2024-08-26,TSLA,348.4642,351.6433,342.7374,348.4782,49894654,offline_fallback,-0.004368197102287308,339.73661,346.52523,324.74975,73773407.4,0.016341716303502056,-0.058628299160438435,Short-term downward,Above long MA,-0.246223115673594,False,False,False,31.4,normal
2024-08-27,TSLA,344.6781,346.7669,337.1913,342.8273,100501667,offline_fallback,-0.01621593545880351,340.11388999999997,346.303574,325.168095,74824050.0,0.01664959913084757,-0.0738935219039969,Short-term downward,Above long MA,-0.8725855259091454,False,False,False,44.6,normal
2024-08-28,TSLA,341.8923,344.8986,335.4255,343.7508,128637920,offline_fallback,0.0026937761374314917,340.553985,346.20341,325.650055,79081890.25,0.016643923454983393,-0.07139879837258123,Short-term downward,Above long MA,0.1752672616012309,False,False,True,34.7,high_volume
2024-08-29,TSLA,337.7364,340.1895,336.0101,336.5129,79096772,offline_fallback,-0.021055660088645678,340.653995,345.86900399999996,326.0751435,81378136.1,0.017384206593800414,-0.09095110963195607,Short-term downward,Above long MA,-1.1064462121127816,False,False,False,52.6,normal
2024-08-30,TSLA,339.7366,343.2271,333.1326,336.3959,46104400,offline_fallback,-0.00034768355091296943,341.00989,345.614604,326.487325,80199582.6,0.01697057273352311,-0.09126717097811277,Short-term downward,Above long MA,-0.007084512181667095,False,False,False,35.6,normal
2024-09-02,TSLA,341.6128,344.194,332.9617,339.552,105491248,offline_fallback,0.009382100079103228,341.897875,345.25509,326.8814205,79808487.55,0.016082198338961268,-0.08274134863106264,Short-term downward,Above long MA,0.6047905021459318,False,False,False,38.0,normal
2024-09-03,TSLA,342.4276,351.4458,336.1433,343.9264,43326412,offline_fallback,0.012882857412119364,342.54154,344.883078,327.29184250000003,80946581.95,0.015093822478341717,-0.07092443621544364,Short-term downward,Above long MA,0.8019631923942921,False,False,False,34.0,normal
2024-09-04,TSLA,349.2209,358.5917,344.2157,350.9875,119245645,offline_fallback,0.02053084613452194,343.236945,344.499202,327.73393000000004,85769551.55,0.015233502385980638,-0.05184972876803884,Short-term downward,Above long MA,1.232857619806643,False,False,False,34.7,normal
2024-09-05,TSLA,345.5139,352.9335,341.9008,348.7444,19137195,offline_fallback,-0.006390825884112772,343.447815,344.322428,328.16067949999996,80199843.35,0.014587015191406814,-0.05790919206345657,Short-term downward,Above long MA,-0.3983916710347727,False,False,False,24.4,normal
2024-09-06,TSLA,355.816,357.7132,345.7743,352.846,60810058,offline_fallback,0.011761049066307594,344.3254,344.142048,328.5727605,81143795.05,0.013246466102237389,-0.04682921584639743,Short-term upward,Above long MA,0.7429301918459645,False,False,False,22.8,normal
2024-09-09,TSLA,345.3272,356.1461,344.975,348.5989,15783233,offline_fallback,-0.01203669589565981,344.70121,343.996654,328.90900500000004,76658244.95,0.013163805332649584,-0.058302242711882,Short-term upward,Above long MA,-0.7409951279307859,False,False,False,25.0,normal
2024-09-10,TSLA,357.7225,359.9432,355.3201,357.901,17711326,offline_fallback,0.026684249433948315,345.797025,344.34564399999994,329.284859,74059596.05,0.013758722729964631,-0.03317374486501612,Short-term upward,Above long MA,1.608460139529859,False,False,False,26.9,normal
2024-09-11,TSLA,367.1838,369.2801,357.8945,362.1565,105469837,offline_fallback,0.011890159569266423,346.94529,344.690444,329.684345,72961185.55,0.013825019983128881,-0.021678026415705043,Short-term upward,Above long MA,0.6811365187084287,False,False,False,17.8,normal
2024-09-12,TSLA,357.0553,363.8954,351.0616,356.1199,88167410,offline_fallback,-0.016668484481156653,347.65026,344.85060000000004,330.06933150000003,72738267.95,0.014468014286068148,-0.03798517104996946,Short-term upward,Above long MA,-1.031871069958232,False,False,False,27.2,normal
2024-09-13,TSLA,348.5634,355.4107,347.2967,349.7133,118471486,offline_fallback,-0.017990008421320924,347.908855,344.89523399999996,330.469444,75895353.0,0.015082070004650837,-0.05529182592421611,Short-term upward,Above long MA,-1.099382314954907,False,False,False,34.1,normal
2024-09-16,TSLA,341.3528,348.7959,339.7858,341.9374,10821106,offline_fallback,-0.022235070842315685,347.55742,344.79853799999995,330.7916085,72762189.9,0.015643625074678924,-0.07629747910010576,Short-term upward,Above long MA,-1.3140740114731784,False,False,False,41.1,normal
2024-09-17,TSLA,339.6693,342.7792,333.9374,338.5094,63856711,offline_fallback,-0.010025226839766588,346.890235,344.749234,331.104369,72341164.9,0.015613940490128299,-0.08555780640459143,Short-term upward,Above long MA,-0.5501619604581324,False,False,False,34.6,normal
2024-09-18,TSLA,339.3473,346.4943,338.5121,340.5681,89393177,offline_fallback,0.006081662724875647,346.786975,344.63942199999997,331.3825455,71372551.35,0.014595539335596115,-0.07999647740174887,Short-term upward,Above long MA,0.45434945266863264,False,False,False,28.9,normal
2024-09-19,TSLA,341.0264,344.5413,336.9168,341.5067,87504832,offline_fallback,0.002755983311414134,346.55198499999995,344.449818,331.626542,73180257.5,0.014400979710008189,-0.07746096304702588,Short-term upward,Above long MA,0.21837332922590447,False,False,False,23.8,normal
2024-09-20,TSLA,345.2874,349.9227,341.5931,345.4137,104887527,offline_fallback,0.011440478327365167,346.322315,344.264962,331.8501425,72715630.8,0.014420887506909928,-0.06690667518861704,Short-term upward,Above long MA,0.7766936787924843,False,False,False,30.3,normal
2024-09-23,TSLA,351.5308,356.2616,350.0388,353.4487,90443169,offline_fallback,0.023261960947119187,346.57084,344.227676,332.09545599999996,74743056.55,0.015331726189244036,-0.045201094706836975,Short-term upward,Above long MA,1.4781247311697565,False,False,False,35.2,normal
2024-09-24,TSLA,366.7605,371.9857,363.1397,365.2907,60534827,offline_fallback,0.033504154916965456,347.69401000000005,344.433088,332.38980599999996,72744714.55,0.016416621191750868,-0.013211364269345882,Short-term upward,Above long MA,2.110432591136527,False,False,False,37.0,normal
2024-09-25,TSLA,367.9799,372.4552,367.2299,368.4247,25660816,offline_fallback,0.00857946835219181,348.92770499999995,344.556684,332.7041845,67595859.35,0.016457771128626262,-0.00474524239879226,Short-term upward,Above long MA,0.48408886114356825,False,False,False,25.9,normal
2024-09-26,TSLA,373.6817,374.5591,371.2359,373.0912,40916084,offline_fallback,0.01266608889143428,350.75662,344.92125799999997,333.033621,65686824.95,0.015498256327962073,0.0,Short-term upward,Above long MA,0.7471252808836826,False,False,False,21.4,normal
2024-09-27,TSLA,366.6075,369.4111,361.0248,365.729,85947782,offline_fallback,-0.01973297681639241,352.223275,345.2155,333.3173605,67678994.05,0.016446337071142347,-0.01973297681639241,Short-term upward,Above long MA,-1.3367906563625485,False,False,False,36.0,normal
2024-09-30,TSLA,349.353,354.0588,348.0414,349.2972,75438523,offline_fallback,-0.044928895438972605,352.710535,345.240208,333.51311150000004,66176357.8,0.019723331679339262,-0.06377529140328164,Short-term upward,Above long MA,-2.7251960775250814,True,False,False,67.2,abnormal_return
2024-10-01,TSLA,351.5848,354.8091,348.3256,351.9424,6615960,offline_fallback,0.007572920710501085,353.11133499999994,345.311996,333.71512950000005,64340835.2,0.01959882638567651,-0.05668533591786673,Short-term upward,Above long MA,0.4200146256811036,False,False,False,52.6,normal
2024-10-02,TSLA,347.4266,353.3035,339.5225,345.4785,61030388,offline_fallback,-0.0183663576767108,352.835885,345.234884,333.863842,61430072.35,0.019523616378732955,-0.07401059044008551,Short-term upward,Above long MA,-1.1177295980424298,False,False,False,63.3,normal
2024-10-03,TSLA,339.6637,350.628,333.2121,343.3445,36078950,offline_fallback,-0.0061769400990221435,352.56588999999997,345.334896,334.052427,62277160.1,0.01952034082813588,-0.07973037155526597,Short-term upward,Above long MA,-0.361494982055635,False,False,False,54.8,normal
2024-10-04,TSLA,342.2274,349.6263,341.8472,346.101,36393611,offline_fallback,0.008028379659496654,352.22864,345.46651,334.256461,61056337.75,0.01941350747919101,-0.07234209758900778,Short-term upward,Above long MA,0.505688605802979,False,False,False,56.1,normal
2024-10-07,TSLA,355.6847,356.8159,347.2847,352.1606,16823441,offline_fallback,0.017508184027205997,352.406725,345.740176,334.5252095000001,61108348.15,0.0196350676822418,-0.05610049231930425,Short-term upward,Above long MA,1.0570334806564021,False,False,False,60.4,normal
2024-10-08,TSLA,341.7365,343.8709,335.0515,341.8979,116365208,offline_fallback,-0.029142101643397922,351.60657000000003,345.8725,334.733994,66041042.25,0.019713585499677794,-0.0836077077132884,Short-term upward,Above long MA,-1.6860142786279595,False,False,False,68.0,normal
2024-10-09,TSLA,351.2163,357.3168,345.8026,352.4044,4939467,offline_fallback,0.030729934287399896,351.118965,346.22161,334.979605,61014523.75,0.020835411065290355,-0.05544703278983798,Short-term upward,Above long MA,1.7981286831419478,False,False,False,68.1,normal
2024-10-10,TSLA,351.8948,360.2344,351.1912,352.7745,100550772,offline_fallback,0.0010502139019830103,350.951695,346.586846,335.205185,61633691.85,0.02051537956011788,-0.054455050132514615,Short-term upward,Above long MA,0.058900402958271626,False,False,False,48.8,normal
2024-10-11,TSLA,350.6872,351.6191,349.37,350.4563,113139333,offline_fallback,-0.006571336647064885,350.988845,347.010412,335.4616105,61367084.2,0.02015198140387147,-0.06066854431302593,Short-term upward,Above long MA,-0.3928298936094489,False,False,False,54.8,normal
2024-10-14,TSLA,353.6554,363.7201,353.2489,357.247,112320932,offline_fallback,0.019376738269507587,351.754325,347.719506,335.728566,66442075.5,0.019848714590636037,-0.04246736454786393,Short-term upward,Above long MA,1.095031295136422,False,False,False,58.6,normal
2024-10-15,TSLA,366.8464,373.0594,357.3631,363.4413,31096391,offline_fallback,0.017338983952279508,353.00092,348.36726999999996,336.03407050000004,64804059.5,0.01989163503731784,-0.025864721547975367,Short-term upward,Above long MA,0.9527584925520035,False,False,False,53.5,normal
2024-10-16,TSLA,361.2657,369.0746,359.8877,364.0351,6715820,offline_fallback,0.0016338264253401569,354.17427000000004,348.90638400000006,336.335778,60670191.65,0.019889044443961817,-0.024273153588184382,Short-term upward,Above long MA,0.04617746872712131,False,False,False,40.2,normal
2024-10-17,TSLA,369.9223,375.6175,366.0214,367.5166,43202523,offline_fallback,0.009563638231588012,355.47476500000005,349.366176,336.671904,58455076.2,0.01993336887911902,-0.014941655016253441,Short-term upward,Above long MA,0.47870429079164895,False,False,False,46.5,normal
2024-10-18,TSLA,362.4711,363.5133,356.0976,361.8856,16443065,offline_fallback,-0.01532175689479054,356.29836,349.89800199999996,336.94991300000004,54032853.1,0.020293212403587786,-0.030034479505279155,Short-term upward,Above long MA,-0.9754419677092638,False,False,False,55.9,normal
2024-10-21,TSLA,360.274,363.3795,359.6057,361.5379,104452841,offline_fallback,-0.0009608008718777761,356.70282000000003,350.307106,337.23996650000004,54733336.7,0.019704990857654855,-0.030966423223061867,Short-term upward,Above long MA,-0.1299783280435159,False,False,False,42.5,normal
2024-10-22,TSLA,359.8812,366.7926,353.811,361.6764,76457121,offline_fallback,0.00038308570138845255,356.522105,350.82093999999995,337.53273049999996,55529451.4,0.018191225858045727,-0.030595200315633342,Short-term upward,Above long MA,-0.0605028370290768,False,False,False,33.7,normal
2024-10-23,TSLA,368.6555,372.2939,363.4873,367.6315,91698587,offline_fallback,0.016465271165052586,356.482445,351.389746,337.91310899999996,58831339.95,0.018477896189221146,-0.014633687420126718,Short-term upward,Above long MA,0.8694959318094843,False,False,False,44.4,normal
2024-10-24,TSLA,363.6425,371.2969,358.284,365.0523,114372202,offline_fallback,-0.0070157209053087755,356.0805,351.85038199999997,338.2948435,62504145.85,0.01829414464747724,-0.02154674245868038,Short-term upward,Above long MA,-0.5062158374059582,False,False,False,40.0,normal
2024-10-25,TSLA,362.7323,366.5874,358.7722,362.7158,92021474,offline_fallback,-0.006400452757043262,355.92984,352.21387000000004,338.656913,62807830.45,0.017809339993755672,-0.02780928630854873,Short-term upward,Above long MA,-0.4824497220904413,False,False,False,37.7,normal
2024-10-28,TSLA,348.4325,351.0682,340.4405,347.2463,121775895,offline_fallback,-0.04264909331217437,355.827295,352.17947399999997,338.9140185,65124699.05,0.017513230986799206,-0.06927233877400485,Short-term upward,Above long MA,-2.5077877633262737,True,False,False,55.2,abnormal_return
2024-10-29,TSLA,352.8014,361.7474,351.5214,356.3052,91771601,offline_fallback,0.026087822966004204,356.045435,352.2685159999999,339.2274755,69382481.1,0.0184092445220403,-0.04499168031837797,Short-term upward,Above long MA,1.4115320912281737,False,False,False,54.4,normal
2024-10-30,TSLA,349.7895,356.8716,348.4375,349.2749,71995899,offline_fallback,-0.019731118153762606,356.235255,352.401348,339.51059000000004,69930756.65,0.0184863106802203,-0.06383506231184233,Short-term upward,Above long MA,-1.1652122887162213,False,False,False,57.4,normal
2024-10-31,TSLA,346.6598,349.5477,341.5464,346.92,56272100,offline_fallback,-0.006742253737671899,356.41403,352.41561800000005,339.81029050000006,70940414.15,0.018497823411503887,-0.07014692386204768,Short-term upward,Above long MA,-0.4033294697891339,False,False,False,49.4,normal
2024-11-01,TSLA,348.2292,355.2263,346.1449,350.3196,76643245,offline_fallback,0.009799377378069796,356.62496,352.421868,340.1052895000001,72952895.85,0.01853903693367093,-0.06103494266281284,Short-term upward,Above long MA,0.5235905282771479,False,False,False,50.1,normal
2024-11-04,TSLA,351.0543,358.2961,347.9682,350.0293,27176973,offline_fallback,-0.0008286718756244094,356.518395,352.45289,340.333273,73470572.45,0.018116295845218077,-0.061813036598022286,Short-term upward,Above long MA,-0.0828875132450584,False,False,False,40.1,normal
2024-11-05,TSLA,361.8129,368.6247,359.8654,361.3834,4945627,offline_fallback,0.032437570226264034,357.49267,352.824012,340.5849765,67899593.4,0.01816185190942313,-0.03138053108730521,Short-term upward,Above long MA,1.7987717099856984,False,False,False,50.8,normal
2024-11-06,TSLA,371.6158,375.9583,362.8469,370.9875,99410989,offline_fallback,0.02657593016170634,358.421825,353.36874600000004,340.90365549999996,72623169.5,0.017848270017969927,-0.0056385677282122515,Short-term upward,Above long MA,1.4204705728219558,False,False,False,43.9,normal
2024-11-07,TSLA,351.9469,360.7484,348.5988,354.0851,102618675,offline_fallback,-0.045560564709053564,358.48735500000004,353.72019,341.15048199999995,72726564.65,0.020866336471771007,-0.050942236107418215,Short-term upward,Above long MA,-2.4960913483937257,False,False,False,68.0,normal
2024-11-08,TSLA,354.6084,359.9527,347.3349,354.2831,126549192,offline_fallback,0.0005591876077246649,358.67869499999995,354.077934,341.388155,73397057.6,0.020801878422794344,-0.050411534766834576,Short-term upward,Above long MA,-0.004074045336021806,False,False,False,48.1,normal
2024-11-11,TSLA,353.195,360.4535,350.2752,353.3064,43880497,offline_fallback,-0.002756834858902324,358.481665,354.353022,341.61914599999994,69975035.85,0.02034248455047121,-0.05302939334940093,Short-term upward,Above long MA,-0.16957223241606528,False,False,False,50.1,normal
2024-11-12,TSLA,344.7116,346.9031,338.2111,344.4396,43924799,offline_fallback,-0.025096630007268472,357.53157999999996,354.363286,341.78437650000006,70616456.25,0.020611000130847674,-0.07679516429226962,Short-term upward,Above long MA,-1.3305087129001778,False,False,False,68.9,normal
2024-11-13,TSLA,339.7423,342.4327,339.026,339.6748,137430384,offline_fallback,-0.013833484883851832,356.313565,354.13703200000003,341.94582,77152184.45,0.020738388048631415,-0.08956630443173141,Short-term upward,Above long MA,-0.7490330180444151,False,False,True,65.5,high_volume
2024-11-14,TSLA,339.4772,341.2302,334.7958,336.6051,136848930,offline_fallback,-0.009037173202133375,354.76799,353.89424600000007,342.0890515,81834504.8,0.0205496691569021,-0.0977940514276403,Short-term upward,Above long MA,-0.47263754608780123,False,False,True,62.4,high_volume
2024-11-15,TSLA,340.6059,343.526,335.5278,339.1112,7307636,offline_fallback,0.007445222903633919,353.62927,353.61955,342.26657100000006,81377733.35,0.020530643773356644,-0.0910769270355345,Short-term upward,Above long MA,0.4228416521535412,False,False,False,60.4,normal
2024-11-18,TSLA,345.6946,352.4575,343.1712,345.1432,40103818,offline_fallback,0.017787675547136006,352.809535,353.550436,342.46491050000003,78160282.2,0.021052121170031433,-0.07490929831633664,Short-term downward,Above long MA,0.9560001726596744,False,False,False,67.6,normal
2024-11-19,TSLA,346.9951,355.328,344.2668,347.7513,7786975,offline_fallback,0.007556573619297735,352.11328,353.347442,342.65919049999997,74726774.9,0.021157597346347267,-0.06791878232453619,Short-term downward,Above long MA,0.3865413547334807,False,False,False,59.6,normal
2024-11-20,TSLA,355.7918,358.401,347.278,351.7127,111799817,offline_fallback,0.011391474309369931,351.31734,353.13856599999997,342.89329250000003,75731836.4,0.020957201293931624,-0.05730100307913999,Short-term downward,Above long MA,0.584383924663579,False,False,False,60.0,normal
2024-11-21,TSLA,365.1612,366.6032,361.1771,363.628,134849721,offline_fallback,0.033877935030494966,351.246125,353.288728,343.2299255,76755712.35,0.022388179798206082,-0.025364307708142242,Short-term downward,Above long MA,1.7223148606207845,False,False,True,65.2,high_volume
2024-11-22,TSLA,355.0993,364.8429,351.7469,357.6668,63882448,offline_fallback,-0.016393677054572175,350.993675,353.447798,343.53594499999997,75348761.05,0.022649569321387484,-0.04134217049343425,Short-term downward,Above long MA,-0.928045166688309,False,False,False,64.4,normal
2024-11-25,TSLA,354.5332,358.358,352.868,355.7655,133075102,offline_fallback,-0.005315841447962266,351.419635,353.72436,343.83822399999997,75913721.4,0.020417606655280564,-0.046438243517938904,Short-term downward,Above long MA,-0.33099922027696344,False,False,True,52.0,high_volume
2024-11-26,TSLA,357.8713,359.2054,350.0313,355.87,112639347,offline_fallback,0.0002937328099550385,351.397875,354.071572,344.13285900000005,76957108.7,0.01957406582920974,-0.04615815114374178,Short-term downward,Above long MA,-0.023910825230710222,False,False,False,43.3,normal
2024-11-27,TSLA,355.7734,361.5148,354.4958,356.3181,111657120,offline_fallback,0.0012591676735886903,351.75003499999997,354.386572,344.407227,78940169.75,0.019008140278425567,-0.044957104321945995,Short-term downward,Above long MA,0.04465926269358008,False,False,False,41.1,normal
2024-11-28,TSLA,359.7926,363.911,354.0786,359.8328,47870585,offline_fallback,0.009863938991591992,352.395675,354.753094,344.7183025,78520094.0,0.019006979320447145,-0.035536619464624164,Short-term downward,Above long MA,0.48983714519065363,False,False,False,46.8,normal
2024-11-29,TSLA,362.0124,370.6316,356.599,362.7225,107990971,offline_fallback,0.008030674246483294,353.01581999999996,355.09926999999993,345.0080805,80087480.3,0.018972870838506066,-0.02779132823288244,Short-term downward,Above long MA,0.3958802656342666,False,False,False,42.8,normal
2024-12-02,TSLA,373.5449,375.5953,370.2808,372.4737,24000063,offline_fallback,0.02688336124723434,354.13804,355.47977,345.25703300000004,79928634.8,0.019757798703915905,-0.0016550913020730862,Short-term downward,Above long MA,1.353582946736656,False,False,False,53.2,normal
2024-12-03,TSLA,368.9346,372.6677,363.9044,366.8853,108907247,offline_fallback,-0.015003475413163492,354.413135,355.511662,345.59691599999996,85126715.8,0.01890471602893262,-0.01663373459357942,Short-term downward,Above long MA,-0.8323566437976707,False,False,False,46.3,normal
2024-12-04,TSLA,368.8789,373.0447,365.6431,370.326,31953129,offline_fallback,0.009378135346387761,354.38006,355.549688,345.8792815,81753822.8,0.018048358011743672,-0.007411592661526134,Short-term downward,Above long MA,0.47219437733001296,False,False,False,36.2,normal
2024-12-05,TSLA,375.3487,380.1648,368.5858,376.8537,59771078,offline_fallback,0.017626901702823883,355.51849,355.62493800000004,346.2478294999999,79611442.95,0.014896186363473693,0.0,Short-term downward,Above long MA,0.8830974048325081,False,False,False,20.6,normal
2024-12-06,TSLA,369.3322,372.3773,365.9959,371.9398,129401779,offline_fallback,-0.013039277576417652,356.401325,355.749154,346.49,79754072.3,0.015328384720434162,-0.013039277576417652,Short-term upward,Above long MA,-0.7646165721515725,False,False,True,23.0,high_volume
2024-12-09,TSLA,378.2452,384.4622,376.4716,379.6324,101912256,offline_fallback,0.02068237924524352,357.717625,356.355858,346.7190115000001,82655660.25,0.015790687285410686,0.0,Short-term upward,Above long MA,1.0128639714287981,False,False,False,26.0,normal
2024-12-10,TSLA,376.0993,377.1456,369.0821,374.6954,10247406,offline_fallback,-0.013004685585318865,359.230415,356.810918,346.95727899999997,80971790.6,0.014831736483036252,-0.013004685585318865,Short-term upward,Above long MA,-0.8008641668808754,False,False,False,21.3,normal
2024-12-11,TSLA,376.1339,383.1326,371.675,372.8419,135884488,offline_fallback,-0.004946684693753922,360.88877,357.358186,347.136385,80894495.8,0.014385587387304756,-0.017887040199940807,Short-term upward,Above long MA,-0.35672094550561856,False,False,True,14.5,high_volume
2024-12-12,TSLA,371.0817,374.1298,364.3675,368.7646,66411253,offline_fallback,-0.010935734422552912,362.496745,357.86658800000004,347.272463,77372611.95,0.014487375842763443,-0.02862716670126164,Short-term upward,Above long MA,-0.6642810612976534,False,False,False,21.3,normal
2024-12-13,TSLA,373.122,379.4448,368.8545,372.5923,91986929,offline_fallback,0.010379792420422307,364.1708,358.396414,347.4768335,81606576.6,0.01453173534054924,-0.018544518328783344,Short-term upward,Above long MA,0.47988479594979855,False,False,False,17.4,normal
2024-12-16,TSLA,382.9325,386.1936,381.5045,382.3496,60755505,offline_fallback,0.026187605057860885,366.03112,359.00019399999996,347.689177,82639160.95,0.015038834845229325,0.0,Short-term upward,Above long MA,1.3209529642799385,False,False,False,24.8,normal
2024-12-17,TSLA,378.7801,386.8647,371.9746,378.3027,14510502,offline_fallback,-0.0105842924904328,367.55869,359.72828999999996,347.9959755,82975337.3,0.015433561219693274,-0.0105842924904328,Short-term upward,Above long MA,-0.6198428618923184,False,False,False,21.7,normal
2024-12-18,TSLA,388.0905,396.969,380.145,390.2364,98358556,offline_fallback,0.0315453735857556,369.484875,360.48493,348.2986369999999,82303274.25,0.016537264524664617,0.0,Short-term upward,Above long MA,1.6275947709423417,False,False,False,34.9,normal
2024-12-19,TSLA,385.9472,388.6468,380.4075,384.7291,3628592,offline_fallback,-0.0141127275671874,370.53993,361.124022,348.58350900000005,75742217.8,0.015635503664011344,-0.0141127275671874,Short-term upward,Above long MA,-0.7902346932922277,False,False,False,24.5,normal
2024-12-20,TSLA,379.2635,384.3278,372.3921,383.3526,87427032,offline_fallback,-0.003577842175182533,371.82422,361.781948,348.80504700000006,76919447.0,0.015053232341427858,-0.01764007663047329,Short-term upward,Above long MA,-0.244424679787709,False,False,False,15.5,normal
2024-12-23,TSLA,387.9935,393.5813,385.1711,389.2997,38923244,offline_fallback,0.015513394196361219,373.50093,362.423002,349.10195650000003,72211854.1,0.015125703900088522,-0.0024003398965345424,Short-term upward,Above long MA,0.7688001675092317,False,False,False,21.5,normal
2024-12-24,TSLA,393.1362,394.3735,384.9101,390.8837,86795930,offline_fallback,0.004068844645911618,375.251615,362.9718500000001,349.4001425,70919683.25,0.015092366597816936,0.0,Short-term upward,Above long MA,0.12293937335952759,False,False,False,10.7,normal
2024-12-25,TSLA,397.3907,406.2341,390.2535,397.7566,65501847,offline_fallback,0.017582979285142963,377.32354,363.64628,349.7454535,68611919.6,0.015329716705179961,0.0,Short-term upward,Above long MA,0.860565992909561,False,False,False,22.1,normal
2024-12-26,TSLA,384.145,385.5356,382.0615,383.7423,134839928,offline_fallback,-0.035233356278688954,378.519015,363.970794,349.983486,72960386.75,0.0177925572690912,-0.035233356278688954,Short-term upward,Above long MA,-2.051553740040663,False,False,True,49.7,high_volume
2024-12-27,TSLA,386.1357,393.2099,382.5719,385.2373,133444001,offline_fallback,0.003895843642986563,379.64475500000003,364.437828,350.22121999999996,74233038.25,0.01775956922017495,-0.03147477628278195,Short-term upward,Above long MA,0.1072857797251648,False,False,True,31.7,high_volume
2024-12-30,TSLA,377.7058,379.5444,375.7114,377.4745,103135856,offline_fallback,-0.020150696726407458,379.894795,364.75656000000004,350.4337175,78189827.9,0.0175666030847665,-0.05099123433778352,Short-term upward,Above long MA,-1.1768216120473376,False,False,False,48.2,normal
2024-12-31,TSLA,385.1967,387.1582,379.3851,383.8514,124342415,offline_fallback,0.016893591487636916,380.7431,365.20006,350.6970374999999,78961586.3,0.017502840256207807,-0.034959067932499366,Short-term upward,Above long MA,0.8266914853653915,False,False,False,40.8,normal
2022-01-03,NVDA,180.8138,183.5033,178.3397,181.3831,41796417,offline_fallback,,181.3831,181.3831,181.3831,41796417.0,,0.0,Neutral,Above long MA,,False,False,False,0.6,normal
2022-01-04,NVDA,180.3113,180.7841,178.3585,179.4715,96586150,offline_fallback,-0.010539019346344936,180.4273,180.4273,180.4273,69191283.5,,-0.010539019346344936,Neutral,Above long MA,,False,False,False,1.6,normal
2022-01-05,NVDA,181.1323,183.2213,178.3046,181.0461,9912778,offline_fallback,0.00877353785977153,180.63356666666667,180.63356666666667,180.63356666666667,49431781.666666664,,-0.001857945971813324,Neutral,Above long MA,,False,False,False,1.3,normal
2022-01-06,NVDA,183.0253,185.4451,179.6362,184.0557,131073837,offline_fallback,0.016623390396147686,181.4891,181.4891,181.4891,69842295.5,,0.0,Neutral,Above long MA,,False,False,True,0.6,high_volume
2022-01-07,NVDA,184.2068,185.4222,181.8981,185.149,90579804,offline_fallback,0.005940049669746816,182.22108,182.22108,182.22108,73989797.2,,0.0,Neutral,Above long MA,,False,False,False,0.6,normal
2022-01-10,NVDA,183.8516,188.5606,180.2567,185.1663,76742674,offline_fallback,9.343825783569848e-05,182.71195,182.71195,182.71195,74448610.0,0.010153642598198268,0.0,Neutral,Above long MA,,False,False,False,1.3,normal
2022-01-11,NVDA,184.6987,187.3058,183.851,186.2578,121833494,offline_fallback,0.005894701141622383,183.2185,183.2185,183.2185,81217879.14285715,0.009108687265135595,0.0,Neutral,Above long MA,,False,False,False,1.0,normal
2022-01-12,NVDA,191.2942,193.377,188.88,190.9348,8299214,offline_fallback,0.02511035779441184,184.1830375,184.1830375,184.1830375,72103046.0,0.011403249682847604,0.0,Neutral,Above long MA,,False,False,False,1.9,normal
2022-01-13,NVDA,186.6947,189.4715,184.6393,186.0199,20130527,offline_fallback,-0.025741247797677502,184.38713333333334,184.38713333333334,184.38713333333334,66328321.666666664,0.01577544869034912,-0.025741247797677502,Neutral,Above long MA,,False,False,False,13.7,normal
2022-01-14,NVDA,192.0073,195.6409,191.0015,191.6552,124616288,offline_fallback,0.030294070688136054,185.11394,185.11394,185.11394,72157118.3,0.017288862584849456,0.0,Neutral,Above long MA,,False,False,False,19.2,normal
2022-01-17,NVDA,189.9299,191.1795,186.6994,190.0283,54602369,offline_fallback,-0.008488681757656491,185.5607,185.5607,185.5607,70561232.0,0.01695527411877692,-0.008488681757656491,Neutral,Above long MA,,False,False,False,18.4,normal
2022-01-18,NVDA,190.6101,194.7887,188.0171,189.2179,106633653,offline_fallback,-0.004264627952783928,185.86546666666666,185.86546666666666,185.86546666666666,73567267.08333333,0.016315528389614087,-0.01271710864093445,Neutral,Above long MA,,False,False,False,15.3,normal
2022-01-19,NVDA,187.5899,188.5838,186.1987,187.6224,82783898,offline_fallback,-0.008432077514865077,186.00061538461537,186.00061538461537,186.00061538461537,74276238.6923077,0.015963060338438174,-0.02104195450997426,Neutral,Above long MA,,False,False,False,14.3,normal
2022-01-20,NVDA,184.547,187.7508,183.8958,185.2934,66271130,offline_fallback,-0.012413229976804496,185.9501,185.9501,185.9501,73704445.21428572,0.015865485170218206,-0.03319398586628497,Neutral,Above long MA,,False,False,False,14.2,normal
2022-01-21,NVDA,183.1585,186.7066,179.2654,184.6004,74875622,offline_fallback,-0.00374001448513539,185.86012,185.86012,185.86012,73782523.66666667,0.015313718894323411,-0.03680985436346107,Neutral,Above long MA,,False,False,False,11.9,normal
2022-01-24,NVDA,187.4739,190.7906,185.5866,186.1896,84501077,offline_fallback,0.008608865419576617,185.88071250000002,185.88071250000002,185.88071250000002,74452433.25,0.014874725796087614,-0.028517880026213693,Neutral,Above long MA,,False,False,False,9.8,normal
2022-01-25,NVDA,187.3862,187.7849,185.4197,187.5793,36808004,offline_fallback,0.007463897016804166,185.9806294117647,185.9806294117647,185.9806294117647,72238055.05882353,0.014438771976897817,-0.021266837529062665,Neutral,Above long MA,,False,False,False,8.3,normal
2022-01-26,NVDA,189.0871,191.2735,187.2998,188.9398,68015217,offline_fallback,0.007252932493084341,186.14502777777776,186.14502777777776,186.14502777777776,72003452.94444445,0.014033914598834681,-0.014168151972918097,Neutral,Above long MA,,False,False,False,7.1,normal
2022-01-27,NVDA,189.1931,192.2279,186.5248,188.4741,96207945,offline_fallback,-0.0024648062504565305,186.2676105263158,186.2676105263158,186.2676105263158,73277373.57894737,0.013665019608971136,-0.016598036473834288,Neutral,Above long MA,,False,False,False,6.3,normal
2022-01-28,NVDA,191.1608,195.0036,189.5821,191.3922,19013598,offline_fallback,0.01548276394475434,186.52384,186.52384,186.52384,70564184.8,0.013624087729242639,-0.001372256009750883,Neutral,Above long MA,,False,False,False,5.5,normal
2022-01-31,NVDA,188.2264,190.1548,184.7945,187.8366,90922816,offline_fallback,-0.01857755958706775,186.846515,186.58635238095238,186.58635238095238,73020504.75,0.014104994194132749,-0.019924322429028862,Short-term upward,Above long MA,-1.4478131863547596,False,False,False,25.0,normal
2022-02-01,NVDA,188.8352,192.7156,187.6117,189.3793,34212017,offline_fallback,0.008212989374807744,187.341905,186.71330454545452,186.71330454545452,69901798.1,0.013859664008638585,-0.011874971302631043,Short-term upward,Above long MA,0.4389848422594831,False,False,False,13.9,normal
2022-02-02,NVDA,190.3789,191.1199,186.9024,190.3689,94942965,offline_fallback,0.005225491909622626,187.808045,186.87224347826086,186.87224347826086,74153307.45,0.013801514305737372,-0.006711531959477268,Short-term upward,Above long MA,0.21764784346861213,False,False,False,9.8,normal
2022-02-03,NVDA,192.6757,194.2446,190.0474,193.0721,95448767,offline_fallback,0.014199798391439034,188.258865,187.13057083333334,187.13057083333334,72372053.95,0.013682066362807738,0.0,Short-term upward,Above long MA,0.848944094029233,False,False,False,17.4,normal
2022-02-04,NVDA,197.9792,201.5035,194.2599,197.1503,15302914,offline_fallback,0.021122679040627812,188.85893000000002,187.53135999999998,187.53135999999998,68608209.45,0.0142915968618177,0.0,Short-term upward,Above long MA,1.286095390500875,False,False,False,22.6,normal
2022-02-07,NVDA,189.4785,190.2589,186.6258,189.4095,45393171,offline_fallback,-0.03926344519891667,189.07109,187.60359615384615,187.60359615384615,67040734.3,0.017168047540046395,-0.03926344519891667,Short-term upward,Above long MA,-2.590598560842759,True,False,False,40.8,abnormal_return
2022-02-08,NVDA,189.4447,191.8189,188.313,189.05,69978096,offline_fallback,-0.0018980040599864134,189.2107,187.65716666666665,187.65716666666665,64447964.4,0.017146078137647625,-0.04108692708050643,Short-term upward,Above long MA,-0.23178457124727045,False,False,False,25.0,normal
2022-02-09,NVDA,189.8652,193.8852,185.0736,188.339,10037705,offline_fallback,-0.0037609098122191043,189.08091,187.68151785714286,187.68151785714286,64534888.95,0.016187686180531614,-0.04469331266551457,Short-term upward,Above long MA,-0.3443079806755581,False,False,False,22.3,normal
2022-02-10,NVDA,186.8976,188.1725,184.2626,185.4634,41054207,offline_fallback,-0.015268213168807221,189.053085,187.60503103448275,187.60503103448275,65581072.95,0.01548431258403811,-0.05927913880932456,Short-term upward,Above long MA,-1.0540303222775103,False,False,False,28.2,normal
2022-02-11,NVDA,178.9975,180.0563,178.811,179.0642,9365110,offline_fallback,-0.03450384280672092,188.423535,187.32033666666666,187.32033666666666,59818514.05,0.015583007846649191,-0.09173762352885073,Short-term upward,Above long MA,-2.079347385422283,False,False,False,33.8,normal
2022-02-14,NVDA,181.371,185.5845,179.7648,182.0839,102427831,offline_fallback,0.016863784050636488,188.026315,187.15141935483874,187.15141935483874,62209787.15,0.016157185961377617,-0.07642088295072336,Short-term upward,Above long MA,1.0087878477872692,False,False,False,31.3,normal
2022-02-15,NVDA,185.3363,187.3469,183.5198,185.634,119434975,offline_fallback,0.01949705602746854,187.84712,187.104,187.104,62849853.25,0.016841626552264073,-0.058413809159813646,Short-term upward,Above long MA,1.1250547254117418,False,False,False,35.3,normal
2022-02-16,NVDA,186.956,190.8437,186.2925,187.7227,56453954,offline_fallback,0.011251710354784228,187.852135,187.12274848484847,187.12274848484847,61533356.05,0.016948158032806138,-0.04781935406641524,Short-term upward,Above long MA,0.6133287940307874,False,False,False,29.9,normal
2022-02-17,NVDA,186.2027,191.287,184.1058,188.3418,63303843,offline_fallback,0.0032979495820164573,188.004555,187.15860294117647,187.15860294117647,61384991.7,0.016696730310194714,-0.04467911030315441,Short-term upward,Above long MA,0.1258545537296555,False,False,False,21.0,normal
2022-02-18,NVDA,187.3492,190.3967,183.0147,187.0442,108137816,offline_fallback,-0.006889601777194554,188.126745,187.1553342857143,187.1553342857143,63048101.4,0.01675803556899197,-0.05126089080260088,Short-term upward,Above long MA,-0.49666500496825544,False,False,False,27.8,normal
2022-02-21,NVDA,187.7039,188.8469,183.3706,187.4927,43700318,offline_fallback,0.0023978289623522997,188.19189999999998,187.16470555555554,187.16470555555554,61008063.45,0.01666284588392696,-0.04898597668885096,Short-term upward,Above long MA,0.08469332559433747,False,False,False,20.2,normal
2022-02-22,NVDA,188.5864,190.0351,187.1599,187.6958,18102898,offline_fallback,0.0010832421742286158,188.197725,187.17905945945947,187.17905945945947,60072808.15,0.016583026815113467,-0.04795579819051754,Short-term upward,Above long MA,0.000989454340933932,False,False,False,18.5,normal
2022-02-23,NVDA,175.617,178.8186,174.6458,177.2928,36826092,offline_fallback,-0.055424788407625436,187.615375,186.9188947368421,186.9188947368421,58513351.9,0.020606923449014082,-0.10072264663051489,Short-term upward,Above long MA,-3.0761428141602916,True,False,False,57.3,abnormal_return
2022-02-24,NVDA,180.2047,183.9083,179.3902,179.8448,139753923,offline_fallback,0.014394267561908869,187.18391,186.7375076923077,186.7375076923077,60690650.8,0.020970328038704897,-0.08777820779374923,Short-term upward,Above long MA,0.8129793955083339,False,False,True,50.0,high_volume
2022-02-25,NVDA,182.8301,187.049,181.4524,183.558,52718740,offline_fallback,0.02064669092461946,186.7922,186.65802000000002,186.65802000000002,62375907.9,0.02122876782649102,-0.06894384639536433,Short-term upward,Above long MA,1.1298288497400906,False,False,False,53.6,normal
2022-02-28,NVDA,181.6889,183.0193,178.5261,182.8012,48502479,offline_fallback,-0.004122947515226794,186.54043,186.5639512195122,186.5639512195122,60254891.05,0.02087308418317313,-0.07278254205040513,Short-term downward,Above long MA,-0.25335680892858975,False,False,False,41.8,normal
2022-03-01,NVDA,181.6293,183.4379,181.384,182.7739,37020054,offline_fallback,-0.0001493425644908397,186.21016,186.4737119047619,186.4737119047619,60395292.9,0.020759168125383264,-0.07292101508341597,Short-term downward,Above long MA,-0.027868681892754113,False,False,False,37.7,normal
2022-03-02,NVDA,190.9872,192.5672,188.2673,190.8976,89582325,offline_fallback,0.04444671804891187,186.236595,186.5765930232558,186.5765930232558,60127260.9,0.023149369311893493,-0.03171539683175717,Short-term downward,Above long MA,2.326338297597591,False,False,False,61.1,normal
2022-03-03,NVDA,187.7275,190.177,183.4322,187.4363,60881039,offline_fallback,-0.01813171040390249,185.95480500000002,186.5961318181818,186.5961318181818,58398874.5,0.023263297959643787,-0.04927205284496139,Short-term downward,Above long MA,-1.0289046279363514,False,False,False,56.9,normal
2022-03-04,NVDA,184.9125,185.7193,183.8196,184.8742,63164849,offline_fallback,-0.013669177208470273,185.34099999999998,186.55786666666665,186.55786666666665,60791971.25,0.022800813467251574,-0.062267721631668715,Short-term downward,Above long MA,-0.7736954108287247,False,False,False,53.6,normal
2022-03-07,NVDA,183.5945,188.1209,180.866,184.7603,50587346,offline_fallback,-0.0006160946200173267,185.10854,186.51878913043475,186.51878913043475,61051680.0,0.021139322606965227,-0.0628454534433881,Short-term downward,Above long MA,-0.06525424026618189,False,False,False,39.0,normal
2022-03-08,NVDA,185.2644,187.8023,184.5241,184.8727,69859410,offline_fallback,0.0006083557993790123,184.899675,186.4837659574468,186.4837659574468,61045745.7,0.02114132116300028,-0.062275330040075905,Short-term downward,Above long MA,0.0018774476594241925,False,False,False,38.1,normal
2022-03-09,NVDA,186.3191,189.8248,185.7307,186.2632,79339175,offline_fallback,0.0075213917468615055,184.795885,186.47917083333334,186.47917083333334,64510819.2,0.021211441275453467,-0.055222335446610926,Short-term downward,Above long MA,0.38064516371303175,False,False,False,44.4,normal
2022-03-10,NVDA,188.6171,192.0822,186.4028,187.0759,89335593,offline_fallback,0.004363180703434555,184.87651,186.49134897959183,186.49134897959183,66924888.5,0.020936637530749817,-0.051100099771595575,Short-term downward,Above long MA,0.2016554334759653,False,False,False,40.4,normal
2022-03-11,NVDA,190.5233,193.2674,186.3464,190.9772,26620110,offline_fallback,0.020854102532715357,185.47216,186.581066,186.581066,67787638.5,0.01966622830055177,-0.03131164395894892,Short-term downward,Above long MA,1.1083066888379525,False,False,False,48.0,normal
2022-03-14,NVDA,191.6254,195.4072,188.152,190.6304,113023079,offline_fallback,-0.0018159235762175152,185.899485,186.76601200000002,186.66046470588233,68317400.9,0.019435929587786237,-0.033070707982691294,Short-term downward,Above long MA,-0.16882651186951556,False,False,False,35.4,normal
2022-03-15,NVDA,188.3514,189.0067,186.3338,188.5815,120199265,offline_fallback,-0.010748023400255158,186.04685999999998,186.94821199999998,186.69740769230768,68355615.4,0.019217373323280242,-0.04346328663968546,Short-term downward,Above long MA,-0.6681678918785453,False,False,False,42.5,normal
2022-03-16,NVDA,193.3364,195.3346,190.3054,193.1875,70428765,offline_fallback,0.02442445308792207,186.3201,187.19104,186.81986226415094,69054355.95,0.01980523275231809,-0.02010040055734119,Short-term downward,Above long MA,1.3111674240710869,False,False,False,49.6,normal
2022-03-17,NVDA,194.6751,195.9043,193.557,194.8689,106498651,offline_fallback,0.008703461662892265,186.646455,187.407304,186.9689185185185,71214096.35,0.01986607586047956,-0.01157188196010861,Short-term downward,Above long MA,0.41266365243036,False,False,False,39.5,normal
2022-03-18,NVDA,191.6741,196.3803,188.7425,192.2762,41677786,offline_fallback,-0.013304842383777049,186.908055,187.549848,187.06541454545453,67891094.85,0.02006614234480366,-0.024722762278322707,Short-term downward,Above long MA,-0.835472897217469,False,False,False,46.3,normal
2022-03-21,NVDA,196.509,198.9916,194.7336,195.3333,87722392,offline_fallback,0.015899523706002228,187.300085,187.75318800000002,187.21305535714285,70092198.55,0.020320853063978826,-0.009216318717242489,Short-term downward,Above long MA,0.8301969770669249,False,False,False,46.1,normal
2022-03-22,NVDA,198.326,201.1402,193.6113,197.3253,61884621,offline_fallback,0.01019795395869516,187.78156,187.974538,187.39046315789474,72281284.7,0.02039542416575625,0.0,Short-term downward,Above long MA,0.49599932072245884,False,False,False,41.1,normal
2022-03-23,NVDA,198.9081,202.0226,197.8378,198.8421,4653694,offline_fallback,0.007686799411935397,188.859025,188.132684,187.5879051724138,70672664.8,0.015131405457700618,0.0,Short-term upward,Above long MA,0.34684059618196594,False,False,False,15.1,normal
2022-03-24,NVDA,194.2661,198.9108,192.2833,195.8837,58828529,offline_fallback,-0.01487813697401097,189.66097,188.32996,187.72851186440678,66626395.1,0.01566858982495224,-0.01487813697401097,Short-term upward,Above long MA,-0.957043735087182,False,False,False,26.3,normal
2022-03-25,NVDA,193.2109,197.8899,192.2178,193.878,98966191,offline_fallback,-0.010239238895324188,190.17697,188.374416,187.8310033333333,68938767.65,0.015503796897767317,-0.02496503507054093,Short-term upward,Above long MA,-0.6770253493021468,False,False,False,22.7,normal
2022-03-28,NVDA,192.4041,195.3068,189.5566,192.9937,126299953,offline_fallback,-0.0045611157532056135,190.686595,188.433724,187.91563770491803,72828641.35,0.015514477149685136,-0.02941228240900695,Short-term upward,Above long MA,-0.33993089663553583,False,False,True,18.6,high_volume
2022-03-29,NVDA,195.8988,198.0401,192.4213,197.7811,90411665,offline_fallback,0.024805991076392697,191.43695499999998,188.60498800000002,188.07475806451615,75498221.9,0.016248448378903036,-0.005335892147588339,Short-term upward,Above long MA,1.3493651952697177,False,False,False,31.3,normal
2022-03-30,NVDA,191.2127,193.6108,187.7581,190.172,122123080,offline_fallback,-0.0384723312793791,191.40067499999998,188.65598000000003,188.10804761904762,77125259.65,0.015982302755914418,-0.043602939216594416,Short-term upward,Above long MA,-2.2137563546626167,False,False,False,34.8,normal
2022-03-31,NVDA,192.5164,193.415,190.2988,192.8645,70684659,offline_fallback,0.01415823570241681,191.67208499999998,188.807402,188.1823671875,77615440.65,0.01568982052251925,-0.03006204420492442,Short-term upward,Above long MA,0.7433904582084052,False,False,False,25.0,normal
2022-04-01,NVDA,193.416,199.4518,190.5261,195.5254,114611006,offline_fallback,0.013796732939447054,192.204645,189.02590200000003,188.29533692307695,80187748.5,0.01548871042531154,-0.01668006926098642,Short-term upward,Above long MA,0.7130471263665517,False,False,False,22.6,normal
2022-04-04,NVDA,202.8657,203.2361,201.1446,201.746,42911060,offline_fallback,0.03181479234922935,193.05392999999998,189.33703000000003,188.49913484848486,79803934.2,0.016745730245918935,0.0,Short-term upward,Above long MA,1.6524329545947627,False,False,False,34.5,normal
2022-04-05,NVDA,202.9919,203.8422,197.1162,200.8492,49742708,offline_fallback,-0.00444519346108474,193.852755,189.602428,188.68346417910448,78798099.1,0.016846016035020554,-0.00444519346108474,Short-term upward,Above long MA,-0.32077227144835374,False,False,False,23.2,normal
2022-04-06,NVDA,198.7826,199.7199,193.8059,198.1504,139388092,offline_fallback,-0.013436946724209031,194.447115,189.78663999999998,188.8226838235294,81800544.95,0.01728055948393145,-0.017822410357578478,Short-term upward,Above long MA,-0.7844222620124957,False,False,True,32.3,high_volume
2022-04-07,NVDA,193.3501,197.9082,192.2399,194.1065,31811586,offline_fallback,-0.020408235360614868,194.798645,189.899288,188.8992608695652,78924344.6,0.018065730775853942,-0.03786692177292239,Short-term upward,Above long MA,-1.181739608139866,False,False,False,42.9,normal
2022-04-08,NVDA,192.9782,195.7289,192.5474,193.0262,132182346,offline_fallback,-0.005565501412884255,194.901095,189.93196799999998,188.95821714285714,84202456.4,0.01757388387431818,-0.04322167477917793,Short-term upward,Above long MA,-0.33162622212115017,False,False,True,29.2,high_volume
2022-04-11,NVDA,196.8785,197.2096,195.8501,196.1952,86058748,offline_fallback,0.01641746042765191,195.17933499999998,190.09914,189.06014647887324,82854239.85,0.017907333100464794,-0.02751380448683005,Short-term upward,Above long MA,0.8893917110353575,False,False,False,38.7,normal
2022-04-12,NVDA,191.647,195.8474,190.7519,191.8323,56644248,offline_fallback,-0.02223754709595338,195.34187500000002,190.1482,189.09864861111112,79676489.0,0.018498586552766236,-0.04913951205971867,Short-term upward,Above long MA,-1.2624012271963774,False,False,False,46.3,normal
2022-04-13,NVDA,193.2084,198.2995,192.6073,194.3909,70333439,offline_fallback,0.013337691306416932,195.402045,190.22863999999998,189.17114520547946,79671722.7,0.017917235501708952,-0.036457228396102104,Short-term upward,Above long MA,0.7007997262766713,False,False,False,37.0,normal
2022-04-14,NVDA,196.0554,199.1711,193.9122,195.0206,133413771,offline_fallback,0.003239349167065031,195.40963,190.26761,189.2501918918919,81017478.7,0.017826406392348497,-0.03333597692147561,Short-term upward,Above long MA,0.12460376250574251,False,False,True,27.3,high_volume
2022-04-15,NVDA,198.744,200.6634,196.4052,199.2174,31497587,offline_fallback,0.021519777910641302,195.75669,190.30895199999998,189.383088,80508468.75,0.018136944748237776,-0.0125335818306187,Short-term upward,Above long MA,1.1120815123001473,False,False,False,41.1,normal
2022-04-18,NVDA,199.784,203.0641,199.1714,200.4013,107320669,offline_fallback,0.005942753996387884,196.01009000000002,190.52878800000002,189.52806447368422,81488382.6,0.017868016414469202,-0.0066653118277438805,Short-term upward,Above long MA,0.2523679603745192,False,False,False,28.7,normal
2022-04-19,NVDA,201.6125,203.4227,198.7309,201.4875,126190530,offline_fallback,0.005420124520150393,196.21819999999997,190.777538,189.68338181818183,84703678.05,0.017776376862585302,-0.0012813141276655227,Short-term upward,Above long MA,0.22541942285608033,False,False,True,26.7,high_volume
2022-04-20,NVDA,200.3923,204.1737,198.1807,199.7072,8701581,offline_fallback,-0.008835783857559454,196.261455,191.00490200000002,189.81189230769232,84906072.4,0.01784259804063762,-0.010105776570539238,Short-term upward,Above long MA,-0.5490976768378435,False,False,False,33.0,normal
2022-04-21,NVDA,197.7417,199.1622,195.0894,197.7969,28618168,offline_fallback,-0.009565503897706273,196.357115,191.251572,189.91296835443038,83395554.35,0.01764208418524023,-0.01957461362307067,Short-term upward,Above long MA,-0.5814262830549628,False,False,False,32.0,normal
2022-04-22,NVDA,197.196,201.5115,196.3004,197.8202,14346121,offline_fallback,0.00011779759945684809,196.554225,191.626692,190.01180875,79164550.85,0.01745714990865922,-0.019459121866108875,Short-term upward,Above long MA,-0.03294633084567454,False,False,False,22.3,normal
2022-04-25,NVDA,196.534,200.5636,194.6178,194.9774,9201258,offline_fallback,-0.014370625446744167,196.65340999999998,191.88456200000002,190.07311234567902,73309616.1,0.017761272122049608,-0.03355010756099264,Short-term upward,Above long MA,-0.844266505488197,False,False,False,36.9,normal
2022-04-26,NVDA,199.1141,201.6234,197.4958,199.0809,10228016,offline_fallback,0.021046028924378124,196.7184,192.1535,190.18296341463414,69300433.65,0.01751038760472606,-0.013210175170759286,Short-term upward,Above long MA,1.1069901900766448,False,False,False,36.5,normal
2022-04-27,NVDA,197.5709,199.4829,196.073,197.981,42331658,offline_fallback,-0.00552488963029607,197.10885000000002,192.358666,190.2769156626506,65310862.55,0.01502730126031362,-0.018662080041240037,Short-term upward,Above long MA,-0.34988175457574416,False,False,False,15.8,normal
2022-04-28,NVDA,198.4657,202.253,195.37,197.4298,91560458,offline_fallback,-0.0027841055454815855,197.33711499999998,192.540426,190.36206904761906,66354652.5,0.01478866854339935,-0.021394228386188652,Short-term upward,Above long MA,-0.18384688327037238,False,False,False,12.3,normal
2022-04-29,NVDA,196.885,200.1328,193.4703,197.2775,3085053,offline_fallback,-0.0007714134340408574,197.42472,192.745092,190.44342705882354,60778354.85,0.01449526293520074,-0.02214913802504137,Short-term upward,Above long MA,-0.052668451662508366,False,False,False,9.5,normal
2022-05-02,NVDA,202.4337,206.1075,198.9191,203.4523,104825870,offline_fallback,0.03130007223327547,197.510035,193.06428399999996,190.59469302325581,63874095.35,0.014437163534658836,0.0,Short-term upward,Above long MA,1.7098481679399873,False,False,False,24.7,normal
2022-05-03,NVDA,207.4015,211.1473,204.0782,207.6344,17487221,offline_fallback,0.02055567816141668,197.84929499999998,193.463056,190.7905517241379,62261321.0,0.015053827851470473,0.0,Short-term upward,Above long MA,1.0649614371441087,False,False,False,22.8,normal
2022-05-04,NVDA,213.3596,216.9118,212.8004,215.024,114552138,offline_fallback,0.035589478429393306,198.692975,194.21768,191.0659318181818,61019523.3,0.01638047942893832,0.0,Short-term upward,Above long MA,1.8246530184784924,False,False,False,32.8,normal
2022-05-05,NVDA,217.2421,221.5341,214.8803,215.2566,70733402,offline_fallback,0.001081739712776253,199.75047999999998,194.925916,191.33773707865168,62965614.1,0.01535242341055045,0.0,Short-term upward,Above long MA,-0.08667572457708736,False,False,False,11.1,normal
2022-05-06,NVDA,216.3057,218.1444,213.7823,215.5912,31061360,offline_fallback,0.0015544238829379164,200.87873000000002,195.56658,191.60721999999998,57909564.8,0.015168768087505943,0.0,Short-term upward,Above long MA,-0.09739302818733184,False,False,False,10.8,normal
2022-05-09,NVDA,220.6222,225.2048,215.7486,219.1323,24418607,offline_fallback,0.016425067442455976,202.025585,196.293202,191.90969340659342,54827557.75,0.015169052337025446,0.0,Short-term upward,Above long MA,0.7585530316773125,False,False,False,20.7,normal
2022-05-10,NVDA,217.8416,221.8468,216.5093,219.3899,58941451,offline_fallback,0.0011755455494240064,203.403465,197.02552200000002,192.2083913043478,54942417.9,0.013739504551969099,0.0,Short-term upward,Above long MA,-0.10199710563654019,False,False,False,6.9,normal
2022-05-11,NVDA,225.4683,229.3145,221.7524,225.5835,13076346,offline_fallback,0.0282310170158242,204.963095,197.71923999999999,192.56726344086022,52079563.25,0.014494077321326976,0.0,Short-term upward,Above long MA,1.4271038027904193,False,False,False,24.1,normal
2022-05-12,NVDA,227.1814,231.1779,222.5038,227.0399,103179364,offline_fallback,0.006456145950390901,206.56405999999998,198.511312,192.93399361702126,50567842.9,0.014461333590317158,0.0,Short-term upward,Above long MA,0.18169026280535874,False,False,False,9.6,normal
2022-05-13,NVDA,223.6331,226.5394,218.9108,224.0689,8952341,offline_fallback,-0.013085805622711999,207.806635,199.295206,193.26172947368423,49440580.6,0.014790837816499437,-0.013085805622711999,Short-term upward,Above long MA,-0.9229072929954433,False,False,False,21.9,normal
2022-05-16,NVDA,221.8074,224.9735,220.0476,221.3785,21369433,offline_fallback,-0.012007021054684541,208.85549499999996,200.02757000000003,193.5546125,45143018.8,0.015329147926498195,-0.024935705133767194,Short-term upward,Above long MA,-0.8428247267123903,False,False,False,23.8,normal
2022-05-17,NVDA,214.6432,215.326,210.0556,214.7189,89851866,offline_fallback,-0.03008241541071066,209.517065,200.62449400000003,193.77280103092784,43326085.6,0.017228158411951473,-0.05426799430408491,Short-term upward,Above long MA,-1.782828372826571,False,False,False,40.6,normal
2022-05-18,NVDA,212.0706,215.2696,208.3048,211.204,50089065,offline_fallback,-0.016369774621609823,210.091905,201.12330999999998,193.9506704081633,45395459.8,0.017586694922005843,-0.06974941408977009,Short-term upward,Above long MA,-1.1590714052803546,False,False,False,39.9,normal
2022-05-19,NVDA,211.1454,212.6552,206.6502,211.9754,103003921,offline_fallback,0.003652392947103289,210.80083,201.62130000000002,194.1327383838384,49114747.45,0.017338279152609114,-0.06635177341075282,Short-term upward,Above long MA,0.04626981005489353,False,False,False,23.7,normal
2022-05-20,NVDA,208.5963,210.7021,207.3476,209.0702,107764552,offline_fallback,-0.013705363924304437,211.36333,201.98316,194.28211299999998,53785669.0,0.017755295987510942,-0.07914776213343999,Short-term upward,Above long MA,-0.9608130578360073,False,False,False,39.5,normal
2022-05-23,NVDA,205.7132,206.7088,203.4099,205.2291,50213145,offline_fallback,-0.018372297917158997,211.875915,202.275134,194.390499009901,55836263.35,0.01798148491346502,-0.09606593378520689,Short-term upward,Above long MA,-1.2125097048414857,False,False,False,44.2,normal
2022-05-24,NVDA,201.7899,203.8818,199.1332,202.9805,59860373,offline_fallback,-0.010956535890865315,212.07089499999998,202.56311399999998,194.47471470588235,58317881.2,0.017686189505177596,-0.10596991982466508,Short-term upward,Above long MA,-0.7582934879965184,False,False,False,37.4,normal
2022-05-25,NVDA,204.1763,206.534,200.6527,203.5666,47359657,offline_fallback,0.0028874694859850614,212.35017499999998,202.770696,194.5629854368932,58569281.15,0.017619797036929997,-0.10338843524860608,Short-term upward,Above long MA,0.105685915389417,False,False,False,27.2,normal
2022-05-26,NVDA,202.4643,202.7021,198.1924,201.9263,123752940,offline_fallback,-0.00805780516057153,212.575,202.91184400000003,194.63378653846152,60178905.25,0.017727028916311442,-0.11061315654208792,Short-term upward,Above long MA,-0.5948534993429777,False,False,False,35.6,normal
2022-05-27,NVDA,200.9537,205.7124,197.2732,201.4261,5773192,offline_fallback,-0.0024771414124856728,212.78242999999998,203.094842,194.69847523809523,60313312.2,0.017741490048380028,-0.11281629352373745,Short-term upward,Above long MA,-0.25617781182201854,False,False,False,30.7,normal
2022-05-30,NVDA,206.5731,208.2872,201.1471,204.4525,12988006,offline_fallback,0.01502486519870061,212.83244,203.277226,194.79049433962263,55721419.0,0.01662588896089058,-0.09948647792744802,Short-term upward,Above long MA,0.8352557124282033,False,False,False,32.0,normal
2022-05-31,NVDA,202.8252,206.275,201.0399,203.2774,102457132,offline_fallback,-0.005747545273351973,212.61459,203.396268,194.86981121495327,59969914.55,0.015973115607292008,-0.10466222016482563,Short-term upward,Above long MA,-0.4703240461891566,False,False,False,24.6,normal
2022-06-01,NVDA,199.1305,199.8456,196.5015,199.6409,57685725,offline_fallback,-0.01788934726634639,211.845435,203.412244,194.91398796296295,57126593.9,0.01387469160587412,-0.12067922862897673,Short-term upward,Above long MA,-1.1961122945377218,False,False,False,25.8,normal
2022-06-02,NVDA,204.5464,207.2742,201.0064,203.9659,24769643,offline_fallback,0.021663897528011677,211.28090000000003,203.573888,194.99703302752292,54828405.95,0.014961949799621068,-0.10162971354374273,Short-term upward,Above long MA,1.2373004415434976,False,False,False,28.2,normal
2022-06-03,NVDA,206.7132,209.4741,205.1657,206.8063,17286590,offline_fallback,0.013925857214367676,210.841655,203.83245399999998,195.10439,54139667.45,0.015391616638091441,-0.08911913720892228,Short-term upward,Above long MA,0.7733956550561211,False,False,False,25.4,normal
2022-06-06,NVDA,216.0199,217.9611,211.0051,213.2677,62277864,offline_fallback,0.03124372903533401,210.548425,204.237934,195.26802342342341,56032630.3,0.016630336725271047,-0.06065982234840661,Short-term upward,Above long MA,1.7645620012406482,False,False,False,37.5,normal
2022-06-07,NVDA,210.3484,216.9414,209.1287,212.6675,94659452,offline_fallback,-0.002814303338011359,210.21230500000001,204.535662,195.42337589285714,57818530.35,0.01662396043495,-0.06330341054589961,Short-term upward,Above long MA,-0.30024337008685437,False,False,False,24.4,normal
2022-06-08,NVDA,213.4588,215.6999,208.6788,213.3228,22456532,offline_fallback,0.0030813358881822683,209.59927000000002,204.998678,195.5817778761062,58287539.65,0.015148419908042592,-0.06041713372847679,Short-term upward,Above long MA,0.07995785369887916,False,False,False,13.8,normal
2022-06-09,NVDA,214.4301,214.9978,210.1253,214.4057,58988236,offline_fallback,0.0050763443945045506,208.96756,205.42950199999999,195.7469,56077983.25,0.015107701623284314,-0.05564748751210691,Short-term upward,Above long MA,0.20680145416911375,False,False,False,15.5,normal
2022-06-10,NVDA,214.9209,220.8738,211.2632,216.2379,82623783,offline_fallback,0.008545481766576213,208.57601,205.843752,195.92508260869565,59761555.35,0.015103143962757387,-0.047577540335421165,Short-term upward,Above long MA,0.40069047296258314,False,False,False,18.3,normal
2022-06-13,NVDA,218.9832,222.4549,216.8543,218.4034,102199971,offline_fallback,0.0100144331775327,208.427255,206.1769,196.11886120689655,63803082.25,0.015112509440287827,-0.0380395692563289,Short-term upward,Above long MA,0.500008789881539,False,False,False,19.6,normal
2022-06-14,NVDA,219.2673,219.5645,217.4843,218.5511,30647629,offline_fallback,0.0006762715232455641,208.618865,206.530938,196.31058974358973,60842870.4,0.01342131742244223,-0.03738902281052803,Short-term upward,Above long MA,-0.07204080513268603,False,False,False,8.2,normal
2022-06-15,NVDA,228.1266,228.9276,224.577,228.2981,39454785,offline_fallback,0.04459826557724944,209.47356999999997,207.133892,196.58167033898306,60311156.4,0.015959478577093966,0.0,Short-term upward,Above long MA,2.4902329095586775,False,False,False,32.1,normal
2022-06-16,NVDA,231.5359,233.7681,227.7044,232.6262,120031482,offline_fallback,0.018958107842334204,210.50610999999998,207.90428600000004,196.88456554621848,61162534.45,0.01630424350614921,0.0,Short-term upward,Above long MA,0.9434979954191046,False,False,False,27.2,normal
2022-06-17,NVDA,232.9858,234.8535,229.0916,231.5234,38633772,offline_fallback,-0.0047406526006099625,211.62876999999997,208.67423000000002,197.1732225,57705995.45,0.015887079713296948,-0.0047406526006099625,Short-term upward,Above long MA,-0.4654850866235471,False,False,False,20.3,normal
2022-06-20,NVDA,226.4068,230.4386,221.0647,222.9715,16727157,offline_fallback,-0.03693751905854881,212.51588999999998,209.20975600000003,197.38643140495867,56031696.05,0.017769666078171466,-0.041503063713373756,Short-term upward,Above long MA,-2.244605757736349,False,False,False,44.2,normal
2022-06-21,NVDA,227.678,230.4886,226.2744,230.1008,11904138,offline_fallback,0.03197404152548655,213.87190499999997,209.97512600000002,197.65458196721312,53633884.3,0.01841063151975554,-0.010856042870493576,Short-term upward,Above long MA,1.6480831319460725,False,False,False,45.8,normal
2022-06-22,NVDA,236.0245,240.8018,230.1618,234.1542,100474246,offline_fallback,0.017615757963466594,215.401285,210.770392,197.9513268292683,56289613.75,0.018554618644015274,0.0,Short-term upward,Above long MA,0.8219692212476178,False,False,False,39.4,normal
2022-06-23,NVDA,235.3684,236.3733,233.6042,235.3548,78044726,offline_fallback,0.0051273904119593094,217.07271,211.577076,198.25296774193546,54004203.05,0.018215604701931568,0.0,Short-term upward,Above long MA,0.09791818270737267,False,False,False,27.3,normal
2022-06-24,NVDA,244.9064,245.7304,242.5218,245.0331,104498150,offline_fallback,0.041122169592461955,219.25306,212.49339,198.6272088,58940450.95,0.01948015351572303,0.0,Short-term upward,Above long MA,2.112046284180903,False,False,False,49.6,normal
2022-06-27,NVDA,255.2854,258.7966,251.8848,255.7014,120600808,offline_fallback,0.04353819953304283,221.81550499999997,213.59939199999997,199.08017857142858,64321091.05,0.02085978709736554,0.0,Short-term upward,Above long MA,2.191378423587553,False,False,False,52.8,normal
2022-06-28,NVDA,258.1297,263.2796,254.0333,257.0847,18510399,offline_fallback,0.005409825679483893,224.50587000000002,214.71133600000002,199.53690708661418,60123754.4,0.020522070050542848,0.0,Short-term upward,Above long MA,0.06292276407370478,False,False,False,34.3,normal
2022-06-29,NVDA,246.0792,250.6213,244.1388,245.428,127229468,offline_fallback,-0.04534186592978895,226.795225,215.625752,199.89543125,63600941.55,0.023350313794912047,-0.04534186592978895,Short-term upward,Above long MA,-2.592621190811326,True,False,True,62.3,abnormal_return
2022-06-30,NVDA,268.4262,273.5797,265.843,269.3953,53268272,offline_fallback,0.09765511677559213,230.06669499999998,217.05772000000002,200.4341899224806,65025873.0,0.030367362503082716,0.0,Short-term upward,Above long MA,4.135884689547357,True,False,False,65.1,abnormal_return
2022-07-01,NVDA,270.228,274.2178,269.2417,270.7907,65702237,offline_fallback,0.0051797488671851966,233.26591500000004,218.51713,200.97539384615385,67446655.35,0.030437993576920046,0.0,Short-term upward,Above long MA,-0.03225117127672336,False,False,False,45.8,normal
2022-07-04,NVDA,237.7593,239.3077,233.8912,237.021,88436698,offline_fallback,-0.124707753995983,234.45358000000002,219.35800200000003,201.25055114503814,68754597.05,0.04312108201934485,-0.124707753995983,Short-term upward,Above long MA,-4.611154974453142,True,True,False,73.3,abnormal_return
2022-07-05,NVDA,237.3552,241.1407,231.7113,235.128,104670265,offline_fallback,-0.007986634095713097,235.57660499999997,220.07894399999998,201.5071984848485,69255137.7,0.04319344953352128,-0.13169839289163188,Short-term upward,Above long MA,-0.42558090012504013,False,True,False,60.3,volatility_spike
2022-07-06,NVDA,227.7975,230.9802,221.3269,225.6718,46367469,offline_fallback,-0.04021724337382193,236.194055,220.63276,201.6888872180451,70450684.55,0.04441232628155715,-0.1666190899465898,Short-term upward,Above long MA,-1.5288274345107171,False,True,False,71.5,volatility_spike
2022-07-07,NVDA,224.7658,228.9955,218.1266,222.9431,64911440,offline_fallback,-0.012091453163399213,236.62092500000003,221.143026,201.84750074626865,70746844.75,0.044551599940427546,-0.17669587618777172,Short-term upward,Above long MA,-0.520994903938084,False,True,False,62.5,volatility_spike
2022-07-08,NVDA,218.4459,220.0984,213.968,219.5288,61242812,offline_fallback,-0.015314669976330242,236.78546999999998,221.58805199999998,201.97847333333334,69677796.2,0.0447121954735596,-0.18930450713410774,Short-term upward,Above long MA,-0.6136965085719768,False,True,False,63.7,volatility_spike
2022-07-11,NVDA,212.7435,214.6642,209.956,213.8259,3449428,offline_fallback,-0.025977912693004312,236.55659500000002,221.795524,202.06558676470587,64740269.05,0.04508384340368373,-0.2103646838683899,Short-term upward,Above long MA,-0.964730847033955,False,True,False,68.0,volatility_spike
2022-07-12,NVDA,213.8084,215.2433,208.4423,212.5463,138681806,offline_fallback,-0.005984307794331678,236.25635500000004,221.89376199999998,202.1420883211679,70141977.9,0.045102613550047424,-0.2150901046453959,Short-term upward,Above long MA,-0.25564543940106665,False,True,True,58.9,volatility_spike
2022-07-13,NVDA,206.1326,208.0956,204.8054,205.4847,117230744,offline_fallback,-0.033223819939467325,235.11568500000004,221.702976,202.16631014492754,74030775.85,0.04436657701157953,-0.2411678096773634,Short-term upward,Above long MA,-1.1845416917120315,False,True,False,71.2,volatility_spike
2022-07-14,NVDA,206.7505,209.854,204.8488,205.9934,118710356,offline_fallback,0.0024756101062513025,233.78404499999996,221.517712,202.1938431654676,73964719.55,0.044063918168202695,-0.23928923703805194,Short-term upward,Above long MA,0.04814403251106627,False,True,False,56.2,volatility_spike
2022-07-15,NVDA,218.7957,222.6568,213.621,218.3475,69617818,offline_fallback,0.05997328069734276,233.12525,221.57283800000002,202.30922642857144,75513921.85,0.04640707381865881,-0.19366691692144533,Short-term upward,Above long MA,1.9454799496414066,False,True,False,73.2,volatility_spike
2022-07-18,NVDA,199.9436,203.5896,198.594,199.6017,103090272,offline_fallback,-0.08585305533610421,231.95675999999997,221.18222599999999,202.29002411347517,79832077.6,0.04953519395293378,-0.2628930757223199,Short-term upward,Above long MA,-2.7292251732852337,True,True,False,77.6,abnormal_return
2022-07-19,NVDA,196.4941,200.7562,195.8877,197.553,24621022,offline_fallback,-0.010263940637780133,230.32937,220.74548799999997,202.2566647887324,80467921.8,0.04880082114863314,-0.27045869743680273,Short-term upward,Above long MA,-0.33555024022021956,False,True,False,63.9,volatility_spike
2022-07-20,NVDA,208.2283,211.7451,205.6281,208.3329,120543906,offline_fallback,0.054567128821126465,229.03830499999998,220.40047600000003,202.29915594405594,81471404.8,0.05043184305234344,-0.23064972319950428,Short-term upward,Above long MA,1.6388137187760383,False,True,False,74.3,volatility_spike
2022-07-21,NVDA,204.1812,204.7113,202.6959,204.1802,86012455,offline_fallback,-0.01993300146064292,227.47957499999998,219.943282,202.31221875,81869791.25,0.050488840757198235,-0.24598518339071462,Short-term upward,Above long MA,-0.6455080561373764,False,True,False,67.0,volatility_spike
2022-07-22,NVDA,203.4473,204.6911,199.9632,203.0972,19926332,offline_fallback,-0.005304138207328779,225.38278,219.523848,202.31763241379312,77641200.35,0.04926811659771906,-0.24998458218838393,Short-term upward,Above long MA,-0.19397017930553198,False,True,False,60.4,volatility_spike
2022-07-25,NVDA,202.053,202.2872,199.9963,201.9679,113762744,offline_fallback,-0.00556039177300327,222.69610500000005,219.135636,202.3152369863014,77299297.15,0.047756031953338524,-0.2541549617472093,Short-term upward,Above long MA,-0.1843029276479542,False,True,False,60.3,volatility_spike
2022-07-26,NVDA,196.4131,199.8455,195.4241,197.4157,130597087,offline_fallback,-0.022539225292732112,219.71265499999998,218.78957200000002,202.28190680272107,82903631.55,0.047670972238114194,-0.2709657310978554,Short-term upward,Above long MA,-0.6865325470898526,False,True,True,68.4,volatility_spike
2022-07-27,NVDA,195.141,195.7335,193.5312,194.7781,13029653,offline_fallback,-0.01336063950334243,217.18016000000003,218.461054,202.2312054054054,77193640.8,0.0470265188966727,-0.2807060951502397,Short-term downward,Above long MA,-0.3813523949197802,False,True,False,64.9,volatility_spike
2022-07-28,NVDA,201.5393,204.0201,200.6276,202.9588,94027443,offline_fallback,0.0420001016541387,213.85833499999998,218.280722,202.23608859060403,79231599.35,0.041631695730132756,-0.2504956780273474,Short-term downward,Above long MA,1.3044771932424075,False,True,False,72.1,volatility_spike
2022-07-29,NVDA,203.3171,209.0699,202.8435,205.4341,109282401,offline_fallback,0.012196071320878854,210.59050499999998,218.208,202.25740866666666,81410607.55,0.041823899834938096,-0.24135466986126186,Short-term downward,Above long MA,0.3827147265034663,False,True,False,61.6,volatility_spike
2022-08-01,NVDA,203.4343,208.1879,202.9681,204.4499,4252690,offline_fallback,-0.004790830733553908,208.96194999999997,218.192416,202.2719284768212,77201407.15,0.03250149313315735,-0.2449892112247577,Short-term downward,Above long MA,-0.12804932498342106,False,True,False,55.0,volatility_spike
2022-08-02,NVDA,208.1671,211.4931,206.9982,208.2186,64773896,offline_fallback,0.018433366805266305,207.61648,218.29717800000003,202.31105131578948,75206588.7,0.03298655983560872,-0.2310718204133303,Short-term downward,Above long MA,0.5757583045517907,False,True,False,61.3,volatility_spike
2022-08-03,NVDA,206.4501,206.8647,200.966,205.3948,65645031,offline_fallback,-0.013561708704217579,206.60263,218.33374200000003,202.3312065359477,76170466.8,0.03203647407153612,-0.24149980039934904,Short-term downward,Above long MA,-0.38621050204938806,False,True,False,58.7,volatility_spike
2022-08-04,NVDA,203.6406,207.6833,199.3738,204.4604,113532182,offline_fallback,-0.004549287518476719,205.67849500000003,218.384424,202.34503246753246,78601503.9,0.03198310913919731,-0.2449504358901543,Short-term downward,Above long MA,-0.1027000733734963,False,True,False,54.1,volatility_spike
2022-08-05,NVDA,214.6007,215.2453,213.2688,213.9193,83883137,offline_fallback,0.04626274818986964,205.39802,218.63428800000003,202.41970516129032,79733520.15,0.03373510329659267,-0.21001976803486977,Short-term downward,Above long MA,1.4109366763376312,False,True,False,68.9,volatility_spike
2022-08-08,NVDA,210.0138,212.528,207.9796,210.6137,120463829,offline_fallback,-0.01545255617422081,205.23741,218.757512,202.47223076923078,85584240.2,0.033401275386290195,-0.222226981945835,Short-term downward,Above long MA,-0.4598628860701081,False,True,False,59.4,volatility_spike
2022-08-09,NVDA,210.2309,213.6277,206.9158,210.4884,101100192,offline_fallback,-0.0005949280602353113,205.13451500000002,218.901732,202.5232891719745,83705159.5,0.033374081320611426,-0.22268970093876927,Short-term downward,Above long MA,-0.024380012639192025,False,True,False,52.2,volatility_spike
2022-08-10,NVDA,210.8793,214.2637,206.9193,210.4267,3231818,offline_fallback,-0.0002931277923153841,205.381615,219.117448,202.57331075949367,78005213.2,0.03244571722438424,-0.2229175521906771,Short-term downward,Above long MA,-0.02339763459440545,False,True,False,51.7,volatility_spike
2022-08-11,NVDA,210.4241,213.8068,207.5284,210.1657,91214293,offline_fallback,-0.0012403368964111205,205.59022999999996,219.24144399999997,202.62106163522014,76630410.05,0.03245163621227932,-0.22388139622224845,Short-term downward,Above long MA,-0.04989690195437332,False,True,False,52.3,volatility_spike
2022-08-12,NVDA,204.1837,210.8965,202.2774,206.5523,105270322,offline_fallback,-0.017193100491659563,205.00047,219.23636400000004,202.645631875,78413035.25,0.02959612877133534,-0.23722528137044596,Short-term downward,Above long MA,-0.5359606085020922,False,False,False,60.1,normal
2022-08-15,NVDA,212.9949,213.6707,208.9739,211.2437,37242201,offline_fallback,0.02271289160178802,205.58256999999998,219.195884,202.69903602484473,75120631.7,0.022605403307709566,-0.21990046186962853,Short-term downward,Above long MA,0.6629010840247102,False,False,False,53.2,normal
2022-08-16,NVDA,211.0715,212.6164,207.1896,207.9814,93352094,offline_fallback,-0.015443300794295789,206.10398999999998,219.10216200000002,202.73164320987655,78557185.3,0.02279514945034632,-0.23194777368646713,Short-term downward,Above long MA,-0.5001104007429579,False,False,False,52.7,normal
2022-08-17,NVDA,210.5827,214.7299,204.8134,208.9875,49442648,offline_fallback,0.004837451810594695,206.13672000000003,219.01545599999997,202.77002269938652,75002122.4,0.01929710986561433,-0.2282323580536555,Short-term downward,Above long MA,0.11790917696784861,False,False,False,37.8,normal
2022-08-18,NVDA,209.936,214.1684,208.1892,210.295,128731757,offline_fallback,0.00625635504515798,206.44245999999998,218.93324199999998,202.81590670731708,77138087.5,0.01872988131329327,-0.22340390567327473,Short-term downward,Above long MA,0.15400227643575806,False,False,True,36.0,high_volume
2022-08-19,NVDA,206.5959,211.1,203.6351,207.4648,127538495,offline_fallback,-0.013458237238165416,206.66084,218.75778,202.84408181818185,82518695.65,0.018976140754867966,-0.2338555201489564,Short-term downward,Above long MA,-0.4416723980156981,False,False,True,42.6,high_volume
2022-08-22,NVDA,209.1976,211.2748,206.8842,207.432,134721725,offline_fallback,-0.0001580991088608874,206.93404500000003,218.538352,202.87171987951805,83566644.7,0.01891269342200886,-0.23397664690847964,Short-term downward,Above long MA,-0.028539523981641234,False,False,True,35.6,high_volume
2022-08-23,NVDA,200.5743,201.1389,196.4589,199.2662,26016589,offline_fallback,-0.03936615372748653,207.02657,218.152654,202.85012994011979,78337619.8,0.020357615155702967,-0.26413203998512513,Short-term downward,Above long MA,-1.1940504524824653,False,False,False,56.5,normal
2022-08-24,NVDA,200.6586,201.9491,196.7778,199.1589,18429977,offline_fallback,-0.0005384756672230928,207.24561,217.56987,202.8281583333333,78607636.0,0.020092952401545003,-0.26452828697588215,Short-term downward,Above long MA,-0.03157289446571678,False,False,False,40.5,normal
2022-08-25,NVDA,193.8909,194.8082,190.9977,192.8039,84587961,offline_fallback,-0.031909194115854134,206.737865,216.77342399999998,202.7688431952663,78135661.9,0.01897985912463298,-0.28799659663348853,Short-term downward,Above long MA,-0.9492605676471301,False,False,False,51.6,normal
2022-08-26,NVDA,191.7089,194.2725,190.4669,191.2697,93955150,offline_fallback,-0.00795730791752658,206.02964500000002,215.96835,202.7012011764706,77369299.35,0.018697449619540996,-0.29366222695240274,Short-term downward,Above long MA,-0.21723962850522402,False,False,False,41.0,normal
2022-08-29,NVDA,189.9651,190.5754,186.3208,189.2526,37428133,offline_fallback,-0.010545841813941248,205.26978,215.293972,202.62255438596492,79028071.5,0.0187641430949654,-0.30111115337417427,Short-term downward,Above long MA,-0.2763302767652334,False,False,False,43.1,normal
2022-08-30,NVDA,193.5618,197.3549,191.8168,194.1306,127666413,offline_fallback,0.02577507521693212,204.56538,214.574568,202.5731825581395,82172697.35,0.019284286354317646,-0.2830972407841186,Short-term downward,Above long MA,0.8078824668844892,False,False,True,50.6,high_volume
2022-08-31,NVDA,194.1282,195.1179,189.357,193.5708,99640074,offline_fallback,-0.002883625765335296,203.97418,213.7629,202.52114566473986,83872449.5,0.019133059501999117,-0.28516452005183346,Short-term downward,Above long MA,-0.05473820158483996,False,False,False,39.2,normal
2022-09-01,NVDA,195.105,199.1349,191.4363,196.071,46209512,offline_fallback,0.01291620430354179,203.55471,212.97722399999998,202.48407586206898,80506316.0,0.01944443702479137,-0.2759315589494027,Short-term downward,Above long MA,0.4180811503988734,False,False,False,45.4,normal
2022-09-02,NVDA,199.3916,200.6741,195.7564,199.1912,90337084,offline_fallback,0.01591362312631661,202.818305,212.060386,202.46525942857144,80829013.35,0.01643876620139576,-0.26440900666086387,Short-term downward,Above long MA,0.504060354923347,False,False,False,30.7,normal
2022-09-05,NVDA,198.4075,202.1789,196.5151,199.5073,137396221,offline_fallback,0.0015869174943470288,202.26298500000001,210.936504,202.44845284090908,81675632.95,0.016223077656651413,-0.26324168444484997,Short-term downward,Above long MA,0.07675128369618495,False,False,True,22.4,high_volume
2022-09-06,NVDA,198.7716,200.4453,194.1705,198.0762,139450167,offline_fallback,-0.007173171107022092,201.642375,209.75633399999998,202.42375084745765,83593131.7,0.016247397872476126,-0.2685265779068484,Short-term downward,Above long MA,-0.18339079742196207,False,False,True,24.6,high_volume
2022-09-07,NVDA,198.189,198.4955,193.9593,198.0919,26379343,offline_fallback,7.926242526878902e-05,201.025635,208.809612,202.3994146067416,84750507.95,0.01625076535113439,-0.2684685995493937,Short-term downward,Above long MA,0.05855717297917915,False,False,False,22.6,normal
2022-09-08,NVDA,195.5406,199.5557,192.5911,194.6885,18853327,offline_fallback,-0.017180914514929757,200.251775,207.315476,202.35633687150838,81132459.65,0.01655371050352179,-0.2810369780055224,Short-term downward,Above long MA,-0.4527666430263975,False,False,False,31.3,normal
2022-09-09,NVDA,199.9947,202.9329,197.9274,199.4868,47078366,offline_fallback,0.024646037131109244,199.8985,205.889398,202.340395,78222861.85,0.01738005288560104,-0.2633173886695519,Short-term downward,Above long MA,0.8117438963382329,False,False,False,39.5,normal
2022-09-12,NVDA,195.7856,198.5347,194.8666,195.357,130865741,offline_fallback,-0.02070212164413876,199.10416500000002,205.056118,202.30181270718234,82904038.85,0.016888590186132438,-0.27856828170243664,Short-term downward,Above long MA,-0.5849830344712944,False,False,True,34.8,high_volume
2022-09-13,NVDA,198.7078,200.9188,194.9876,199.036,73146888,offline_fallback,0.01883218927399577,198.656895,204.334278,202.2838686813187,81893778.55,0.017373291348037813,-0.26498214303519285,Short-term downward,Above long MA,0.6407897957610453,False,False,False,37.2,normal
2022-09-14,NVDA,194.0416,198.2321,191.6492,193.8889,24279733,offline_fallback,-0.025860145903253695,197.901965,203.69862,202.23799453551914,80635632.8,0.018074510327779743,-0.2839898120577996,Short-term downward,Above long MA,-0.7177227532443048,False,False,False,44.5,normal
2022-09-15,NVDA,192.1487,195.9763,190.2222,193.6214,117522800,offline_fallback,-0.0013796560813951197,197.068285,203.112186,202.19116521739127,80075184.95,0.017935770336141143,-0.284977659867935,Short-term downward,Above long MA,0.04157422149667723,False,False,False,33.6,normal
2022-09-16,NVDA,192.4724,196.1923,190.814,192.1982,129996291,offline_fallback,-0.0073504271738557,196.304955,202.56557400000003,202.13714918918922,80198074.75,0.017817286782639913,-0.29023337950675554,Short-term downward,Above long MA,-0.11982154322905714,False,False,True,33.9,high_volume
2022-09-19,NVDA,192.8409,194.0425,187.7622,191.8487,2567987,offline_fallback,-0.0018184353443476686,195.52579,202.12603,202.08183494623654,73590387.85,0.017803960829854904,-0.29152404421569866,Short-term downward,Above long MA,0.07905524238052343,False,False,False,33.2,normal
2022-09-20,NVDA,192.7801,194.6202,190.0186,191.7567,99162122,offline_fallback,-0.000479544557768774,195.150315,201.710238,202.02662032085564,77247664.5,0.015709350951281193,-0.29186379000460505,Short-term downward,Below long MA,0.12512239088286378,False,False,False,23.2,normal
2022-09-21,NVDA,185.5127,188.0076,183.3017,185.1002,53515493,offline_fallback,-0.03471325904127465,194.44738,201.302548,201.93658617021273,79001940.3,0.01733885935292891,-0.3164455056986817,Short-term downward,Below long MA,-0.9831716200011418,False,False,False,44.3,normal
2022-09-22,NVDA,189.3864,191.1132,186.2865,189.5942,110864074,offline_fallback,0.024278742000278797,194.28689500000002,200.974564,201.87128253968257,80315745.95,0.017044762955495084,-0.29984966248840894,Short-term downward,Below long MA,1.051182880192556,False,False,False,42.4,normal
2022-09-23,NVDA,194.4084,197.6156,189.2964,193.4325,11497720,offline_fallback,0.020244817615728827,194.395035,200.47626400000001,201.82686789473684,76192874.45,0.017571283486164695,-0.2856752466018959,Short-term downward,Below long MA,0.8944461172680289,False,False,False,42.5,normal
2022-09-26,NVDA,187.0539,191.6974,185.8035,187.7977,30788000,offline_fallback,-0.029130575265273517,194.32229,200.240184,201.7534167539267,75860867.8,0.01865577358988526,-0.30648393759460724,Short-term downward,Below long MA,-1.066896108103212,False,False,False,52.7,normal
2022-09-27,NVDA,187.9941,188.1857,185.4533,187.4677,58088776,offline_fallback,-0.0017572100190789142,193.98914499999998,200.03847800000003,201.6790119791667,72381985.95,0.017623907731469917,-0.30770259096785824,Short-term downward,Below long MA,0.07220170883720596,False,False,False,32.9,normal
2022-09-28,NVDA,186.9731,188.4306,184.3505,187.9391,112212966,offline_fallback,0.0025145665093240233,193.70756,199.630602,201.6078207253886,73010630.55,0.017644483557114215,-0.3059617630886142,Short-term downward,Below long MA,0.22545307162844253,False,False,False,35.5,normal
2022-09-29,NVDA,189.8949,194.1404,187.279,190.6618,82181048,offline_fallback,0.014487139717067832,193.43710000000002,199.36023400000002,201.55139793814433,74809207.35,0.017714581966009557,-0.2959071341814915,Short-term downward,Below long MA,0.7148554267400541,False,False,False,42.3,normal
2022-09-30,NVDA,189.497,193.3437,184.9211,188.7485,102749126,offline_fallback,-0.010035046349085142,192.914965,199.07326,201.48574205128205,75429809.45,0.01733772955207161,-0.3029727387240404,Short-term downward,Below long MA,-0.33181352037588957,False,False,False,35.3,normal
2022-10-03,NVDA,184.4503,187.8045,181.1915,184.1332,48273840,offline_fallback,-0.02445211485124399,192.14626,198.71656599999997,201.39720867346938,70973690.4,0.017976973019869856,-0.32001652937120817,Short-term downward,Below long MA,-0.9477802082374307,False,False,False,49.0,normal
2022-10-04,NVDA,186.8401,189.6512,185.9402,186.6018,73798403,offline_fallback,0.013406599135842967,191.57254,198.500288,201.32210507614215,67691102.2,0.01836146830552285,-0.3109002635614887,Short-term downward,Below long MA,0.6499301080451374,False,False,False,47.0,normal
2022-10-05,NVDA,186.8027,190.0828,183.2883,187.4007,114585651,offline_fallback,0.0042813091835127715,191.03798,198.35274,201.25179494949495,72101417.6,0.018420318147738445,-0.30795001453151827,Short-term downward,Below long MA,0.2393110035905318,False,False,False,41.4,normal
2022-10-06,NVDA,191.9367,194.3433,187.7344,191.1569,11856406,offline_fallback,0.020043681800548274,190.8614,198.116702,201.20106683417086,71751571.55,0.018748094052562732,-0.294078784832714,Short-term downward,Below long MA,0.900226280358128,False,False,False,50.7,normal
2022-10-07,NVDA,193.6804,196.7592,191.9242,192.331,2213097,offline_fallback,0.006142074913330298,190.50360999999998,197.85464,201.15671650000002,69508308.1,0.017864779194928043,-0.2897429638462474,Short-term downward,Below long MA,0.36497357985519724,False,False,False,38.9,normal
2022-10-10,NVDA,192.8081,193.9544,190.9709,193.2445,26383197,offline_fallback,0.004749624345529391,190.397985,197.630532,201.2160235,64284180.9,0.017336571344926183,-0.28636950973574804,Short-term downward,Below long MA,0.26902215246862876,False,False,False,32.7,normal
2022-10-11,NVDA,194.5924,195.8207,191.438,194.7985,68808944,offline_fallback,0.008041626022991633,190.18611,197.36213,201.2926585,64067283.7,0.016868132862464583,-0.2806307602144388,Short-term downward,Below long MA,0.4265282755797975,False,False,False,32.6,normal
2022-10-12,NVDA,193.2019,194.2766,190.1346,190.8078,88446848,offline_fallback,-0.020486297379086582,190.03205499999999,197.07038999999997,201.34146700000002,67275639.45,0.01648881116337976,-0.2953679723860533,Short-term downward,Below long MA,-1.0797097022866224,False,False,False,39.4,normal
2022-10-13,NVDA,194.7142,198.1368,190.6587,195.3721,28979813,offline_fallback,0.023920929857165207,190.11959,196.888624,201.398049,62848490.1,0.01737810562840895,-0.2785125190783879,Short-term downward,Below long MA,1.3698290320535729,False,False,False,44.9,normal
2022-10-14,NVDA,196.9094,199.2308,195.8514,197.5279,65359234,offline_fallback,0.0110343288524819,190.386075,196.560796,201.4599435,59616637.25,0.017421922143895114,-0.27055138895095,Short-term downward,Below long MA,0.6322466066193824,False,False,False,37.6,normal
2022-10-17,NVDA,200.4586,202.7185,197.0627,199.7407,125035495,offline_fallback,0.011202468107037067,190.780675,196.34333600000002,201.5328155,65740012.65,0.01753378290405572,-0.26237976414995057,Short-term downward,Below long MA,0.6243993598815694,False,False,False,37.8,normal
2022-10-18,NVDA,201.7025,205.695,198.5243,203.0054,11495161,offline_fallback,0.016344690891741065,191.34311,196.193676,201.6165535,61356664.6,0.017801781279327494,-0.2503235893994883,Short-term downward,Below long MA,0.8804271171381987,False,False,False,42.3,normal
2022-10-19,NVDA,201.2024,205.435,199.0765,200.8846,107298027,offline_fallback,-0.010447012739562611,192.13232999999997,196.002834,201.66630249999997,64045791.3,0.015811335127004545,-0.2581554684115813,Short-term downward,Below long MA,-0.6237750565453621,False,False,False,28.7,normal
2022-10-20,NVDA,198.5349,203.6864,196.6894,199.8478,58351424,offline_fallback,-0.005161172135644043,192.64500999999998,195.796476,201.735442,61420158.8,0.015204292656091451,-0.26198425573699546,Short-term downward,Below long MA,-0.29698491320472625,False,False,False,21.9,normal
2022-10-21,NVDA,205.5784,208.6226,203.3632,205.0522,13037382,offline_fallback,0.026041817823363456,193.22599499999998,195.766474,201.802427,61497141.9,0.015605383478608492,-0.24276498417412418,Short-term downward,Below long MA,1.5027949213331333,False,False,False,35.4,normal
2022-10-24,NVDA,206.9797,209.0729,204.8679,208.0199,42435470,offline_fallback,0.014472900071298866,194.23710499999999,195.70199799999997,201.892385,62079515.4,0.013818350513347021,-0.23180559745958784,Short-term downward,Below long MA,0.8095621502305127,False,False,False,23.5,normal
2022-10-25,NVDA,205.0032,206.8472,201.2318,206.2029,47805980,offline_fallback,-0.008734741243506039,195.173865,195.66642799999997,201.97731,61565375.6,0.014089133569664144,-0.23851557679048807,Short-term downward,Below long MA,-0.5064512014240345,False,False,False,20.6,normal
2022-10-26,NVDA,208.4643,210.9009,205.9317,208.8686,117321020,offline_fallback,0.012927558244816062,196.22034000000002,195.66404999999997,202.083541,61820778.3,0.014189615630680602,-0.22867144255692695,Short-term upward,Below long MA,0.726839982968719,False,False,False,22.8,normal
2022-10-27,NVDA,204.8113,205.5206,201.1765,204.0467,69530888,offline_fallback,-0.023085806100103134,196.88958499999998,195.539084,202.1773075,61188270.3,0.015360599178118124,-0.24647818407352995,Short-term upward,Below long MA,-1.3291332439086518,False,False,False,33.3,normal
2022-10-28,NVDA,200.4799,203.6396,199.6278,200.0626,82503199,offline_fallback,-0.01952543216822411,197.45529000000002,195.39104,202.2546185,60175973.95,0.015936846843466516,-0.2611910231776793,Short-term upward,Below long MA,-1.120452088813709,False,False,False,34.8,normal
2022-10-31,NVDA,210.3382,211.8731,206.2036,210.1767,110246754,offline_fallback,0.050554676386291186,198.757465,195.44593399999997,202.37455400000002,63274619.65,0.017839678022592228,-0.22384077444314,Short-term upward,Below long MA,2.845360924307722,True,False,False,48.3,abnormal_return
2022-11-01,NVDA,207.5895,211.633,203.857,208.6653,36538726,offline_fallback,-0.007191092066818117,199.86064,195.633916,202.479984,61411635.8,0.01803089385196711,-0.2294222068926297,Short-term upward,Below long MA,-0.4056849779536762,False,False,False,37.1,normal
2022-11-02,NVDA,207.9357,210.9341,206.6735,209.3953,131419944,offline_fallback,0.0034984254689207628,200.96036999999998,195.838644,202.5822615,62253350.45,0.018035113840341312,-0.22672639791543814,Short-term upward,Below long MA,0.19291203550220606,False,False,True,33.5,high_volume
2022-11-03,NVDA,206.3938,208.4688,202.1806,205.9553,56317525,offline_fallback,-0.016428257940842017,201.70029,196.101672,202.6696675,64476406.4,0.01835139699462868,-0.23942993610932728,Short-term upward,Below long MA,-0.9085987834582796,False,False,False,45.7,normal
2022-11-04,NVDA,199.7603,204.3784,199.5238,200.4421,111225910,offline_fallback,-0.0267689153908639,202.105845,196.28511999999998,202.714917,69927047.05,0.019573985064095717,-0.25978957179844064,Short-term upward,Below long MA,-1.461894284444309,False,False,False,55.7,normal
2022-11-07,NVDA,200.242,200.9614,199.0826,199.9544,43339010,offline_fallback,-0.0024331215847370746,202.44134,196.499156,202.77550599999998,70774837.7,0.019591556111501596,-0.2615905937685453,Short-term upward,Below long MA,-0.09393506589714717,False,False,False,39.8,normal
2022-11-08,NVDA,197.5051,202.1186,193.512,198.0654,10685982,offline_fallback,-0.00944715395110074,202.604685,196.57785199999998,202.8189365,67868689.6,0.019692516358598516,-0.26856646110815474,Short-term upward,Below long MA,-0.49489650987627193,False,False,False,47.1,normal
2022-11-09,NVDA,202.042,207.5445,200.9342,203.5776,33969748,offline_fallback,0.02783020153949134,203.243175,196.777988,202.88497999999998,65144834.6,0.019878827668043355,-0.2482105183080513,Short-term upward,Below long MA,1.5508402292410945,False,False,False,56.5,normal
2022-11-10,NVDA,201.9211,205.354,198.0638,201.574,105065427,offline_fallback,-0.009841947247634208,203.55327,196.88804799999997,202.9274895,68949115.3,0.01947667383594123,-0.2556095907281897,Short-term upward,Below long MA,-0.5124665235106111,False,False,False,46.2,normal
2022-11-11,NVDA,208.1864,208.6637,206.3382,206.7374,68195480,offline_fallback,0.025615406748886294,204.013745,197.03897200000003,202.975425,69090927.6,0.020105555545568095,-0.23654172761472236,Short-term upward,Below long MA,1.3884090867138765,False,False,False,55.7,normal
2022-11-14,NVDA,200.8198,204.1086,196.1555,200.4792,93770053,offline_fallback,-0.030271252322995323,204.05067000000003,197.05841,203.0307735,67527655.5,0.021263090674075384,-0.2596525656161752,Short-term upward,Below long MA,-1.590356371395335,False,False,False,60.3,normal
2022-11-15,NVDA,196.9975,199.0147,194.1237,197.176,93188852,offline_fallback,-0.01647652225268259,203.75920000000002,197.040406,203.0714035,71612340.05,0.021234057618416423,-0.2718509165935168,Short-term upward,Below long MA,-0.9043493759208953,False,False,False,56.0,normal
2022-11-16,NVDA,191.5767,192.339,189.8982,191.9499,102399305,offline_fallback,-0.026504747028035736,203.31246500000003,196.917566,203.089458,71367403.95,0.021893702477563327,-0.29115032384790174,Short-term upward,Below long MA,-1.4068167699282572,False,False,False,62.4,normal
2022-11-17,NVDA,186.3621,189.9843,183.7993,185.616,85913125,offline_fallback,-0.03299767283025412,202.60087500000003,196.736116,203.090221,72745489.0,0.022960930925044084,-0.3145407135474002,Short-term upward,Below long MA,-1.7533502766269362,False,False,False,68.1,normal
2022-11-18,NVDA,187.5175,189.2675,183.4758,187.4558,63351033,offline_fallback,0.009911861046461468,201.721055,196.49549599999997,203.132179,75261171.55,0.022139538138356563,-0.3077465363470754,Short-term upward,Below long MA,0.5425207648126664,False,False,False,55.6,normal
2022-11-21,NVDA,182.3943,184.6156,180.8165,181.9061,71202130,offline_fallback,-0.029605378974670304,200.415365,196.226478,203.13128999999998,76699504.55,0.02237090143084661,-0.3282409624850484,Short-term upward,Below long MA,-1.5394721657879364,False,False,False,67.3,normal
2022-11-22,NVDA,185.2618,187.8233,181.3131,185.1482,110043800,offline_fallback,0.017822931721366064,199.36263000000002,195.94872199999998,203.128861,79811395.55,0.02300721599999639,-0.3162682470262088,Short-term upward,Below long MA,0.9830771074388528,False,False,False,63.9,normal
2022-11-23,NVDA,186.6523,187.2042,183.7089,186.1694,13026146,offline_fallback,0.005515581571951422,198.22767,195.794332,203.1210945,74596651.85,0.022759555661320728,-0.31249706876934846,Short-term upward,Below long MA,0.31921527994647075,False,False,False,54.6,normal
2022-11-24,NVDA,185.0042,188.1477,181.481,185.5246,22411994,offline_fallback,-0.0034635122635621185,197.301565,195.632396,203.10700849999998,72240707.15,0.022380969369694144,-0.31487824360290073,Short-term upward,Below long MA,-0.14520726533186828,False,False,False,50.7,normal
2022-11-25,NVDA,196.1687,200.533,195.7571,196.3093,138590955,offline_fallback,0.05813083547949982,197.1139,195.71461799999997,203.153334,75045094.95,0.026070935888760343,-0.27505154349835503,Short-term upward,Below long MA,2.898232444917558,True,False,True,71.7,abnormal_return
2022-11-28,NVDA,200.7741,205.5096,197.0802,201.1288,137372028,offline_fallback,0.02455054345362151,196.66150499999998,195.90022000000002,203.2215145,76401358.65,0.023945869999100727,-0.2572536649153756,Short-term upward,Below long MA,1.1914852521998103,False,False,True,63.7,high_volume
2022-11-29,NVDA,204.7227,206.4093,200.7272,205.1491,23729678,offline_fallback,0.01998868386824748,196.48569500000002,196.16806800000003,203.30878099999998,75760906.25,0.024398421115517564,-0.24240714322906953,Short-term upward,Below long MA,0.9386366156492969,False,False,False,61.3,normal
2022-11-30,NVDA,208.0262,209.5637,206.7603,207.4799,23776904,offline_fallback,0.011361492689950792,196.389925,196.61566200000001,203.45971649999998,70378754.25,0.024530402952220507,-0.23379975752490767,Short-term downward,Below long MA,0.5065423050071245,False,False,False,56.2,normal
2022-12-01,NVDA,204.4464,205.6541,200.6526,203.5236,8517560,offline_fallback,-0.01906835312721855,196.26834,196.89425,203.5781105,67988756.0,0.02462937026707827,-0.24840993431458325,Short-term downward,Below long MA,-0.9749420442358471,False,False,False,62.4,normal
2022-12-02,NVDA,200.8418,201.633,196.0328,199.7707,77944362,offline_fallback,-0.01843963058829534,196.23477,197.021014,203.65917399999998,66324678.6,0.024225488302625543,-0.26226897747965494,Short-term downward,Below long MA,-0.9133270963359514,False,False,False,62.0,normal
2022-12-05,NVDA,202.6097,207.4008,201.4137,203.1561,104008122,offline_fallback,0.01694642908094135,196.394855,197.32818200000003,203.76094849999998,69358134.2,0.02450442824909908,-0.2497670710257036,Short-term downward,Below long MA,0.7901703118621739,False,False,False,60.3,normal
2022-12-06,NVDA,205.1947,208.9136,200.9741,206.8668,42895147,offline_fallback,0.018265264985890095,196.83492500000003,197.716164,203.88141299999998,70968592.45,0.024660967969262895,-0.23606386777684762,Short-term downward,Below long MA,0.8557494749947773,False,False,False,60.5,normal
2022-12-07,NVDA,217.4724,221.7598,213.4056,217.9014,31591714,offline_fallback,0.053341570517840387,197.551115,198.31541,204.01643199999998,70849690.75,0.026623762583359162,-0.19531431470874006,Short-term downward,Below long MA,2.4200061988557455,False,False,False,68.5,normal
2022-12-08,NVDA,214.3596,215.7548,213.3214,213.8533,85013497,offline_fallback,-0.01857766861525445,198.16508000000002,198.77924,204.148517,69847094.25,0.02692821574459,-0.21026349870952,Short-term downward,Below long MA,-0.959914265716612,False,False,False,62.9,normal
2022-12-09,NVDA,215.7221,220.4104,212.8727,216.4777,36822728,offline_fallback,0.012271964005231562,198.652095,199.333824,204.30653450000003,68278456.65,0.026508315323323282,-0.20057188079206567,Short-term downward,Below long MA,0.4721492160083639,False,False,False,56.7,normal
2022-12-12,NVDA,215.2429,219.3022,212.5102,212.8505,32301124,offline_fallback,-0.016755536482510602,199.27066,199.90816999999998,204.4469855,65205010.2,0.0257877564863298,-0.21396672780859904,Short-term downward,Below long MA,-0.872302914296023,False,False,False,61.2,normal
2022-12-13,NVDA,207.664,211.6725,205.05,208.1725,40599928,offline_fallback,-0.021977867094509995,199.82048500000002,200.339584,204.5634845,62575564.0,0.026038054948305082,-0.23124206259668445,Short-term downward,Below long MA,-1.0878891513114544,False,False,False,64.3,normal
2022-12-14,NVDA,212.0728,216.4871,209.121,211.0512,48573140,offline_fallback,0.013828435552246221,200.77555,200.812594,204.6874245,59884255.75,0.025177393154310865,-0.22061134300402496,Short-term downward,Below long MA,0.5388141403798686,False,False,False,56.7,normal
2022-12-15,NVDA,210.885,214.9503,206.092,210.0476,109541834,offline_fallback,-0.004755244225097988,201.99713,201.190408,204.80228300000002,61065691.2,0.023678344452289137,-0.2243175264143119,Short-term upward,Below long MA,-0.3178170800944867,False,False,False,51.4,normal
2022-12-16,NVDA,210.1169,212.0151,208.6762,209.5057,105371557,offline_fallback,-0.002579891415088742,203.099625,201.53390199999998,204.8949255,63166717.4,0.02374728067446164,-0.22631870296875045,Short-term upward,Below long MA,-0.19744734721992524,False,False,False,49.4,normal
2022-12-19,NVDA,203.713,208.8223,199.7511,205.0908,112935653,offline_fallback,-0.021072935008450755,204.25886,201.770828,204.9672275,65253393.55,0.023146016986652803,-0.24262243865834388,Short-term upward,Below long MA,-1.0985055385197025,False,False,False,60.8,normal
2022-12-20,NVDA,202.2609,203.9678,200.9918,202.527,69213644,offline_fallback,-0.012500804521704656,205.12779999999998,201.92539799999997,205.03695499999998,63211885.75,0.023341534567063133,-0.2520902675018013,Short-term upward,Below long MA,-0.6734829002559621,False,False,False,57.0,normal
2022-12-21,NVDA,212.9818,216.3641,209.4279,211.562,51870737,offline_fallback,0.044611335772514416,206.39742999999999,202.340482,205.1288275,65154115.3,0.024987993930021393,-0.21872501529779276,Short-term upward,Below long MA,1.970739336416386,False,False,False,66.5,normal
2022-12-22,NVDA,223.5284,227.5218,222.5536,222.8305,35371768,offline_fallback,0.053263345969502884,208.262725,202.88965,205.2686355,65802104.0,0.026917957309559714,-0.17711169549028094,Short-term upward,Below long MA,2.244996842130042,False,False,False,68.3,normal
2022-12-23,NVDA,227.1853,231.0879,226.8128,227.2177,64397456,offline_fallback,0.019688507632483088,209.80814500000002,203.48344600000001,205.443343,62092429.05,0.02453258550107914,-0.16091025282626026,Short-term upward,Below long MA,0.7266158470726873,False,False,False,57.2,normal
2022-12-26,NVDA,222.8138,224.3195,219.4504,222.5641,39577165,offline_fallback,-0.020480798811008172,210.87991000000002,203.939914,205.57949699999998,57202685.9,0.024959631763293626,-0.1780954811225054,Short-term upward,Below long MA,-1.065621917243121,False,False,False,61.6,normal
2022-12-27,NVDA,219.9728,222.2557,219.4087,219.7295,96586805,offline_fallback,-0.012736106137512748,211.60893000000002,204.27439599999997,205.691518,60845542.25,0.025023277839723107,-0.18856334430983046,Short-term upward,Below long MA,-0.698968469549048,False,False,False,57.8,normal
2022-12-28,NVDA,211.9152,216.5395,211.4916,212.5293,63798062,offline_fallback,-0.03276847214415901,211.8614,204.50728999999998,205.759954,62846600.15,0.026231558155166774,-0.21515288375856334,Short-term upward,Below long MA,-1.5309682513428262,False,False,False,66.8,normal
2022-12-29,NVDA,213.4363,215.6573,209.0912,214.3199,20128125,offline_fallback,0.008425191255982067,212.401215,204.79673200000002,205.852135,63427128.4,0.025812604195285534,-0.20854039669752333,Short-term upward,Below long MA,0.274229818839998,False,False,False,53.0,normal
2022-12-30,NVDA,212.936,213.4553,208.7163,212.6343,120736240,offline_fallback,-0.007864878623030314,213.04439499999998,204.948374,205.94591649999998,65566722.3,0.025458361007125722,-0.21476513041252898,Short-term upward,Below long MA,-0.42822798536943446,False,False,False,55.1,normal
2023-01-02,NVDA,213.1111,213.5216,205.8793,210.1872,48792382,offline_fallback,-0.011508491339355942,213.39595,204.99172000000002,206.031884,62805935.3,0.025458258072432068,-0.2238019991085367,Short-term upward,Below long MA,-0.5741385342417202,False,False,False,57.5,normal
2023-01-03,NVDA,211.6974,215.6019,207.8722,212.8685,94381186,offline_fallback,0.012756723530262581,213.69603500000002,205.12503200000003,206.10732099999998,65380237.25,0.025302413696735127,-0.2139002558064217,Short-term upward,Below long MA,0.4799472710399128,False,False,False,55.7,normal
2023-01-04,NVDA,210.3286,210.8855,206.3302,209.9087,75745848,offline_fallback,-0.013904358794279092,213.2964,205.14583400000004,206.20600449999998,67587943.95,0.022382635660072005,-0.22483046869778023,Short-term upward,Below long MA,-0.6886927214238514,False,False,False,53.4,normal
2023-01-05,NVDA,207.9413,212.2522,207.0645,208.7733,134693771,offline_fallback,-0.005409018301766433,213.0424,205.240366,206.2855485,70071957.65,0.02204910964980448,-0.2290233748795657,Short-term upward,Below long MA,-0.2980268166911573,False,False,True,47.0,high_volume
2023-01-06,NVDA,205.1083,205.8826,202.4607,204.1372,83508871,offline_fallback,-0.022206383670708818,212.42537499999997,205.32185800000002,206.3286075,72406264.8,0.022305369303345986,-0.24614397761813833,Short-term upward,Below long MA,-1.0062031599660384,False,False,False,57.8,normal
2023-01-09,NVDA,201.5759,204.3333,199.9595,200.9657,32328173,offline_fallback,-0.015536119825294015,211.831135,205.137638,206.324706,72407617.25,0.022266552187573837,-0.2578559751128824,Short-term upward,Below long MA,-0.693374621506312,False,False,False,54.5,normal
2023-01-10,NVDA,197.2237,199.9562,193.8956,196.2179,99635387,offline_fallback,-0.023624927039788468,211.233405,204.88869,206.3015495,75359390.2,0.022344760230830797,-0.27538907355385556,Short-term upward,Below long MA,-1.0124259897858194,False,False,False,59.5,normal
2023-01-11,NVDA,196.6676,197.9686,192.6819,194.7483,93853031,offline_fallback,-0.007489632699157367,210.41826,204.59575,206.284539,77623384.75,0.022019975489032607,-0.2808161432427333,Short-term upward,Below long MA,-0.31420145007659545,False,False,False,49.9,normal
2023-01-12,NVDA,193.1422,195.4861,190.8911,192.0097,42158039,offline_fallback,-0.01406225368847891,209.516365,204.31683800000002,206.274055,74254195.0,0.022139584924680437,-0.2909294890851126,Short-term upward,Below long MA,-0.5918213273449067,False,False,False,54.9,normal
2023-01-13,NVDA,191.5875,192.6555,187.8113,192.2402,85618510,offline_fallback,0.001200460185084351,208.65308999999996,204.15279999999998,206.270125,73266542.65,0.022170709554189004,-0.29007827816834186,Short-term upward,Below long MA,0.08865962926100662,False,False,False,47.0,normal
2023-01-16,NVDA,192.8699,193.9466,189.1287,192.5725,28631932,offline_fallback,0.001728566657754227,208.027175,204.00516199999998,206.2520115,69051356.6,0.021833561479908163,-0.2888511311503682,Short-term upward,Below long MA,0.12157984989964951,False,False,False,46.8,normal
2023-01-17,NVDA,189.7027,193.7876,187.9491,190.4749,129076452,offline_fallback,-0.010892520998584954,207.42457,203.853352,206.24522449999998,72044497.0,0.02179935608824137,-0.2965973351374328,Short-term upward,Below long MA,-0.431957067955258,False,False,True,52.6,high_volume
2023-01-18,NVDA,195.1419,199.1275,192.9393,195.1812,8384507,offline_fallback,0.02470824239834224,206.60553,203.68542399999998,206.249176,69870185.5,0.019889797385721913,-0.27921749159036857,Short-term upward,Below long MA,1.1165380263672462,False,False,False,55.2,normal
2023-01-19,NVDA,194.0178,195.589,192.8254,194.3697,75405346,offline_fallback,-0.004157675021979501,205.18249,203.541338,206.2459215,71871864.4,0.014674408212783076,-0.28221427102186303,Short-term upward,Below long MA,-0.1583418626617578,False,False,False,18.6,normal
2023-01-20,NVDA,195.0206,198.1186,192.7549,195.0263,56542918,offline_fallback,0.0033780985410791775,203.57291999999998,203.30711599999998,206.224966,71479137.5,0.013539652611429788,-0.2797895200979946,Short-term upward,Below long MA,0.15730317706803412,False,False,False,15.9,normal
2023-01-23,NVDA,189.3026,192.7965,185.4244,189.9836,127747671,offline_fallback,-0.025856512685724975,201.943895,203.09720399999998,206.17287750000003,75887662.8,0.013860011196305436,-0.2984116515079728,Short-term downward,Below long MA,-1.1179488932121742,False,False,True,30.5,high_volume
2023-01-24,NVDA,195.7613,196.1288,191.8802,195.3271,10661075,offline_fallback,0.02812611193808312,200.723775,203.060226,206.1420755,71591376.3,0.01594727726032208,-0.27867869908383125,Short-term downward,Below long MA,1.3088384878360049,False,False,False,37.4,normal
2023-01-25,NVDA,190.4422,192.2229,189.8107,191.2354,64525319,offline_fallback,-0.020947938099731167,199.65908,203.045936,206.09971650000003,71627739.15,0.015089105165808836,-0.29378889304544065,Short-term downward,Below long MA,-0.8828351701325411,False,False,False,30.8,normal
2023-01-26,NVDA,190.0279,192.3607,188.8932,191.4514,12718088,offline_fallback,0.0011294979904348246,198.515655,203.162644,206.067989,71257237.3,0.01482942582912559,-0.29299122901931274,Short-term downward,Below long MA,0.0948487306762948,False,False,False,18.6,normal
2023-01-27,NVDA,191.3971,194.3937,189.6147,190.831,46019244,offline_fallback,-0.003240509079588949,197.42549,203.230148,206.033043,67521387.5,0.014827018698556056,-0.2952822973610246,Short-term downward,Below long MA,-0.12103203914192161,False,False,False,19.3,normal
2023-01-30,NVDA,186.901,190.5678,184.5829,186.6394,120130821,offline_fallback,-0.021964984724703984,196.2481,203.324814,205.99135299999998,71088309.45,0.015236519011522119,-0.3107614109347183,Short-term downward,Below long MA,-0.951932057849441,False,False,False,33.5,normal
2023-01-31,NVDA,189.54,192.1711,187.5552,188.5678,113717837,offline_fallback,0.01033222352836538,195.03306500000002,203.39320600000002,205.9387875,72055142.0,0.015089935956699326,-0.3036400437681206,Short-term downward,Below long MA,0.4929639597994328,False,False,False,26.8,normal
2023-02-01,NVDA,188.2277,189.3912,184.8695,189.1798,9612301,offline_fallback,0.003245516997069542,193.99662,203.453414,205.89478150000002,68748464.65,0.0151004787280696,-0.30137999569409146,Short-term downward,Below long MA,0.1940470812970655,False,False,False,22.0,normal
2023-02-02,NVDA,189.8113,190.758,187.3434,189.0,34186709,offline_fallback,-0.0009504185964885892,193.00795499999998,203.522922,205.8526325,63723111.55,0.015128204876295938,-0.30204397713806275,Short-term downward,Below long MA,-0.004986342764950078,False,False,False,19.4,normal
2023-02-03,NVDA,188.3533,192.1965,187.2408,187.5647,133603515,offline_fallback,-0.0075941798941799865,192.17933,203.34803,205.8040685,66227843.75,0.014589322531400687,-0.3073443807339027,Short-term downward,Below long MA,-0.28788446702013587,False,False,True,22.5,high_volume
2023-02-06,NVDA,189.6646,190.743,186.7034,189.2497,103749961,offline_fallback,0.008983566737237991,191.59353,203.110448,205.73305549999998,69798933.15,0.014610022331172489,-0.3011218627523029,Short-term downward,Below long MA,0.45795275643213246,False,False,False,24.7,normal
2023-02-07,NVDA,189.1932,192.9777,185.0764,189.8637,108594248,offline_fallback,0.0032443908761810025,191.27582,202.80473999999998,205.644202,70246876.2,0.013817606825659318,-0.29885442890025404,Short-term downward,Below long MA,0.17297867357410052,False,False,False,18.4,normal
2023-02-08,NVDA,191.6643,192.6224,187.5573,190.0626,53596533,offline_fallback,0.0010475936158413912,191.041535,202.456394,205.51939499999997,68234051.3,0.013756321434033042,-0.29811991327619447,Short-term downward,Below long MA,0.047970361104333135,False,False,False,15.8,normal
2023-02-09,NVDA,179.0464,183.4264,177.6436,180.0116,98772075,offline_fallback,-0.05288257658266282,190.44163,201.98615400000003,205.34317000000001,71064753.1,0.017816976946069665,-0.3352371407142122,Short-term downward,Below long MA,-2.4417317668452645,False,False,False,55.0,normal
2023-02-10,NVDA,178.3761,180.4907,178.0606,178.3767,2166538,offline_fallback,-0.009082192480928897,189.74845499999998,201.55827399999998,205.15709750000002,66892154.5,0.017835667490308287,-0.34127464495641846,Short-term downward,Below long MA,-0.39394870238270596,False,False,False,43.4,normal
2023-02-13,NVDA,182.4186,186.6617,182.0116,182.9071,39125977,offline_fallback,0.025397935941185334,189.265185,201.153294,204.9759715,67416856.75,0.018956662163702665,-0.32454438058618706,Short-term downward,Below long MA,1.1696981613218047,False,False,False,56.2,normal
2023-02-14,NVDA,183.4032,186.2602,183.0971,183.6992,48583487,offline_fallback,0.004330613737793643,188.9264,200.689942,204.79751800000003,63392208.5,0.018903217201026563,-0.3216192432014837,Short-term downward,Below long MA,0.19880055046745299,False,False,False,43.8,normal
2023-02-15,NVDA,184.058,185.7011,183.4827,183.7443,101725944,offline_fallback,0.0002455100512142039,188.354555,200.00679999999997,204.588322,68059280.35,0.017872088346684377,-0.3214526939071394,Short-term downward,Below long MA,0.011380231980282776,False,False,False,35.6,normal
2023-02-16,NVDA,179.9898,183.9577,176.8228,180.0368,35346387,offline_fallback,-0.020177496662481587,187.63791,199.33047,204.3533065,66056332.4,0.018287432809353996,-0.3351440799111639,Short-term downward,Below long MA,-0.9269631947246163,False,False,False,52.1,normal
2023-02-17,NVDA,179.4361,181.0185,178.6098,179.7798,5833022,offline_fallback,-0.0014274859362086723,186.875585,198.596512,204.131861,63520837.6,0.01822151880379775,-0.3360931523866958,Short-term downward,Below long MA,-0.007939508125833064,False,False,False,39.0,normal
2023-02-20,NVDA,179.7973,181.2213,175.8106,179.576,21839679,offline_fallback,-0.0011336090039036906,186.355205,197.931022,203.9228485,58225438.0,0.017477138092707362,-0.3368457631669035,Short-term downward,Below long MA,0.028470141301013087,False,False,False,33.8,normal
2023-02-21,NVDA,180.6264,181.1871,176.0225,179.5503,22165653,offline_fallback,-0.00014311489285878665,185.566365,197.35857799999997,203.7470055,58800666.9,0.015930464912038828,-0.33694067041445674,Short-term downward,Below long MA,0.09655701784640443,False,False,False,27.0,normal
2023-02-22,NVDA,179.9224,183.01,176.716,179.5357,99577507,offline_fallback,-8.13142612404727e-05,184.98138,196.72826799999999,203.58866400000002,60553276.3,0.01544341135204039,-0.3369945865940005,Short-term downward,Below long MA,0.10989961017434517,False,False,False,25.5,normal
2023-02-23,NVDA,177.54,180.8347,175.6543,178.3056,58791422,offline_fallback,-0.006851562112716314,184.32408999999998,196.093428,203.42031500000002,62856943.0,0.015433220457542937,-0.34153720936501886,Short-term downward,Below long MA,-0.24951057245631275,False,False,False,28.3,normal
2023-02-24,NVDA,175.5005,178.2922,174.0159,176.0373,37036394,offline_fallback,-0.012721417611112673,183.584405,195.42406,203.25515049999998,62407800.5,0.01557191287310088,-0.3499137895060651,Short-term downward,Below long MA,-0.5594668756097809,False,False,False,34.4,normal
2023-02-27,NVDA,169.9886,172.1108,168.6402,170.152,67469907,offline_fallback,-0.033432119215643485,182.760035,194.725284,203.079765,59774754.8,0.01645763736255538,-0.3716475491957443,Short-term downward,Below long MA,-1.5679884746326302,False,False,False,49.4,normal
2023-02-28,NVDA,166.703,170.8558,164.8115,167.3618,87543869,offline_fallback,-0.016398279185669273,181.69973499999998,194.02198,202.90167150000002,58466056.4,0.016275597058002227,-0.381951448111032,Short-term downward,Below long MA,-0.671695129142186,False,False,False,41.4,normal
2023-03-01,NVDA,170.5407,173.0592,165.9497,169.2941,108965326,offline_fallback,0.011545645422073703,180.70544999999998,193.17662199999998,202.73030899999998,63433707.65,0.016621051169955676,-0.3748156786772959,Short-term downward,Below long MA,0.862164848324863,False,False,False,45.0,normal
2023-03-02,NVDA,167.3889,169.3865,164.1644,168.3518,7788998,offline_fallback,-0.0055660533946545465,179.67304,192.08704799999998,202.5624365,62113822.1,0.01658796953442364,-0.3782954879912789,Short-term downward,Below long MA,-0.09709524191980495,False,False,False,34.3,normal
2023-03-03,NVDA,165.3504,169.0078,162.4969,165.8705,11177353,offline_fallback,-0.014738779151752479,178.58832999999998,190.86010399999998,202.3846585,55992514.0,0.016708876983005733,-0.3874586534914235,Short-term downward,Below long MA,-0.5846908286950694,False,False,False,43.1,normal
2023-03-06,NVDA,168.7336,170.7877,165.7136,168.0457,52377680,offline_fallback,0.013113844836785349,177.52813,189.76973599999997,202.2026245,53423899.95,0.0169278000652559,-0.37942588131719446,Short-term downward,Below long MA,0.9399757993176416,False,False,False,48.1,normal
2023-03-07,NVDA,168.7989,169.7399,168.3053,169.3099,71730195,offline_fallback,0.007522953577508984,176.50043999999997,188.76134399999998,202.032787,51580697.3,0.01707432481175882,-0.3747573310309402,Short-term downward,Below long MA,0.6048803243936187,False,False,False,44.5,normal
2023-03-08,NVDA,168.7668,171.5355,166.4406,169.598,117482571,offline_fallback,0.001701613431937643,175.47720999999999,187.902718,201.88257249999998,54774999.2,0.017088289779005776,-0.3736934097072019,Short-term downward,Below long MA,0.2923974242399366,False,False,False,39.9,normal
2023-03-09,NVDA,172.6252,174.3219,170.7745,172.027,8838086,offline_fallback,0.014322102854986252,175.07797999999997,187.05685999999997,201.722878,50278299.75,0.013524626263930589,-0.36472338230227264,Short-term downward,Below long MA,0.9780304447216556,False,False,False,34.6,normal
2023-03-10,NVDA,173.4214,177.483,172.2383,173.792,11612364,offline_fallback,0.010260017322862192,174.848745,186.28001400000002,201.55780649999997,50750591.05,0.013695467330601651,-0.3582054331998846,Short-term downward,Below long MA,0.7354375651435638,False,False,False,31.8,normal
2023-03-13,NVDA,177.4682,178.7383,174.7579,177.4343,29058889,offline_fallback,0.02095781163689936,174.575105,185.624956,201.3786395,50247236.65,0.0132708243573753,-0.3447548235593024,Short-term downward,Below long MA,1.2847516343677645,False,False,False,35.1,normal
2023-03-14,NVDA,167.524,170.4921,165.8473,168.9564,2862986,offline_fallback,-0.047780502416950976,173.837965,184.746714,201.16008399999998,47961211.6,0.016741401844954498,-0.3760627672959227,Short-term downward,Below long MA,-2.3707861829539745,False,False,False,52.8,normal
2023-03-15,NVDA,171.64,172.7706,167.7678,171.4422,138324467,offline_fallback,0.014712671434760738,173.22286,183.97738399999997,200.950681,49791137.75,0.017241355773464567,-0.36688298379523376,Short-term downward,Below long MA,0.9994713758800025,False,False,True,49.4,high_volume
2023-03-16,NVDA,154.177,156.0639,151.4853,154.6474,77068683,offline_fallback,-0.09796187869731032,171.95338999999998,182.894866,200.6518895,51877252.55,0.027163319628261705,-0.42890431613788804,Short-term downward,Below long MA,-4.509545778123561,True,False,False,88.4,abnormal_return
2023-03-17,NVDA,148.3519,148.8998,145.9693,147.8487,111486828,offline_fallback,-0.04396258844312928,170.356835,181.769096,200.3099435,57159942.85,0.028327366292268764,-0.4540111606491656,Short-term downward,Below long MA,-1.787344172779688,False,False,False,89.7,normal
2023-03-20,NVDA,145.5956,146.7385,143.2114,145.3116,76761446,offline_fallback,-0.017160110301950637,168.643615,180.656014,199.9444845,59906031.2,0.02830992565448277,-0.46338038935605985,Short-term downward,Below long MA,-0.49759131646799915,False,False,False,80.7,normal
2023-03-21,NVDA,140.6873,143.9765,137.8697,141.1124,56026948,offline_fallback,-0.0288978994106458,166.72172,179.553904,199.557291,61599095.95,0.028505368505337504,-0.4788875688862284,Short-term downward,Below long MA,-1.0426256064814363,False,False,False,87.8,normal
2023-03-22,NVDA,127.2227,128.5543,124.9122,127.937,47574995,offline_fallback,-0.0933681235667454,164.14178499999997,178.21767799999998,199.0554855,58998970.35,0.0336876039341909,-0.5275428587466261,Short-term downward,Below long MA,-3.635186295107878,True,True,False,95.8,abnormal_return
2023-03-23,NVDA,124.7521,124.8796,122.2371,124.6769,29517636,offline_fallback,-0.025482073207906963,161.46035,176.87102199999998,198.515739,57535281.05,0.03367205481529392,-0.539582046207643,Short-term downward,Below long MA,-0.7154086074813141,False,True,False,86.7,volatility_spike
2023-03-24,NVDA,127.9867,130.7701,125.6637,127.6828,41867091,offline_fallback,0.024109518282857456,159.04262500000002,175.57987400000002,197.99653600000002,57776815.9,0.034912277228056,-0.5284815911329304,Short-term downward,Below long MA,1.3549577127806804,False,True,False,93.1,volatility_spike
2023-03-27,NVDA,126.4809,128.0997,126.2009,127.3388,32641994,offline_fallback,-0.0026941765061542222,156.90196500000002,174.2752,197.5183725,56035420.25,0.03474941169700388,-0.5297519449523193,Short-term downward,Below long MA,0.22379819211255808,False,True,False,80.0,volatility_spike
2023-03-28,NVDA,133.7971,134.7547,131.4713,133.3917,7419918,offline_fallback,0.04753382315523602,155.20346,173.133536,197.034827,52029222.7,0.03734062610660115,-0.5073992570645891,Short-term downward,Below long MA,2.2212911494795327,False,True,False,96.3,volatility_spike
2023-03-29,NVDA,139.6088,140.7815,138.5039,139.9209,39856657,offline_fallback,0.048947573199831895,153.7348,172.02833,196.5636605,48573789.25,0.03938810653242145,-0.4832876461414666,Short-term downward,Below long MA,2.146700793928341,False,True,False,96.3,volatility_spike
2023-03-30,NVDA,142.595,145.0827,141.4663,142.239,71004995,offline_fallback,0.016567217620812924,152.42916,170.985716,196.09808149999998,51734589.1,0.039790308701409025,-0.47472716012772964,Short-term downward,Below long MA,0.8708779346827329,False,True,False,89.6,volatility_spike
2023-03-31,NVDA,146.2323,149.0216,143.1342,145.7844,66045018,offline_fallback,0.02492565330183716,151.424855,170.000878,195.601838,54477972.35,0.040400348637706876,-0.4616343914322021,Short-term downward,Below long MA,1.1531361647190561,False,True,False,91.3,volatility_spike
2023-04-03,NVDA,137.5095,138.8975,135.7637,136.1283,67514410,offline_fallback,-0.06623548198572693,149.828985,168.92377199999999,195.00397249999997,55234808.85,0.04231348788191299,-0.4972932970002294,Short-term downward,Below long MA,-2.203030853621856,False,True,False,97.1,volatility_spike
2023-04-04,NVDA,136.3174,136.7958,134.9143,136.4416,134147202,offline_fallback,0.0023015052711301554,148.18557,167.746062,194.400757,58355659.2,0.04221828641729216,-0.4961363148734429,Short-term downward,Below long MA,0.29253309498810204,False,True,True,82.8,volatility_spike
2023-04-05,NVDA,143.3208,146.0069,141.2925,142.8217,38342932,offline_fallback,0.04676066536891965,146.846755,166.777788,193.88772550000002,54398677.25,0.044031100478188506,-0.47257531370168926,Short-term downward,Below long MA,1.8367315336640098,False,True,False,96.0,volatility_spike
2023-04-06,NVDA,139.5121,142.8176,137.3386,140.8224,19123529,offline_fallback,-0.01399857304597274,145.286525,165.76520800000003,193.24486100000001,54912949.4,0.043743191885051214,-0.47995850669908535,Short-term downward,Below long MA,-0.3294953967057195,False,True,False,83.3,volatility_spike
2023-04-07,NVDA,149.5363,150.6844,148.4096,149.0919,26465822,offline_fallback,0.05872290203831221,144.05152,164.930426,192.63636699999998,55655622.3,0.046144015868874746,-0.4494201610321181,Short-term downward,Below long MA,2.140062917225253,False,True,False,94.8,volatility_spike
2023-04-10,NVDA,163.1787,164.221,160.995,163.0207,132290716,offline_fallback,0.09342425711926672,143.33084,164.45805199999998,192.2663655,60817213.65,0.05101031811370911,-0.3979826485916983,Short-term downward,Below long MA,3.009898361010328,True,True,True,89.7,abnormal_return
2023-04-11,NVDA,169.4019,170.0816,167.758,168.9057,10785407,offline_fallback,0.03609971003682344,143.328305,164.06481,191.935254,61213334.7,0.050579173335461976,-0.3762499967687222,Short-term downward,Below long MA,1.1689497729313159,False,True,False,82.9,volatility_spike
2023-04-12,NVDA,161.7634,164.8066,159.1811,160.6653,13912613,offline_fallback,-0.048786985874366584,142.78946,163.49452000000002,191.61022149999997,54992742.0,0.05166872566217864,-0.40668087936550257,Short-term downward,Below long MA,-1.4161116800633535,False,True,False,88.6,volatility_spike
2023-04-13,NVDA,154.1449,157.0877,152.267,153.8563,31148178,offline_fallback,-0.04238002854381129,142.749905,162.79164600000001,191.26478749999998,52696716.75,0.04756501819216674,-0.4318257606335816,Short-term downward,Below long MA,-1.1850303985248152,False,True,False,89.7,volatility_spike
2023-04-14,NVDA,155.6616,159.0274,155.1488,155.4933,130415152,offline_fallback,0.010639798305301706,143.132135,162.150218,190.94460999999998,53643132.95,0.046412293678876275,-0.42578050132445466,Short-term downward,Below long MA,0.4205300450897209,False,True,True,79.9,volatility_spike
2023-04-17,NVDA,157.0445,158.4936,155.344,157.7524,22180797,offline_fallback,0.014528600267664116,143.754175,161.520272,190.66424249999997,50914100.5,0.04620847434379309,-0.41743789576229917,Short-term downward,Below long MA,0.5189546915553659,False,True,False,80.2,volatility_spike
2023-04-18,NVDA,158.8039,161.7306,157.2035,158.1706,122661070,offline_fallback,0.0026509897789195325,144.607085,160.88640999999998,190.39236400000001,54245806.6,0.045518849739935925,-0.4158935295783792,Short-term downward,Below long MA,0.1722798511829824,False,True,False,74.2,volatility_spike
2023-04-19,NVDA,158.9461,159.6795,156.0047,159.2438,60839117,offline_fallback,0.006785078895825025,146.17242500000003,160.270034,190.1611595,54909012.7,0.03896659894954851,-0.41193032109300654,Short-term downward,Below long MA,0.2851861396534971,False,True,False,74.3,volatility_spike
2023-04-20,NVDA,157.8068,160.4281,153.7865,156.8911,124225896,offline_fallback,-0.014774201570171064,147.783135,159.807624,189.915648,59644425.7,0.03849929253825958,-0.4206185810664842,Short-term downward,Below long MA,-0.36728979637705034,False,True,False,76.9,volatility_spike
2023-04-21,NVDA,157.2477,160.8038,154.7075,157.5231,123730934,offline_fallback,0.00402827183951171,149.27515,159.39055199999999,189.61152599999997,63737617.85,0.038435699920379734,-0.4182846752122581,Short-term downward,Below long MA,0.20478671694735429,False,True,False,73.7,volatility_spike
2023-04-24,NVDA,159.3203,162.4511,156.4586,161.4201,100386801,offline_fallback,0.024739228722644446,150.97921499999998,158.960812,189.420618,67124858.2,0.03840128791012249,-0.40389348674086667,Short-term downward,Below long MA,0.8128348752763048,False,True,False,80.3,volatility_spike
2023-04-25,NVDA,156.8321,160.5402,154.1195,157.4272,45242284,offline_fallback,-0.02473607685783863,152.18099,158.435372,189.219989,69015976.5,0.03834363465040063,-0.4186388232683028,Short-term downward,Below long MA,-0.6780654887144761,False,True,False,80.4,volatility_spike
2023-04-26,NVDA,159.4784,160.66,155.3978,157.8939,135336325,offline_fallback,0.0029645448816977282,153.07963999999998,157.918364,188.967794,73789959.9,0.037183976696559866,-0.41691535196740515,Short-term downward,Below long MA,0.16551948603458252,False,True,True,72.4,volatility_spike
2023-04-27,NVDA,161.0781,164.3195,160.7294,161.3757,110185677,offline_fallback,0.0220515168730393,154.036475,157.545142,188.7537715,75748994.0,0.03728058123785221,-0.40405745101290413,Short-term downward,Below long MA,0.7316422559492037,False,True,False,79.1,volatility_spike
2023-04-28,NVDA,159.0794,161.0041,155.0231,157.1906,66291033,offline_fallback,-0.025933892153527482,154.606785,157.093358,188.5242385,75761294.75,0.03772441804131724,-0.4195125608080338,Short-term downward,Below long MA,-0.7105362274896176,False,True,False,80.9,volatility_spike
2023-05-01,NVDA,161.2067,164.3509,158.3843,160.7683,14224783,offline_fallback,0.022760266835294418,155.838785,156.71720399999998,188.31824050000003,73096813.4,0.03401519599486894,-0.40630051179748783,Short-term downward,Below long MA,0.7494269493954833,False,True,False,78.8,volatility_spike
2023-05-02,NVDA,158.8589,163.3585,158.4965,159.8458,24254571,offline_fallback,-0.005738071497925934,157.008995,156.32311399999998,188.13039099999997,67602181.85,0.034144442667872074,-0.40970720190907595,Short-term upward,Below long MA,-0.10297567891250264,False,True,False,69.5,volatility_spike
2023-05-03,NVDA,157.6203,158.0105,155.2017,157.5995,42217300,offline_fallback,-0.014052918500204514,157.747885,155.88439,187.944498,67795900.25,0.03325316743438797,-0.4180025384919054,Short-term upward,Below long MA,-0.34512838208883234,False,True,False,74.4,volatility_spike
2023-05-04,NVDA,152.8954,154.5336,149.9091,153.5649,31688200,offline_fallback,-0.025600335026443655,158.38501000000002,155.389576,187.6975285,68424133.8,0.0337083696736251,-0.4329018684910524,Short-term upward,Below long MA,-0.7168473335213508,False,True,False,81.8,volatility_spike
2023-05-05,NVDA,152.2583,154.9901,149.1783,151.6324,112622946,offline_fallback,-0.01258425590743717,158.51203500000003,154.901478,187.42852000000002,72731990.0,0.031404875263997774,-0.4400383765025905,Short-term upward,Below long MA,-0.3176929395611029,False,False,False,75.9,normal
2023-05-08,NVDA,150.2727,152.6281,147.9773,151.2607,132936334,offline_fallback,-0.0024513230681567633,157.924035,154.523652,187.16257400000003,72764270.9,0.02271964679720149,-0.4414110233475521,Short-term upward,Below long MA,0.005584380100497456,False,False,True,63.5,high_volume
2023-05-09,NVDA,148.1536,150.3294,146.9538,148.7435,41075126,offline_fallback,-0.01664146734743399,156.915925,154.151286,186.86519850000002,74278756.85,0.020868070964651257,-0.4507067635631504,Short-term upward,Below long MA,-0.418723327528447,False,False,False,66.8,normal
2023-05-10,NVDA,146.5242,147.05,143.4986,146.8682,110133821,offline_fallback,-0.012607609744291426,156.22607,153.702768,186.57256550000002,79089817.25,0.01839721983281613,-0.457632038323325,Short-term upward,Below long MA,-0.2883107517411708,False,False,False,58.7,normal
2023-05-11,NVDA,148.2589,151.08,145.2189,146.8447,44029175,offline_fallback,-0.00016000740800259372,155.87548999999999,153.27262599999997,186.28448699999998,79733867.1,0.016075653974929664,-0.4577188212150566,Short-term upward,Below long MA,0.08301273237474721,False,False,False,41.5,normal
2023-05-12,NVDA,145.3027,146.9841,141.9339,145.0696,83062328,offline_fallback,-0.012088281020697256,155.354305,152.85660800000002,185.94023849999996,77366225.9,0.015922337944393797,-0.4642740684964439,Short-term upward,Below long MA,-0.27763011345118493,False,False,False,44.9,normal
2023-05-15,NVDA,146.811,147.614,145.5735,146.159,135177248,offline_fallback,0.007509498888809141,154.774635,152.418874,185.617965,83016048.45,0.015581391320546048,-0.4602510352091117,Short-term upward,Below long MA,0.31907323804569543,False,False,True,43.8,high_volume
2023-05-16,NVDA,146.3031,149.3019,143.1491,146.9844,44812331,offline_fallback,0.005647274543476577,154.215325,151.972364,185.300445,79123611.5,0.01565981564765049,-0.45720292462038026,Short-term upward,Below long MA,0.258883142458204,False,False,False,42.8,normal
2023-05-17,NVDA,146.1726,147.9941,145.9911,147.3717,81753608,offline_fallback,0.002634973507392724,153.62172,151.527838,184.98517000000004,80169336.05,0.01554280037327247,-0.4557726687068647,Short-term upward,Below long MA,0.16515482604521542,False,False,False,40.3,normal
2023-05-18,NVDA,151.5168,153.4204,149.7134,151.44,61377900,offline_fallback,0.02760570720158606,153.349165,151.116098,184.69154149999997,77026936.25,0.016799088357591214,-0.4407488883480859,Short-term upward,Below long MA,0.9062929332388269,False,False,False,54.8,normal
2023-05-19,NVDA,150.9792,153.5614,150.2582,151.5725,135646672,offline_fallback,0.000874933967247804,153.051635,150.671708,184.41664250000002,77622723.15,0.016757909054477584,-0.4402595805542805,Short-term upward,Below long MA,0.08615548477961645,False,False,True,42.8,high_volume
2023-05-22,NVDA,149.7185,151.2377,147.4186,149.931,19411308,offline_fallback,-0.010829800920351462,152.47718000000003,150.121642,184.11007899999996,73573948.5,0.015644673968906654,-0.4463214578639517,Short-term upward,Below long MA,-0.2837990931645548,False,False,False,41.9,normal
2023-05-23,NVDA,149.044,150.2104,146.1571,147.6047,65381963,offline_fallback,-0.015515803936477446,151.98605500000002,149.69460800000002,183.8081955,74580932.45,0.01511497452977538,-0.4549122255675694,Short-term upward,Below long MA,-0.42807483318305306,False,False,False,42.7,normal
2023-05-24,NVDA,146.6904,149.2544,143.6007,146.2882,139339617,offline_fallback,-0.008919092684718133,151.40577000000002,149.191528,183.49469899999997,74781097.05,0.015097271421368314,-0.459773913949039,Short-term upward,Below long MA,-0.21543717212001287,False,False,True,39.6,high_volume
2023-05-25,NVDA,149.8898,152.9285,146.6138,148.6742,2691960,offline_fallback,0.016310269727838778,150.770695,149.072064,183.18659499999998,69406411.2,0.014629142596428864,-0.4509626807715331,Short-term upward,Below long MA,0.5468210880733633,False,False,False,42.2,normal
2023-05-26,NVDA,146.0832,147.2036,143.9841,147.0115,16220351,offline_fallback,-0.011183514019244778,150.26174,149.05532,182.88432849999998,66902877.1,0.013813662973310993,-0.45710284732821327,Short-term upward,Below long MA,-0.2974522404482567,False,False,False,37.5,normal
2023-05-29,NVDA,146.4663,149.1598,145.064,147.6857,131895651,offline_fallback,0.00458603578631589,149.60761,149.102802,182.585597,72786420.5,0.012552686933696294,-0.45461310155777146,Short-term upward,Below long MA,0.19058362586829428,False,False,True,33.5,high_volume
2023-05-30,NVDA,145.2263,146.3565,144.2817,145.9,68998275,offline_fallback,-0.012091218039390395,148.91032,149.19855399999997,182.31876599999998,75023605.7,0.012674513207741992,-0.4612074934626632,Short-term downward,Below long MA,-0.311291082703632,False,False,False,36.7,normal
2023-05-31,NVDA,146.58,148.9576,143.5667,146.86,64520447,offline_fallback,0.006579849211789002,148.37334500000003,149.577014,182.0572715,76138763.05,0.012693818428745762,-0.4576623200132057,Short-term downward,Below long MA,0.2591665687610142,False,False,False,35.6,normal
2023-06-01,NVDA,147.5395,148.6777,145.9836,147.0194,84299409,offline_fallback,0.0010853874438239153,148.04607,150.023864,181.82834899999997,78769323.5,0.01159775645339379,-0.45707367350503547,Short-term downward,Below long MA,0.09757102047721446,False,False,False,30.6,normal
2023-06-02,NVDA,144.8084,147.1558,142.999,144.5904,108996995,offline_fallback,-0.016521629118334102,147.69396999999998,150.362016,181.5949525,78588025.95,0.011816237434734651,-0.46604370090996483,Short-term downward,Below long MA,-0.42982541197406965,False,False,False,37.3,normal
2023-06-05,NVDA,150.1782,152.659,147.549,150.8491,3686853,offline_fallback,0.04328572298022548,147.67338999999998,150.832222,181.40293499999999,72125551.9,0.015605483823960717,-0.4429310164640071,Short-term downward,Below long MA,1.3797768036700588,False,False,False,53.6,normal
2023-06-06,NVDA,147.3215,149.5573,144.6979,148.2984,49596327,offline_fallback,-0.016908950732884787,147.651135,151.130356,181.173774,72551611.95,0.01562058400395335,-0.45235046846143545,Short-term downward,Below long MA,-0.47025768192818895,False,False,False,45.3,normal
2023-06-07,NVDA,146.697,150.5693,143.5121,147.348,79049637,offline_fallback,-0.006408700296159475,147.675125,151.278898,180.94266,70997402.75,0.01541818192001895,-0.45586019017639823,Short-term downward,Below long MA,-0.13612303126161968,False,False,False,39.2,normal
2023-06-08,NVDA,147.0768,148.7667,144.7581,147.6274,111198214,offline_fallback,0.0018961913293698007,147.71426,151.386666,180.700442,74355854.7,0.01542198615636861,-0.4548283969870458,Short-term downward,Below long MA,0.07481245142260118,False,False,False,37.9,normal
2023-06-09,NVDA,149.7,150.5323,148.3744,149.0313,23771902,offline_fallback,0.009509752254662773,147.91234500000002,151.451604,180.44964249999998,71391333.4,0.015258468815675892,-0.44964395010611524,Short-term downward,Below long MA,0.3055617515100216,False,False,False,40.8,normal
2023-06-12,NVDA,142.3582,145.9215,139.2396,143.5722,118693919,offline_fallback,-0.036630560157496994,147.783005,151.600482,180.16996699999999,70567166.95,0.017381537689198246,-0.46980380049979564,Short-term downward,Below long MA,-1.2448652391694761,False,False,False,64.1,normal
2023-06-13,NVDA,142.1871,143.237,140.3346,141.6653,106749497,offline_fallback,-0.01328181918226512,147.51704999999998,151.70495599999998,179.88791249999997,73664025.25,0.01752961098170024,-0.4768457705526815,Short-term downward,Below long MA,-0.46817239001106264,False,False,False,56.7,normal
2023-06-14,NVDA,143.3466,145.8639,141.5915,143.6018,30174900,offline_fallback,0.013669543635597359,147.328555,151.720558,179.61546199999998,71085089.85,0.017843935981760855,-0.4696944909851041,Short-term downward,Below long MA,0.4258847625208007,False,False,False,58.4,normal
2023-06-15,NVDA,144.3581,145.8926,142.623,143.7498,56785054,offline_fallback,0.0010306277497913463,146.94404500000002,151.77910599999998,179.3607685,70855447.55,0.016531574452034337,-0.469147943411646,Short-term downward,Below long MA,-0.06361587941186353,False,False,False,44.4,normal
2023-06-16,NVDA,131.8012,134.4306,129.9301,132.2038,87069963,offline_fallback,-0.08032011174972065,145.97561,151.441344,179.0243535,68426612.1,0.02396475039153701,-0.5117860399193916,Short-term downward,Below long MA,-2.8588871616508054,True,False,False,89.8,abnormal_return
2023-06-19,NVDA,131.5011,134.928,131.3557,132.0377,19578271,offline_fallback,-0.0012563935378558932,145.08094499999999,150.82168399999998,178.707757,68434960.25,0.023970015754436393,-0.512399428783928,Short-term downward,Below long MA,-0.07936771714677027,False,False,False,71.4,normal
2023-06-20,NVDA,135.0011,135.4124,131.0601,133.998,116840515,offline_fallback,0.014846517320431962,144.40061,150.12353000000002,178.382567,71007887.85,0.024298469967993883,-0.505160258457916,Short-term downward,Below long MA,0.5170284144170666,False,False,False,79.0,normal
2023-06-21,NVDA,138.0905,140.5778,137.4882,138.3583,119203625,offline_fallback,0.032540037911013675,144.004115,149.67739,178.10491399999998,70001088.25,0.025636511788244654,-0.4890581545082604,Short-term downward,Below long MA,1.1797787417785142,False,False,False,87.7,normal
2023-06-22,NVDA,142.3582,143.3072,141.2618,142.5493,122694173,offline_fallback,0.03029091857879118,143.69787000000002,149.45125,177.8495535,76001198.9,0.026355862960968056,-0.4735812566679728,Short-term downward,Below long MA,1.0817257871690915,False,False,False,87.1,normal
2023-06-23,NVDA,143.4468,144.3374,140.3566,143.4569,15556143,offline_fallback,0.006366920076071869,143.52014,149.210522,177.60584699999998,75967988.5,0.026317881178488742,-0.4702295906026316,Short-term downward,Below long MA,0.2282747958255946,False,False,False,76.1,normal
2023-06-26,NVDA,145.43,146.4883,142.5953,146.225,73297908,offline_fallback,0.019295690900890783,143.447105,148.979974,177.37772850000002,73038101.35,0.026681890933528983,-0.4600073045344616,Short-term downward,Below long MA,0.6799396508242187,False,False,False,82.0,normal
2023-06-27,NVDA,145.8613,146.0285,143.3154,145.8467,37312029,offline_fallback,-0.0025871089075055753,143.44444,148.733496,177.1481785,71453789.05,0.026542314082682643,-0.4614043244468884,Short-term downward,Below long MA,-0.15428409436282212,False,False,False,74.3,normal
2023-06-28,NVDA,149.0848,149.8502,147.9961,149.5897,99035403,offline_fallback,0.025663933431472774,143.58092499999998,148.540414,176.970626,73179536.85,0.02711588887983927,-0.4475818408830141,Short-term downward,Below long MA,0.957693023672298,False,False,False,83.9,normal
2023-06-29,NVDA,153.7927,154.2909,151.1309,153.6661,62046728,offline_fallback,0.02725053930852206,143.91325999999998,148.47591400000002,176.79098549999998,72066902.8,0.027730323972380583,-0.43252814812325535,Short-term downward,Below long MA,0.9873129138424575,False,False,False,82.8,normal
2023-06-30,NVDA,152.4957,156.087,149.89,152.9711,29924621,offline_fallback,-0.004522793251081403,144.332295,148.384874,176.58867850000001,68113284.1,0.02742325942050888,-0.43509470598510214,Short-term downward,Below long MA,-0.2125636685163415,False,False,False,72.7,normal
2023-07-03,NVDA,155.9028,157.8161,155.1256,155.9132,139567287,offline_fallback,0.01923304467314413,144.5855,148.274736,176.42925599999998,74907305.8,0.026065994414434905,-0.424229857229218,Short-term downward,Below long MA,0.9119490187164667,False,False,True,79.8,high_volume
2023-07-04,NVDA,156.4212,158.8935,153.7669,156.481,50982269,offline_fallback,0.0036417699078719057,144.99463,148.255812,176.27432249999998,74976602.9,0.02568429668750637,-0.4221330348494243,Short-term downward,Below long MA,0.2221861344536954,False,False,False,69.7,normal
2023-07-05,NVDA,156.5857,160.4494,153.9898,157.1863,56780657,offline_fallback,0.004507256472031651,145.486545,148.24166,176.12055850000002,73863153.9,0.025589389476373323,-0.41952844023077607,Short-term downward,Below long MA,0.2314341419518197,False,False,False,69.3,normal
2023-07-06,NVDA,157.6541,159.3192,156.9007,158.5627,114243368,offline_fallback,0.008756488319910938,146.03331,148.18540000000002,175.96006300000002,74015411.6,0.025611922302799447,-0.41444554779761644,Short-term downward,Below long MA,0.41519070247633977,False,False,False,71.4,normal
2023-07-07,NVDA,159.1153,162.7382,157.6816,159.4847,12825404,offline_fallback,0.005814734486736084,146.55598,148.23128200000002,175.813744,73468086.7,0.025582638560471334,-0.4110407041305333,Short-term downward,Below long MA,0.26834917318090246,False,False,False,68.6,normal
2023-07-10,NVDA,159.8226,162.7821,157.8117,160.8808,11314408,offline_fallback,0.008753817764337146,147.42140999999998,148.23353200000003,175.697482,68099111.15,0.023763697406051804,-0.4058850617838796,Short-term downward,Below long MA,0.426074812191278,False,False,False,68.0,normal
2023-07-11,NVDA,161.4513,162.4261,158.251,161.9801,104738724,offline_fallback,0.0068330092838921885,148.43715,148.276218,175.5743735,67998572.5,0.023327016527451522,-0.40182546889534987,Short-term upward,Below long MA,0.3228944569864162,False,False,False,65.0,normal
2023-07-12,NVDA,160.3129,162.6201,159.2476,159.9692,7539981,offline_fallback,-0.012414487952532416,149.25552,148.323612,175.437216,66866826.55,0.023660721767708563,-0.4092514994052603,Short-term upward,Below long MA,-0.6531842432507071,False,False,False,71.1,normal
2023-07-13,NVDA,160.5483,164.3119,158.9155,161.1251,46245182,offline_fallback,0.0072257659599472834,150.124285,148.474816,175.28705699999998,66339832.95,0.023637105092381733,-0.4049828889987729,Short-term upward,Below long MA,0.3412494678423952,False,False,False,66.5,normal
2023-07-14,NVDA,158.4968,160.5149,155.8535,158.9359,120811398,offline_fallback,-0.0135869582082494,151.46089,148.620886,175.12008149999997,68026904.7,0.013230547649530458,-0.4130673616191398,Short-term upward,Below long MA,-0.7173619810658549,False,False,False,36.6,normal
2023-07-17,NVDA,154.3399,157.3815,152.889,155.4896,77644629,offline_fallback,-0.021683584388423327,152.633485,148.705464,174.93130699999998,70930222.6,0.014787824418616048,-0.4257941650137912,Short-term upward,Below long MA,-1.0982786806831673,False,False,False,45.4,normal
2023-07-18,NVDA,161.0702,164.3943,160.7916,161.8991,42751516,offline_fallback,0.04122140644776251,154.02854,148.96857599999998,174.76681,67225772.65,0.016480452311999596,-0.4021245929051478,Short-term upward,Below long MA,2.0474804668589384,False,False,False,53.7,normal
2023-07-19,NVDA,162.5458,166.4807,159.6421,163.733,69802909,offline_fallback,0.01132742553849897,155.29727499999998,149.305872,174.631436,64755736.85,0.01558679329665035,-0.39535220374998115,Short-term upward,Below long MA,0.5301366322627915,False,False,False,38.5,normal
2023-07-20,NVDA,167.968,170.1479,166.921,168.1018,12438927,offline_fallback,0.026682464744431478,156.57489999999999,149.731014,174.49508449999996,59242974.55,0.01534107318340187,-0.37921871024374176,Short-term upward,Below long MA,1.2935537381390185,False,False,False,43.4,normal
2023-07-21,NVDA,170.8602,175.0416,169.5465,171.6646,11896690,offline_fallback,0.02119430012052237,157.985285,150.262914,174.365768,59060001.9,0.01559439395316306,-0.3660616852794427,Short-term upward,Below long MA,0.9862902516924581,False,False,False,41.1,normal
2023-07-24,NVDA,171.7587,174.5597,171.2851,172.458,67229798,offline_fallback,0.004621803213941567,159.29693500000002,150.788894,174.2293545,58756596.4,0.015435338134745478,-0.36313174713902663,Short-term upward,Below long MA,0.16622842633569737,False,False,False,29.1,normal
2023-07-25,NVDA,169.1273,172.8573,166.0805,169.3678,99805484,offline_fallback,-0.0179185656797598,160.47299,151.236562,174.0611665,61881269.15,0.016362406006731306,-0.3745435127572698,Short-term upward,Below long MA,-0.9659897533609951,False,False,False,44.7,normal
2023-07-26,NVDA,168.1998,169.038,164.5283,168.6365,83065033,offline_fallback,-0.004317821923647713,161.42533,151.661858,173.89992600000002,61082750.65,0.015992473221935193,-0.37724412249017414,Short-term upward,Below long MA,-0.2867932289810558,False,False,False,35.0,normal
2023-07-27,NVDA,164.7092,166.3362,161.3691,164.3531,46877999,offline_fallback,-0.0254001950941819,161.95968,151.92012,173.7224525,60324314.2,0.016652799826599323,-0.3930622432749722,Short-term upward,Below long MA,-1.359538180504081,False,False,False,51.1,normal
2023-07-28,NVDA,162.1695,164.5291,161.7151,162.9491,92484347,offline_fallback,-0.008542583011820426,162.45858,152.147652,173.511937,63452300.5,0.01677849069239526,-0.39824705944480376,Short-term upward,Below long MA,-0.5064518761009335,False,False,False,44.5,normal
2023-07-31,NVDA,165.2309,167.1276,161.7064,164.4085,130867223,offline_fallback,0.008956170976090139,162.88334500000002,152.43720199999998,173.29388000000003,63017297.3,0.016418273805692826,-0.3928576572238264,Short-term upward,Below long MA,0.37561080984040957,False,False,True,39.2,high_volume
2023-08-01,NVDA,165.8334,169.4514,161.4338,164.1717,83948831,offline_fallback,-0.0014403148255717202,163.26788,152.768542,173.083724,64665625.4,0.016443601078720768,-0.39373213334135926,Short-term upward,Below long MA,-0.16804988552812758,False,False,False,36.4,normal
2023-08-02,NVDA,163.6122,166.2201,163.112,164.418,45496086,offline_fallback,0.001500258570752644,163.629465,153.131138,172.861471,64101396.85,0.016438312225263735,-0.3928225747782328,Short-term upward,Below long MA,-0.02938658493339488,False,False,False,33.3,normal
2023-08-03,NVDA,161.8218,165.5187,158.6789,162.2396,113486783,offline_fallback,-0.013249157634808939,163.81331,153.40244599999997,172.6524355,64063567.6,0.01672298370492239,-0.4008671641972934,Short-term upward,Below long MA,-0.774512482242267,False,False,False,47.3,normal
2023-08-04,NVDA,163.2509,165.411,161.1212,163.4243,114889847,offline_fallback,0.007302162973774617,164.01029,153.730702,172.469244,69166789.75,0.016747507044947117,-0.3964921985873223,Short-term upward,Below long MA,0.2639498225953339,False,False,False,39.9,normal
2023-08-07,NVDA,158.9249,162.3295,156.3868,159.0145,112931042,offline_fallback,-0.026983747215071352,163.916975,153.957278,172.21343299999998,74247621.45,0.017790386057645657,-0.41277710054296546,Short-term upward,Below long MA,-1.4458198003679352,False,False,False,61.1,normal
2023-08-08,NVDA,160.1065,163.6156,158.1499,160.4251,33361251,offline_fallback,0.008870889132752025,163.839225,154.24778,171.97223199999996,70678747.8,0.01783996294163622,-0.40756791130566905,Short-term upward,Below long MA,0.36474129083515594,False,False,False,50.0,normal
2023-08-09,NVDA,159.4101,161.6768,157.3299,159.7221,70487381,offline_fallback,-0.004382107288697146,163.82686999999999,154.505022,171.72386600000002,73826117.8,0.017642961876973236,-0.41016401227959454,Short-term upward,Below long MA,-0.298947217333127,False,False,False,47.5,normal
2023-08-10,NVDA,160.6677,162.1322,157.1734,161.1291,54576839,offline_fallback,0.008809050219099168,163.82707,154.787216,171.499735,74242700.65,0.01768027301361615,-0.40496811744273353,Short-term upward,Below long MA,0.3884207127690321,False,False,False,48.4,normal
2023-08-11,NVDA,161.7943,164.1555,161.228,163.049,19599318,offline_fallback,0.011915290285864133,164.03272499999997,155.156388,171.3127695,69182096.65,0.01755667145869157,-0.39787813983271947,Short-term upward,Below long MA,0.5367277768121552,False,False,False,48.7,normal
2023-08-14,NVDA,160.6706,163.7738,159.7809,161.4649,136624167,offline_fallback,-0.009715484302264987,164.33148999999997,155.368704,171.12032200000002,72131073.55,0.016920028089699505,-0.40372804531322537,Short-term upward,Below long MA,-0.56947725613131,False,False,True,46.3,high_volume
2023-08-15,NVDA,160.2885,161.0453,159.5409,160.2255,74409844,offline_fallback,-0.007675971681771032,164.24781,155.607246,170.9311225,73713989.95,0.014285480586885432,-0.4083050119520353,Short-term upward,Below long MA,-0.4740731889350081,False,False,False,34.7,normal
2023-08-16,NVDA,161.7017,163.7609,160.9169,161.8547,125168064,offline_fallback,0.010168169236482338,164.153895,155.89738,170.72250799999998,76482247.7,0.01423756878939632,-0.40228855717718515,Short-term upward,Below long MA,0.42618941025427515,False,False,False,33.0,normal
2023-08-17,NVDA,163.7025,165.9933,161.0957,164.8851,58324790,offline_fallback,0.018722965721724494,163.99306,156.242534,170.5390635,78776540.85,0.013532108728940109,-0.3910976263217312,Short-term upward,Below long MA,0.8623208863624884,False,False,False,35.4,normal
2023-08-18,NVDA,164.9193,168.0506,160.7051,164.0239,69218051,offline_fallback,-0.005223031068301465,163.61102499999998,156.542386,170.32549600000002,81642608.9,0.012515311771596828,-0.3942779423370153,Short-term upward,Below long MA,-0.3723558715097294,False,False,False,28.7,normal
2023-08-21,NVDA,167.1111,170.2365,166.0574,166.7055,55996332,offline_fallback,0.016348836968271163,163.3234,157.005052,170.15662749999998,81080935.6,0.013112173697594957,-0.38437509116819746,Short-term upward,Below long MA,0.7241430239282821,False,False,False,32.7,normal
2023-08-22,NVDA,163.4664,167.3536,161.4269,164.209,58040242,offline_fallback,-0.014975510706005446,163.06546,157.455926,169.9917925,78992673.5,0.012934864365964463,-0.3935943885812918,Short-term upward,Below long MA,-0.8760613522090482,False,False,False,35.5,normal
2023-08-23,NVDA,164.5202,165.7767,160.7539,163.0918,34186224,offline_fallback,-0.0068035247763520434,162.78822499999998,157.84572599999998,169.847502,76548733.05,0.01297559026089634,-0.3977200841830979,Short-term upward,Below long MA,-0.44636022125112634,False,False,False,30.8,normal
2023-08-24,NVDA,165.0025,168.5588,161.8991,165.2705,128674901,offline_fallback,0.013358734160761054,162.834095,158.27614000000003,169.7457745,80638578.15,0.012096913580803078,-0.38967438689733436,Short-term upward,Below long MA,0.5709107076007711,False,False,True,29.7,high_volume
2023-08-25,NVDA,164.9218,167.6231,162.2751,166.0312,107432275,offline_fallback,0.004602757297884397,162.9882,158.952688,169.6386515,81385974.55,0.011944587190432522,-0.3868652062275403,Short-term upward,Below long MA,0.10806434157015898,False,False,False,21.9,normal
2023-08-28,NVDA,164.7374,165.1663,160.3646,163.8848,78372052,offline_fallback,-0.012927690699097494,162.962015,159.58963,169.54854500000002,78761216.0,0.012177973568643067,-0.39479162319828565,Short-term upward,Below long MA,-0.7690564786351496,False,False,False,33.4,normal
2023-08-29,NVDA,164.6412,168.0088,162.7679,164.4096,129419211,offline_fallback,0.003202249384933742,162.97391,160.19786200000001,169.444852,81034735.0,0.012195092131886633,-0.39285359504591555,Short-term upward,Below long MA,0.06998959269489305,False,False,True,22.5,high_volume
2023-08-30,NVDA,163.7011,167.3808,161.5317,164.274,4258533,offline_fallback,-0.000824769356533972,162.96670999999998,160.716176,169.335375,78972857.35,0.012192557055950327,-0.3933543507956514,Short-term upward,Below long MA,-0.1507784044953191,False,False,False,24.1,normal
2023-08-31,NVDA,165.5079,168.841,164.961,165.6492,68485246,offline_fallback,0.008371379524453104,163.13719,161.178174,169.235998,76722780.5,0.011908665998037742,-0.3882758898293036,Short-term upward,Below long MA,0.3361051186866144,False,False,False,25.8,normal
2023-09-01,NVDA,166.3611,167.7677,161.3892,164.53,51314285,offline_fallback,-0.006756446756157053,163.192475,161.599636,169.07710150000003,73544002.4,0.011938682692903598,-0.39240897120912943,Short-term upward,Below long MA,-0.4593618707744746,False,False,False,28.0,normal
2023-09-04,NVDA,163.2554,164.7743,161.7581,164.2099,106857405,offline_fallback,-0.0019455418464717766,163.452245,161.959334,168.89250699999997,73240320.55,0.010084228509384835,-0.3935910649811829,Short-term upward,Below long MA,-0.2416454965788848,False,False,False,24.0,normal
2023-09-05,NVDA,159.6611,163.9505,157.467,161.5272,68795756,offline_fallback,-0.0163370174392653,163.50735000000003,162.272944,168.67439750000003,75012045.8,0.010692138728366368,-0.40349797832791157,Short-term upward,Below long MA,-1.0357547900478412,False,False,False,35.9,normal
2023-09-06,NVDA,160.7469,161.4408,157.7206,161.0569,136779256,offline_fallback,-0.002911583931374917,163.57409,162.50228800000002,168.4422825,78326639.55,0.010662562759074306,-0.40523474402924475,Short-term upward,Below long MA,-0.27714373250368934,False,False,True,26.8,high_volume
2023-09-07,NVDA,160.7706,163.2426,157.2494,158.7236,12907575,offline_fallback,-0.01448742649336976,163.45381500000002,162.60343799999998,168.21828250000002,76243176.35,0.010971661746138239,-0.4138513619559313,Short-term upward,Below long MA,-0.899760002672634,False,False,False,36.2,normal
2023-09-08,NVDA,156.1843,159.9455,154.4795,156.8798,39936900,offline_fallback,-0.011616419990474136,163.14535500000002,162.681612,168.003828,77260055.45,0.010808758177788348,-0.4206603107122956,Short-term upward,Below long MA,-0.9925342364672106,False,False,False,38.1,normal
2023-09-11,NVDA,157.2184,157.8769,155.3968,156.7984,13262427,offline_fallback,-0.0005188685860130215,162.91203000000002,162.699316,167.7720395,71091968.45,0.010651968315126659,-0.42096091187769746,Short-term upward,Below long MA,-0.23786783009092702,False,False,False,28.1,normal
2023-09-12,NVDA,155.9608,158.327,154.1126,155.3556,87085731,offline_fallback,-0.009201624506372408,162.66853500000002,162.676808,167.51448349999998,71725762.8,0.010704525361143316,-0.42628901214111115,Short-term downward,Below long MA,-0.8019293074906351,False,False,False,37.0,normal
2023-09-13,NVDA,154.9885,156.6095,152.7063,155.2724,65888279,offline_fallback,-0.000535545548406402,162.33942,162.63853,167.20133850000002,68761773.55,0.010352901567358876,-0.42659626050673083,Short-term downward,Below long MA,-0.18074551627266233,False,False,False,27.8,normal
2023-09-14,NVDA,151.9437,154.8832,150.9184,153.9675,97248390,offline_fallback,-0.008403940429851042,161.79354,162.546626,166.9019095,70707953.55,0.009205267123880896,-0.4314151113756861,Short-term downward,Below long MA,-0.7131548429128766,False,False,False,35.9,normal
2023-09-15,NVDA,155.895,158.588,154.8242,155.3712,74462290,offline_fallback,0.009116859077402673,161.360905,162.46435599999998,166.596377,70970165.5,0.00960392869938666,-0.4262314030725576,Short-term downward,Below long MA,0.5600923568804117,False,False,False,33.5,normal
2023-09-18,NVDA,155.8685,158.8379,154.3439,155.0431,47633406,offline_fallback,-0.002111716971999855,160.77778500000002,162.347602,166.30733999999995,70552019.2,0.008504844948532238,-0.42744303995668975,Short-term downward,Below long MA,-0.2346828578285658,False,False,False,28.4,normal
2023-09-19,NVDA,156.0281,158.3251,153.9788,154.7711,55409168,offline_fallback,-0.001754350886947087,160.30589,162.203422,166.04033300000003,70420465.5,0.00807592400172305,-0.42844750576736945,Short-term downward,Below long MA,-0.20936932465235347,False,False,False,28.0,normal
2023-09-20,NVDA,156.5955,158.5452,155.3172,156.3857,112363967,offline_fallback,0.01043218016800318,159.970585,162.131752,165.7670055,74329352.65,0.008546102582960022,-0.4224849671720631,Short-term downward,Below long MA,0.7272878549031085,False,False,False,34.7,normal
2023-09-21,NVDA,154.6193,154.9705,151.3112,154.4094,79181215,offline_fallback,-0.012637344718858579,159.42753,161.997438,165.48881449999996,71854668.35,0.008039074807039005,-0.42978322372223277,Short-term downward,Below long MA,-0.9956660153006471,False,False,False,38.6,normal
2023-09-22,NVDA,151.2483,151.419,149.6412,150.7045,10602944,offline_fallback,-0.023994005546294495,158.66119500000002,161.83281,165.1948085,67013201.8,0.009029913438204355,-0.4434650082148317,Short-term downward,Below long MA,-1.8032610441868373,False,False,False,44.9,normal
2023-09-25,NVDA,151.6638,152.0052,149.0741,151.5336,45590440,offline_fallback,0.005501494646808824,158.043635,161.75369,164.9270225,65374121.2,0.009096081337748545,-0.4404032339367637,Short-term downward,Below long MA,0.453661972931329,False,False,False,33.4,normal
2023-09-26,NVDA,153.9963,157.0415,153.7644,154.8125,42357837,offline_fallback,0.021638105344293335,157.56378,161.61195800000002,164.68845000000002,61021052.5,0.010651688377626025,-0.42829462016236164,Short-term downward,Below long MA,1.6350888503287226,False,False,False,43.2,normal
2023-09-27,NVDA,158.4167,161.3119,156.5217,157.6153,68363698,offline_fallback,0.018104481227291025,157.230845,161.48960399999999,164.41871650000002,64226310.75,0.01164502438225142,-0.4179441908455498,Short-term downward,Below long MA,1.3326677666459512,False,False,False,40.7,normal
2023-09-28,NVDA,153.5245,154.3616,151.4937,153.443,75970119,offline_fallback,-0.026471414894366108,156.620535,161.196428,164.071779,64600554.4,0.012580151363487186,-0.43335203166135317,Short-term downward,Below long MA,-1.8767271299725656,False,False,False,46.7,normal
2023-09-29,NVDA,155.576,155.9048,154.4813,154.7563,126981402,offline_fallback,0.008558878541217174,156.13185000000001,160.858262,163.70947199999998,68383910.25,0.012850389089373412,-0.42850216052471524,Short-term downward,Below long MA,0.6455005218614869,False,False,True,37.7,high_volume
2023-10-02,NVDA,150.8139,154.3735,147.9677,152.071,89348036,offline_fallback,-0.017351797632794375,155.524905,160.450522,163.3570065,67508441.8,0.013241019086138577,-0.4384186753828695,Short-term downward,Below long MA,-1.1787682925317036,False,False,False,44.8,normal
2023-10-03,NVDA,151.0514,152.128,148.4469,149.8301,88073531,offline_fallback,-0.014735879950812492,154.94004999999999,160.059768,163.0075095,68472330.55,0.013165530108625841,-0.4466940703650458,Short-term downward,Below long MA,-0.9610986057463835,False,False,False,43.8,normal
2023-10-04,NVDA,153.2172,156.5846,151.6091,153.563,56873679,offline_fallback,0.0249142195059604,154.565355,159.75829800000002,162.71267799999998,64477051.7,0.014637740064221626,-0.4329088849801711,Short-term downward,Below long MA,1.770433622941935,False,False,False,49.8,normal
2023-10-05,NVDA,147.5089,149.0191,147.0096,148.5582,20414959,offline_fallback,-0.032591184074288626,154.057085,159.4424,162.3838695,64852420.9,0.015934813972351906,-0.45139105589667594,Short-term downward,Below long MA,-2.0981322235110413,False,False,False,57.6,normal
2023-10-06,NVDA,150.5218,152.911,149.6171,150.3081,30508923,offline_fallback,0.011779221880717339,153.7285,159.18958,162.0722385,64381022.05,0.016140534731955255,-0.44492886941833676,Short-term downward,Below long MA,0.8430587919379423,False,False,False,51.4,normal
2023-10-09,NVDA,150.5771,153.5851,148.825,150.2275,70909417,offline_fallback,-0.0005362319129841309,153.399955,158.90596,161.77244000000002,67263371.55,0.016140450596305974,-0.44522651627253085,Short-term downward,Below long MA,-0.0046703073319004475,False,False,False,39.1,normal
2023-10-10,NVDA,150.9432,154.7705,150.5172,152.5343,7864803,offline_fallback,0.015355377677189752,153.25889,158.673212,161.470769,63302325.15,0.01649505315029926,-0.4367077599046053,Short-term downward,Below long MA,1.1778333140736779,False,False,False,55.3,normal
2023-10-11,NVDA,151.0406,154.1932,148.6341,150.3878,2346653,offline_fallback,-0.014072244734463002,153.01466,158.392608,161.1731645,60125243.85,0.01675982781372253,-0.4446345461642516,Short-term downward,Below long MA,-0.9233808768046364,False,False,False,55.5,normal
2023-10-12,NVDA,155.0422,157.4072,153.5456,154.5873,4403757,offline_fallback,0.027924472596846384,153.04564999999997,158.23956199999998,160.9022345,55483012.2,0.017897958402483462,-0.4291262587673802,Short-term downward,Below long MA,2.109904693430277,False,False,False,66.7,normal
2023-10-13,NVDA,157.9816,161.2976,156.6955,157.3376,10958969,offline_fallback,0.017791241583234862,153.14397000000002,158.117828,160.6682365,52307846.15,0.018223637443963225,-0.41896970612358553,Short-term downward,Below long MA,1.3911847744015715,False,False,False,65.2,normal
2023-10-16,NVDA,154.0471,156.6756,152.3607,155.3571,58263432,offline_fallback,-0.01258758237064761,153.15967,158.04468,160.4401935,52839347.45,0.0184603581625357,-0.4262834728075965,Short-term downward,Below long MA,-0.7919602284223229,False,False,False,62.0,normal
2023-10-17,NVDA,153.3174,153.8599,151.5068,152.7465,69692377,offline_fallback,-0.016803866704514947,153.05844,157.891108,160.2228365,53553507.9,0.018849552524313876,-0.43592412885671483,Short-term downward,Below long MA,-1.100165123186019,False,False,False,67.9,normal
2023-10-18,NVDA,150.8353,153.7508,150.2751,151.4885,15950086,offline_fallback,-0.008235867924960671,152.81358,157.726436,160.0065375,48732813.85,0.018742184973393635,-0.44056978323110807,Short-term downward,Below long MA,-0.473606639113024,False,False,False,60.9,normal
2023-10-19,NVDA,149.0289,152.1809,147.8301,149.2233,26636483,offline_fallback,-0.014952950223944383,152.55427500000002,157.48832000000002,159.79260549999998,46105577.25,0.018822093275988164,-0.44893491541622377,Short-term downward,Below long MA,-0.9895138910334521,False,False,False,68.3,normal
2023-10-20,NVDA,143.4877,145.4536,140.7675,144.5604,21917317,offline_fallback,-0.03124780111416925,152.24706999999998,157.118548,159.5542065,46671295.9,0.019340328627059436,-0.46615448758026046,Short-term downward,Below long MA,-2.0840709047781893,False,False,False,77.2,normal
2023-10-23,NVDA,146.1253,147.8302,144.3573,147.0678,29194056,offline_fallback,0.01734499904538178,152.02378000000002,156.83060600000002,159.326683,45851476.7,0.01975576563921037,-0.45689493767695866,Short-term downward,Below long MA,1.341904714408123,False,False,False,75.1,normal
2023-10-24,NVDA,148.3791,151.5573,145.2875,148.3941,47491725,offline_fallback,0.009018289523607503,151.70286000000002,156.593978,159.116279,46108171.1,0.01917734517512966,-0.45199705898319253,Short-term downward,Below long MA,0.7411539333863706,False,False,False,67.3,normal
2023-10-25,NVDA,145.1181,147.1775,142.4942,144.8561,116279839,offline_fallback,-0.023841918243380333,151.06490000000002,156.254006,158.8646535,48503978.15,0.0191635575944068,-0.46506250030004725,Short-term downward,Below long MA,-1.4976818585473803,False,False,False,75.1,normal
2023-10-26,NVDA,153.4953,156.7573,150.7895,153.0634,72243376,offline_fallback,0.056658297441391836,151.04592,156.017572,158.658122,48317641.0,0.022725712904923777,-0.43475385232949293,Short-term downward,Below long MA,3.516081316104369,True,False,False,82.6,abnormal_return
2023-10-27,NVDA,153.012,154.0511,151.4509,152.6146,34762573,offline_fallback,-0.0029321183248248728,150.93883499999998,155.789386,158.4460635,43706699.55,0.02264623467416886,-0.43641122091711426,Short-term downward,Below long MA,-0.11780375350156772,False,False,False,64.6,normal
2023-10-30,NVDA,148.6723,151.0664,147.1969,149.068,76099241,offline_fallback,-0.02323892995820831,150.78868500000002,155.436636,158.2414855,43044259.8,0.022914093312472662,-0.44950842107945355,Short-term downward,Below long MA,-1.3738686806808984,False,False,False,81.9,normal
2023-10-31,NVDA,153.0249,154.1625,150.6997,154.0006,110890621,offline_fallback,0.03308959669412603,150.99721,155.232468,158.034853,44185114.3,0.02385389936858619,-0.43129287674946004,Short-term downward,Below long MA,2.0060142820569675,False,False,False,83.6,normal
2023-11-01,NVDA,155.9672,158.0775,155.3386,156.9116,72654207,offline_fallback,0.01890252375640089,151.16464,155.108864,157.863234,44974140.7,0.023581528507623895,-0.42054287684178226,Short-term downward,Below long MA,1.1247415160044754,False,False,False,77.5,normal
2023-11-02,NVDA,155.8098,159.1092,152.9153,156.8521,25537207,offline_fallback,-0.00037919439990408144,151.579335,154.940496,157.6902375,45230253.1,0.022201654606317577,-0.42076260373786845,Short-term downward,Below long MA,-0.00417616647946103,False,False,False,59.1,normal
2023-11-03,NVDA,157.9673,159.5823,154.8278,158.96,98650625,offline_fallback,0.013438774488833793,152.01193,154.799072,157.53088250000002,48637338.2,0.02223945231106938,-0.41297836299400237,Short-term downward,Below long MA,0.8108380976781159,False,False,False,70.0,normal
2023-11-06,NVDA,161.4259,164.7937,160.2856,160.9354,33331758,offline_fallback,0.012427025666834401,152.547325,154.740084,157.4023625,46758455.25,0.02231866382460935,-0.4056834300439418,Short-term downward,Below long MA,0.7278606339222905,False,False,False,68.5,normal
2023-11-07,NVDA,158.961,161.6865,156.9347,159.585,33605092,offline_fallback,-0.008390944441061365,152.89986,154.64359199999998,157.25744849999998,48045469.7,0.022296647414660208,-0.41067030736284516,Short-term downward,Below long MA,-0.49907088085075185,False,False,False,66.0,normal
2023-11-08,NVDA,161.0805,163.0773,159.1224,162.1043,134264209,offline_fallback,0.015786571419619477,153.485685,154.600198,157.122071,54641347.5,0.022127916185937194,-0.4013668120803263,Short-term downward,Below long MA,0.9169714602931273,False,False,True,69.0,high_volume
2023-11-09,NVDA,163.634,166.5749,160.4099,164.8625,85698234,offline_fallback,0.017014971225316255,153.999445,154.584464,157.0013835,58706071.35,0.02163580950048942,-0.39118108561335374,Short-term downward,Below long MA,0.9925163645155533,False,False,False,67.5,normal
2023-11-10,NVDA,164.204,164.575,163.1409,164.2498,132059448,offline_fallback,-0.003716430358632339,154.345055,154.57886,156.884809,64761095.3,0.02141853060676466,-0.39344371870968986,Short-term downward,Below long MA,-0.22832344042533356,False,False,True,57.7,high_volume
2023-11-13,NVDA,168.9688,169.3565,166.4838,168.1746,90743501,offline_fallback,0.02389531067922146,154.98593,154.658154,156.77943349999998,66385098.75,0.021630321206331224,-0.37894986792382457,Short-term upward,Below long MA,1.3767855174791945,False,False,False,69.7,normal
2023-11-14,NVDA,168.7307,171.9524,165.2106,168.2109,113993171,offline_fallback,0.0002158471017621455,155.75915,154.791828,156.6711695,68600138.45,0.021088848620694493,-0.37881581605276693,Short-term upward,Below long MA,-0.019222382848623314,False,False,False,51.8,normal
2023-11-15,NVDA,160.1604,162.9452,158.8989,161.6536,114549810,offline_fallback,-0.03898261052048346,156.267405,154.80376199999998,156.5291245,73530124.65,0.02312972226316973,-0.40303119715706637,Short-term upward,Below long MA,-2.1960504508229564,False,False,False,78.5,normal
2023-11-16,NVDA,160.8044,164.094,158.1345,161.3313,120381481,offline_fallback,-0.0019937693933200773,156.872805,154.855916,156.435723,78217374.55,0.022764039558204472,-0.4042214152849415,Short-term upward,Below long MA,-0.09874519376773401,False,False,False,60.2,normal
2023-11-17,NVDA,162.3342,165.5274,158.4554,161.1283,135367677,offline_fallback,-0.001258280321301597,157.70120000000003,154.94088599999998,156.349481,83889892.55,0.021246547271814516,-0.4049710717539414,Short-term upward,Below long MA,-0.05162329391297743,False,False,True,56.2,high_volume
2023-11-20,NVDA,161.8131,162.5076,160.4621,160.7776,68540674,offline_fallback,-0.002176526407837609,158.38669,155.02047000000002,156.2388335,85857223.45,0.021129226341623737,-0.4062661679296963,Short-term upward,Below long MA,-0.11426071982161978,False,False,False,56.9,normal
2023-11-21,NVDA,156.6152,157.8324,152.8971,155.9831,17546281,offline_fallback,-0.029820696415421066,158.76614,155.03302,156.100253,84359951.25,0.022452578309870037,-0.42397172428742935,Short-term upward,Below long MA,-1.617946047569296,False,False,False,78.5,normal
2023-11-22,NVDA,153.6611,158.4132,151.6568,155.0806,130397093,offline_fallback,-0.005785883214271315,159.277365,155.02918400000001,155.9569345,85065813.95,0.02167732691863898,-0.4273045566188204,Short-term upward,Below long MA,-0.2769697792508342,False,False,True,63.9,high_volume
2023-11-23,NVDA,155.0606,157.6804,151.6345,154.1912,70124283,offline_fallback,-0.005735082273346848,159.333755,155.033658,155.8277065,84959859.3,0.017785622881318852,-0.4305890121041823,Short-term upward,Below long MA,-0.2615173806287764,False,False,False,50.8,normal
2023-11-24,NVDA,156.2244,157.1377,153.8674,154.5139,27594075,offline_fallback,0.0020928561422441927,159.42872,155.016512,155.701377,84601434.4,0.017769805116009566,-0.42939731682070326,Short-term upward,Below long MA,0.16600047452173225,False,False,False,49.0,normal
2023-11-27,NVDA,158.3331,161.683,156.2091,158.1171,18440724,offline_fallback,0.0233195848399399,159.88117499999998,155.07799200000002,155.5940825,81718508.55,0.01750683029418685,-0.4160910991404063,Short-term upward,Below long MA,1.305012027980603,False,False,False,58.5,normal
2023-11-28,NVDA,151.9427,153.6412,149.4593,150.4635,75099879,offline_fallback,-0.04840463175709642,159.70432,154.99184000000002,155.4486485,79928971.45,0.019526122158427077,-0.44435499446620585,Short-term upward,Below long MA,-2.4756976489018743,False,False,False,75.8,normal
2023-11-29,NVDA,152.5068,153.6296,150.6318,151.243,30605133,offline_fallback,0.00518065843211124,159.42089,154.888986,155.307185,77826517.75,0.01902548398178802,-0.44147638748302664,Short-term upward,Below long MA,0.31558965258228794,False,False,False,59.9,normal
2023-11-30,NVDA,147.3996,148.2367,147.0498,147.3785,130346141,offline_fallback,-0.02555159577633337,158.94720999999998,154.748368,155.1525495,83066964.45,0.019754699370928372,-0.45574755706159775,Short-term upward,Below long MA,-1.2663186277188767,False,False,True,74.3,high_volume
2023-12-01,NVDA,152.5338,155.5121,150.2624,151.0525,137768075,offline_fallback,0.024929009319541118,158.551835,154.75532800000002,155.0276255,85022836.95,0.02041171345173311,-0.44217988283940324,Short-term upward,Below long MA,1.2955407569309103,False,False,True,74.9,high_volume
2023-12-04,NVDA,150.1613,150.9412,147.3054,149.4031,38047443,offline_fallback,-0.01091938233395684,157.97522,154.712718,154.923881,85258621.2,0.020188649648012005,-0.4482709339722524,Short-term upward,Below long MA,-0.5249105036419243,False,False,False,67.1,normal
2023-12-05,NVDA,152.6576,154.9208,150.7518,152.8853,4748442,offline_fallback,0.023307414638652046,157.64023500000002,154.674174,154.8514985,83815788.7,0.02101312992807919,-0.4354115558621474,Short-term upward,Below long MA,1.1786796657257088,False,False,False,74.1,normal
2023-12-06,NVDA,153.1066,154.3995,151.8138,152.9397,73917455,offline_fallback,0.0003558223060031729,157.182005,154.58066200000002,154.7697265,80798451.0,0.0206077649209381,-0.4352106627000115,Short-term upward,Below long MA,0.02089695870668119,False,False,False,58.3,normal
2023-12-07,NVDA,148.5839,152.611,146.1961,150.8087,136020428,offline_fallback,-0.013933596051254216,156.47931499999999,154.527976,154.682011,83314560.7,0.02020739704700104,-0.4430802091800051,Short-term upward,Below long MA,-0.6929908593070077,False,False,True,68.6,high_volume
2023-12-08,NVDA,144.9786,146.221,144.598,145.5639,50955606,offline_fallback,-0.03477783443528126,155.54502,154.344128,154.580478,79259368.6,0.021326926912247943,-0.4624486734588744,Short-term upward,Below long MA,-1.666098154353357,False,False,False,81.1,normal
2023-12-11,NVDA,144.537,148.7177,144.0023,146.3207,65525276,offline_fallback,0.005199091258203392,154.452325,154.22912200000002,154.471853,77998457.35,0.02034379306046624,-0.4596538950562188,Short-term upward,Below long MA,0.2927358423804326,False,False,False,65.4,normal
2023-12-12,NVDA,151.6343,152.5109,150.9413,151.4069,53802299,offline_fallback,0.034760631954330545,153.612125,154.260658,154.382338,74988913.75,0.022334268345005834,-0.44087112297431186,Short-term downward,Below long MA,1.6730410917087988,False,False,False,80.4,normal
2023-12-13,NVDA,155.9101,159.2755,153.8586,155.6698,3635588,offline_fallback,0.028155255804061863,153.31293499999998,154.302794,154.312697,69443202.65,0.0220023417444054,-0.42512870641421585,Short-term downward,Below long MA,1.32483076552793,False,False,False,75.7,normal
2023-12-14,NVDA,154.8898,158.3249,153.1195,156.5312,24588842,offline_fallback,0.0055335074625906255,153.07292999999999,154.462254,154.235218,64653570.7,0.022060505649064244,-0.4219476518211297,Short-term downward,Above long MA,0.24124495047402328,False,False,False,62.9,normal
2023-12-15,NVDA,159.4973,162.2347,155.6952,159.0034,107976184,offline_fallback,0.015793656472319784,152.96668499999998,154.63616,154.16127500000002,63283996.05,0.022388323098269314,-0.4128180916109748,Short-term downward,Above long MA,0.7015557455935522,False,False,False,69.2,normal
2023-12-18,NVDA,150.4268,154.1234,147.6786,151.4007,133823307,offline_fallback,-0.047814700817718325,152.49784,154.659624,154.031107,66548127.7,0.024774964605611835,-0.44089401888617297,Short-term downward,Above long MA,-2.1981290539472895,False,False,True,86.4,high_volume
2023-12-19,NVDA,149.0178,151.3095,148.6927,149.146,119164516,offline_fallback,-0.014892269322400842,152.15598500000002,154.591858,153.932055,71629039.45,0.02413157786562492,-0.4492203757366853,Short-term downward,Above long MA,-0.6667138996034417,False,False,False,77.1,normal
2023-12-20,NVDA,143.6868,146.5658,142.8171,145.0808,7479343,offline_fallback,-0.027256513751625744,151.655995,154.48571800000002,153.800248,65483151.95,0.024779641099826468,-0.46423270813953355,Short-term downward,Above long MA,-1.192948918208299,False,False,False,85.6,normal
2023-12-21,NVDA,146.1141,148.4995,143.0407,145.7413,89730792,offline_fallback,0.0045526354969092075,151.2335,154.308798,153.7557175,66463477.4,0.024827328397574656,-0.4617935549485267,Short-term downward,Above long MA,0.2392947385847788,False,False,False,73.9,normal
2023-12-22,NVDA,146.0196,147.719,141.6741,144.7067,62141495,offline_fallback,-0.0070988800017564024,150.74313999999998,154.05618,153.74000750000002,68190848.4,0.024822548088915094,-0.4656142179181191,Short-term downward,Above long MA,-0.2871767913076092,False,False,False,75.1,normal
2023-12-25,NVDA,139.2192,142.8142,137.8367,139.9116,51764745,offline_fallback,-0.033136682682971985,149.83286500000003,153.74727000000001,153.7130075,69857049.45,0.02488460164755113,-0.48332199000925813,Short-term downward,Above long MA,-1.4588655723632464,False,False,False,88.7,normal
2023-12-26,NVDA,138.5756,140.2666,136.8279,138.5382,22176371,offline_fallback,-0.009816198228024042,149.2366,153.46310400000002,153.70013649999999,67210874.05,0.022817603363991634,-0.4883938037753882,Short-term downward,Below long MA,-0.3997311836058274,False,False,False,74.1,normal
2023-12-27,NVDA,142.4537,143.4411,140.4724,141.8289,24196864,offline_fallback,0.02375301541379926,148.765895,153.26991199999998,153.769596,66890460.6,0.02357088195253485,-0.47624161391066977,Short-term downward,Below long MA,1.136409541766876,False,False,False,83.7,normal
2023-12-28,NVDA,146.3463,146.6662,144.832,146.3297,111394405,offline_fallback,0.03173401189743408,148.713455,153.21204,153.87786,65942873.8,0.024152360547940056,-0.45962065905513005,Short-term downward,Below long MA,1.4520577367847023,False,False,False,86.1,normal
2023-12-29,NVDA,147.9554,149.6704,145.3416,148.2299,25641452,offline_fallback,0.012985743837375274,148.572325,153.28543,153.9805955,60336542.65,0.023643802292990047,-0.45260343135861025,Short-term downward,Below long MA,0.5933985585844187,False,False,False,76.1,normal
2024-01-01,NVDA,146.5004,148.3892,145.1827,145.7518,30816809,offline_fallback,-0.01671794961745221,148.38976,153.25911,154.07266049999998,59975010.95,0.023810985069242816,-0.4617547796139232,Short-term downward,Below long MA,-0.7483758072285946,False,False,False,79.7,normal
2024-01-02,NVDA,143.778,144.5975,140.1838,143.0531,68618014,offline_fallback,-0.018515723304960874,147.89815,153.15229000000002,154.12096749999998,63168489.55,0.02340002063174768,-0.4717207791848096,Short-term downward,Below long MA,-0.8034902806287867,False,False,False,80.1,normal
2024-01-03,NVDA,141.9978,142.7035,138.5373,141.388,25785226,offline_fallback,-0.011639733777177863,147.32056500000002,153.082928,154.128303,60761878.1,0.02346159601915239,-0.4778698086751133,Short-term downward,Below long MA,-0.4934430735354947,False,False,False,76.5,normal
2024-01-04,NVDA,147.1145,150.1313,145.8891,146.9464,59206329,offline_fallback,0.03931309587800946,147.12745,152.960588,154.15184,56921173.15,0.025191376666078527,-0.4573432544027546,Short-term downward,Below long MA,1.7908604535664898,False,False,False,88.3,normal
2024-01-05,NVDA,151.7674,154.7573,148.6331,151.1345,107058920,offline_fallback,0.028500868343831476,147.40598,152.930986,154.17859049999998,59726338.85,0.024693841917424676,-0.4418770659405955,Short-term downward,Below long MA,1.2866437142478115,False,False,False,83.6,normal
2024-01-08,NVDA,152.3487,154.5013,151.374,151.7807,26718624,offline_fallback,0.004275661745001935,147.67898,152.98524,154.25685249999998,57786006.25,0.02468874223153463,-0.4394907210624295,Short-term downward,Below long MA,0.19689191907031417,False,False,False,70.1,normal
2024-01-09,NVDA,152.6605,154.3698,149.2536,152.3161,70378148,offline_fallback,0.0035274577070734114,147.72444000000002,152.95155,154.33622499999998,58614798.7,0.02347356548091383,-0.43751354828655487,Short-term downward,Below long MA,0.14910922588897038,False,False,False,67.2,normal
2024-01-10,NVDA,149.3784,149.6087,147.8366,149.0353,116732759,offline_fallback,-0.02153941704127138,147.392715,152.79402399999998,154.36729300000002,64269657.25,0.023024866994598298,-0.4496291785500758,Short-term downward,Below long MA,-0.9572121831926481,False,False,False,78.8,normal
2024-01-11,NVDA,147.5133,150.1167,146.6675,147.7434,88241860,offline_fallback,-0.008668416140337198,146.953325,152.61185,154.401898,67452308.15,0.023001789584768312,-0.454400021861903,Short-term downward,Below long MA,-0.39023671069600974,False,False,False,72.1,normal
2024-01-12,NVDA,148.5939,151.429,147.2287,147.5246,72564483,offline_fallback,-0.001480946018570184,146.379385,152.38314200000002,154.39406150000002,65681723.1,0.02259416382411168,-0.4552080259772585,Short-term downward,Below long MA,-0.09338076156886363,False,False,False,66.1,normal
2024-01-15,NVDA,144.6953,146.222,144.001,145.2913,23523441,offline_fallback,-0.015138492156562267,146.073915,152.07026,154.30541449999998,60166729.8,0.020284153796602415,-0.46345535500295987,Short-term downward,Below long MA,-0.6890357031150897,False,False,False,71.0,normal
2024-01-16,NVDA,143.108,143.2604,142.576,143.0488,102807187,offline_fallback,-0.015434509843328614,145.76905499999998,151.73953600000002,154.17613,59348863.35,0.020302839310801162,-0.4717366586075519,Short-term downward,Below long MA,-0.6822013306315106,False,False,False,71.5,normal
2024-01-17,NVDA,144.9718,145.993,144.7428,145.5954,129824761,offline_fallback,0.017802316412301344,145.794785,151.409358,154.1007805,65466134.25,0.019834469166643623,-0.462332347455064,Short-term downward,Below long MA,0.795112072826729,False,False,True,71.2,high_volume
2024-01-18,NVDA,143.5196,145.1946,141.9061,142.2436,2933008,offline_fallback,-0.023021331717897886,145.6199,150.95698000000002,154.04271699999998,61126245.05,0.020475876704653822,-0.4747101728382844,Short-term downward,Below long MA,-1.0532253619103822,False,False,False,76.1,normal
2024-01-19,NVDA,142.9995,145.0928,140.3151,144.7511,60196312,offline_fallback,0.017628209634739322,145.62212000000002,150.567006,153.98900600000002,61028985.9,0.020832657895431192,-0.4654502536460816,Short-term downward,Below long MA,0.8693731939894406,False,False,False,74.2,normal
2024-01-22,NVDA,147.0134,150.8128,145.139,147.8255,121701626,offline_fallback,0.0212392168349671,146.01781499999998,150.160024,153.9393715,64525829.95,0.019771371691233185,-0.4540968356741941,Short-term downward,Below long MA,1.0069852287348693,False,False,False,72.1,normal
2024-01-23,NVDA,150.6063,153.4203,147.6891,150.5783,48477581,offline_fallback,0.018621956293061848,146.61982,149.807372,153.90141,65840890.45,0.019828262221917768,-0.44393105080787487,Short-term downward,Below long MA,0.9070505030203125,False,False,False,70.1,normal
2024-01-24,NVDA,149.9776,152.3896,148.428,150.3163,4335538,offline_fallback,-0.0017399585464837886,147.04419000000001,149.58062600000002,153.85677249999998,64847824.15,0.019329183490151978,-0.4448985877284559,Short-term downward,Below long MA,-0.059991579664168515,False,False,False,56.7,normal
2024-01-25,NVDA,149.0607,152.1455,145.478,148.497,90375089,offline_fallback,-0.012103145167889351,147.152555,149.32394,153.814802,63796858.35,0.018371458056412587,-0.4516170607040788,Short-term downward,Below long MA,-0.5531106214156086,False,False,False,61.6,normal
2024-01-26,NVDA,151.1409,151.8686,150.0525,150.4957,36528422,offline_fallback,0.0134595311689798,147.26584499999998,149.111288,153.779665,64341206.85,0.018388167428164633,-0.4442360834400886,Short-term downward,Below long MA,0.6870055978403574,False,False,False,62.3,normal
2024-01-29,NVDA,154.1989,158.0708,153.9461,154.7717,122477093,offline_fallback,0.028412771926374036,147.71684,148.99117,153.746423,68924221.05,0.01887274108795349,-0.4284452900339635,Short-term downward,Below long MA,1.381146523633407,False,False,False,69.5,normal
2024-01-30,NVDA,154.563,155.7074,153.0113,155.1402,10956466,offline_fallback,0.002380926228761293,148.321195,148.974312,153.73498800000002,66041143.65,0.01817421188199791,-0.4270844604338333,Short-term downward,Below long MA,0.12637477874956,False,False,False,51.2,normal
2024-01-31,NVDA,161.3989,164.5606,161.1025,161.7795,10062097,offline_fallback,0.04279548434254954,149.34077,149.10829,153.754416,65254987.2,0.019687206905649724,-0.402566262430726,Short-term upward,Below long MA,1.9816763328813358,False,False,False,69.8,normal
2024-02-01,NVDA,165.098,165.78,162.4125,164.8165,95199406,offline_fallback,0.018772464990928883,150.234275,149.320796,153.77161999999998,67054641.05,0.018403510055933277,-0.391350958507807,Short-term upward,Below long MA,0.8618515903340374,False,False,False,57.2,normal
2024-02-02,NVDA,164.0734,166.8168,162.4769,164.3897,123843705,offline_fallback,-0.002589546556321598,150.89703500000002,149.518312,153.8076155,67893880.3,0.017694692277168106,-0.3929270835372116,Short-term upward,Below long MA,-0.13160673280136395,False,False,False,42.5,normal
2024-02-05,NVDA,162.3977,164.935,160.5035,162.0909,6082122,offline_fallback,-0.013983844486607167,151.412545,149.597788,153.8142285,66862055.2,0.01816410576638228,-0.40141629679305824,Short-term upward,Below long MA,-0.6362205278846461,False,False,False,54.7,normal
2024-02-06,NVDA,157.3666,160.3626,155.214,157.3252,15308692,offline_fallback,-0.0294014037802246,151.663,149.735022,153.8016255,64108582.4,0.019592638367579886,-0.41901549794730775,Short-term upward,Below long MA,-1.3146125569279365,False,False,False,69.6,normal
2024-02-07,NVDA,157.0566,159.5167,155.5645,156.5633,46777153,offline_fallback,-0.004842835095712594,152.0394,149.841428,153.7964445,60610802.1,0.018888869391519594,-0.42182911008391355,Short-term upward,Below long MA,-0.21448364222463942,False,False,False,55.0,normal
2024-02-08,NVDA,157.8762,161.3166,156.9704,157.9985,129518338,offline_fallback,0.00916689926694203,152.552155,150.05382799999998,153.8186125,62674626.0,0.01874759893519808,-0.4165290757769746,Short-term upward,Below long MA,0.4394131167260154,False,False,True,57.3,high_volume
2024-02-09,NVDA,156.1391,156.9391,154.3692,156.0848,37581022,offline_fallback,-0.012112140305129526,152.980165,150.154474,153.8408745,60925452.95,0.01904542067314061,-0.42359615747512747,Short-term upward,Below long MA,-0.5565763992331916,False,False,False,61.2,normal
2024-02-12,NVDA,158.6382,161.0196,156.3006,158.765,130643066,offline_fallback,0.01717143501481244,153.65384999999998,150.341712,153.87839599999998,66281434.2,0.018794937048083233,-0.4136984763509235,Short-term upward,Below long MA,0.8045343407215602,False,False,True,61.7,high_volume
2024-02-13,NVDA,160.5529,161.0203,156.4872,159.9486,48545399,offline_fallback,0.007455043617925927,154.49884,150.482978,153.9344215,63568344.8,0.018197465607064884,-0.40932757291886324,Short-term upward,Below long MA,0.3250228191100298,False,False,False,52.0,normal
2024-02-14,NVDA,158.3442,159.9329,157.9911,158.913,21210422,offline_fallback,-0.0064745799588117325,155.16472000000002,150.602444,153.99464550000002,58137627.85,0.018161255750245776,-0.4131519287774654,Short-term upward,Below long MA,-0.3382518527917973,False,False,False,52.4,normal
2024-02-15,NVDA,157.3131,158.2826,154.0903,157.8761,71775741,offline_fallback,-0.006524953905596154,155.946345,150.74379199999998,154.0498025,61579764.5,0.017192309605771974,-0.41698108539178047,Short-term upward,Below long MA,-0.3399552057063857,False,False,False,46.6,normal
2024-02-16,NVDA,155.9654,157.6075,155.2451,156.8347,87070056,offline_fallback,-0.006596311918016795,156.550525,150.969208,154.108628,62923451.7,0.017136228728474277,-0.4208268600066398,Short-term upward,Below long MA,-0.33614204531485964,False,False,False,46.7,normal
2024-02-19,NVDA,155.2316,158.081,154.8863,155.2521,114822464,offline_fallback,-0.010090879123051066,156.921855,151.14783599999998,154.1540935,62579493.6,0.01692300550236852,-0.42667122615363084,Short-term upward,Below long MA,-0.4799427511101386,False,False,False,48.6,normal
2024-02-20,NVDA,157.2474,160.9336,156.2888,158.4515,105286707,offline_fallback,0.02060777277730863,157.315515,151.288728,154.211429,65419949.9,0.017027528970220047,-0.4148561970555119,Short-term upward,Below long MA,0.9768355972512471,False,False,False,53.0,normal
2024-02-21,NVDA,158.2123,160.1929,156.9256,158.2057,14238225,offline_fallback,-0.0015512633203219606,157.70998500000002,151.339446,154.265599,65915084.25,0.017024998367098074,-0.4157639091741334,Short-term upward,Below long MA,-0.12487175851614235,False,False,False,41.6,normal
2024-02-22,NVDA,160.3325,160.8846,157.0305,159.783,87249060,offline_fallback,0.009969931551138567,158.27428500000002,151.404482,154.30731400000002,65758782.8,0.016727893187076116,-0.4099391153388947,Short-term upward,Below long MA,0.42722905965875124,False,False,False,44.1,normal
2024-02-23,NVDA,162.4035,164.3101,160.6317,162.3393,38055421,offline_fallback,0.01599857306471919,158.866465,151.4712,154.361148,65835132.75,0.01681446101228371,-0.40049898316301114,Short-term upward,Below long MA,0.7457994328341591,False,False,False,47.6,normal
2024-02-26,NVDA,158.0954,159.6203,157.2318,157.9633,3987405,offline_fallback,-0.026955888069001177,159.026045,151.602452,154.4013095,59910648.35,0.017126221152797338,-0.41665906547012144,Short-term upward,Below long MA,-1.413437807299971,False,False,False,57.5,normal
2024-02-27,NVDA,154.1592,156.3372,152.8501,153.7302,84043793,offline_fallback,-0.02679799674987804,158.955545,151.694136,154.431937,63565014.7,0.018224354851999927,-0.43229143393772396,Short-term upward,Below long MA,-1.3563187972044162,False,False,False,67.0,normal
2024-02-28,NVDA,154.8431,156.8061,153.0688,156.0614,39129906,offline_fallback,0.015164229279607921,158.66964000000002,151.913748,154.480803,65018405.15,0.01565114169800701,-0.42368257107795804,Short-term upward,Below long MA,0.7292032124839306,False,False,False,45.4,normal
2024-02-29,NVDA,148.375,149.054,145.0306,147.7805,121397072,offline_fallback,-0.053061807724395726,157.81784,151.954532,154.4763345,66328288.45,0.018663044450895245,-0.45426301567963756,Short-term upward,Below long MA,-2.5036128653162644,True,False,False,74.0,abnormal_return
2024-03-01,NVDA,151.923,154.2779,150.0849,152.0451,100181535,offline_fallback,0.0288576639001763,157.20061,152.1013,154.50150250000002,65145179.95,0.020165235154979384,-0.43851432120822476,Short-term upward,Below long MA,1.3308797448398249,False,False,False,74.0,normal
2024-03-04,NVDA,151.4026,153.6449,149.6005,150.585,130776395,offline_fallback,-0.009603071720167167,156.625315,152.31476800000002,154.515999,71379893.6,0.020071225463017307,-0.4439063084515089,Short-term upward,Below long MA,-0.4902078171755531,False,False,True,65.6,high_volume
2024-03-05,NVDA,147.3328,147.5595,144.8449,146.9408,109197940,offline_fallback,-0.024200285553010015,156.106095,152.48282,154.52120299999999,76074356.0,0.019748814013364334,-0.45736393458120983,Short-term upward,Below long MA,-1.1514988082744149,False,False,False,73.5,normal
2024-03-06,NVDA,143.4107,145.8342,141.8094,143.9433,84854628,offline_fallback,-0.020399371719767467,155.475095,152.525108,154.50661950000003,77978229.75,0.02011893914580527,-0.46843336938823976,Short-term upward,Below long MA,-0.93772345995595,False,False,False,73.7,normal
2024-03-07,NVDA,133.6579,136.0553,132.8373,134.1128,11624146,offline_fallback,-0.06829425197282546,154.28081,152.28077000000002,154.44208650000002,72083520.15,0.024442427291242783,-0.5047363147995851,Short-term upward,Below long MA,-2.956012543478383,True,False,False,90.4,abnormal_return
2024-03-08,NVDA,138.7798,141.7045,138.3385,138.7978,129833894,offline_fallback,0.03493328004485785,153.41646,152.092128,154.4131235,76696163.75,0.026212545938431774,-0.48743512978843073,Short-term upward,Below long MA,1.6263671678713185,False,False,True,90.8,high_volume
2024-03-11,NVDA,140.0328,141.4796,136.9908,139.6125,13329522,offline_fallback,0.005869689577212345,152.458835,151.96934199999998,154.3569405,70830486.55,0.02581645667889477,-0.4844265331121046,Short-term upward,Below long MA,0.3184891604136387,False,False,False,77.8,normal
2024-03-12,NVDA,141.0079,143.8929,139.4151,139.9806,42582338,offline_fallback,0.002636583400483561,151.46043500000002,151.907892,154.3153515,70532333.5,0.025705696985089985,-0.48306718066757837,Short-term downward,Below long MA,0.15818462824750618,False,False,False,74.7,normal
2024-03-13,NVDA,148.5893,150.2601,145.5437,147.1863,95751018,offline_fallback,0.051476418875186836,150.8741,152.023858,154.314543,74259363.3,0.02877134448556467,-0.45645733032929126,Short-term downward,Below long MA,2.257049370429776,False,False,False,91.3,normal
2024-03-14,NVDA,151.3089,151.5767,149.6832,151.1942,71319695,offline_fallback,0.027230115846379688,150.540005,152.108814,154.332377,74236561.0,0.029559378474192845,-0.4416566004667074,Short-term downward,Below long MA,1.1537995533198475,False,False,False,85.5,normal
2024-03-15,NVDA,154.941,158.0004,150.9031,153.7746,23676812,offline_fallback,0.01706679224467611,150.387,152.16161599999998,154.3560935,71066898.8,0.02982714328954437,-0.4321274696656865,Short-term downward,Below long MA,0.6891998599285165,False,False,False,79.7,normal
2024-03-18,NVDA,147.776,150.9511,146.5426,148.7077,47928675,offline_fallback,-0.032950175126451375,150.05978,152.100156,154.38177100000001,67722209.35,0.030638639196986023,-0.4508389689897032,Short-term downward,Below long MA,-1.4938409789823446,False,False,False,89.2,normal
2024-03-19,NVDA,162.2513,165.4931,160.4264,161.2602,6039901,offline_fallback,0.08441055843106993,150.200215,152.279038,154.47974549999998,62759869.05,0.035945623649686655,-0.404483979693542,Short-term downward,Below long MA,3.2304540627157303,True,True,False,87.2,abnormal_return
2024-03-20,NVDA,165.5142,167.5064,163.4621,166.9941,52343541,offline_fallback,0.035556820591813754,150.639635,152.638214,154.59670699999998,64665134.85,0.03672953697604794,-0.38330932339995427,Short-term downward,Below long MA,1.2770847201315365,False,True,False,81.3,volatility_spike
2024-03-21,NVDA,169.8923,173.2338,168.4135,169.7843,100603339,offline_fallback,0.016708374727011366,151.1397,153.079032,154.72687950000002,65332848.8,0.03682428640588186,-0.37300542448466656,Short-term downward,Below long MA,0.5512168386102693,False,True,False,73.1,volatility_spike
2024-03-22,NVDA,175.7336,178.9686,172.0841,175.7407,15765710,offline_fallback,0.03508216012905785,151.80977,153.643354,154.94456399999999,64218363.25,0.03740291594757222,-0.351009100386387,Short-term downward,Below long MA,1.2490786808961727,False,True,False,78.8,volatility_spike
2024-03-25,NVDA,177.3677,181.2374,174.0833,175.8775,132101588,offline_fallback,0.0007784195692859264,152.70548,154.25507800000003,155.163763,70624072.4,0.03667706221669116,-0.3505039131698393,Short-term downward,Below long MA,-0.10518265037308863,False,True,True,64.1,volatility_spike
2024-03-26,NVDA,182.9466,185.133,180.535,182.0957,125915905,offline_fallback,0.03535528990348391,154.12375500000002,155.036016,155.40425150000002,72717678.0,0.03638168932614896,-0.3275407907287806,Short-term downward,Below long MA,1.2117737484854032,False,True,False,75.3,volatility_spike
2024-03-27,NVDA,175.1918,176.8343,172.1697,173.4561,98251553,offline_fallback,-0.04744538174157875,154.99349,155.59322999999998,155.5797405,75673760.35,0.038468984033168264,-0.3594458746182938,Short-term downward,Above long MA,-1.9414869451216197,False,True,False,82.8,volatility_spike
2024-03-28,NVDA,177.5469,178.008,175.6635,177.1503,41094224,offline_fallback,0.0212976078673508,156.46197999999998,156.291364,155.7527455,71658617.95,0.03597264113710323,-0.3458036040381004,Short-term upward,Above long MA,0.6847308673780342,False,True,False,71.9,volatility_spike
2024-03-29,NVDA,180.7965,181.3931,177.1308,178.9486,44531459,offline_fallback,0.010151267031441646,157.807155,156.975314,155.930204,68876114.15,0.03569089914769527,-0.3391626817316843,Short-term upward,Above long MA,0.27074345301117825,False,True,False,65.1,volatility_spike
2024-04-01,NVDA,176.3076,179.0153,173.6802,174.7662,136181402,offline_fallback,-0.023372074439252377,159.01621500000002,157.514128,156.07290999999998,69146364.5,0.036193477474105853,-0.35460782072648733,Short-term upward,Above long MA,-0.9986960502191727,False,True,True,76.6,volatility_spike
2024-04-02,NVDA,184.0307,185.7248,182.199,182.5314,119894972,offline_fallback,0.04443193249037858,160.79574499999998,158.15319000000002,156.2563335,69681216.1,0.03622394712984779,-0.3259317989871884,Short-term upward,Above long MA,1.541195030835164,False,True,False,77.1,volatility_spike
2024-04-03,NVDA,179.3691,179.8849,177.382,177.8383,126172044,offline_fallback,-0.025711192704378494,162.49049499999998,158.70363,156.3975765,71747086.9,0.03648884697009577,-0.3432628963993225,Short-term upward,Above long MA,-1.08590488008344,False,True,True,76.2,volatility_spike
2024-04-04,NVDA,180.385,183.7725,177.8219,179.4208,117189042,offline_fallback,0.00889853310563593,164.755895,159.322106,156.52635,77025331.7,0.03135194939213885,-0.3374188995412324,Short-term upward,Above long MA,0.1989152818784085,False,False,False,62.1,normal
2024-04-05,NVDA,183.4919,188.5559,180.2206,184.5811,101858095,offline_fallback,0.028760879452103483,167.04505999999998,160.003814,156.6844,75626541.75,0.031176539409196718,-0.31836248438369563,Short-term upward,Above long MA,0.9180855664662919,False,False,False,69.8,normal
2024-04-08,NVDA,179.6284,182.1418,175.6482,179.4971,115159718,offline_fallback,-0.027543448381226465,169.03929,160.498322,156.8023195,80718051.55,0.03254610343087488,-0.3371371321097808,Short-term upward,Above long MA,-1.1614494771641821,False,True,False,74.6,volatility_spike
2024-04-09,NVDA,177.891,179.8714,176.1,177.0173,127917255,offline_fallback,-0.013815264981996811,170.891125,160.935864,156.905001,84984797.4,0.033029884041936505,-0.34629475827641054,Short-term upward,Above long MA,-0.6556386966342022,False,True,True,70.8,volatility_spike
2024-04-10,NVDA,172.2368,173.1514,168.4846,172.8731,121111905,offline_fallback,-0.02341127110175112,172.17546499999997,161.157736,156.98343500000001,86252841.75,0.03259911159328323,-0.36159882891103723,Short-term upward,Above long MA,-0.9791183597547309,False,True,False,75.8,volatility_spike
2024-04-11,NVDA,170.8329,175.3545,167.4191,172.2702,131848007,offline_fallback,-0.0034875292917174727,173.229265,161.30680999999998,157.0519725,89279257.35,0.03239687316428903,-0.3638252716950767,Short-term upward,Above long MA,-0.2607748487432447,False,True,True,66.2,volatility_spike
2024-04-12,NVDA,171.3436,172.3953,170.5506,171.3032,25817001,offline_fallback,-0.00561327495991748,174.105695,161.44508,157.111065,89386266.8,0.03242428788229991,-0.3673962953676031,Short-term upward,Above long MA,-0.3256126296477868,False,True,False,67.8,volatility_spike
2024-04-15,NVDA,174.054,177.755,170.27,174.4932,44764965,offline_fallback,0.01862195218770002,175.39497,161.693126,157.179127,89228081.3,0.031199239289470704,-0.35561597942617673,Short-term upward,Above long MA,0.5753035855227141,False,False,False,70.1,normal
2024-04-16,NVDA,179.5505,180.4922,176.8045,178.7095,12138602,offline_fallback,0.024163119250492304,176.267435,162.120812,157.262774,89533016.35,0.025949149092940754,-0.34004565149393984,Short-term upward,Above long MA,0.7757406501315788,False,False,False,69.0,normal
2024-04-17,NVDA,178.6947,180.4187,177.4505,178.257,78894071,offline_fallback,-0.002532042224951625,176.83058,162.554686,157.354213,90860542.85,0.02500538112589537,-0.3417166837708976,Short-term upward,Above long MA,-0.2123664669262236,False,False,False,60.1,normal
2024-04-18,NVDA,181.3501,183.0496,179.0941,179.7216,6427136,offline_fallback,0.008216227132735288,177.32744499999998,162.989148,157.4471955,86151732.7,0.02484203540604406,-0.3363080785270691,Short-term upward,Above long MA,0.17353682744362459,False,False,False,58.2,normal
2024-04-19,NVDA,181.2474,184.1249,180.7368,181.0358,87337193,offline_fallback,0.0073124209889072755,177.5922,163.488168,157.557695,89730306.85,0.02371323111509914,-0.3314548837903223,Short-term upward,Above long MA,0.14393054797739474,False,False,False,55.3,normal
2024-04-22,NVDA,176.8664,180.5605,175.4671,177.8042,14352075,offline_fallback,-0.017850612972682645,177.688535,163.86895199999998,157.669268,83842831.2,0.0241159719118837,-0.3433888239145584,Short-term upward,Above long MA,-0.7643218551891707,False,False,False,66.7,normal
2024-04-23,NVDA,175.1621,177.3755,172.0171,175.4445,84467696,offline_fallback,-0.013271340047085523,177.355975,164.17887000000002,157.736995,81770420.75,0.02287012074925086,-0.35210293411110505,Short-term upward,Above long MA,-0.5823178847976573,False,False,False,62.8,normal
2024-04-24,NVDA,174.3542,175.6992,170.5747,174.3312,138753974,offline_fallback,-0.006345596470678783,177.39973,164.487234,157.789986,83795541.8,0.020228806965015795,-0.3562142274457728,Short-term upward,Above long MA,-0.3003221327601133,False,False,True,53.5,high_volume
2024-04-25,NVDA,176.9999,177.9123,173.4078,177.3371,42047204,offline_fallback,0.017242467211835866,177.40906999999999,164.87645400000002,157.8361625,83843190.8,0.020028124374552227,-0.3451137723710601,Short-term upward,Above long MA,0.5938955889994286,False,False,False,55.7,normal
2024-04-26,NVDA,175.2374,177.9258,173.8277,175.9806,125264633,offline_fallback,-0.007649273615052854,177.26067,165.259372,157.8577425,87879849.5,0.01996000525608915,-0.35012317631292356,Short-term upward,Above long MA,-0.34544249095823604,False,False,False,52.6,normal
2024-04-29,NVDA,179.2617,181.4541,174.9645,178.9002,6349210,offline_fallback,0.01659046508535611,177.46737000000002,165.732334,157.88995350000002,81388239.9,0.019561706486357786,-0.3393414175597611,Short-term upward,Above long MA,0.5528183403918111,False,False,False,53.1,normal
2024-04-30,NVDA,178.2542,181.6686,174.7401,179.1699,104037858,offline_fallback,0.00150754442979939,177.299295,166.146702,157.938964,80595384.2,0.01673701272272126,-0.3383454453938042,Short-term upward,Above long MA,-0.03815648599951238,False,False,False,30.3,normal
2024-05-01,NVDA,179.4884,184.0689,177.3161,180.9987,56415085,offline_fallback,0.010207071611916918,177.45731500000002,166.602562,158.000775,77107536.25,0.015825045195906072,-0.3315918899725877,Short-term upward,Above long MA,0.28564755093390937,False,False,False,29.3,normal
2024-05-02,NVDA,184.8277,186.4244,183.0926,184.9792,132951306,offline_fallback,0.021991870659844315,177.735235,167.10648600000002,158.1039055,77895649.45,0.01642832557673325,-0.3168923452688738,Short-term upward,Above long MA,0.726174653684179,False,False,True,36.6,high_volume
2024-05-03,NVDA,190.244,192.0344,188.1991,190.0321,63466971,offline_fallback,0.027316044182264854,178.007785,167.660342,158.2393205,75976093.25,0.01630557386090918,-0.29823254639099495,Short-term upward,Above long MA,0.9005531058680946,False,False,False,36.8,normal
2024-05-06,NVDA,193.9089,197.7331,191.4602,193.0707,72678010,offline_fallback,0.015989930122331852,178.686465,168.36249,158.3826315,73852007.85,0.015071863840526773,-0.28701133384566024,Short-term upward,Above long MA,0.4709489390268001,False,False,False,25.0,normal
2024-05-07,NVDA,194.1105,196.1606,193.0205,195.3658,78872517,offline_fallback,0.011887355253800802,179.60389,169.195202,158.538602,71399770.95,0.014582320181764656,-0.27853578427914993,Short-term upward,Above long MA,0.3119295956749944,False,False,False,20.5,normal
2024-05-08,NVDA,190.4295,194.1818,186.6565,190.481,117424624,offline_fallback,-0.025003352685065705,180.484285,169.88359400000002,158.668917,71215406.9,0.01474922347557597,-0.2965748085144727,Short-term upward,Above long MA,-1.0689387155283665,False,False,False,31.6,normal
2024-05-09,NVDA,186.5049,191.2928,184.5259,188.5881,7059578,offline_fallback,-0.00993747407877954,181.30018,170.699746,158.8006595,64975985.45,0.015011936364773236,-0.3035650781212206,Short-term upward,Above long MA,-0.49873377102983213,False,False,False,26.6,normal
2024-05-10,NVDA,188.1799,190.5405,186.6462,187.4174,10908522,offline_fallback,-0.00620770875786969,182.10589,171.407192,158.920625,64230561.5,0.01503388189381274,-0.30788834328505377,Short-term upward,Above long MA,-0.3586290010445054,False,False,False,25.0,normal
2024-05-13,NVDA,181.7987,183.8936,180.5217,182.0373,125983576,offline_fallback,-0.02870651284245751,182.483095,172.03623800000003,159.035739,68291492.05,0.01637749219724165,-0.327756455446956,Short-term upward,Above long MA,-1.181975010181191,False,False,False,42.1,normal
2024-05-14,NVDA,184.7298,186.4937,180.3885,183.884,108268832,offline_fallback,0.010144624206138042,182.74182000000002,172.77510199999998,159.1530335,73098003.55,0.015675031847411505,-0.32093679731246316,Short-term upward,Above long MA,0.2732448134193428,False,False,False,27.7,normal
2024-05-15,NVDA,185.9764,187.4484,185.1557,186.6097,104689951,offline_fallback,0.014822931848339271,183.159455,173.62843,159.28747149999998,74387797.55,0.0159159695250391,-0.3108710897383108,Short-term upward,Above long MA,0.43730776704412216,False,False,False,30.1,normal
2024-05-16,NVDA,187.5141,189.8022,185.4282,188.3848,8902820,offline_fallback,0.009512367256364618,183.592615,174.71387,159.42375,74511581.75,0.015943458619285072,-0.30431584245692334,Short-term upward,Above long MA,0.23937022764626506,False,False,False,26.9,normal
2024-05-17,NVDA,181.5443,185.7297,180.2594,181.899,69264513,offline_fallback,-0.03442846768953767,183.63577500000002,175.57589399999998,159.518,73607947.75,0.017890391318802396,-0.32826718199701843,Short-term upward,Above long MA,-1.3506463871289431,False,False,False,52.9,normal
2024-05-20,NVDA,185.2341,186.699,181.726,184.0698,103839223,offline_fallback,0.0119340952946414,183.949055,176.46504000000002,159.6310245,78082305.15,0.017528036081883643,-0.3202506585344328,Short-term upward,Above long MA,0.33531880788528673,False,False,False,37.6,normal
2024-05-21,NVDA,183.6312,186.3747,181.1071,184.0546,67714308,offline_fallback,-8.257737010630706e-05,184.37956,177.34651999999997,159.75017,77244635.75,0.017172505967876953,-0.32030679044738253,Short-term upward,Above long MA,-0.1289909329975093,False,False,False,32.4,normal
2024-05-22,NVDA,187.9759,192.9628,186.2169,189.8984,132016739,offline_fallback,0.03175036103417139,185.15792,178.200762,159.8903885,76907774.0,0.018216222691323412,-0.2987262856516121,Short-term upward,Above long MA,1.0474285241658803,False,False,True,50.1,high_volume
2024-05-23,NVDA,188.0542,191.5717,185.7783,187.0863,89327307,offline_fallback,-0.014808444936871612,185.64538,178.91860400000002,160.0013945,79271779.15,0.018439492918770395,-0.3091110588362156,Short-term upward,Above long MA,-0.7360591509627467,False,False,False,48.6,normal
2024-05-24,NVDA,183.3729,186.5834,178.4621,182.0941,63035128,offline_fallback,-0.02668394211655256,185.951055,179.48499399999997,160.0917455,76160303.9,0.01947179359439905,-0.3275466993511964,Short-term upward,Above long MA,-1.154179702951212,False,False,False,57.9,normal
2024-05-27,NVDA,184.2441,185.3012,181.5431,184.0002,138023112,offline_fallback,0.010467664795289933,186.206055,180.190844,160.178219,82743999.0,0.019275646015142988,-0.3205076836095183,Short-term upward,Above long MA,0.26146704588303504,False,False,True,45.8,high_volume
2024-05-28,NVDA,183.0631,186.3389,179.169,182.6509,97382074,offline_fallback,-0.007333144203104158,186.38010500000001,180.61865799999998,160.2704285,82411209.8,0.019378577334788177,-0.32549049875051106,Short-term upward,Above long MA,-0.43832881933236123,False,False,False,49.4,normal
2024-05-29,NVDA,185.6247,190.0282,182.1548,186.1308,3077407,offline_fallback,0.019052191913645045,186.63671,181.00139199999998,160.3856235,79744325.9,0.019694709466817905,-0.31263961428512876,Short-term upward,Above long MA,0.5633223592045923,False,False,False,51.1,normal
2024-05-30,NVDA,185.3416,187.6841,181.5119,184.282,53015303,offline_fallback,-0.00993279994498486,186.60185,181.291346,160.480681,75747525.75,0.019242140322503216,-0.3194670274865422,Short-term upward,Above long MA,-0.6504357805780917,False,False,False,51.0,normal
2024-05-31,NVDA,181.8146,183.2059,181.3538,182.0726,108396740,offline_fallback,-0.011989233891535833,186.20387499999998,181.417984,160.560888,77994014.2,0.018287613366034638,-0.32762609646490815,Short-term upward,Above long MA,-0.7100957364049737,False,False,False,48.9,normal
2024-06-03,NVDA,177.7968,181.0077,174.0328,177.4997,54945907,offline_fallback,-0.025115805453429063,185.425325,181.450428,160.6289625,77107409.05,0.01847097157225588,-0.3445133086180582,Short-term upward,Above long MA,-1.227046368765929,False,False,False,57.1,normal
2024-06-04,NVDA,175.8386,177.3591,173.4966,175.6833,10226608,offline_fallback,-0.010233256732264828,184.4412,181.32218,160.68533100000002,73675113.6,0.01812657707185761,-0.35122107221555243,Short-term upward,Above long MA,-0.5952549314713831,False,False,False,49.2,normal
2024-06-05,NVDA,174.1452,175.0016,172.1086,173.6063,136501583,offline_fallback,-0.011822409984329707,183.597465,181.325184,160.7319925,74628961.55,0.01759825010982551,-0.3588912026890141,Short-term upward,Above long MA,-0.6370369265540652,False,False,True,46.6,high_volume
2024-06-06,NVDA,176.4791,178.549,172.362,174.6178,54040970,offline_fallback,0.005826401461237252,182.89894999999999,181.274534,160.7768355,76978031.15,0.017693708003697153,-0.35515584545554935,Short-term upward,Above long MA,0.1370419906414549,False,False,False,39.5,normal
2024-06-07,NVDA,170.4563,173.8737,167.1361,169.5704,135197902,offline_fallback,-0.02890541514095346,182.0066,181.08697,160.8020375,83192500.15,0.01856981329542949,-0.37379533344387383,Short-term upward,Above long MA,-1.3186095752495703,False,False,True,60.7,high_volume
2024-06-10,NVDA,165.1912,168.0168,164.4564,165.8374,80640175,offline_fallback,-0.022014455353056905,181.196605,180.90839399999996,160.810175,80925330.1,0.018172932277063764,-0.38758088811764957,Short-term upward,Above long MA,-1.0418987192603788,False,False,False,57.4,normal
2024-06-11,NVDA,160.6078,161.617,158.8088,161.1616,119260841,offline_fallback,-0.028195087477251857,180.060485,180.480998,160.808347,81474930.55,0.018565623896750462,-0.4048480985499133,Short-term downward,Above long MA,-1.3665723571601263,False,False,False,64.5,normal
2024-06-12,NVDA,156.3431,159.1129,155.4412,156.2658,86364283,offline_fallback,-0.030378204237237583,178.54329,180.049548,160.7843915,80558647.15,0.01859618029382612,-0.42292774456434434,Short-term downward,Above long MA,-1.429654912420769,False,False,False,67.8,normal
2024-06-13,NVDA,156.1004,156.5037,155.5578,155.8932,26252433,offline_fallback,-0.002384398889584305,176.91871,179.57899600000002,160.7702395,81426127.8,0.01816937527357543,-0.424303715009415,Short-term downward,Above long MA,-0.057067876817817845,False,False,False,49.3,normal
2024-06-14,NVDA,156.5712,157.7198,153.3712,155.5123,118963016,offline_fallback,-0.002443339414419543,175.59937499999998,178.99761999999998,160.76340199999999,83911052.95,0.017220713493245374,-0.4257103364332675,Short-term downward,Above long MA,-0.030252862480068164,False,False,False,42.7,normal
2024-06-17,NVDA,156.0064,159.1616,155.2479,156.8073,139061672,offline_fallback,0.008327315588541717,174.23624999999998,178.54382400000003,160.7634465,85672175.4,0.01702241343974899,-0.42092804516550975,Short-term downward,Above long MA,0.5028240576175811,False,False,True,48.5,high_volume
2024-06-18,NVDA,154.0426,154.6527,152.4017,153.3164,19587561,offline_fallback,-0.022262356408151995,172.69934,178.06980600000003,160.7532505,83265838.05,0.017211531640020473,-0.4338195514100005,Short-term downward,Above long MA,-1.0024885598842976,False,False,False,57.3,normal
2024-06-19,NVDA,151.6081,152.7678,150.0169,152.3098,39528727,offline_fallback,-0.006565507669107795,170.81991,177.65854,160.7384375,78641437.45,0.014334280756541584,-0.437536813487317,Short-term downward,Above long MA,-0.24523181986406678,False,False,False,35.3,normal
2024-06-20,NVDA,155.1547,157.2259,154.0435,155.8159,128605511,offline_fallback,0.023019529931757488,169.25639,177.32945399999997,160.7476795,80605347.65,0.01616588311965795,-0.4245891753298766,Short-term downward,Above long MA,1.337405904983582,False,False,True,53.2,high_volume
2024-06-21,NVDA,155.1382,156.82,154.7613,156.6518,40486587,offline_fallback,0.005364664325014479,167.984275,177.03642600000003,160.75408249999998,79477920.6,0.015904742390093804,-0.42150228940654166,Short-term downward,Above long MA,0.3975197283860348,False,False,False,41.3,normal
2024-06-24,NVDA,156.5928,158.3298,152.4991,155.6731,44252145,offline_fallback,-0.00624761413529884,166.56792000000002,176.66002400000002,160.7572325,74789372.25,0.015347152258939926,-0.4251165198804834,Short-term downward,Above long MA,-0.24345001322386012,False,False,False,36.9,normal
2024-06-25,NVDA,153.4387,155.8606,152.7913,153.2271,79194286,offline_fallback,-0.015712412741828885,165.09673,176.150376,160.7495125,73879982.85,0.015436023641196965,-0.43414932639858017,Short-term downward,Above long MA,-0.7403168434876684,False,False,False,46.0,normal
2024-06-26,NVDA,154.7284,157.5943,153.4482,155.2106,131066211,offline_fallback,0.012944838086735189,163.55072,175.68944799999997,160.743637,80279423.05,0.014911039966034583,-0.42682448104753967,Short-term downward,Above long MA,0.8683746346895083,False,False,True,44.1,high_volume
2024-06-27,NVDA,154.3601,157.4537,153.4044,153.9213,101912654,offline_fallback,-0.008306778016449856,162.032685,175.173442,160.7411965,82724290.6,0.014909751637294705,-0.4315857228479413,Short-term downward,Above long MA,-0.34115139663640925,False,False,False,37.9,normal
2024-06-28,NVDA,158.5308,159.6537,155.5964,156.8042,24898916,offline_fallback,0.018729701477313343,160.769265,174.68881,160.771695,78549399.4,0.016104270405953428,-0.4209394931214403,Short-term downward,Above long MA,1.2498749048387339,False,False,False,51.8,normal
2024-07-01,NVDA,159.7915,160.0293,156.9072,158.709,132408951,offline_fallback,0.012147633800625224,159.82972999999998,174.30690600000003,160.807572,82422551.6,0.016092460111195434,-0.4139052781354752,Short-term downward,Above long MA,0.8354723613098964,False,False,True,46.8,high_volume
2024-07-02,NVDA,162.7326,166.5986,159.2559,163.4017,98709909,offline_fallback,0.029567951407922788,159.21565,174.06605,160.850518,86846716.65,0.01783696802778579,-0.3965756578789449,Short-term downward,Above long MA,1.7846750831535358,False,False,False,60.4,normal
2024-07-03,NVDA,165.3583,166.6972,162.9159,164.4303,28048858,offline_fallback,0.006294916148363194,158.75685000000001,173.86803200000003,160.884593,81424080.4,0.01785026454335748,-0.3927771522434117,Short-term downward,Above long MA,0.4107650048327422,False,False,False,48.3,normal
2024-07-04,NVDA,162.0315,163.6633,160.3599,162.0522,109599829,offline_fallback,-0.01446266290336995,158.12857,173.56233400000002,160.927639,84202023.35,0.017924962406286472,-0.40155921159773955,Short-term downward,Above long MA,-0.7947235217885348,False,False,False,55.7,normal
2024-07-05,NVDA,163.0183,166.5085,160.3322,163.6654,127235343,offline_fallback,0.009954817028093421,157.83332000000001,173.31603000000004,160.9721845,83803895.4,0.017122822900890032,-0.39560184304704704,Short-term downward,Above long MA,0.6165757735094168,False,False,True,46.8,high_volume
2024-07-08,NVDA,162.9734,166.4301,161.0052,163.2303,71520417,offline_fallback,-0.0026584727132308306,157.702965,173.002632,161.027981,83347907.5,0.01644363701639785,-0.3972086190552334,Short-term downward,Above long MA,-0.09958781131734049,False,False,False,35.7,normal
2024-07-09,NVDA,160.323,160.5055,158.1022,159.558,125999696,offline_fallback,-0.02249766127979924,157.622785,172.610394,161.0766205,83684850.25,0.015984511322188425,-0.41077001536611124,Short-term downward,Above long MA,-1.2311214512971143,False,False,False,49.8,normal
2024-07-10,NVDA,159.3201,159.5748,155.444,158.2924,56471777,offline_fallback,-0.007931911906642108,157.724115,172.15626799999998,161.1002675,82190224.95,0.014484952299068541,-0.41544373569697934,Short-term downward,Above long MA,-0.36118930912148894,False,False,False,34.5,normal
2024-07-11,NVDA,158.3496,159.1579,155.6835,158.2325,48612946,offline_fallback,-0.0003784136193525356,157.84108,171.621334,161.148639,83308250.6,0.014469087018078749,-0.41566493974866947,Short-term downward,Above long MA,0.09524112842773569,False,False,False,29.8,normal
2024-07-12,NVDA,161.2234,165.4066,160.1725,162.1604,9224226,offline_fallback,0.02482359818621349,158.173485,171.0639,161.2079005,77821311.1,0.015397819027165643,-0.4011596410068736,Short-term downward,Above long MA,1.5471787540430546,False,False,False,47.4,normal
2024-07-15,NVDA,166.9338,168.5796,164.9023,166.0683,26747983,offline_fallback,0.024098978542233418,158.636535,170.523852,161.2871045,72205626.65,0.016114898884123596,-0.38672820004527486,Short-term downward,Above long MA,1.44852036655792,False,False,False,48.4,normal
2024-07-16,NVDA,168.3984,171.1976,166.1882,169.5453,2386357,offline_fallback,0.020937168622789493,159.44798,170.007442,161.3721595,71345566.45,0.01543183331842894,-0.3738880249580211,Short-term downward,Above long MA,1.222378365266538,False,False,False,42.8,normal
2024-07-17,NVDA,174.9756,178.0669,174.3441,175.5727,8829917,offline_fallback,0.03555038093064211,160.611125,169.709276,161.498084,69810625.95,0.01657902195086588,-0.35162950574004204,Short-term downward,Above long MA,1.9532493891005116,False,False,False,49.0,normal
2024-07-18,NVDA,179.1077,182.5253,178.4832,178.827,18983439,offline_fallback,0.018535341770104408,161.76168,169.514054,161.6192825,64329522.35,0.016383878006062048,-0.33961173703528225,Short-term downward,Above long MA,1.008615862467297,False,False,False,42.1,normal
2024-07-19,NVDA,175.2075,176.6003,174.7773,175.378,67977891,offline_fallback,-0.019286796736510792,162.69798999999998,169.273266,161.7094845,65704087.55,0.01741141975619117,-0.35234851123026023,Short-term downward,Above long MA,-1.0639320557778553,False,False,False,49.3,normal
2024-07-22,NVDA,180.0179,183.5811,177.7932,178.9158,37111065,offline_fallback,0.02017242755647808,163.86012499999998,169.21083600000003,161.827278,65347033.55,0.017451048653737193,-0.33928380849120754,Short-term downward,Above long MA,1.0939334580758997,False,False,False,48.3,normal
2024-07-23,NVDA,174.4034,175.2657,171.6999,174.7856,20643121,offline_fallback,-0.02308460180710703,164.93805,169.028868,161.9374735,62419475.3,0.018027193987986332,-0.3545361786796962,Short-term downward,Above long MA,-1.232514808753857,False,False,False,55.7,normal
2024-07-24,NVDA,174.5899,177.8784,173.3052,175.3836,125750220,offline_fallback,0.003421334480643745,165.9467,168.804346,162.05694899999997,62153675.75,0.01798087750796187,-0.352327831051805,Short-term downward,Above long MA,0.20436606311056035,False,False,False,42.6,normal
2024-07-25,NVDA,173.4369,175.8142,172.1417,173.6136,82694858,offline_fallback,-0.010092163691474032,166.93131499999998,168.508922,162.1789005,61192785.95,0.018061366512817888,-0.35886424459924227,Short-term downward,Above long MA,-0.502945917996274,False,False,False,48.9,normal
2024-07-26,NVDA,178.2511,180.9583,174.4702,178.8597,104005296,offline_fallback,0.030217102807614138,168.03409,168.448136,162.350397,65148104.95,0.01865399355421968,-0.3394909795646601,Short-term downward,Above long MA,1.6905703837984636,False,False,False,59.4,normal
2024-07-29,NVDA,176.7643,181.7251,174.8889,178.6551,60169419,offline_fallback,-0.0011439133577882954,169.031395,168.33984199999998,162.50833350000002,61536128.35,0.01868892359632737,-0.34024654465607573,Short-term upward,Above long MA,-0.0008253198767318596,False,False,False,41.6,normal
2024-07-30,NVDA,180.7219,181.4261,177.3002,179.9009,16073065,offline_fallback,0.006973212631489423,169.85635499999998,168.25676800000002,162.6658675,57404286.15,0.017860302397539905,-0.3356459435276027,Short-term upward,Above long MA,0.4498948289584213,False,False,False,43.7,normal
2024-07-31,NVDA,182.3436,183.3788,177.2717,181.1909,10565401,offline_fallback,0.007170614488309912,170.69438499999998,168.082618,162.84754149999998,56530113.3,0.017864788734894384,-0.3308821167048943,Short-term upward,Above long MA,0.43704961803912573,False,False,False,43.2,normal
2024-08-01,NVDA,183.6161,187.0609,181.0106,185.0408,54631657,offline_fallback,0.02124775581996663,171.843815,168.041708,163.0074285,53781704.7,0.017598083823748643,-0.31666486330586696,Short-term upward,Above long MA,1.1806282449449292,False,False,False,47.6,normal
2024-08-02,NVDA,179.5409,183.854,176.8785,180.1587,112861408,offline_fallback,-0.026383911007734406,172.66848,168.00300000000004,163.145149,53063007.95,0.01906975712590851,-0.3346939167408629,Short-term upward,Above long MA,-1.405163767464786,False,False,False,59.4,normal
2024-08-05,NVDA,176.9895,179.604,175.1454,177.6723,31235129,offline_fallback,-0.013801165305922014,173.39058,167.87644200000003,163.2881705,51048743.55,0.019463508888558793,-0.3438759159749578,Short-term upward,Above long MA,-0.7475082729356061,False,False,False,56.0,normal
2024-08-06,NVDA,180.4458,182.9632,176.7394,180.1175,27823831,offline_fallback,0.013762415413094864,174.41855500000003,167.825774,163.418755,46139950.3,0.018487807611263524,-0.3348460637680688,Short-term upward,Above long MA,0.7670628990288936,False,False,False,51.3,normal
2024-08-07,NVDA,178.5016,181.1187,176.6028,178.6309,66279247,offline_fallback,-0.00825350118672541,175.43547999999998,167.675776,163.5273515,46630323.8,0.01850091766349112,-0.3403359125701142,Short-term upward,Above long MA,-0.4246605429046261,False,False,False,47.8,normal
2024-08-08,NVDA,170.4744,175.7259,168.1223,172.1403,123408071,offline_fallback,-0.036335258905374146,176.13087000000002,167.432942,163.6037925,50370080.05,0.02078267261229465,-0.3643049779774564,Short-term upward,Above long MA,-1.8791329758306172,False,False,False,68.2,normal
2024-08-09,NVDA,178.7047,182.2521,176.0761,179.2935,48717937,offline_fallback,0.04155447620342234,176.987525,167.37736,163.70546,52344765.6,0.021950807042768715,-0.3378890043121866,Short-term upward,Above long MA,2.1997288329743636,False,False,False,68.4,normal
2024-08-12,NVDA,171.952,175.0081,170.8241,171.255,31922890,offline_fallback,-0.04483430799220267,177.24686000000003,167.252466,163.757058,52603510.95,0.024140244013270105,-0.367574292617878,Short-term upward,Above long MA,-2.2231043964447363,False,False,False,76.8,normal
2024-08-13,NVDA,168.302,172.6722,167.9202,170.0983,105651890,offline_fallback,-0.006754255350208793,177.27451,167.140766,163.8096245,57766787.6,0.02377723810333526,-0.3718458573355733,Short-term upward,Above long MA,-0.2855204120031408,False,False,False,62.1,normal
2024-08-14,NVDA,174.6581,177.0861,173.1713,173.6178,35514670,offline_fallback,0.02069097692334365,177.176765,167.140996,163.867192,59101025.25,0.022835639510092248,-0.3588487344654009,Short-term upward,Above long MA,1.130166088859402,False,False,False,69.4,normal
2024-08-15,NVDA,173.9187,175.0491,172.104,173.94,111998538,offline_fallback,0.0018558004997184518,176.932415,167.12743999999998,163.9125795,63751780.2,0.022411762938394968,-0.35765888562642667,Short-term upward,Above long MA,0.1487831859347544,False,False,False,55.5,normal
2024-08-16,NVDA,167.201,172.0952,163.5809,168.4513,62498647,offline_fallback,-0.031555133954237036,176.58608,167.10505799999999,163.93358700000002,63477818.0,0.023092008738996,-0.37792804553479864,Short-term upward,Above long MA,-1.5608444388649207,False,False,False,74.4,normal
2024-08-19,NVDA,168.1386,171.6091,165.7237,168.2476,84347969,offline_fallback,-0.0012092515759747346,176.05266999999998,167.15326199999998,163.93395199999998,65839663.2,0.0225108737276016,-0.37868028702610546,Short-term upward,Above long MA,0.004892908684425051,False,False,False,55.1,normal
2024-08-20,NVDA,165.1167,168.7478,164.7916,165.6114,58255890,offline_fallback,-0.0156685741728263,175.59395999999998,167.242258,163.9209545,67720301.65,0.022218822298207663,-0.388415481033876,Short-term upward,Above long MA,-0.7287593779853047,False,False,False,65.6,normal
2024-08-21,NVDA,164.2846,167.8683,162.0544,164.2554,20007608,offline_fallback,-0.00818784214130186,175.03755,167.40204999999997,163.9339635,62433171.05,0.02220881394927254,-0.3934230385312346,Short-term upward,Above long MA,-0.3250729213336393,False,False,False,60.7,normal
2024-08-22,NVDA,164.3992,167.1991,162.8111,163.5492,136808492,offline_fallback,-0.0042994020287917545,174.53433,167.55517,163.945053,65138852.75,0.022149660154507648,-0.3960309567499918,Short-term upward,Above long MA,-0.12915675896629325,False,False,True,57.7,high_volume
2024-08-23,NVDA,166.7408,167.0294,163.0172,165.5018,92309032,offline_fallback,0.011938915017621454,173.866435,167.75496000000004,163.96692050000001,64554039.55,0.02106862844544529,-0.3888202216693557,Short-term upward,Above long MA,0.689296884499787,False,False,False,62.5,normal
2024-08-26,NVDA,163.4303,163.8809,160.6315,163.0747,33689560,offline_fallback,-0.014665097298035445,173.08741500000002,167.880308,163.978406,63230046.6,0.021200113703341114,-0.39778323258516635,Short-term upward,Above long MA,-0.7001766906756292,False,False,False,64.6,normal
2024-08-27,NVDA,159.0296,160.4226,157.4602,158.2254,26534172,offline_fallback,-0.029736678957557494,172.00364,167.978488,163.98961749999998,63753101.95,0.021751278112632298,-0.41569115926063926,Short-term upward,Above long MA,-1.444804226566186,False,False,False,74.7,normal
2024-08-28,NVDA,155.7343,159.3788,155.3598,156.4865,133129909,offline_fallback,-0.010990018037559057,170.76842,168.06202199999998,163.99664700000002,69881327.35,0.021542978898566576,-0.4221127239598701,Short-term upward,Above long MA,-0.48458077305782143,False,False,True,66.0,high_volume
2024-08-29,NVDA,159.5521,161.4258,155.4516,158.9431,66376662,offline_fallback,0.015698478782514735,169.463535,168.12456600000002,164.02040649999998,70468577.6,0.021191784813750877,-0.4130407728182689,Short-term upward,Above long MA,0.8710853824601399,False,False,False,68.6,normal
2024-08-30,NVDA,162.5375,163.356,157.7069,161.1379,123193083,offline_fallback,0.013808715194305377,168.512495,168.214288,164.0535265,70985161.35,0.02119839729271173,-0.40493562001944683,Short-term upward,Above long MA,0.7476163276867525,False,False,False,66.3,normal
2024-09-02,NVDA,158.9434,159.731,157.2401,159.2314,66374152,offline_fallback,-0.011831480986161491,167.59045,168.285454,164.05909799999998,72742112.5,0.02116160690097964,-0.41197611291672864,Short-term downward,Above long MA,-0.5899911134642412,False,False,False,65.0,normal
2024-09-03,NVDA,159.6816,163.3358,158.0311,160.7794,69369546,offline_fallback,0.009721700619350182,166.62354499999998,168.43650000000002,164.1106775,74819398.25,0.02098911695703517,-0.4062595207294786,Short-term downward,Above long MA,0.5069282462268638,False,False,False,63.0,normal
2024-09-04,NVDA,162.8788,165.8069,159.5208,162.5633,62947519,offline_fallback,0.011095326888892476,165.820165,168.583554,164.16727899999998,74652811.85,0.021296882718789517,-0.3996717760248044,Short-term downward,Above long MA,0.5541598549080483,False,False,False,63.5,normal
2024-09-05,NVDA,164.7923,167.6453,161.1799,164.1095,37124939,offline_fallback,0.009511371877908514,165.418625,168.78731800000003,164.25093400000003,70338655.25,0.020123257244074835,-0.39396183103777205,Short-term downward,Above long MA,0.45726335132249146,False,False,False,58.6,normal
2024-09-06,NVDA,161.0812,162.1942,158.32,161.7098,60386547,offline_fallback,-0.014622553843622654,164.53943999999998,168.88542999999999,164.3042205,70922085.75,0.01743686997287064,-0.40282365679471266,Short-term downward,Above long MA,-0.8276507341527485,False,False,False,52.2,normal
2024-09-09,NVDA,162.8998,166.0124,160.0351,163.1374,92699517,offline_fallback,0.0088281600744049,164.13356000000002,168.97399800000002,164.37289199999998,73960917.1,0.014934040770549053,-0.3975516884442486,Short-term downward,Above long MA,0.4284316886555597,False,False,False,34.3,normal
2024-09-10,NVDA,161.836,164.169,160.8989,162.7108,44432750,offline_fallback,-0.0026149736357206077,163.764185,168.96018,164.42201949999998,70899960.1,0.014897971494110956,-0.3991270748958513,Short-term downward,Above long MA,-0.20482545627037663,False,False,False,30.7,normal
2024-09-11,NVDA,161.6578,165.748,158.6618,162.2295,29908438,offline_fallback,-0.0029580089336418425,163.19477,168.91616399999998,164.46846850000003,70619648.5,0.013897818352182864,-0.40090446237629285,Short-term downward,Above long MA,-0.22695098058423505,False,False,False,29.1,normal
2024-09-12,NVDA,164.8582,167.1601,160.3696,163.87,73574348,offline_fallback,0.01011221756832148,162.69127,168.95252,164.533775,68698439.0,0.014178627352688055,-0.39484627795563143,Short-term downward,Above long MA,0.49992066846760747,False,False,False,33.1,normal
2024-09-13,NVDA,164.0949,166.966,163.1978,163.684,78230063,offline_fallback,-0.0011350460731067713,162.45290500000002,168.952892,164.62437549999999,69485009.8,0.012469376953116607,-0.3955331553114638,Short-term downward,Above long MA,-0.11148718633435939,False,False,False,24.3,normal
2024-09-16,NVDA,163.92,165.9343,163.2997,164.9499,29744686,offline_fallback,0.007733804159233637,162.28802000000002,168.987284,164.7175215,66754845.65,0.01263433317667282,-0.3908583271138928,Short-term downward,Above long MA,0.36274654430784664,False,False,False,28.1,normal
2024-09-17,NVDA,167.473,169.8464,164.3616,166.2905,2698126,offline_fallback,0.00812731623359575,162.321975,169.121934,164.7919395,63976957.45,0.012287331079492987,-0.38590764010728584,Short-term downward,Above long MA,0.36482016173952114,False,False,False,27.2,normal
2024-09-18,NVDA,164.5258,166.446,163.8023,164.9939,122698186,offline_fallback,-0.007797198276510153,162.3589,169.25596399999998,164.83856,69111486.35,0.012273470084393483,-0.3906958399974594,Short-term downward,Above long MA,-0.4967639244663683,False,False,False,29.5,normal
2024-09-19,NVDA,162.228,166.1787,159.8294,163.1638,83883740,offline_fallback,-0.011091925216629162,162.33963,169.35459,164.87172299999997,66465248.75,0.012499236316533586,-0.3974541961743886,Short-term downward,Above long MA,-0.6754519287146448,False,False,False,32.9,normal
2024-09-20,NVDA,162.0935,165.9681,160.9022,163.1518,118458142,offline_fallback,-7.354572521600655e-05,162.22213000000002,169.37441799999996,164.892465,67772704.25,0.012177629550314916,-0.39749851084250676,Short-term downward,Above long MA,-0.04978946339814188,False,False,False,22.9,normal
2024-09-23,NVDA,169.8336,172.8898,166.2403,169.1912,34053535,offline_fallback,0.03701706018566764,162.527955,169.436876,164.9814175,67790903.0,0.014337671516105401,-0.37519567695640954,Short-term downward,Above long MA,1.934487987006282,False,False,False,42.1,normal
2024-09-24,NVDA,173.6129,174.7872,169.57,172.8066,18161137,offline_fallback,0.021368723668843348,163.257015,169.502102,165.0997205,67372251.25,0.012874431944421194,-0.3618444060301923,Short-term downward,Above long MA,1.106864258796211,False,False,False,34.9,normal
2024-09-25,NVDA,173.9711,177.0093,172.2437,174.9742,91844655,offline_fallback,0.012543502389376293,164.1814,169.49013200000002,165.2491875,65307988.55,0.012453177818862442,-0.35383969981243824,Short-term downward,Above long MA,0.6176707971652331,False,False,False,28.2,normal
2024-09-26,NVDA,174.3412,178.1626,174.1188,175.4531,37826131,offline_fallback,0.002736974936876413,165.00690000000003,169.422654,165.39774649999998,63880462.0,0.01223936125855039,-0.35207117526562026,Short-term downward,Above long MA,0.06839935912754079,False,False,False,19.2,normal
2024-09-27,NVDA,178.3464,180.4168,174.2702,177.8711,63817433,offline_fallback,0.013781460686645097,165.84356,169.47251599999998,165.5635685,60911679.5,0.012238333168682957,-0.34314176963979925,Short-term downward,Above long MA,0.6688508831576638,False,False,False,27.4,normal
2024-09-30,NVDA,176.8623,178.6869,174.5217,176.9199,66487182,offline_fallback,-0.00534769279551317,166.727985,169.43259799999998,165.74861,60917331.0,0.011848027934208364,-0.34665444566597003,Short-term downward,Above long MA,-0.3746826337353789,False,False,False,23.0,normal
2024-10-01,NVDA,178.8785,180.3857,178.0143,179.3284,72249272,offline_fallback,0.013613505320769326,167.655435,169.523454,165.95256099999997,61061317.3,0.011955136848565485,-0.3377601224857427,Short-term downward,Above long MA,0.6360341546901799,False,False,False,25.5,normal
2024-10-02,NVDA,179.599,182.6672,177.2217,178.9895,86694215,offline_fallback,-0.0018898289395321566,168.476745,169.59557200000003,166.138364,62248652.1,0.011990188122370318,-0.33901164257118144,Short-term downward,Above long MA,-0.22720396009522792,False,False,False,19.8,normal
2024-10-03,NVDA,180.7729,183.1865,179.7805,180.2736,86176031,offline_fallback,0.007174163847599946,169.28495,169.728772,166.30808349999998,64701206.7,0.011954133700386909,-0.33426960379363113,Short-term downward,Above long MA,0.2679564813706613,False,False,False,19.6,normal
2024-10-04,NVDA,177.1581,178.4959,175.718,177.19,95109229,offline_fallback,-0.017105111341871426,170.05896,169.69537799999998,166.452884,66437340.8,0.01217696807583547,-0.34565699634440916,Short-term upward,Above long MA,-1.0423704694010172,False,False,False,31.5,normal
2024-10-07,NVDA,179.0941,182.7045,178.287,178.6293,38909053,offline_fallback,0.008122918900615117,170.833555,169.694862,166.6172715,63747817.6,0.012165251238287,-0.34034182119252987,Short-term upward,Above long MA,0.38017457620200484,False,False,False,23.0,normal
2024-10-08,NVDA,180.3223,183.761,177.4514,180.4756,133837955,offline_fallback,0.010335930331698107,171.721795,169.70635600000003,166.804384,68218077.85,0.012104631395965652,-0.3335236402136411,Short-term upward,Above long MA,0.5189954653220772,False,False,True,23.9,high_volume
2024-10-09,NVDA,181.9796,183.5936,181.1929,182.8731,106833324,offline_fallback,0.013284344254846703,172.753975,169.74000000000004,167.01180950000003,72064322.15,0.012068818501386663,-0.32466993881252204,Short-term upward,Above long MA,0.7285069055568335,False,False,False,25.5,normal
2024-10-10,NVDA,177.8908,182.3219,175.8672,178.5281,9790000,offline_fallback,-0.023759645349698766,173.48687999999999,169.609746,167.169718,68875104.75,0.013734229629165687,-0.3407155415603269,Short-term upward,Above long MA,-1.3855723493510943,False,False,False,36.1,normal
2024-10-11,NVDA,173.8219,174.953,173.5758,174.6929,130616173,offline_fallback,-0.021482332473151233,174.037325,169.50043000000002,167.28751,71494410.25,0.014870983602319617,-0.3548785094909094,Short-term upward,Above long MA,-1.248104592651009,False,False,True,39.1,high_volume
2024-10-14,NVDA,181.2353,182.2075,179.1883,180.7773,41125434,offline_fallback,0.03482912013023998,174.828695,169.56253,167.432493,72063447.65,0.016441273539429993,-0.33240949559936883,Short-term upward,Above long MA,1.9530981915582264,False,False,False,46.1,normal
2024-10-15,NVDA,184.5198,188.8041,180.4608,185.0074,109236543,offline_fallback,0.023399508677250935,175.76454,169.66032800000002,167.59594950000002,77390368.5,0.016954528980883662,-0.31678820579879596,Short-term upward,Above long MA,1.2640253948957165,False,False,False,44.8,normal
2024-10-16,NVDA,184.0886,187.8474,181.6942,185.3112,90613055,offline_fallback,0.0016420964783032677,176.78040500000003,169.793934,167.77732899999998,75786111.95,0.016694781612477273,-0.31566630611760305,Short-term upward,Above long MA,0.032361082309003884,False,False,False,27.5,normal
2024-10-17,NVDA,183.0372,185.2564,182.095,182.8194,125431309,offline_fallback,-0.013446569878129422,177.763185,170.007516,167.952709,77863490.4,0.016829086324312473,-0.32486824695235106,Short-term upward,Above long MA,-0.8179985869570153,False,False,False,40.9,normal
2024-10-18,NVDA,180.375,183.965,175.8056,179.6892,78019877,offline_fallback,-0.017121815299689258,178.59005499999998,170.01543,168.11353200000002,75841577.15,0.017560111904505286,-0.3364277281309883,Short-term upward,Above long MA,-0.9965296145329061,False,False,False,47.7,normal
2024-10-21,NVDA,174.232,176.557,170.6621,175.2669,121698043,offline_fallback,-0.024610828029731358,178.89384,170.09566800000002,168.26341,80223802.55,0.017042872689828667,-0.3527587911992547,Short-term upward,Above long MA,-1.3810507488965251,False,False,False,50.1,normal
2024-10-22,NVDA,174.6832,176.1587,174.4919,174.7067,15114421,offline_fallback,-0.003196268091693155,178.98884500000003,170.18783599999998,168.4216995,80071466.75,0.016440750998172625,-0.3548275476225734,Short-term upward,Above long MA,-0.16187930697108732,False,False,False,32.7,normal
2024-10-23,NVDA,175.7114,178.7521,173.3745,175.1414,105464578,offline_fallback,0.0024881701732102357,178.997205,170.218308,168.5694295,80752462.9,0.01621085045799949,-0.353222248769991,Short-term upward,Above long MA,0.16426485270564073,False,False,False,31.4,normal
2024-10-24,NVDA,171.0127,172.9982,169.5406,170.6539,51588586,offline_fallback,-0.025622154442068057,178.75724499999998,170.152586,168.71148100000002,81440585.65,0.017185691799802363,-0.3697940882016998,Short-term upward,Above long MA,-1.3786693170058333,False,False,False,52.2,normal
2024-10-25,NVDA,172.0399,174.2087,170.2057,172.1388,121442470,offline_fallback,0.00870123683080215,178.47063,170.226336,168.84841949999998,84321837.5,0.01698830731064039,-0.3643105173109712,Short-term upward,Above long MA,0.5335007351250617,False,False,False,42.4,normal
2024-10-28,NVDA,165.435,166.3801,163.7307,166.0874,126428269,offline_fallback,-0.03515418952612659,177.929005,170.183132,168.939729,87318891.85,0.018576801558039535,-0.3866576658651867,Short-term upward,Above long MA,-1.9062905834582893,False,False,True,63.7,high_volume
2024-10-29,NVDA,166.5277,167.4222,165.4777,166.151,67688585,offline_fallback,0.0003829309146872184,177.27013499999998,170.193924,169.01759249999998,87090857.5,0.0181858887087775,-0.38642279812416014,Short-term upward,Above long MA,0.08807037378020893,False,False,False,44.5,normal
2024-10-30,NVDA,165.7697,168.6194,163.8163,165.1462,18103593,offline_fallback,-0.006047510999031114,176.57797,170.21174000000002,169.091742,83661326.4,0.018188455244615907,-0.3901334130012589,Short-term upward,Above long MA,-0.2748004299932421,False,False,False,48.2,normal
2024-10-31,NVDA,168.6536,170.0216,168.0264,168.7453,37690415,offline_fallback,0.021793416984465797,176.001555,170.31566199999997,169.19298349999997,81237045.6,0.018933702369290956,-0.37684233616590235,Short-term upward,Above long MA,1.2593107925687526,False,False,False,62.2,normal
2024-11-01,NVDA,170.8761,172.6263,169.7403,170.9848,19826480,offline_fallback,0.013271480746426922,175.69129500000003,170.42532199999997,169.295429,77472908.15,0.018971840063137853,-0.3685721112283399,Short-term upward,Above long MA,0.8354088974237033,False,False,False,57.8,normal
2024-11-04,NVDA,170.5998,171.1389,166.5298,169.7043,112970776,offline_fallback,-0.007488969779769983,175.245045,170.55791399999998,169.370092,81175994.3,0.01887123259968954,-0.3733008556054548,Short-term upward,Above long MA,-0.47633721627472025,False,False,False,53.1,normal
2024-11-05,NVDA,169.2909,171.1651,166.2689,169.2265,50092674,offline_fallback,-0.002815485523937844,174.68258999999998,170.777936,169.44052349999998,76988730.25,0.018632069172188386,-0.3750653179743618,Short-term upward,Above long MA,-0.18227797786078126,False,False,False,47.6,normal
2024-11-06,NVDA,172.156,173.8453,170.3508,172.3212,96336220,offline_fallback,0.018287324975698294,174.154995,171.09463,169.49323200000003,76463875.05,0.018894613397551156,-0.3636369343555743,Short-term upward,Above long MA,1.1736697696633425,False,False,False,60.2,normal
2024-11-07,NVDA,176.5269,177.3436,174.7202,176.7935,116478017,offline_fallback,0.02595327794838931,174.068265,171.45163799999997,169.55311700000001,81798275.9,0.01925828769616802,-0.34712122683681534,Short-term upward,Above long MA,1.6032170406273865,False,False,False,62.4,normal
2024-11-08,NVDA,177.5779,180.9129,172.2524,174.804,112247189,offline_fallback,-0.011253241776422729,174.07382,171.72495999999998,169.6051885,80879826.7,0.018796759013515536,-0.3544682295219149,Short-term upward,Above long MA,-0.7754367401287926,False,False,False,55.3,normal
2024-11-11,NVDA,177.753,181.9308,173.987,178.6428,5418340,offline_fallback,0.021960595867371424,173.967095,172.113188,169.687948,79094472.0,0.01773949142676422,-0.34029196719089694,Short-term upward,Above long MA,1.3275664405273282,False,False,False,52.3,normal
2024-11-12,NVDA,182.7653,184.9377,179.4526,182.3275,113549484,offline_fallback,0.02062607616987644,173.8331,172.54415,169.8129595,79310119.05,0.017553156871053348,-0.3266847790562971,Short-term upward,Above long MA,1.20085792674247,False,False,False,48.5,normal
2024-11-13,NVDA,184.4027,187.3929,181.5556,184.8725,32465041,offline_fallback,0.013958399034704083,173.811165,172.990334,169.95450549999998,76402718.35,0.017848865335396046,-0.31728637652622493,Short-term upward,Above long MA,0.7526555641786663,False,False,False,46.0,normal
2024-11-14,NVDA,181.5155,182.5314,178.9209,181.6228,101556054,offline_fallback,-0.017578060555247466,173.75133499999998,173.34059999999997,170.07262699999998,75208955.6,0.018036012948176302,-0.3292871579415394,Short-term upward,Above long MA,-1.2198633330577073,False,False,False,52.9,normal
2024-11-15,NVDA,179.1962,180.5727,175.1914,178.6711,106144159,offline_fallback,-0.016251814199538916,173.70043,173.67982600000002,170.1855585,76615169.7,0.01799398447380181,-0.3401874584319181,Short-term upward,Above long MA,-1.099412663603996,False,False,False,52.9,normal
2024-11-18,NVDA,178.731,182.4752,175.1513,180.4092,98170068,offline_fallback,0.009727930258446982,173.957545,174.02526199999997,170.29377949999997,75438770.95,0.017153764871529323,-0.33376884804389517,Short-term downward,Above long MA,0.4962900134621437,False,False,False,39.2,normal
2024-11-19,NVDA,185.8383,186.4888,183.5237,184.258,4869669,offline_fallback,0.021333723557335205,174.43510999999998,174.456206,170.41532649999996,74926533.35,0.0176631359117123,-0.31955565682277864,Short-term downward,Above long MA,1.1968982767305103,False,False,False,48.6,normal
2024-11-20,NVDA,183.3462,186.6842,179.0678,181.3642,132610963,offline_fallback,-0.015705152557826563,174.74624999999997,174.83890000000002,170.52758250000002,76283852.6,0.018142754889405286,-0.33024213903948696,Short-term downward,Above long MA,-1.166163109613458,False,False,True,52.8,high_volume
2024-11-21,NVDA,185.3481,188.3282,181.1886,183.5162,37771447,offline_fallback,0.011865627284767255,175.389365,175.23182400000002,170.655783,75592995.65,0.017053029354213402,-0.32229504189028657,Short-term upward,Above long MA,0.5977827138784487,False,False,False,39.2,normal
2024-11-22,NVDA,178.3174,181.4463,177.888,178.2264,17173444,offline_fallback,-0.028824703214212044,175.69374499999998,175.52267200000003,170.7627415,70379544.35,0.018487018323729103,-0.3418296861745991,Short-term upward,Above long MA,-1.9054756557463823,False,False,False,59.6,normal
2024-11-25,NVDA,179.7115,180.2351,175.8334,179.5864,4516789,offline_fallback,0.0076307438179752385,176.368695,175.815402,170.884413,64283970.35,0.016322006129104935,-0.336807357121201,Short-term upward,Above long MA,0.3437830837459812,False,False,False,33.2,normal
2024-11-26,NVDA,176.8139,177.5929,171.6504,175.3794,125705970,offline_fallback,-0.023426050079516036,176.83011499999998,175.99718000000001,170.9690525,67184839.6,0.017433300676336104,-0.35234334118564636,Short-term upward,Above long MA,-1.5345394846959037,False,False,False,52.7,normal
2024-11-27,NVDA,177.038,179.6435,173.9216,177.0191,70419980,offline_fallback,0.009349444689627173,177.42376,176.237684,171.06311950000003,69800658.95,0.017359475090798587,-0.34628811107619284,Short-term upward,Above long MA,0.47900951597022556,False,False,False,41.8,normal
2024-11-28,NVDA,179.442,180.7467,177.3395,179.6103,11739904,offline_fallback,0.014637968445212923,177.96701000000002,176.56661400000002,171.162256,68503133.4,0.017035951266683422,-0.3367190970738656,Short-term upward,Above long MA,0.7958801832104159,False,False,False,42.8,normal
2024-11-29,NVDA,181.6107,184.4525,179.2047,182.6221,85528790,offline_fallback,0.016768526081188062,178.548875,176.95602000000002,171.26367000000002,71788248.9,0.017161565789623735,-0.32559685395399485,Short-term upward,Above long MA,0.8957510462045736,False,False,False,43.4,normal
2024-12-02,NVDA,187.4209,191.8293,185.5676,187.817,68309239,offline_fallback,0.02844617382014558,179.45451,177.32853599999999,171.4129385,69555172.05,0.0178256536399718,-0.30641266483671703,Short-term upward,Above long MA,1.5602305308525422,False,False,False,51.1,normal
2024-12-03,NVDA,189.9524,193.6862,185.8352,191.069,76953209,offline_fallback,0.01731472656894728,180.546635,177.69378399999997,171.5996325,70898198.8,0.017915283590100146,-0.29440338977668,Short-term upward,Above long MA,0.8662851027915806,False,False,False,46.2,normal
2024-12-04,NVDA,195.2922,198.2714,192.0859,196.2502,108185265,offline_fallback,0.027116905411134207,181.743085,178.11930399999997,171.80057649999998,71490651.05,0.018331710237291625,-0.27526979323883727,Short-term upward,Above long MA,1.3993524424312933,False,False,False,51.5,normal
2024-12-05,NVDA,192.2013,194.9319,190.9671,192.179,34715120,offline_fallback,-0.020744947011518966,182.51236,178.453822,172.022569,67402506.2,0.018717921726134044,-0.29030428297574473,Short-term upward,Above long MA,-1.3643741162649856,False,False,False,54.0,normal
2024-12-06,NVDA,189.8831,192.8644,188.5324,191.1586,137341720,offline_fallback,-0.005309633206541764,183.33008999999998,178.719572,172.2181365,68657232.75,0.018503143869491007,-0.2940725069213972,Short-term upward,Above long MA,-0.4654660304803245,False,False,True,44.3,high_volume
2024-12-09,NVDA,191.4818,193.9062,190.2949,192.3627,121281575,offline_fallback,0.006298958037985081,184.016085,179.028428,172.427025,74450394.5,0.018057796373413947,-0.2896258992646351,Short-term upward,Above long MA,0.20755624109471815,False,False,False,37.3,normal
2024-12-10,NVDA,192.3298,196.3442,188.7333,191.9574,21080523,offline_fallback,-0.002106957325926362,184.49758000000003,179.281008,172.652108,69826946.45,0.01765806677689276,-0.2911226271803279,Short-term upward,Above long MA,-0.26909141408248277,False,False,False,35.3,normal
2024-12-11,NVDA,184.3629,187.445,182.1051,183.7197,122232915,offline_fallback,-0.042914209090141986,184.43994,179.375612,172.85099000000002,74315340.15,0.020156457612027674,-0.3215435389767818,Short-term upward,Above long MA,-2.4651302410122833,False,False,False,63.6,normal
2024-12-12,NVDA,180.51,183.3902,178.8432,181.3602,14094860,offline_fallback,-0.012842934100153691,184.42681,179.397344,173.08722699999998,69942280.45,0.019967509347841715,-0.3302569105955264,Short-term upward,Above long MA,-0.8104491741599315,False,False,False,56.4,normal
2024-12-13,NVDA,175.849,177.377,173.956,175.1436,133009284,offline_fallback,-0.03427764195231364,184.25043499999998,179.356416,173.268956,71285536.7,0.021118933643778322,-0.35321412441416944,Short-term upward,Above long MA,-1.8940726881727445,False,False,True,68.0,high_volume
2024-12-16,NVDA,183.2212,184.1465,181.178,182.3506,57134919,offline_fallback,0.04114909137416389,184.347505,179.43084199999998,173.4826465,69233779.25,0.023024744910326946,-0.3265994733201695,Short-term upward,Above long MA,2.095783885565302,False,False,False,70.2,normal
2024-12-17,NVDA,182.7005,183.6401,181.104,183.0506,79418763,offline_fallback,0.0038387589621313722,184.287135,179.482342,173.69799650000002,72961233.95,0.022530114088647673,-0.3240144510132734,Short-term upward,Above long MA,0.14405773974775588,False,False,False,51.9,normal
2024-12-18,NVDA,177.0852,180.9131,174.6155,178.0966,25569617,offline_fallback,-0.0270635551044357,184.12375500000002,179.386812,173.85254799999998,67609166.65,0.02308095282230004,-0.3423090231680779,Short-term upward,Above long MA,-1.4446624386460074,False,False,False,70.8,normal
2024-12-19,NVDA,177.124,179.5497,172.2827,176.0737,15628819,offline_fallback,-0.011358442553086268,183.75163,179.33772399999998,173.9769455,66502035.25,0.023001969710013212,-0.34977936834610646,Short-term upward,Above long MA,-0.6065621701167007,False,False,False,63.1,normal
2024-12-20,NVDA,174.3472,176.4764,170.5787,173.59,112318650,offline_fallback,-0.014106024920246485,183.51981,179.315666,174.0760225,71259295.55,0.022317636424745768,-0.35895139677987464,Short-term upward,Above long MA,-0.7257970269381777,False,False,False,63.7,normal
2024-12-23,NVDA,170.2652,173.8665,167.6305,169.7989,106394159,offline_fallback,-0.02183939167002713,183.03043499999998,179.09609799999998,174.18147849999997,76353164.05,0.022682145208959385,-0.3729515083051228,Short-term upward,Above long MA,-1.1046883303767558,False,False,False,69.5,normal
2024-12-24,NVDA,173.1556,174.4788,172.7381,173.7776,57549738,offline_fallback,0.023431836130858308,182.95034500000003,178.871502,174.2440655,72945352.45,0.02283222814040409,-0.35825861080162646,Short-term upward,Above long MA,1.2202302718589697,False,False,False,70.1,normal
2024-12-25,NVDA,172.0025,175.1411,168.9938,171.5311,5677656,offline_fallback,-0.012927442892524676,182.67594499999998,178.5959,174.26675049999997,69708236.25,0.022884624005607562,-0.36655468596225793,Short-term upward,Above long MA,-0.6347333324422406,False,False,False,64.8,normal
2024-12-26,NVDA,171.3271,172.2214,170.1736,170.5485,39155311,offline_fallback,-0.005728407268419611,182.222855,178.350482,174.27057150000002,71079006.6,0.022588157625922322,-0.3701833187033381,Short-term upward,Above long MA,-0.2556152717737648,False,False,False,58.6,normal
2024-12-27,NVDA,174.5682,177.1546,170.5467,173.0183,32935525,offline_fallback,0.014481511124401658,181.742665,178.217064,174.25695949999997,68449343.35,0.022491900167590458,-0.3610626214268068,Short-term upward,Above long MA,0.7530893356328501,False,False,False,64.9,normal
2024-12-30,NVDA,175.1162,178.4291,171.9291,174.5001,15536263,offline_fallback,0.008564411972606267,181.07682,178.201728,174.25007250000002,65810694.55,0.021470326897619657,-0.35559049849200874,Short-term upward,Above long MA,0.44931672522781047,False,False,False,58.1,normal
2024-12-31,NVDA,184.2238,186.5158,181.3379,183.2381,34631381,offline_fallback,0.05007446987136399,180.685275,178.372356,174.2557845,63694603.15,0.024212475457782132,-0.32332203432392626,Short-term upward,Above long MA,2.417493731078182,False,False,False,72.5,normal
