Timestamp,Device_ID,Service,Software_Version,Signal_Latency_ms,Packet_Loss_Rate,Reconnect_Count,Latency_Rolling_24h,Telemetry_Risk_Score,Telemetry_Anomaly
2024-01-01 00:00:00,DEV-0011,Reporting-Service,v2.0,63.28,0.018,0,,39.8,False
2024-01-01 01:00:00,DEV-0039,Notification-Service,v1.5,76.308,0.01187,0,,40.9,False
2024-01-01 02:00:00,DEV-0023,Reporting-Service,v1.5,83.189,0.02102,0,,60.2,False
2024-01-01 03:00:00,DEV-0004,Reporting-Service,v1.5,97.812,0.0116,0,,60.2,False
2024-01-01 04:00:00,DEV-0019,Reporting-Service,v1.4,79.218,0.00857,0,80.87475,38.5,False
2024-01-01 05:00:00,DEV-0024,API-Gateway,v1.4,102.322,0.01109,0,,61.4,False
2024-01-01 05:00:00,DEV-0008,Notification-Service,v1.5,89.755,0.02913,1,,79.7,False
2024-01-01 06:00:00,DEV-0041,Data-Ingestion,v2.0,97.686,0.01379,0,,63.8,False
2024-01-01 06:00:00,DEV-0043,Notification-Service,v1.5,95.379,0.01635,1,,75.3,False
2024-01-01 06:00:00,DEV-0026,API-Gateway,v1.4,93.363,0.00034,1,,52.2,False
2024-01-01 07:00:00,DEV-0032,Notification-Service,v1.4,92.552,0.01769,0,88.4985,65.4,False
2024-01-01 07:00:00,DEV-0006,API-Gateway,v2.0,66.415,0.01975,0,,43.5,False
2024-01-01 07:00:00,DEV-0022,Data-Ingestion,v1.4,97.444,0.01047,1,,67.3,False
2024-01-01 08:00:00,DEV-0012,Notification-Service,v1.5,90.038,0.01732,0,88.80640000000001,62.8,False
2024-01-01 08:00:00,DEV-0046,API-Gateway,v1.4,60.475,0.0159,0,80.64375,35.8,False
2024-01-01 08:00:00,DEV-0017,Reporting-Service,v1.4,76.432,0.01565,0,79.9862,47.0,False
2024-01-01 08:00:00,DEV-0026,Data-Ingestion,v1.5,84.564,0.01752,0,,57.9,False
2024-01-01 09:00:00,DEV-0019,Notification-Service,v1.5,55.952,0.00142,2,83.33066666666667,25.1,False
2024-01-01 09:00:00,DEV-0049,Reporting-Service,v1.5,75.587,0.0179,0,79.253,49.0,False
2024-01-01 10:00:00,DEV-0037,API-Gateway,v1.5,75.897,0.01872,0,79.6944,50.2,False
2024-01-01 11:00:00,DEV-0009,Notification-Service,v1.5,55.971,0.01258,0,79.42214285714286,28.6,False
2024-01-01 11:00:00,DEV-0032,Data-Ingestion,v1.5,110.832,0.01009,0,97.6315,62.6,False
2024-01-01 12:00:00,DEV-0028,Reporting-Service,v1.5,117.941,0.03531,1,84.77985714285715,93.2,True
2024-01-01 12:00:00,DEV-0034,API-Gateway,v1.5,106.465,0.01868,0,84.15616666666666,73.6,False
2024-01-01 12:00:00,DEV-0024,Data-Ingestion,v1.4,78.0,0.00023,0,93.7052,28.3,False
2024-01-01 12:00:00,DEV-0023,API-Gateway,v1.5,70.484,0.00459,0,82.203,24.9,False
2024-01-01 13:00:00,DEV-0045,API-Gateway,v1.5,79.145,0.00371,0,81.82075,32.1,False
2024-01-01 13:00:00,DEV-0017,Reporting-Service,v2.0,74.524,0.0071,0,83.497875,31.5,False
2024-01-01 14:00:00,DEV-0017,Data-Ingestion,v2.0,87.052,0.02614,0,92.59633333333333,67.0,False
2024-01-01 15:00:00,DEV-0012,Reporting-Service,v2.0,64.628,0.0062,0,81.40122222222222,22.8,False
2024-01-01 16:00:00,DEV-0032,Reporting-Service,v1.5,65.747,0.01945,0,79.83579999999999,42.7,False
2024-01-01 16:00:00,DEV-0015,Notification-Service,v2.0,70.214,0.01557,0,78.271125,41.4,False
2024-01-01 17:00:00,DEV-0039,API-Gateway,v2.0,74.603,0.02085,0,83.9593,51.2,False
2024-01-01 17:00:00,DEV-0045,API-Gateway,v1.5,110.424,0.01328,1,84.99888888888889,77.1,False
2024-01-01 18:00:00,DEV-0004,Data-Ingestion,v1.4,59.96,0.00105,0,87.934,15.5,False
2024-01-01 18:00:00,DEV-0015,Reporting-Service,v2.0,75.103,0.02369,1,79.40554545454546,63.2,False
2024-01-01 19:00:00,DEV-0049,Data-Ingestion,v1.4,81.908,0.01069,0,87.18075,44.8,False
2024-01-01 19:00:00,DEV-0007,Data-Ingestion,v1.5,93.591,0.0,0,87.893,41.7,False
2024-01-01 20:00:00,DEV-0005,Notification-Service,v1.4,66.193,0.00933,0,76.92911111111111,28.4,False
2024-01-01 20:00:00,DEV-0030,Notification-Service,v1.5,79.219,0.00643,0,76.806,35.2,False
2024-01-01 20:00:00,DEV-0001,Notification-Service,v1.5,62.481,0.01272,0,75.61225,31.9,False
2024-01-01 20:00:00,DEV-0026,Notification-Service,v2.0,73.285,0.00938,0,76.5647,33.8,False
2024-01-01 21:00:00,DEV-0044,Reporting-Service,v1.5,121.799,0.00776,0,82.93833333333333,60.7,False
2024-01-01 21:00:00,DEV-0033,API-Gateway,v1.4,50.361,0.00026,0,80.56508333333333,11.8,False
2024-01-01 21:00:00,DEV-0047,API-Gateway,v1.4,76.827,0.00029,1,83.31090909090909,36.4,False
2024-01-01 21:00:00,DEV-0042,Data-Ingestion,v1.5,70.225,0.0,0,86.1262,19.8,False
2024-01-01 22:00:00,DEV-0024,Notification-Service,v1.4,115.064,0.03524,0,78.647,83.3,False
2024-01-01 22:00:00,DEV-0046,Notification-Service,v1.4,113.117,0.00411,0,81.10914285714286,54.8,False
2024-01-01 22:00:00,DEV-0028,Reporting-Service,v1.4,75.229,0.01093,0,82.3453076923077,38.3,False
2024-01-01 22:00:00,DEV-0026,API-Gateway,v1.5,86.179,0.00756,0,80.99692307692308,43.9,False
2024-01-01 23:00:00,DEV-0016,Reporting-Service,v1.4,82.957,0.012,1,82.389,57.7,False
2024-01-01 23:00:00,DEV-0019,API-Gateway,v2.0,86.701,0.0031,1,81.40435714285715,48.7,False
2024-01-01 23:00:00,DEV-0012,Reporting-Service,v1.4,119.677,0.02459,0,84.87486666666668,81.8,False
2024-01-02 00:00:00,DEV-0049,Notification-Service,v1.5,80.137,0.00998,0,81.04433333333333,41.5,False
2024-01-02 00:00:00,DEV-0004,Reporting-Service,v1.5,77.737,0.01341,0,84.42875,45.1,False
2024-01-02 00:00:00,DEV-0032,API-Gateway,v2.0,98.694,0.01564,2,82.557,78.4,False
2024-01-02 01:00:00,DEV-0021,API-Gateway,v1.5,113.092,0.0,0,84.46543750000001,50.5,False
2024-01-02 02:00:00,DEV-0039,Data-Ingestion,v1.5,113.391,0.01551,1,86.47508333333333,81.6,False
2024-01-02 02:00:00,DEV-0039,Data-Ingestion,v1.5,63.048,0.00932,2,84.0281818181818,37.7,False
2024-01-02 03:00:00,DEV-0041,API-Gateway,v1.5,109.202,0.0171,1,84.52444444444444,82.3,False
2024-01-02 03:00:00,DEV-0005,Notification-Service,v2.0,114.772,0.01785,1,83.1523125,84.7,False
2024-01-02 03:00:00,DEV-0037,API-Gateway,v1.5,60.791,0.01826,1,83.07282352941176,48.2,False
2024-01-02 04:00:00,DEV-0025,Notification-Service,v1.5,92.636,0.0,0,83.18268421052632,41.2,False
2024-01-02 04:00:00,DEV-0001,Notification-Service,v1.5,69.919,0.0145,0,82.37388235294118,39.7,False
2024-01-02 04:00:00,DEV-0012,Notification-Service,v2.0,87.479,0.01258,1,82.6575,62.8,False
2024-01-02 05:00:00,DEV-0022,Notification-Service,v2.0,79.75,0.02385,0,83.01105,58.5,False
2024-01-02 05:00:00,DEV-0019,Reporting-Service,v2.0,79.344,0.01078,0,84.82511111111111,42.4,False
2024-01-02 05:00:00,DEV-0039,Reporting-Service,v1.5,96.648,0.02055,1,85.14752941176471,80.6,False
2024-01-02 06:00:00,DEV-0043,Reporting-Service,v1.4,97.199,0.01209,1,85.47636842105263,69.9,False
2024-01-02 06:00:00,DEV-0024,Reporting-Service,v1.5,123.898,0.01036,0,87.39745,65.2,False
2024-01-02 07:00:00,DEV-0044,API-Gateway,v2.0,73.508,0.01568,0,83.94463157894738,44.2,False
2024-01-02 07:00:00,DEV-0023,Data-Ingestion,v2.0,89.913,0.01619,1,86.73953846153846,70.5,False
2024-01-02 07:00:00,DEV-0001,Notification-Service,v1.5,105.572,0.0,0,84.08538095238096,48.0,False
2024-01-02 08:00:00,DEV-0013,Notification-Service,v1.4,84.488,0.01808,1,84.10368181818181,67.8,False
2024-01-02 09:00:00,DEV-0039,Reporting-Service,v1.4,96.77,0.00885,0,87.8437619047619,54.8,False
2024-01-02 10:00:00,DEV-0015,API-Gateway,v1.4,96.931,0.0,1,84.59394999999999,53.7,False
2024-01-02 11:00:00,DEV-0041,Notification-Service,v2.0,76.872,0.01358,0,83.78926086956521,44.4,False
2024-01-02 11:00:00,DEV-0050,Notification-Service,v1.4,57.121,0.01514,0,82.67808333333333,33.3,False
2024-01-02 11:00:00,DEV-0008,Data-Ingestion,v2.0,55.35,0.00489,0,83.4076,16.7,False
2024-01-02 11:00:00,DEV-0003,Data-Ingestion,v2.0,68.15,0.02283,0,85.41171428571428,47.6,False
2024-01-02 12:00:00,DEV-0039,Reporting-Service,v2.0,49.044,0.01943,0,86.08013636363636,36.2,False
2024-01-02 13:00:00,DEV-0023,Notification-Service,v1.4,89.702,0.01049,0,83.23616666666668,52.0,False
2024-01-02 14:00:00,DEV-0013,Reporting-Service,v2.0,75.83,0.00019,0,85.63447826086957,26.0,False
2024-01-02 15:00:00,DEV-0008,API-Gateway,v1.4,79.64,0.01479,0,84.35804761904762,49.0,False
2024-01-02 15:00:00,DEV-0007,Reporting-Service,v1.5,84.883,0.02061,0,85.60316666666667,61.3,False
2024-01-02 15:00:00,DEV-0032,Data-Ingestion,v1.5,87.65,0.00533,0,83.67275000000001,42.3,False
2024-01-02 16:00:00,DEV-0027,Notification-Service,v1.5,75.893,0.02051,0,82.65858333333333,52.0,False
2024-01-02 16:00:00,DEV-0030,API-Gateway,v1.5,88.259,0.00874,0,84.53536363636364,47.7,False
2024-01-02 16:00:00,DEV-0008,Data-Ingestion,v1.5,73.744,0.00965,0,83.08870588235294,34.7,False
2024-01-02 17:00:00,DEV-0004,API-Gateway,v1.5,101.535,0.01493,0,85.27447826086957,67.3,False
2024-01-02 17:00:00,DEV-0026,Reporting-Service,v1.5,107.798,0.01273,1,87.45808333333333,75.3,False
2024-01-02 17:00:00,DEV-0040,Data-Ingestion,v1.4,89.745,0.00519,0,83.4585,44.0,False
2024-01-02 18:00:00,DEV-0034,Reporting-Service,v1.5,106.55,0.01916,0,88.43145833333334,74.1,False
2024-01-02 18:00:00,DEV-0022,API-Gateway,v2.0,98.84,0.0,0,85.83970833333332,45.4,False
2024-01-02 19:00:00,DEV-0048,Notification-Service,v1.5,125.567,0.01548,0,83.91641666666666,73.5,False
2024-01-02 20:00:00,DEV-0034,Notification-Service,v1.5,76.648,0.0128,0,83.25375000000001,42.8,False
2024-01-02 21:00:00,DEV-0009,Data-Ingestion,v2.0,69.609,0.01918,1,82.72957894736842,54.6,False
2024-01-02 22:00:00,DEV-0043,Data-Ingestion,v1.5,38.903,0.00571,0,80.53825,15.2,False
2024-01-02 22:00:00,DEV-0017,Reporting-Service,v2.0,78.556,0.02323,0,87.629125,57.0,False
2024-01-02 22:00:00,DEV-0016,API-Gateway,v2.0,86.648,0.02452,0,85.18662499999999,66.0,False
2024-01-02 22:00:00,DEV-0010,API-Gateway,v1.5,90.142,0.0,0,85.05241666666667,38.9,False
2024-01-02 23:00:00,DEV-0018,Data-Ingestion,v1.4,66.002,0.01143,1,79.84604761904762,41.2,False
2024-01-02 23:00:00,DEV-0027,Notification-Service,v2.0,93.928,0.01508,0,84.311125,63.1,False
2024-01-02 23:00:00,DEV-0043,Notification-Service,v2.0,80.432,0.00954,0,85.33033333333334,41.1,False
2024-01-02 23:00:00,DEV-0033,Notification-Service,v1.5,77.439,0.01073,0,82.72879166666667,40.4,False
2024-01-03 00:00:00,DEV-0022,Data-Ingestion,v1.5,95.309,0.01072,1,80.54890909090909,66.4,False
2024-01-03 01:00:00,DEV-0032,Reporting-Service,v2.0,104.463,0.00998,1,88.681,69.4,False
2024-01-03 01:00:00,DEV-0001,Notification-Service,v2.0,86.717,0.0048,0,86.01795833333334,41.0,False
2024-01-03 02:00:00,DEV-0026,Notification-Service,v1.5,74.37,0.0,0,86.35866666666665,23.4,False
2024-01-03 02:00:00,DEV-0041,Reporting-Service,v1.5,62.702,0.01772,0,88.10891666666667,39.1,False
2024-01-03 02:00:00,DEV-0042,Data-Ingestion,v2.0,86.238,0.02489,1,80.79626086956522,75.1,False
2024-01-03 03:00:00,DEV-0005,Notification-Service,v1.4,70.703,0.00691,1,86.25108333333333,37.1,False
2024-01-03 03:00:00,DEV-0019,API-Gateway,v2.0,91.685,0.00373,0,86.10533333333335,44.2,False
2024-01-03 03:00:00,DEV-0050,Reporting-Service,v2.0,86.35,0.0,0,88.557375,35.5,False
2024-01-03 03:00:00,DEV-0039,Notification-Service,v1.4,67.481,0.00174,1,85.762,29.6,False
2024-01-03 04:00:00,DEV-0014,Notification-Service,v1.4,74.068,0.01226,0,86.24479166666667,39.6,False
2024-01-03 05:00:00,DEV-0014,API-Gateway,v1.5,78.581,0.00309,0,86.85975,31.0,False
2024-01-03 05:00:00,DEV-0018,Notification-Service,v1.5,127.888,0.00876,0,86.77912500000001,62.6,False
2024-01-03 05:00:00,DEV-0021,Reporting-Service,v2.0,74.591,0.0229,0,86.751125,53.0,False
2024-01-03 06:00:00,DEV-0025,Data-Ingestion,v1.5,93.075,0.0,0,81.307875,41.4,False
2024-01-03 06:00:00,DEV-0039,Notification-Service,v1.4,94.586,0.02842,0,86.007,74.2,False
2024-01-03 07:00:00,DEV-0038,Reporting-Service,v1.5,65.756,0.00926,1,86.38579166666666,37.4,False
2024-01-03 07:00:00,DEV-0023,Data-Ingestion,v2.0,85.193,0.0217,0,81.39475,62.8,False
2024-01-03 07:00:00,DEV-0007,Data-Ingestion,v1.4,112.022,0.00317,0,81.90520833333333,53.6,False
2024-01-03 07:00:00,DEV-0046,Reporting-Service,v1.5,72.591,0.0,0,86.71758333333332,21.8,False
2024-01-03 08:00:00,DEV-0018,Data-Ingestion,v1.5,58.297,0.01869,0,80.30029166666667,38.2,False
2024-01-03 09:00:00,DEV-0006,Data-Ingestion,v1.5,73.741,0.0086,0,78.75483333333334,33.0,False
2024-01-03 09:00:00,DEV-0050,Reporting-Service,v1.5,72.616,0.00852,0,87.00379166666666,32.0,False
2024-01-03 09:00:00,DEV-0029,API-Gateway,v1.5,88.979,0.01066,0,87.40483333333333,51.5,False
2024-01-03 09:00:00,DEV-0002,API-Gateway,v1.4,41.468,0.00539,0,84.696625,15.0,False
2024-01-03 10:00:00,DEV-0003,API-Gateway,v1.4,65.527,0.01039,0,84.49008333333333,29.8,False
2024-01-03 10:00:00,DEV-0023,API-Gateway,v1.5,80.975,0.02039,0,84.56633333333333,56.8,False
2024-01-03 10:00:00,DEV-0015,API-Gateway,v2.0,78.012,0.01718,0,83.21583333333334,50.9,False
2024-01-03 11:00:00,DEV-0001,API-Gateway,v1.5,78.208,0.00227,0,83.36604166666666,30.0,False
2024-01-03 12:00:00,DEV-0013,API-Gateway,v1.4,65.388,0.02369,0,82.88941666666666,46.2,False
2024-01-03 12:00:00,DEV-0031,Reporting-Service,v1.4,61.848,0.01558,0,84.0265,36.0,False
2024-01-03 12:00:00,DEV-0030,Reporting-Service,v1.5,63.599,0.01123,0,86.52445833333333,30.1,False
2024-01-03 13:00:00,DEV-0046,API-Gateway,v1.4,84.846,0.01822,0,84.32629166666668,58.9,False
2024-01-03 14:00:00,DEV-0049,Reporting-Service,v2.0,82.206,0.00961,0,84.97545833333334,43.3,False
2024-01-03 14:00:00,DEV-0045,Reporting-Service,v2.0,98.755,0.02638,0,85.00675,76.4,False
2024-01-03 14:00:00,DEV-0035,Notification-Service,v1.4,100.031,0.0215,0,86.83591666666666,74.1,False
2024-01-03 15:00:00,DEV-0001,Data-Ingestion,v2.0,71.989,0.00176,0,78.504375,23.7,False
2024-01-03 15:00:00,DEV-0021,Notification-Service,v1.5,95.32,0.0171,0,86.02541666666667,66.8,False
2024-01-03 15:00:00,DEV-0019,API-Gateway,v1.4,65.425,0.01884,1,83.46154166666666,51.3,False
2024-01-03 16:00:00,DEV-0047,API-Gateway,v2.0,89.146,0.01248,1,83.56341666666667,64.1,False
2024-01-03 16:00:00,DEV-0039,Data-Ingestion,v1.5,86.594,0.02281,0,78.48529166666667,64.9,False
2024-01-03 16:00:00,DEV-0018,Notification-Service,v2.0,68.57,0.002,0,85.96920833333333,21.2,False
2024-01-03 16:00:00,DEV-0009,API-Gateway,v1.5,98.096,0.01209,2,83.5385,72.5,False
2024-01-03 17:00:00,DEV-0028,API-Gateway,v1.5,88.203,0.01503,0,84.13195833333333,58.1,False
2024-01-03 17:00:00,DEV-0001,API-Gateway,v1.5,99.923,0.02047,1,82.98979166666666,82.4,False
2024-01-03 17:00:00,DEV-0038,Data-Ingestion,v1.4,59.604,0.00945,0,78.47045833333333,25.0,False
2024-01-03 18:00:00,DEV-0039,Reporting-Service,v1.5,86.552,0.00797,0,83.59525,44.9,False
2024-01-03 19:00:00,DEV-0040,Notification-Service,v1.4,110.106,0.00298,2,86.49204166666668,64.2,False
2024-01-03 19:00:00,DEV-0043,Reporting-Service,v2.0,87.727,0.0027,0,84.0115,39.8,False
2024-01-03 19:00:00,DEV-0035,API-Gateway,v1.4,86.918,0.00288,0,83.20345833333333,39.3,False
2024-01-03 19:00:00,DEV-0044,Notification-Service,v2.0,82.557,0.01106,0,85.76412499999999,46.3,False
2024-01-03 20:00:00,DEV-0041,API-Gateway,v2.0,115.073,0.00931,1,84.93533333333333,71.7,False
2024-01-03 21:00:00,DEV-0031,API-Gateway,v1.5,75.487,0.00808,0,84.04183333333334,33.7,False
2024-01-03 21:00:00,DEV-0020,Notification-Service,v1.5,88.579,0.03743,0,86.85991666666666,70.0,False
2024-01-03 21:00:00,DEV-0020,Data-Ingestion,v1.5,82.252,0.01469,0,78.48479166666667,51.9,False
2024-01-03 22:00:00,DEV-0030,Reporting-Service,v1.5,64.324,0.00046,0,82.66466666666666,17.3,False
2024-01-03 23:00:00,DEV-0003,API-Gateway,v1.5,63.858,0.01779,0,83.38425,40.0,False
2024-01-03 23:00:00,DEV-0006,Reporting-Service,v2.0,81.778,0.01023,0,82.76608333333333,43.8,False
2024-01-03 23:00:00,DEV-0011,Data-Ingestion,v1.5,57.841,0.00874,0,76.99520833333334,23.1,False
2024-01-03 23:00:00,DEV-0046,Reporting-Service,v1.4,99.058,0.00311,1,82.84354166666667,58.3,False
2024-01-04 00:00:00,DEV-0027,Notification-Service,v1.5,82.694,0.00951,1,85.90666666666665,53.2,False
2024-01-04 00:00:00,DEV-0021,Data-Ingestion,v1.4,74.236,0.0,1,77.16233333333334,32.7,False
2024-01-04 00:00:00,DEV-0002,Notification-Service,v1.4,54.358,0.01512,0,84.65125,32.4,False
2024-01-04 00:00:00,DEV-0020,Reporting-Service,v2.0,70.8,0.02848,1,80.631125,61.3,False
2024-01-04 01:00:00,DEV-0043,API-Gateway,v1.4,107.853,0.01624,0,84.20066666666666,71.4,False
2024-01-04 01:00:00,DEV-0009,Notification-Service,v2.0,89.147,0.01644,0,85.16270833333333,60.8,False
2024-01-04 02:00:00,DEV-0017,API-Gateway,v1.5,66.394,0.01295,0,82.73645833333333,34.6,False
2024-01-04 02:00:00,DEV-0019,Notification-Service,v1.4,78.945,0.01531,0,86.07204166666666,49.2,False
2024-01-04 03:00:00,DEV-0048,API-Gateway,v1.5,102.976,0.02518,0,82.90879166666666,77.7,False
2024-01-04 04:00:00,DEV-0047,Data-Ingestion,v2.0,90.596,0.0027,0,78.31016666666666,42.4,False
2024-01-04 04:00:00,DEV-0008,API-Gateway,v1.5,80.418,0.01952,0,82.64920833333333,55.4,False
2024-01-04 04:00:00,DEV-0019,Notification-Service,v1.4,29.249,0.01506,0,83.55316666666667,29.8,False
2024-01-04 04:00:00,DEV-0027,Reporting-Service,v1.4,90.834,0.0216,0,80.38379166666665,67.8,False
2024-01-04 05:00:00,DEV-0022,Notification-Service,v1.4,80.025,0.01172,1,81.90858333333334,53.8,False
2024-01-04 05:00:00,DEV-0032,Notification-Service,v2.0,81.965,0.01526,0,83.80616666666667,52.3,False
2024-01-04 06:00:00,DEV-0025,Data-Ingestion,v2.0,82.623,0.00974,0,77.02816666666666,44.0,False
2024-01-04 06:00:00,DEV-0016,Data-Ingestion,v1.5,64.005,0.00367,0,75.94866666666667,19.6,False
2024-01-04 07:00:00,DEV-0024,API-Gateway,v1.5,90.341,0.0,0,82.6575,39.2,False
2024-01-04 07:00:00,DEV-0043,Reporting-Service,v2.0,93.376,0.00077,1,82.23095833333333,52.6,False
2024-01-04 07:00:00,DEV-0027,Data-Ingestion,v2.0,73.31,0.01896,1,76.16366666666667,57.3,False
2024-01-04 08:00:00,DEV-0024,Reporting-Service,v1.4,80.933,0.00617,0,82.44358333333334,36.5,False
2024-01-04 08:00:00,DEV-0037,Data-Ingestion,v1.5,88.349,0.01813,0,77.538625,62.1,False
2024-01-04 09:00:00,DEV-0017,Reporting-Service,v1.5,107.961,0.00799,1,82.83279166666667,67.4,False
2024-01-04 09:00:00,DEV-0005,Reporting-Service,v1.4,94.061,0.009,0,82.82600000000001,53.1,False
2024-01-04 10:00:00,DEV-0015,API-Gateway,v2.0,77.071,0.00931,0,82.04858333333334,37.4,False
2024-01-04 11:00:00,DEV-0032,Data-Ingestion,v1.5,100.82,0.0215,0,78.08737500000001,74.4,False
2024-01-04 11:00:00,DEV-0011,Notification-Service,v1.5,93.09,0.0,1,82.59366666666666,50.8,False
2024-01-04 11:00:00,DEV-0002,Notification-Service,v1.5,72.497,0.01199,0,82.38775,37.7,False
2024-01-04 12:00:00,DEV-0036,Reporting-Service,v1.5,94.193,0.00436,0,82.31791666666666,47.0,False
2024-01-04 13:00:00,DEV-0017,Reporting-Service,v2.0,66.534,0.0077,2,81.81700000000001,37.5,False
2024-01-04 13:00:00,DEV-0039,Reporting-Service,v1.4,83.974,0.03156,0,80.96329166666666,65.6,False
2024-01-04 14:00:00,DEV-0035,API-Gateway,v1.4,90.19,0.02356,0,82.53229166666667,68.6,False
2024-01-04 14:00:00,DEV-0019,Data-Ingestion,v1.5,73.784,0.02106,0,78.08904166666666,50.6,False
2024-01-04 14:00:00,DEV-0019,Notification-Service,v1.4,89.401,0.01295,0,82.199125,55.7,False
2024-01-04 15:00:00,DEV-0020,API-Gateway,v1.5,53.33,0.0047,0,81.04691666666666,16.1,False
2024-01-04 15:00:00,DEV-0031,Data-Ingestion,v1.4,71.441,0.02348,0,77.326375,50.3,False
2024-01-04 15:00:00,DEV-0040,Notification-Service,v1.4,83.114,0.01288,0,82.310875,49.8,False
2024-01-04 15:00:00,DEV-0042,Notification-Service,v1.5,93.758,0.00979,0,82.60425,53.9,False
2024-01-04 16:00:00,DEV-0006,Notification-Service,v2.0,85.247,0.00675,1,83.05745833333333,51.2,False
2024-01-04 16:00:00,DEV-0009,API-Gateway,v1.4,99.526,0.02194,0,83.466,74.3,False
2024-01-04 17:00:00,DEV-0017,Data-Ingestion,v2.0,108.773,0.00983,0,79.93091666666666,61.3,False
2024-01-04 17:00:00,DEV-0034,Data-Ingestion,v1.5,62.248,0.01761,1,77.01966666666667,48.1,False
2024-01-04 18:00:00,DEV-0043,Notification-Service,v1.4,90.106,0.01202,0,83.86591666666666,54.9,False
2024-01-04 18:00:00,DEV-0016,API-Gateway,v1.4,83.422,0.02107,0,84.211625,60.6,False
2024-01-04 19:00:00,DEV-0037,Notification-Service,v2.0,83.111,0.0123,0,84.51716666666667,49.0,False
2024-01-04 19:00:00,DEV-0024,Notification-Service,v2.0,40.247,0.0,0,83.10795833333333,9.3,False
2024-01-04 19:00:00,DEV-0042,Data-Ingestion,v1.5,77.265,0.00651,0,81.17416666666666,33.3,False
2024-01-04 19:00:00,DEV-0033,Data-Ingestion,v2.0,113.884,0.01121,0,81.926,65.4,False
2024-01-04 20:00:00,DEV-0003,API-Gateway,v1.5,90.516,0.00893,0,84.60916666666667,50.1,False
2024-01-04 20:00:00,DEV-0038,API-Gateway,v2.0,77.417,0.0,0,84.584375,26.5,False
2024-01-04 20:00:00,DEV-0009,Reporting-Service,v1.5,99.328,0.01418,0,82.489375,65.3,False
2024-01-04 20:00:00,DEV-0031,Data-Ingestion,v1.5,82.024,0.02378,1,80.99858333333333,70.3,False
2024-01-04 21:00:00,DEV-0014,Reporting-Service,v1.5,89.514,0.00144,0,82.62120833333334,40.3,False
2024-01-04 21:00:00,DEV-0014,Notification-Service,v1.5,64.039,0.01132,1,80.44758333333333,39.9,False
2024-01-04 21:00:00,DEV-0036,Data-Ingestion,v1.5,74.589,0.00909,0,80.22833333333334,34.8,False
2024-01-04 22:00:00,DEV-0033,API-Gateway,v1.5,73.249,0.01536,0,85.86183333333332,43.6,False
2024-01-04 22:00:00,DEV-0018,API-Gateway,v1.5,109.572,0.02006,1,86.57541666666667,85.3,False
2024-01-04 22:00:00,DEV-0045,API-Gateway,v1.4,59.896,0.00459,0,85.53583333333334,18.4,False
2024-01-04 22:00:00,DEV-0039,API-Gateway,v2.0,81.809,0.00099,1,84.73441666666666,42.0,False
2024-01-04 23:00:00,DEV-0027,Notification-Service,v1.5,96.086,0.00479,0,80.51008333333333,48.8,False
2024-01-04 23:00:00,DEV-0011,Data-Ingestion,v1.4,78.653,0.00629,0,78.04529166666667,34.5,False
2024-01-04 23:00:00,DEV-0019,Data-Ingestion,v1.5,66.169,0.03025,0,78.31779166666666,49.0,False
2024-01-04 23:00:00,DEV-0006,API-Gateway,v2.0,41.504,0.00244,1,83.87675,21.6,False
2024-01-05 00:00:00,DEV-0041,Reporting-Service,v1.5,92.072,0.01653,0,83.34958333333334,63.6,False
2024-01-05 00:00:00,DEV-0024,Reporting-Service,v1.5,83.557,0.01462,0,84.09129166666666,53.3,False
2024-01-05 01:00:00,DEV-0010,API-Gateway,v1.5,109.934,0.02222,0,84.37,78.2,False
2024-01-05 02:00:00,DEV-0039,Data-Ingestion,v1.5,100.808,0.01254,2,79.81658333333333,74.4,False
2024-01-05 02:00:00,DEV-0016,Notification-Service,v2.0,95.941,0.01169,0,80.33966666666666,59.2,False
2024-01-05 02:00:00,DEV-0018,Data-Ingestion,v1.5,109.302,0.00562,0,81.29829166666666,55.2,False
2024-01-05 03:00:00,DEV-0020,Reporting-Service,v1.5,96.324,0.00842,0,85.08016666666667,53.8,False
2024-01-05 04:00:00,DEV-0049,API-Gateway,v1.4,75.251,0.01498,0,83.342,45.0,False
2024-01-05 04:00:00,DEV-0050,Reporting-Service,v2.0,93.917,0.0172,0,85.96770833333335,65.9,False
2024-01-05 04:00:00,DEV-0017,API-Gateway,v2.0,111.161,0.01491,0,84.29858333333333,70.6,False
2024-01-05 05:00:00,DEV-0025,API-Gateway,v2.0,96.325,0.01248,1,84.69054166666666,70.1,False
2024-01-05 05:00:00,DEV-0025,API-Gateway,v1.5,86.638,0.01876,2,83.50575,72.5,False
2024-01-05 05:00:00,DEV-0019,Reporting-Service,v2.0,96.836,0.01336,0,87.35258333333333,62.4,False
2024-01-05 06:00:00,DEV-0007,Notification-Service,v1.4,64.064,0.02186,0,79.03733333333334,44.2,False
2024-01-05 06:00:00,DEV-0036,Data-Ingestion,v2.0,96.482,0.0066,0,82.31883333333333,51.1,False
2024-01-05 06:00:00,DEV-0022,Data-Ingestion,v1.4,78.347,0.01501,0,81.97520833333334,48.2,False
2024-01-05 06:00:00,DEV-0013,Reporting-Service,v2.0,44.481,0.01691,0,86.62895833333333,33.0,False
2024-01-05 07:00:00,DEV-0034,Notification-Service,v1.5,81.6,0.0,0,79.58024999999999,30.6,False
2024-01-05 07:00:00,DEV-0027,Reporting-Service,v1.5,53.4,0.01101,0,84.73916666666668,25.3,False
2024-01-05 07:00:00,DEV-0005,API-Gateway,v1.5,97.778,0.01416,2,84.43454166666668,75.8,False
2024-01-05 08:00:00,DEV-0019,Reporting-Service,v1.5,78.152,0.00562,0,84.57025,33.2,False
2024-01-05 08:00:00,DEV-0011,API-Gateway,v1.5,63.417,0.03048,0,84.41616666666667,47.3,False
2024-01-05 08:00:00,DEV-0036,API-Gateway,v1.5,90.391,0.00899,1,83.68858333333334,59.5,False
2024-01-05 08:00:00,DEV-0015,Notification-Service,v2.0,80.035,0.00998,2,79.47516666666667,52.7,False
2024-01-05 09:00:00,DEV-0004,Reporting-Service,v1.5,50.802,0.0189,0,83.08066666666667,36.2,False
2024-01-05 09:00:00,DEV-0049,API-Gateway,v2.0,105.915,0.02197,0,85.33529166666666,76.8,False
2024-01-05 10:00:00,DEV-0047,Reporting-Service,v1.5,89.287,0.0,0,83.14566666666667,38.1,False
2024-01-05 11:00:00,DEV-0004,Notification-Service,v1.4,88.055,0.00467,1,78.556375,51.4,False
2024-01-05 11:00:00,DEV-0028,Data-Ingestion,v1.5,87.242,0.02379,0,83.12679166666668,66.1,False
2024-01-05 11:00:00,DEV-0023,Data-Ingestion,v1.4,79.036,0.0,0,82.99279166666668,28.0,False
2024-01-05 11:00:00,DEV-0008,Data-Ingestion,v1.5,48.318,0.0269,0,82.596,41.2,False
2024-01-05 12:00:00,DEV-0034,API-Gateway,v1.4,71.548,0.01756,1,84.02579166666668,54.4,False
2024-01-05 12:00:00,DEV-0006,Notification-Service,v1.4,74.461,0.02984,2,77.968125,66.7,False
2024-01-05 12:00:00,DEV-0018,Reporting-Service,v1.4,56.623,0.02146,0,82.82479166666666,40.2,False
2024-01-05 13:00:00,DEV-0022,Data-Ingestion,v1.5,99.481,0.01222,0,83.64787500000001,62.1,False
2024-01-05 14:00:00,DEV-0042,Data-Ingestion,v1.5,93.784,0.01796,1,83.78070833333334,75.8,False
2024-01-05 14:00:00,DEV-0009,API-Gateway,v1.4,107.221,0.01345,0,85.14258333333333,67.0,False
2024-01-05 15:00:00,DEV-0026,Notification-Service,v1.5,80.498,0.00848,1,77.876625,48.8,False
2024-01-05 16:00:00,DEV-0023,API-Gateway,v2.0,80.106,0.00884,0,84.716125,39.6,False
2024-01-05 16:00:00,DEV-0039,Notification-Service,v2.0,83.633,0.02628,0,80.54295833333333,64.0,False
2024-01-05 16:00:00,DEV-0036,Notification-Service,v2.0,123.864,0.02413,1,80.77270833333333,91.3,True
2024-01-05 16:00:00,DEV-0036,Data-Ingestion,v1.4,88.491,0.00087,0,84.02520833333334,39.2,False
2024-01-05 17:00:00,DEV-0023,Data-Ingestion,v1.4,56.312,0.0,0,83.70466666666667,12.0,False
2024-01-05 17:00:00,DEV-0032,Data-Ingestion,v1.4,41.313,0.01047,0,82.37145833333334,22.7,False
2024-01-05 17:00:00,DEV-0019,Notification-Service,v2.0,90.275,0.01991,0,81.01504166666668,65.5,False
2024-01-05 18:00:00,DEV-0017,Reporting-Service,v2.0,74.968,0.02565,0,82.54104166666666,54.7,False
2024-01-05 19:00:00,DEV-0008,Reporting-Service,v1.5,85.217,0.00707,0,81.96433333333333,42.3,False
2024-01-05 19:00:00,DEV-0036,Reporting-Service,v2.0,75.635,0.00317,1,82.16579166666666,37.4,False
2024-01-05 19:00:00,DEV-0039,Notification-Service,v1.5,95.997,0.00552,0,83.79620833333333,49.5,False
2024-01-05 20:00:00,DEV-0010,Data-Ingestion,v1.5,71.807,0.007,0,81.68220833333334,28.8,False
2024-01-05 21:00:00,DEV-0020,Data-Ingestion,v1.5,44.071,0.01165,0,79.31766666666665,25.0,False
2024-01-05 22:00:00,DEV-0046,API-Gateway,v2.0,91.866,0.01916,0,85.33258333333333,66.3,False
2024-01-05 22:00:00,DEV-0002,API-Gateway,v2.0,69.132,0.0225,0,84.45516666666667,48.1,False
2024-01-05 23:00:00,DEV-0028,Reporting-Service,v2.0,61.033,0.02807,0,80.92408333333333,45.6,False
2024-01-05 23:00:00,DEV-0031,Data-Ingestion,v1.4,77.786,0.01049,1,79.48441666666666,49.7,False
2024-01-05 23:00:00,DEV-0043,API-Gateway,v1.5,65.255,0.02413,1,84.95204166666666,55.7,False
2024-01-05 23:00:00,DEV-0001,Notification-Service,v1.5,43.576,0.01694,0,82.19666666666667,33.0,False
2024-01-06 00:00:00,DEV-0032,Notification-Service,v1.5,89.119,0.0,0,82.57558333333334,37.9,False
2024-01-06 00:00:00,DEV-0050,Data-Ingestion,v1.5,106.549,0.01011,0,80.94725,61.1,False
2024-01-06 00:00:00,DEV-0037,Reporting-Service,v2.0,57.234,0.00697,0,79.41816666666666,20.0,False
2024-01-06 01:00:00,DEV-0014,Reporting-Service,v2.0,74.943,0.01312,0,79.16858333333333,41.8,False
2024-01-06 02:00:00,DEV-0029,Data-Ingestion,v2.0,82.452,0.01024,0,81.78908333333332,44.8,False
2024-01-06 02:00:00,DEV-0001,API-Gateway,v1.5,70.573,0.00269,0,83.74566666666668,23.1,False
2024-01-06 03:00:00,DEV-0026,Reporting-Service,v2.0,91.904,0.00638,0,78.01908333333334,47.4,False
2024-01-06 03:00:00,DEV-0011,Reporting-Service,v1.4,82.53,0.02023,1,78.688125,68.0,False
2024-01-06 04:00:00,DEV-0022,Data-Ingestion,v2.0,98.97,0.00412,0,81.380625,49.8,False
2024-01-06 05:00:00,DEV-0033,Notification-Service,v1.5,68.868,0.01502,0,81.56633333333333,39.8,False
2024-01-06 05:00:00,DEV-0047,API-Gateway,v1.4,110.4,0.00346,0,84.86975,53.3,False
2024-01-06 06:00:00,DEV-0031,Data-Ingestion,v1.5,78.082,0.00893,0,79.01983333333332,38.0,False
2024-01-06 06:00:00,DEV-0012,Data-Ingestion,v2.0,56.408,0.0095,0,78.98579166666667,23.7,False
2024-01-06 07:00:00,DEV-0020,Notification-Service,v2.0,68.317,0.01662,0,81.39216666666667,41.5,False
2024-01-06 07:00:00,DEV-0007,Data-Ingestion,v2.0,69.795,0.01626,0,78.51029166666667,42.1,False
2024-01-06 08:00:00,DEV-0027,API-Gateway,v2.0,85.464,0.02106,1,84.65925,71.8,False
2024-01-06 09:00:00,DEV-0016,Notification-Service,v2.0,67.046,0.01317,0,80.46070833333333,35.5,False
2024-01-06 10:00:00,DEV-0050,Reporting-Service,v2.0,50.226,0.01979,1,76.187125,46.2,False
2024-01-06 11:00:00,DEV-0037,Reporting-Service,v2.0,75.059,0.01011,0,76.54233333333333,36.9,False
2024-01-06 11:00:00,DEV-0026,Notification-Service,v1.4,103.052,0.01057,1,81.29145833333332,70.2,False
2024-01-06 11:00:00,DEV-0038,API-Gateway,v1.5,73.704,0.01719,0,84.50454166666667,46.5,False
2024-01-06 12:00:00,DEV-0031,Notification-Service,v1.5,103.445,0.00643,0,81.69508333333333,54.3,False
2024-01-06 12:00:00,DEV-0018,Reporting-Service,v1.5,95.532,0.01303,1,77.02391666666666,70.4,False
2024-01-06 13:00:00,DEV-0040,Notification-Service,v2.0,80.392,0.0,1,81.49279166666666,38.7,False
2024-01-06 13:00:00,DEV-0044,Reporting-Service,v2.0,86.463,0.01087,1,75.77141666666667,59.1,False
2024-01-06 13:00:00,DEV-0036,Reporting-Service,v1.5,72.319,0.02183,0,75.89854166666667,50.0,False
2024-01-06 13:00:00,DEV-0017,API-Gateway,v1.4,99.794,0.01492,1,85.25391666666667,75.9,False
2024-01-06 14:00:00,DEV-0018,Notification-Service,v2.0,124.743,0.0,0,82.93599999999999,52.0,False
2024-01-06 14:00:00,DEV-0028,Data-Ingestion,v2.0,57.125,0.00774,0,77.78262500000001,21.2,False
2024-01-06 14:00:00,DEV-0006,Reporting-Service,v1.5,84.546,0.0,0,75.45783333333334,33.8,False
2024-01-06 15:00:00,DEV-0033,API-Gateway,v1.5,100.449,0.01069,1,84.87379166666666,69.4,False
2024-01-06 15:00:00,DEV-0008,API-Gateway,v1.4,63.772,0.01301,1,85.03529166666667,42.5,False
2024-01-06 16:00:00,DEV-0005,Reporting-Service,v1.5,83.757,0.00448,0,75.46616666666667,38.0,False
2024-01-06 16:00:00,DEV-0004,API-Gateway,v1.4,100.852,0.00082,0,86.18541666666665,47.9,False
2024-01-06 17:00:00,DEV-0045,Data-Ingestion,v1.5,81.445,0.01028,0,78.419125,43.6,False
2024-01-06 17:00:00,DEV-0004,Reporting-Service,v1.5,87.649,0.00807,0,74.98808333333334,46.0,False
2024-01-06 17:00:00,DEV-0018,Notification-Service,v1.4,57.37,0.01048,1,81.86345833333333,35.1,False
2024-01-06 17:00:00,DEV-0013,Reporting-Service,v2.0,91.118,0.00151,0,75.24925,41.8,False
2024-01-06 18:00:00,DEV-0017,Notification-Service,v1.5,122.818,0.00375,0,85.30391666666667,55.9,False
2024-01-06 18:00:00,DEV-0003,Notification-Service,v1.4,70.659,0.00354,0,85.57975,23.9,False
2024-01-06 18:00:00,DEV-0017,Reporting-Service,v1.5,70.185,0.00747,0,73.87762500000001,28.2,False
2024-01-06 19:00:00,DEV-0028,Data-Ingestion,v1.5,83.296,0.00164,0,78.61258333333333,34.9,False
2024-01-06 19:00:00,DEV-0012,Reporting-Service,v2.0,65.48,0.03448,0,74.75258333333333,48.8,False
2024-01-06 20:00:00,DEV-0028,Notification-Service,v2.0,83.718,0.0,1,85.06441666666667,42.5,False
2024-01-06 20:00:00,DEV-0008,Data-Ingestion,v1.4,53.344,0.01441,0,76.63491666666667,31.0,False
2024-01-06 20:00:00,DEV-0050,Reporting-Service,v1.4,57.758,0.01369,0,74.93416666666666,31.4,False
2024-01-06 21:00:00,DEV-0022,Notification-Service,v1.5,76.586,0.0,0,84.25795833333333,25.5,False
2024-01-06 22:00:00,DEV-0013,Data-Ingestion,v1.5,74.626,0.01274,0,75.19008333333333,41.0,False
2024-01-06 22:00:00,DEV-0018,Data-Ingestion,v2.0,85.063,0.0083,2,74.71429166666665,55.3,False
2024-01-06 22:00:00,DEV-0037,Reporting-Service,v1.5,82.714,0.01969,1,75.12425,67.8,False
2024-01-06 22:00:00,DEV-0010,API-Gateway,v1.5,71.858,0.00846,0,87.45016666666668,31.1,False
2024-01-06 23:00:00,DEV-0028,Notification-Service,v1.5,92.416,0.0127,0,85.43929166666668,58.0,False
2024-01-06 23:00:00,DEV-0050,API-Gateway,v1.5,66.23,0.01019,1,85.62916666666666,39.3,False
2024-01-06 23:00:00,DEV-0047,Data-Ingestion,v1.5,103.991,0.01716,1,75.78279166666665,80.6,False
2024-01-07 00:00:00,DEV-0045,Notification-Service,v1.4,93.905,0.00687,0,85.35837500000001,49.6,False
2024-01-07 00:00:00,DEV-0022,Notification-Service,v2.0,65.788,0.0073,0,84.78045833333333,24.9,False
2024-01-07 00:00:00,DEV-0050,API-Gateway,v1.4,58.415,0.0,0,84.92766666666667,13.0,False
2024-01-07 01:00:00,DEV-0023,API-Gateway,v1.4,62.477,0.0233,1,81.78333333333333,53.5,False
2024-01-07 01:00:00,DEV-0003,API-Gateway,v1.5,69.545,0.01065,1,83.19366666666667,42.5,False
2024-01-07 02:00:00,DEV-0028,API-Gateway,v1.5,70.909,0.00245,1,80.97941666666667,32.7,False
2024-01-07 02:00:00,DEV-0045,API-Gateway,v1.5,94.213,0.00903,0,82.09895833333333,53.4,False
2024-01-07 02:00:00,DEV-0006,Data-Ingestion,v2.0,107.656,0.0,0,76.633375,48.7,False
2024-01-07 03:00:00,DEV-0001,Data-Ingestion,v2.0,45.858,0.01413,0,75.25095833333333,29.4,False
2024-01-07 03:00:00,DEV-0041,Notification-Service,v1.5,91.771,0.0202,0,85.51320833333334,67.1,False
2024-01-07 04:00:00,DEV-0044,Reporting-Service,v2.0,93.144,0.00271,0,76.88850000000001,44.6,False
2024-01-07 04:00:00,DEV-0031,Data-Ingestion,v1.4,62.637,0.00756,0,75.84758333333333,23.4,False
2024-01-07 04:00:00,DEV-0009,API-Gateway,v1.4,77.205,0.00735,0,81.55391666666667,34.5,False
2024-01-07 05:00:00,DEV-0046,API-Gateway,v2.0,67.952,0.01608,0,80.61895833333334,40.5,False
2024-01-07 05:00:00,DEV-0031,API-Gateway,v1.4,27.143,0.00707,0,77.33679166666666,16.7,False
2024-01-07 05:00:00,DEV-0016,Notification-Service,v1.4,71.504,0.00386,0,84.63229166666667,24.9,False
2024-01-07 05:00:00,DEV-0037,Notification-Service,v1.5,62.313,0.02022,1,85.00704166666667,50.8,False
2024-01-07 06:00:00,DEV-0030,API-Gateway,v2.0,81.401,0.0027,0,76.39375,33.4,False
2024-01-07 06:00:00,DEV-0005,API-Gateway,v2.0,74.735,0.00509,0,77.46958333333333,29.3,False
2024-01-07 07:00:00,DEV-0034,Notification-Service,v2.0,65.636,0.00503,0,82.206125,22.0,False
2024-01-07 07:00:00,DEV-0013,API-Gateway,v1.4,59.898,0.0,0,75.55175,13.6,False
2024-01-07 07:00:00,DEV-0015,API-Gateway,v2.0,50.025,0.00677,0,73.808375,17.8,False
2024-01-07 08:00:00,DEV-0018,Data-Ingestion,v1.5,60.351,0.00971,0,74.21716666666667,25.7,False
2024-01-07 09:00:00,DEV-0008,Data-Ingestion,v1.5,77.75,0.00612,0,73.54908333333334,33.5,False
2024-01-07 09:00:00,DEV-0007,Data-Ingestion,v1.5,74.252,0.01837,0,72.95579166666667,48.4,False
2024-01-07 09:00:00,DEV-0002,Data-Ingestion,v1.4,112.539,0.00128,0,75.29858333333333,52.3,False
2024-01-07 09:00:00,DEV-0001,Data-Ingestion,v2.0,110.351,0.01591,0,78.17516666666667,71.7,False
2024-01-07 10:00:00,DEV-0032,Data-Ingestion,v1.5,77.463,0.00571,0,78.41083333333334,32.6,False
2024-01-07 11:00:00,DEV-0022,Reporting-Service,v1.5,57.516,0.01513,1,75.56470833333333,42.9,False
2024-01-07 11:00:00,DEV-0039,API-Gateway,v2.0,89.056,0.01443,0,74.63854166666665,57.9,False
2024-01-07 11:00:00,DEV-0050,Reporting-Service,v1.4,73.865,0.00667,0,76.283125,30.2,False
2024-01-07 12:00:00,DEV-0001,Reporting-Service,v1.4,59.238,0.02622,0,75.62770833333333,44.1,False
2024-01-07 12:00:00,DEV-0045,API-Gateway,v2.0,90.579,0.01212,1,77.3625,64.8,False
2024-01-07 12:00:00,DEV-0006,Data-Ingestion,v1.5,102.208,0.01125,0,80.83320833333333,61.6,False
2024-01-07 12:00:00,DEV-0003,API-Gateway,v1.5,110.624,0.01327,0,76.52891666666666,67.8,False
2024-01-07 13:00:00,DEV-0049,Reporting-Service,v1.5,73.118,0.01728,0,75.12358333333333,46.0,False
2024-01-07 13:00:00,DEV-0011,Notification-Service,v1.5,73.674,0.01997,0,81.79116666666667,49.2,False
2024-01-07 13:00:00,DEV-0023,API-Gateway,v1.5,92.173,0.0,0,76.60304166666667,40.8,False
2024-01-07 14:00:00,DEV-0038,Data-Ingestion,v1.5,93.888,0.01598,1,80.97629166666667,73.5,False
2024-01-07 14:00:00,DEV-0018,API-Gateway,v2.0,102.861,0.03486,0,77.32791666666667,79.5,False
2024-01-07 14:00:00,DEV-0033,Data-Ingestion,v2.0,93.881,0.02733,0,81.50383333333333,73.3,False
2024-01-07 15:00:00,DEV-0047,Reporting-Service,v2.0,49.416,0.00718,0,74.03112499999999,18.3,False
2024-01-07 16:00:00,DEV-0013,API-Gateway,v1.4,81.418,0.01625,0,77.64933333333333,53.0,False
2024-01-07 16:00:00,DEV-0040,Data-Ingestion,v1.5,86.912,0.01504,0,81.162125,56.9,False
2024-01-07 17:00:00,DEV-0013,Reporting-Service,v1.5,77.292,0.01245,0,74.70858333333334,43.0,False
2024-01-07 18:00:00,DEV-0040,API-Gateway,v1.5,84.852,0.02018,1,77.02675,70.2,False
2024-01-07 18:00:00,DEV-0031,Data-Ingestion,v1.4,43.192,0.00468,0,78.83804166666667,14.5,False
2024-01-07 19:00:00,DEV-0039,API-Gateway,v2.0,85.512,0.01704,1,76.404375,67.7,False
2024-01-07 19:00:00,DEV-0039,Data-Ingestion,v2.0,51.139,0.00629,0,78.6185,17.5,False
2024-01-07 19:00:00,DEV-0041,Notification-Service,v2.0,97.675,0.00556,0,82.09949999999999,50.6,False
2024-01-07 20:00:00,DEV-0038,Data-Ingestion,v1.5,83.129,0.01286,1,79.70958333333333,59.2,False
2024-01-07 20:00:00,DEV-0049,Data-Ingestion,v1.5,90.934,0.01929,0,79.15400000000001,65.6,False
2024-01-07 20:00:00,DEV-0038,Reporting-Service,v1.5,107.216,0.00362,0,76.79116666666665,52.4,False
2024-01-07 21:00:00,DEV-0021,API-Gateway,v1.5,83.218,0.01178,0,77.214625,48.3,False
2024-01-07 21:00:00,DEV-0029,Notification-Service,v2.0,89.601,0.02055,0,81.83300000000001,65.6,False
2024-01-07 22:00:00,DEV-0047,Reporting-Service,v1.4,87.834,0.00561,0,77.32829166666666,42.8,False
2024-01-07 23:00:00,DEV-0037,Data-Ingestion,v1.5,69.503,0.00446,1,80.22533333333332,33.4,False
2024-01-07 23:00:00,DEV-0041,API-Gateway,v1.5,104.664,0.01124,1,77.37345833333333,71.7,False
2024-01-07 23:00:00,DEV-0013,Data-Ingestion,v1.5,95.167,0.00523,2,80.79708333333333,59.9,False
2024-01-08 00:00:00,DEV-0036,Notification-Service,v2.0,94.195,0.00605,0,83.942125,48.9,False
2024-01-08 01:00:00,DEV-0023,Reporting-Service,v1.4,105.421,0.01707,1,78.28208333333333,80.9,False
2024-01-08 02:00:00,DEV-0024,Data-Ingestion,v1.4,60.101,0.01468,0,79.830625,34.0,False
2024-01-08 02:00:00,DEV-0035,Reporting-Service,v1.5,68.709,0.00707,0,77.315625,26.7,False
2024-01-08 02:00:00,DEV-0030,Notification-Service,v1.4,92.854,0.00901,0,84.09775,52.3,False
2024-01-08 03:00:00,DEV-0013,Notification-Service,v1.5,85.114,0.0,0,84.77466666666666,34.4,False
2024-01-08 03:00:00,DEV-0048,Reporting-Service,v1.5,50.671,0.01214,0,77.33416666666666,26.8,False
2024-01-08 03:00:00,DEV-0019,Reporting-Service,v1.5,91.882,0.01781,0,78.03512500000001,64.9,False
2024-01-08 04:00:00,DEV-0018,Data-Ingestion,v1.5,101.455,0.00965,1,81.53245833333334,67.8,False
2024-01-08 04:00:00,DEV-0001,Data-Ingestion,v1.5,67.359,0.00768,0,80.41458333333334,26.6,False
2024-01-08 05:00:00,DEV-0035,Reporting-Service,v1.5,99.633,0.02233,0,78.206,74.7,False
2024-01-08 06:00:00,DEV-0042,API-Gateway,v1.5,82.203,0.01122,0,77.8045,46.1,False
2024-01-08 07:00:00,DEV-0031,Reporting-Service,v1.5,83.548,0.00565,1,78.673875,48.4,False
2024-01-08 07:00:00,DEV-0017,Reporting-Service,v2.0,110.491,0.00461,0,79.67504166666667,54.6,False
2024-01-08 07:00:00,DEV-0011,Notification-Service,v1.4,121.346,0.01422,0,86.98420833333334,71.5,False
2024-01-08 07:00:00,DEV-0039,Notification-Service,v1.5,65.755,0.00956,1,86.93041666666666,37.9,False
2024-01-08 08:00:00,DEV-0031,Data-Ingestion,v1.4,90.861,0.00704,0,81.77404166666668,47.4,False
2024-01-08 09:00:00,DEV-0037,Reporting-Service,v1.5,63.342,0.01132,0,78.79154166666667,30.1,False
2024-01-08 10:00:00,DEV-0015,Data-Ingestion,v2.0,60.716,0.01466,0,79.97091666666667,34.3,False
2024-01-08 10:00:00,DEV-0038,Data-Ingestion,v1.5,89.495,0.00328,0,79.21420833333333,41.8,False
2024-01-08 10:00:00,DEV-0001,Notification-Service,v1.5,39.209,0.00572,0,84.27029166666667,15.3,False
2024-01-08 10:00:00,DEV-0042,API-Gateway,v2.0,96.209,0.01687,0,79.053625,67.2,False
2024-01-08 11:00:00,DEV-0050,Data-Ingestion,v1.5,58.994,0.02709,0,79.76154166666667,44.4,False
2024-01-08 12:00:00,DEV-0037,Notification-Service,v1.5,82.24,0.02084,0,83.38675,59.0,False
2024-01-08 12:00:00,DEV-0001,API-Gateway,v1.4,102.547,0.02162,0,80.89245833333334,75.3,False
2024-01-08 12:00:00,DEV-0033,Data-Ingestion,v1.4,94.555,0.03022,0,81.09145833333334,74.5,False
2024-01-08 12:00:00,DEV-0016,Notification-Service,v1.4,128.305,0.006,0,85.383125,58.7,False
2024-01-08 13:00:00,DEV-0043,Notification-Service,v2.0,32.272,0.00852,0,81.53016666666667,19.0,False
2024-01-08 14:00:00,DEV-0014,Notification-Service,v1.5,89.29,0.02988,0,82.86016666666667,70.0,False
2024-01-08 14:00:00,DEV-0029,Data-Ingestion,v1.4,82.241,0.02233,0,82.00354166666666,60.4,False
2024-01-08 14:00:00,DEV-0003,Data-Ingestion,v2.0,102.525,0.01209,0,83.03583333333333,63.1,False
2024-01-08 14:00:00,DEV-0046,Reporting-Service,v1.5,106.638,0.01245,0,79.74491666666667,65.1,False
2024-01-08 15:00:00,DEV-0031,API-Gateway,v1.4,85.051,0.02,1,81.53854166666666,70.2,False
2024-01-08 16:00:00,DEV-0026,API-Gateway,v1.5,64.544,0.01059,0,80.747125,29.7,False
2024-01-08 16:00:00,DEV-0029,Notification-Service,v1.5,108.63,0.01048,0,82.26899999999999,62.5,False
2024-01-08 16:00:00,DEV-0017,API-Gateway,v1.4,73.152,0.01268,1,81.98333333333333,48.6,False
2024-01-08 17:00:00,DEV-0030,Notification-Service,v1.4,93.189,0.0117,1,83.20775,66.4,False
2024-01-08 18:00:00,DEV-0020,Reporting-Service,v1.5,90.646,0.03226,0,79.72525,71.6,False
2024-01-08 18:00:00,DEV-0005,API-Gateway,v2.0,66.102,0.01831,0,80.54683333333334,41.9,False
2024-01-08 18:00:00,DEV-0046,Notification-Service,v1.5,87.832,0.02167,1,83.37916666666666,74.6,False
2024-01-08 19:00:00,DEV-0005,Reporting-Service,v1.5,75.615,0.0,0,79.22383333333333,24.6,False
2024-01-08 20:00:00,DEV-0010,Notification-Service,v1.5,94.313,0.00709,0,83.61875,50.3,False
2024-01-08 20:00:00,DEV-0001,Notification-Service,v1.5,81.19,0.0,0,84.2605,30.1,False
2024-01-08 20:00:00,DEV-0025,API-Gateway,v1.5,66.026,0.00272,0,80.08104166666666,20.0,False
2024-01-08 20:00:00,DEV-0044,Notification-Service,v1.5,80.439,0.00981,0,83.53970833333334,41.5,False
2024-01-08 21:00:00,DEV-0030,Reporting-Service,v2.0,73.971,0.01984,0,79.38158333333332,49.5,False
2024-01-08 21:00:00,DEV-0032,Reporting-Service,v1.5,92.368,0.00507,0,80.50191666666666,46.2,False
2024-01-08 22:00:00,DEV-0020,Notification-Service,v1.4,39.3,0.00771,0,81.98529166666667,18.1,False
2024-01-08 22:00:00,DEV-0049,Notification-Service,v1.5,56.056,0.02088,0,80.49716666666666,39.3,False
2024-01-08 22:00:00,DEV-0019,Notification-Service,v1.5,93.092,0.0,0,81.779625,41.4,False
2024-01-08 22:00:00,DEV-0009,Notification-Service,v2.0,74.157,0.01281,0,81.89016666666666,40.6,False
2024-01-08 23:00:00,DEV-0020,Reporting-Service,v1.5,77.633,0.00434,0,81.33004166666667,31.3,False
2024-01-08 23:00:00,DEV-0026,Data-Ingestion,v2.0,114.797,0.0,0,84.72520833333333,50.9,False
2024-01-09 00:00:00,DEV-0032,Notification-Service,v2.0,96.748,0.03283,0,83.1865,76.5,False
2024-01-09 00:00:00,DEV-0050,Reporting-Service,v1.4,86.975,0.01996,2,81.50758333333333,74.0,False
2024-01-09 00:00:00,DEV-0035,Reporting-Service,v1.4,74.61,0.01272,0,80.73533333333333,40.9,False
2024-01-09 00:00:00,DEV-0030,Notification-Service,v2.0,96.744,0.00772,0,84.14774999999999,53.0,False
2024-01-09 01:00:00,DEV-0005,Data-Ingestion,v1.4,59.331,0.00149,0,82.50820833333334,15.4,False
2024-01-09 01:00:00,DEV-0028,Reporting-Service,v1.5,68.066,0.00848,0,81.17491666666668,28.3,False
2024-01-09 02:00:00,DEV-0002,Notification-Service,v1.5,85.811,0.0181,0,82.99095833333332,59.8,False
2024-01-09 02:00:00,DEV-0007,Notification-Service,v1.5,97.263,0.02302,0,83.11879166666667,73.8,False
2024-01-09 02:00:00,DEV-0041,Reporting-Service,v1.5,85.914,0.01171,0,81.67695833333333,50.7,False
2024-01-09 02:00:00,DEV-0013,Notification-Service,v1.5,73.702,0.00853,2,83.14887499999999,44.2,False
2024-01-09 03:00:00,DEV-0002,Reporting-Service,v1.5,86.48,0.02007,0,82.81204166666667,62.3,False
2024-01-09 03:00:00,DEV-0049,API-Gateway,v1.5,69.368,0.01813,0,80.14004166666666,44.0,False
2024-01-09 03:00:00,DEV-0025,API-Gateway,v1.5,79.802,0.0,0,82.33416666666666,28.7,False
2024-01-09 04:00:00,DEV-0014,Notification-Service,v2.0,107.848,0.01644,0,84.75508333333333,71.6,False
2024-01-09 04:00:00,DEV-0017,Notification-Service,v1.4,109.391,0.01487,0,83.80783333333333,70.0,False
2024-01-09 04:00:00,DEV-0033,Data-Ingestion,v2.0,112.722,0.01373,1,82.607,78.7,False
2024-01-09 05:00:00,DEV-0021,API-Gateway,v1.4,86.404,0.01316,0,82.820375,53.5,False
2024-01-09 05:00:00,DEV-0001,Data-Ingestion,v1.5,75.314,0.02066,0,82.51745833333332,51.6,False
2024-01-09 05:00:00,DEV-0007,Reporting-Service,v1.4,91.783,0.01029,1,83.58975,62.9,False
2024-01-09 06:00:00,DEV-0016,Notification-Service,v1.5,80.052,0.00853,0,83.03450000000001,39.1,False
2024-01-09 06:00:00,DEV-0047,Data-Ingestion,v2.0,66.424,0.0,0,81.02645833333334,17.2,False
2024-01-09 06:00:00,DEV-0036,Reporting-Service,v1.4,89.339,0.00944,0,85.25320833333332,49.7,False
2024-01-09 06:00:00,DEV-0040,Reporting-Service,v1.5,76.386,0.02817,0,85.21545833333333,56.8,False
2024-01-09 07:00:00,DEV-0048,Reporting-Service,v1.5,112.283,0.02107,0,85.42658333333334,78.0,False
2024-01-09 07:00:00,DEV-0025,API-Gateway,v2.0,97.112,0.02348,1,83.47500000000001,83.3,False
2024-01-09 07:00:00,DEV-0025,Notification-Service,v1.5,85.292,0.01141,0,84.27429166666666,49.4,False
2024-01-09 07:00:00,DEV-0029,Notification-Service,v1.4,49.427,0.01575,0,82.35416666666667,32.1,False
2024-01-09 08:00:00,DEV-0036,Data-Ingestion,v2.0,104.793,0.02298,0,81.481125,77.0,False
2024-01-09 09:00:00,DEV-0038,Data-Ingestion,v1.5,67.191,0.0219,0,80.36875,46.2,False
2024-01-09 09:00:00,DEV-0034,API-Gateway,v2.0,67.001,0.02927,0,83.77095833333333,49.4,False
2024-01-09 09:00:00,DEV-0029,Reporting-Service,v2.0,90.284,0.01995,1,85.52866666666667,74.9,False
2024-01-09 10:00:00,DEV-0046,API-Gateway,v1.4,72.212,0.02329,0,84.69541666666667,50.9,False
2024-01-09 10:00:00,DEV-0037,Data-Ingestion,v1.5,65.845,0.00406,1,79.49095833333334,30.4,False
2024-01-09 10:00:00,DEV-0025,Notification-Service,v1.5,96.827,0.00718,0,84.88208333333333,52.2,False
2024-01-09 11:00:00,DEV-0026,API-Gateway,v1.5,98.747,0.00583,0,85.09920833333334,51.6,False
2024-01-09 11:00:00,DEV-0041,Notification-Service,v1.5,109.672,0.01369,0,84.10570833333334,68.3,False
2024-01-09 12:00:00,DEV-0026,Notification-Service,v1.4,64.551,0.00435,0,85.09525000000001,20.6,False
2024-01-09 12:00:00,DEV-0041,Notification-Service,v1.4,80.998,0.01204,2,86.93187499999999,57.3,False
2024-01-09 12:00:00,DEV-0025,Notification-Service,v2.0,108.392,0.00547,0,87.277375,54.7,False
2024-01-09 12:00:00,DEV-0034,Reporting-Service,v1.5,78.149,0.01731,0,84.39233333333333,51.1,False
2024-01-09 13:00:00,DEV-0009,Data-Ingestion,v1.5,56.281,0.00862,0,80.45545833333334,22.2,False
2024-01-09 13:00:00,DEV-0001,Data-Ingestion,v1.5,64.89,0.01056,1,81.89933333333333,39.2,False
2024-01-09 13:00:00,DEV-0009,Data-Ingestion,v1.4,87.242,0.03114,0,81.326375,68.4,False
2024-01-09 13:00:00,DEV-0007,Reporting-Service,v2.0,105.159,0.00539,0,85.91108333333334,53.5,False
2024-01-09 14:00:00,DEV-0002,Reporting-Service,v1.5,81.642,0.00675,0,87.20154166666667,38.0,False
2024-01-09 14:00:00,DEV-0011,Notification-Service,v1.5,50.079,0.01563,0,83.29899999999999,32.1,False
2024-01-09 14:00:00,DEV-0013,Data-Ingestion,v1.5,90.734,0.01008,0,80.77233333333334,52.2,False
2024-01-09 15:00:00,DEV-0012,Reporting-Service,v2.0,47.624,0.00176,0,85.35745833333334,12.3,False
2024-01-09 15:00:00,DEV-0040,Data-Ingestion,v1.4,55.26,0.01313,0,80.178875,29.3,False
2024-01-09 15:00:00,DEV-0040,Data-Ingestion,v1.5,107.184,0.01963,0,80.67958333333333,74.8,False
2024-01-09 15:00:00,DEV-0033,Data-Ingestion,v1.4,66.484,0.01886,0,80.94554166666667,42.8,False
2024-01-09 16:00:00,DEV-0015,Reporting-Service,v2.0,85.796,0.01059,2,84.78091666666667,60.1,False
2024-01-09 16:00:00,DEV-0040,Notification-Service,v1.5,84.069,0.0133,0,83.14220833333333,51.6,False
2024-01-09 16:00:00,DEV-0033,Reporting-Service,v1.5,94.718,0.0114,0,85.24633333333334,57.6,False
2024-01-09 17:00:00,DEV-0018,API-Gateway,v1.5,50.777,0.01344,0,82.60558333333334,29.0,False
2024-01-09 18:00:00,DEV-0043,Notification-Service,v1.5,113.094,0.0083,0,84.50283333333333,60.2,False
2024-01-09 18:00:00,DEV-0031,Data-Ingestion,v1.5,77.767,0.03167,0,81.37920833333332,59.1,False
2024-01-09 18:00:00,DEV-0023,Reporting-Service,v2.0,78.948,0.02673,0,83.93204166666666,59.0,False
2024-01-09 19:00:00,DEV-0006,Notification-Service,v1.4,50.025,0.02016,0,82.6575,37.1,False
2024-01-09 20:00:00,DEV-0006,API-Gateway,v1.5,84.05,0.02063,0,81.78458333333334,60.7,False
2024-01-09 20:00:00,DEV-0003,Reporting-Service,v1.4,95.503,0.01898,2,85.27208333333333,80.3,False
2024-01-09 20:00:00,DEV-0023,API-Gateway,v1.5,78.998,0.018,0,82.12304166666668,52.6,False
2024-01-09 20:00:00,DEV-0044,Data-Ingestion,v1.5,69.507,0.0,0,80.04804166666666,19.3,False
2024-01-09 21:00:00,DEV-0042,API-Gateway,v1.5,92.381,0.01005,0,81.34791666666666,53.5,False
2024-01-09 21:00:00,DEV-0019,Notification-Service,v1.5,92.006,0.00829,0,83.10816666666666,50.3,False
2024-01-09 22:00:00,DEV-0030,API-Gateway,v2.0,70.101,0.01601,0,80.87637500000001,42.0,False
2024-01-09 22:00:00,DEV-0016,API-Gateway,v1.5,82.194,0.01155,0,80.765625,46.7,False
2024-01-09 22:00:00,DEV-0048,Reporting-Service,v2.0,80.046,0.00571,0,84.16408333333334,35.0,False
2024-01-09 22:00:00,DEV-0011,Data-Ingestion,v1.4,71.689,0.01648,0,79.24920833333333,43.8,False
2024-01-09 23:00:00,DEV-0002,API-Gateway,v1.4,113.07,0.0,0,81.913875,50.5,False
2024-01-09 23:00:00,DEV-0021,Data-Ingestion,v2.0,99.456,0.01899,0,80.863375,71.3,False
2024-01-10 00:00:00,DEV-0016,Notification-Service,v1.5,72.365,0.0003,0,84.485875,23.0,False
2024-01-10 00:00:00,DEV-0036,Data-Ingestion,v1.4,54.267,0.01439,1,79.39554166666667,40.6,False
2024-01-10 00:00:00,DEV-0028,API-Gateway,v1.4,115.159,0.0274,0,81.82466666666666,82.3,False
2024-01-10 00:00:00,DEV-0017,API-Gateway,v1.4,70.582,0.00908,0,81.387375,31.1,False
2024-01-10 01:00:00,DEV-0049,Data-Ingestion,v1.5,99.469,0.00403,0,81.082,49.9,False
2024-01-10 01:00:00,DEV-0047,Data-Ingestion,v1.5,86.152,0.02157,0,80.73187499999999,63.5,False
2024-01-10 01:00:00,DEV-0049,Data-Ingestion,v2.0,92.447,0.01785,0,81.157125,65.5,False
2024-01-10 01:00:00,DEV-0008,Reporting-Service,v1.4,70.825,0.01829,0,83.33820833333333,45.2,False
2024-01-10 02:00:00,DEV-0040,Notification-Service,v1.5,109.528,0.01252,0,85.66416666666667,66.2,False
2024-01-10 02:00:00,DEV-0009,Reporting-Service,v1.5,84.271,0.00928,0,83.698875,44.9,False
2024-01-10 02:00:00,DEV-0026,Notification-Service,v1.4,67.899,0.03648,0,84.97933333333334,50.7,False
2024-01-10 02:00:00,DEV-0039,API-Gateway,v1.4,106.632,0.01395,0,82.84254166666666,67.7,False
2024-01-10 03:00:00,DEV-0009,Reporting-Service,v2.0,89.135,0.01444,0,84.33070833333333,58.0,False
2024-01-10 03:00:00,DEV-0005,Notification-Service,v2.0,47.889,0.01294,1,84.56966666666666,36.8,False
2024-01-10 04:00:00,DEV-0010,Reporting-Service,v2.0,81.965,0.01443,0,83.89725,51.1,False
2024-01-10 05:00:00,DEV-0026,Reporting-Service,v1.4,67.284,0.01537,0,83.46604166666667,39.2,False
2024-01-10 06:00:00,DEV-0038,Reporting-Service,v1.5,70.063,0.0067,0,82.761375,27.0,False
2024-01-10 06:00:00,DEV-0014,Notification-Service,v1.5,72.332,0.00873,0,82.29091666666667,32.1,False
2024-01-10 06:00:00,DEV-0008,Notification-Service,v1.4,66.47,0.01847,0,83.30808333333333,42.4,False
2024-01-10 07:00:00,DEV-0031,API-Gateway,v1.4,88.433,0.02756,0,82.51854166666666,68.8,False
2024-01-10 07:00:00,DEV-0041,Data-Ingestion,v2.0,91.79,0.00812,0,80.70983333333334,49.7,False
2024-01-10 07:00:00,DEV-0013,Notification-Service,v1.5,98.419,0.00622,0,83.32079166666666,51.9,False
2024-01-10 07:00:00,DEV-0040,Notification-Service,v1.5,69.828,0.01919,0,82.65483333333333,45.4,False
2024-01-10 08:00:00,DEV-0031,Data-Ingestion,v1.5,76.39,0.00603,1,79.10954166666667,41.2,False
2024-01-10 09:00:00,DEV-0005,API-Gateway,v1.5,95.588,0.00964,0,82.22858333333333,55.3,False
2024-01-10 09:00:00,DEV-0013,Data-Ingestion,v1.5,50.195,0.02337,0,78.728875,40.0,False
2024-01-10 09:00:00,DEV-0039,Data-Ingestion,v2.0,110.801,0.01538,0,78.64883333333333,71.3,False
2024-01-10 09:00:00,DEV-0006,Notification-Service,v2.0,104.773,0.0122,0,82.96775000000001,64.0,False
2024-01-10 10:00:00,DEV-0043,Notification-Service,v1.5,91.562,0.01291,0,82.224875,57.5,False
2024-01-10 11:00:00,DEV-0032,Notification-Service,v1.5,81.447,0.00733,0,81.43433333333333,38.7,False
2024-01-10 11:00:00,DEV-0038,Data-Ingestion,v2.0,57.798,0.00573,0,77.919,18.7,False
2024-01-10 11:00:00,DEV-0050,API-Gateway,v1.4,69.731,0.02825,0,81.59025,51.1,False
2024-01-10 11:00:00,DEV-0019,Notification-Service,v1.4,87.48,0.00611,0,81.37620833333334,43.2,False
2024-01-10 12:00:00,DEV-0016,Data-Ingestion,v2.0,60.219,0.03065,0,77.19129166666666,45.7,False
2024-01-10 12:00:00,DEV-0004,Data-Ingestion,v1.5,93.533,0.02502,1,79.04854166666668,81.5,False
2024-01-10 12:00:00,DEV-0026,Reporting-Service,v1.5,73.953,0.01368,0,82.734,41.9,False
2024-01-10 12:00:00,DEV-0002,API-Gateway,v1.5,80.385,0.02436,0,81.89162499999999,59.4,False
2024-01-10 13:00:00,DEV-0041,API-Gateway,v1.5,117.39,0.0,1,84.09354166666667,60.7,False
2024-01-10 14:00:00,DEV-0013,Notification-Service,v2.0,77.133,0.01792,0,82.58875,50.6,False
2024-01-10 15:00:00,DEV-0046,Reporting-Service,v1.4,45.195,0.0022,0,82.35837500000001,12.4,False
2024-01-10 15:00:00,DEV-0039,Reporting-Service,v1.5,99.77,0.00747,0,84.05499999999999,54.3,False
2024-01-10 15:00:00,DEV-0005,Data-Ingestion,v2.0,78.933,0.01211,1,77.68054166666666,53.4,False
2024-01-10 16:00:00,DEV-0019,Notification-Service,v1.5,90.763,0.01311,0,82.81670833333334,57.3,False
2024-01-10 16:00:00,DEV-0039,Notification-Service,v1.5,104.675,0.01105,0,83.14370833333334,62.0,False
2024-01-10 16:00:00,DEV-0036,Reporting-Service,v1.4,80.203,0.01657,0,82.09683333333334,52.0,False
2024-01-10 17:00:00,DEV-0048,Notification-Service,v1.4,74.05,0.0082,0,81.65945833333333,32.6,False
2024-01-10 17:00:00,DEV-0014,Reporting-Service,v1.5,90.735,0.01618,0,82.05316666666667,61.9,False
2024-01-10 17:00:00,DEV-0010,API-Gateway,v1.5,65.184,0.00477,0,84.05529166666666,21.4,False
2024-01-10 18:00:00,DEV-0004,Notification-Service,v1.5,85.586,0.03177,0,80.70920833333334,67.1,False
2024-01-10 18:00:00,DEV-0014,Reporting-Service,v1.5,86.617,0.01548,1,81.93974999999999,66.7,False
2024-01-10 19:00:00,DEV-0049,API-Gateway,v1.5,84.773,0.01976,0,84.51295833333333,60.3,False
2024-01-10 19:00:00,DEV-0037,API-Gateway,v1.4,95.873,0.02214,0,85.29891666666667,72.3,False
2024-01-10 19:00:00,DEV-0030,API-Gateway,v1.5,59.341,0.02038,0,84.881125,40.3,False
2024-01-10 19:00:00,DEV-0004,API-Gateway,v2.0,72.597,0.00823,0,84.58091666666667,31.4,False
2024-01-10 20:00:00,DEV-0015,API-Gateway,v1.5,67.885,0.02661,0,83.29516666666667,49.2,False
2024-01-10 21:00:00,DEV-0019,Notification-Service,v1.5,80.727,0.01236,1,80.69791666666667,55.6,False
2024-01-10 21:00:00,DEV-0008,API-Gateway,v1.5,95.479,0.00667,0,85.33308333333333,50.6,False
2024-01-10 21:00:00,DEV-0009,Reporting-Service,v2.0,86.232,0.02172,0,82.35,63.8,False
2024-01-10 21:00:00,DEV-0036,API-Gateway,v2.0,92.644,0.00387,0,84.363625,45.3,False
2024-01-10 22:00:00,DEV-0029,Notification-Service,v1.4,88.004,0.01348,0,81.675125,55.5,False
2024-01-10 22:00:00,DEV-0027,API-Gateway,v1.5,92.019,0.01166,2,85.05275,67.4,False
2024-01-10 23:00:00,DEV-0041,Notification-Service,v2.0,79.95,0.02621,0,82.91975000000001,59.7,False
2024-01-10 23:00:00,DEV-0018,Data-Ingestion,v1.5,77.904,0.01404,0,78.18299999999999,46.5,False
2024-01-10 23:00:00,DEV-0036,API-Gateway,v2.0,91.674,0.02778,0,86.41416666666667,71.7,False
2024-01-10 23:00:00,DEV-0001,API-Gateway,v1.5,70.775,0.00779,0,85.88600000000001,29.2,False
2024-01-11 00:00:00,DEV-0045,Reporting-Service,v1.5,70.846,0.00466,0,80.62345833333333,25.3,False
2024-01-11 00:00:00,DEV-0001,Data-Ingestion,v2.0,77.257,0.00034,0,77.76695833333333,27.6,False
2024-01-11 00:00:00,DEV-0009,Notification-Service,v1.4,89.533,0.01093,0,83.14741666666667,52.5,False
2024-01-11 00:00:00,DEV-0033,API-Gateway,v1.5,91.986,0.01741,0,86.74483333333335,64.6,False
2024-01-11 01:00:00,DEV-0041,Data-Ingestion,v1.5,82.708,0.01821,1,78.509375,66.3,False
2024-01-11 01:00:00,DEV-0029,Data-Ingestion,v1.4,94.422,0.00106,0,80.09858333333334,44.4,False
2024-01-11 01:00:00,DEV-0025,Reporting-Service,v1.5,88.84,0.0041,0,80.56329166666667,41.9,False
2024-01-11 02:00:00,DEV-0049,Data-Ingestion,v2.0,57.483,0.00062,0,78.713125,14.0,False
2024-01-11 03:00:00,DEV-0036,Notification-Service,v1.5,71.674,0.02131,0,81.42158333333334,49.0,False
2024-01-11 03:00:00,DEV-0006,Reporting-Service,v1.4,75.829,0.01584,0,80.46662500000001,46.8,False
2024-01-11 03:00:00,DEV-0010,API-Gateway,v1.4,82.742,0.01151,0,86.34320833333334,47.3,False
2024-01-11 03:00:00,DEV-0008,Data-Ingestion,v2.0,101.054,0.00159,0,80.62120833333334,48.5,False
2024-01-11 04:00:00,DEV-0028,Data-Ingestion,v1.5,90.394,0.00146,0,79.921625,41.3,False
2024-01-11 05:00:00,DEV-0049,API-Gateway,v1.4,83.537,0.0,0,86.90304166666668,33.0,False
2024-01-11 05:00:00,DEV-0048,API-Gateway,v1.4,65.538,0.0115,1,86.20904166666668,41.1,False
2024-01-11 06:00:00,DEV-0006,API-Gateway,v2.0,73.92,0.02408,0,84.57779166666667,52.9,False
2024-01-11 06:00:00,DEV-0017,API-Gateway,v1.5,102.046,0.00518,0,85.88879166666668,52.3,False
2024-01-11 06:00:00,DEV-0011,API-Gateway,v1.5,88.065,0.00525,0,84.75987500000001,42.7,False
2024-01-11 06:00:00,DEV-0025,Reporting-Service,v2.0,91.824,0.02078,0,79.911,67.8,False
2024-01-11 07:00:00,DEV-0026,Notification-Service,v2.0,76.365,0.00545,0,82.51908333333334,30.9,False
2024-01-11 07:00:00,DEV-0013,API-Gateway,v2.0,111.597,0.00499,0,84.66516666666668,55.3,False
2024-01-11 07:00:00,DEV-0043,API-Gateway,v1.4,81.195,0.00076,1,83.7,41.1,False
2024-01-11 07:00:00,DEV-0015,Reporting-Service,v1.4,87.949,0.0249,1,80.17379166666667,76.7,False
2024-01-11 08:00:00,DEV-0002,Data-Ingestion,v1.5,75.211,0.0,0,80.28525,24.2,False
2024-01-11 08:00:00,DEV-0029,Data-Ingestion,v1.5,68.206,0.0088,0,79.886875,29.0,False
2024-01-11 09:00:00,DEV-0045,API-Gateway,v1.5,71.506,0.01696,0,83.66175,44.2,False
2024-01-11 09:00:00,DEV-0017,Notification-Service,v1.5,63.487,0.01026,0,81.33079166666667,28.4,False
2024-01-11 09:00:00,DEV-0016,Reporting-Service,v1.5,68.671,0.02007,0,81.05075000000001,45.4,False
2024-01-11 10:00:00,DEV-0015,Data-Ingestion,v1.5,84.728,0.0164,0,80.52108333333334,56.7,False
2024-01-11 10:00:00,DEV-0026,Reporting-Service,v1.5,137.593,0.01613,0,83.20895833333334,74.8,False
2024-01-11 10:00:00,DEV-0008,API-Gateway,v1.4,74.01,0.00795,0,83.84004166666666,32.2,False
2024-01-11 11:00:00,DEV-0035,Data-Ingestion,v2.0,97.537,0.01071,0,81.59808333333332,58.6,False
2024-01-11 11:00:00,DEV-0004,Reporting-Service,v1.4,53.087,0.00949,0,81.47433333333333,22.7,False
2024-01-11 12:00:00,DEV-0050,Notification-Service,v1.5,81.376,0.0,0,81.70625,30.3,False
2024-01-11 12:00:00,DEV-0021,Reporting-Service,v1.5,87.11,0.01668,1,81.81441666666667,68.7,False
2024-01-11 12:00:00,DEV-0022,API-Gateway,v2.0,77.557,0.0159,0,83.72220833333334,48.6,False
2024-01-11 13:00:00,DEV-0047,Notification-Service,v2.0,96.862,0.00555,0,83.03170833333333,50.1,False
2024-01-11 13:00:00,DEV-0003,Notification-Service,v1.5,112.376,0.01826,0,83.55945833333334,75.1,False
2024-01-11 13:00:00,DEV-0021,API-Gateway,v2.0,85.197,0.01631,0,82.38083333333334,57.1,False
2024-01-11 14:00:00,DEV-0003,Data-Ingestion,v1.5,41.334,0.01372,0,79.17633333333333,28.3,False
2024-01-11 14:00:00,DEV-0023,API-Gateway,v1.4,104.677,0.0078,0,84.026375,56.7,False
2024-01-11 15:00:00,DEV-0044,API-Gateway,v1.5,76.903,0.01442,0,83.23595833333333,45.8,False
2024-01-11 16:00:00,DEV-0040,Reporting-Service,v1.5,54.113,0.00791,0,79.02729166666667,20.3,False
2024-01-11 16:00:00,DEV-0037,Reporting-Service,v2.0,69.96,0.01141,0,79.72362500000001,34.6,False
2024-01-11 16:00:00,DEV-0002,Reporting-Service,v2.0,55.41,0.00733,0,80.143875,19.8,False
2024-01-11 16:00:00,DEV-0004,API-Gateway,v1.5,76.974,0.00428,1,83.97066666666667,39.8,False
2024-01-11 17:00:00,DEV-0034,API-Gateway,v1.5,112.08,0.01595,0,85.61579166666667,72.3,False
2024-01-11 17:00:00,DEV-0023,Notification-Service,v1.5,92.508,0.01681,0,84.89083333333333,64.4,False
2024-01-11 17:00:00,DEV-0042,Reporting-Service,v1.5,73.102,0.01519,0,78.56191666666668,43.2,False
2024-01-11 17:00:00,DEV-0036,Data-Ingestion,v2.0,54.718,0.00202,0,79.195125,13.9,False
2024-01-11 18:00:00,DEV-0038,Notification-Service,v2.0,79.924,0.02051,0,85.45141666666667,55.9,False
2024-01-11 18:00:00,DEV-0049,Reporting-Service,v1.4,83.18,0.01292,1,78.31379166666666,59.3,False
2024-01-11 18:00:00,DEV-0007,Data-Ingestion,v2.0,88.855,0.0162,1,78.752875,69.5,False
2024-01-11 18:00:00,DEV-0029,API-Gateway,v2.0,42.487,0.0,0,83.853875,9.4,False
2024-01-11 19:00:00,DEV-0025,Reporting-Service,v1.4,72.311,0.0117,0,78.52891666666666,37.1,False
2024-01-11 19:00:00,DEV-0026,Reporting-Service,v2.0,75.278,0.02085,0,78.43525000000001,51.8,False
2024-01-11 19:00:00,DEV-0039,Reporting-Service,v1.5,76.886,0.0274,0,78.10216666666666,57.2,False
2024-01-11 19:00:00,DEV-0046,Data-Ingestion,v1.5,83.929,0.00177,0,78.66025,35.8,False
2024-01-11 20:00:00,DEV-0007,API-Gateway,v1.5,77.9,0.01818,1,84.27116666666667,61.1,False
2024-01-11 20:00:00,DEV-0041,Notification-Service,v1.5,94.982,0.02369,0,86.39516666666667,72.6,False
2024-01-11 20:00:00,DEV-0013,Data-Ingestion,v2.0,90.846,0.02851,0,78.59354166666667,71.3,False
2024-01-11 21:00:00,DEV-0042,Notification-Service,v1.5,86.78,0.01272,0,83.93533333333333,53.1,False
2024-01-11 21:00:00,DEV-0026,Notification-Service,v1.5,73.019,0.01911,2,84.68504166666666,59.2,False
2024-01-11 21:00:00,DEV-0028,Notification-Service,v2.0,54.185,0.00957,0,84.55208333333333,23.1,False
2024-01-11 21:00:00,DEV-0025,Reporting-Service,v2.0,92.993,0.0,0,79.32225,41.4,False
2024-01-11 22:00:00,DEV-0038,Notification-Service,v1.5,60.571,0.01329,0,82.242125,31.9,False
2024-01-11 22:00:00,DEV-0030,Notification-Service,v2.0,77.834,0.01676,0,83.36333333333333,50.1,False
2024-01-11 22:00:00,DEV-0014,Reporting-Service,v2.0,91.826,0.00371,1,78.99125,53.7,False
2024-01-11 22:00:00,DEV-0037,Data-Ingestion,v1.4,76.924,0.01393,1,77.974125,54.5,False
2024-01-11 23:00:00,DEV-0044,Notification-Service,v1.5,79.69,0.01485,0,82.16891666666666,49.1,False
2024-01-12 00:00:00,DEV-0010,API-Gateway,v1.4,155.357,0.07697,6,86.88420833333333,97.9,True
2024-01-12 00:00:00,DEV-0018,Data-Ingestion,v1.5,134.067,0.06924,6,80.37733333333334,97.3,True
2024-01-12 01:00:00,DEV-0018,Data-Ingestion,v2.0,160.964,0.1028,6,84.99270833333334,98.5,True
2024-01-12 02:00:00,DEV-0014,Data-Ingestion,v1.4,161.067,0.10302,5,87.087125,98.4,True
2024-01-12 02:00:00,DEV-0014,API-Gateway,v2.0,119.493,0.08889,6,91.56241666666666,96.8,True
2024-01-12 02:00:00,DEV-0039,API-Gateway,v1.5,180.282,0.09472,5,90.41766666666666,98.6,True
2024-01-12 03:00:00,DEV-0015,Reporting-Service,v1.5,60.574,0.01592,0,79.63204166666667,36.0,False
2024-01-12 04:00:00,DEV-0030,API-Gateway,v2.0,185.018,0.055,5,97.78545833333334,98.1,True
2024-01-12 04:00:00,DEV-0045,API-Gateway,v1.5,126.784,0.12409,4,93.896125,97.6,True
2024-01-12 04:00:00,DEV-0014,Data-Ingestion,v1.4,195.299,0.09132,4,96.09637500000001,98.6,True
2024-01-12 04:00:00,DEV-0045,Data-Ingestion,v1.5,172.254,0.1145,3,91.856125,98.5,True
2024-01-12 05:00:00,DEV-0028,Reporting-Service,v1.4,81.3,0.01716,0,79.67774999999999,54.0,False
2024-01-12 05:00:00,DEV-0031,Notification-Service,v1.4,83.262,0.01845,0,82.42429166666666,57.8,False
2024-01-12 06:00:00,DEV-0022,Reporting-Service,v2.0,66.098,0.02042,0,78.65120833333333,43.9,False
2024-01-12 06:00:00,DEV-0017,API-Gateway,v1.5,113.221,0.07114,5,98.67025,95.4,True
2024-01-12 07:00:00,DEV-0034,Reporting-Service,v1.5,70.25,0.01098,0,77.098375,34.1,False
2024-01-12 07:00:00,DEV-0021,Reporting-Service,v2.0,65.331,0.02182,0,77.76429166666667,44.8,False
2024-01-12 07:00:00,DEV-0029,Reporting-Service,v2.0,106.055,0.0139,1,78.56541666666668,76.8,False
2024-01-12 08:00:00,DEV-0049,Notification-Service,v1.4,82.93,0.02344,1,80.947625,71.2,False
2024-01-12 08:00:00,DEV-0047,Notification-Service,v1.4,77.068,0.00018,0,81.85366666666667,27.2,False
2024-01-12 08:00:00,DEV-0044,Data-Ingestion,v1.5,148.31,0.07015,2,99.76683333333334,96.9,True
2024-01-12 09:00:00,DEV-0024,Notification-Service,v2.0,50.781,0.01309,0,80.06470833333334,28.4,False
2024-01-12 09:00:00,DEV-0033,Reporting-Service,v2.0,70.601,0.01649,0,77.80545833333333,43.0,False
2024-01-12 09:00:00,DEV-0022,API-Gateway,v1.5,104.175,0.04579,2,99.56329166666667,91.4,True
2024-01-12 09:00:00,DEV-0011,Notification-Service,v2.0,87.665,0.01065,0,81.51491666666668,50.5,False
2024-01-12 10:00:00,DEV-0018,Reporting-Service,v2.0,58.199,0.02226,1,77.070875,51.0,False
2024-01-12 10:00:00,DEV-0041,Data-Ingestion,v2.0,169.875,0.06168,5,103.55608333333333,97.8,True
2024-01-12 10:00:00,DEV-0032,Notification-Service,v1.4,59.918,0.0116,0,79.19766666666666,28.9,False
2024-01-12 10:00:00,DEV-0006,Notification-Service,v1.5,91.402,0.01014,0,79.33925,52.8,False
2024-01-12 11:00:00,DEV-0040,Data-Ingestion,v2.0,156.524,0.11144,3,106.83191666666669,98.0,True
2024-01-12 11:00:00,DEV-0033,Notification-Service,v1.4,90.468,0.01735,0,79.7775,63.2,False
2024-01-12 11:00:00,DEV-0044,Notification-Service,v1.4,98.832,0.01929,0,80.16495833333333,71.3,False
2024-01-12 12:00:00,DEV-0043,Reporting-Service,v1.4,75.254,0.01257,0,76.38045833333332,41.1,False
2024-01-12 12:00:00,DEV-0037,Notification-Service,v2.0,69.887,0.00821,0,80.536875,29.1,False
2024-01-12 12:00:00,DEV-0022,Notification-Service,v1.5,87.078,0.01398,0,80.80679166666665,55.5,False
2024-01-12 13:00:00,DEV-0035,Data-Ingestion,v1.5,135.015,0.08503,3,109.2385,97.1,True
2024-01-12 13:00:00,DEV-0029,Notification-Service,v1.5,93.372,0.0344,0,81.78208333333333,73.9,False
2024-01-12 13:00:00,DEV-0033,Notification-Service,v1.4,78.421,0.00183,0,81.65895833333333,29.9,False
2024-01-12 14:00:00,DEV-0011,Data-Ingestion,v2.0,174.238,0.10273,3,113.05225,98.3,True
2024-01-12 15:00:00,DEV-0018,Data-Ingestion,v2.0,184.756,0.10256,2,116.81616666666666,98.1,True
2024-01-12 16:00:00,DEV-0011,Data-Ingestion,v1.4,178.531,0.08108,6,121.85983333333336,98.5,True
2024-01-12 16:00:00,DEV-0012,API-Gateway,v2.0,120.919,0.14235,3,101.120875,97.3,True
2024-01-12 16:00:00,DEV-0006,Reporting-Service,v2.0,60.118,0.00936,0,75.22083333333335,25.0,False
2024-01-12 17:00:00,DEV-0036,API-Gateway,v2.0,160.633,0.09287,6,105.08316666666666,98.3,True
2024-01-12 18:00:00,DEV-0023,Data-Ingestion,v1.5,181.785,0.11282,2,125.22362500000001,98.3,True
2024-01-12 18:00:00,DEV-0041,Reporting-Service,v1.5,110.086,0.0096,0,74.00625,61.4,False
2024-01-12 18:00:00,DEV-0032,Reporting-Service,v1.4,67.028,0.01327,0,75.152375,35.6,False
2024-01-12 19:00:00,DEV-0020,Notification-Service,v1.5,76.077,0.00995,0,80.14649999999999,37.4,False
2024-01-12 19:00:00,DEV-0023,Notification-Service,v1.5,87.329,0.0268,0,79.74929166666666,67.5,False
2024-01-12 19:00:00,DEV-0040,API-Gateway,v1.5,180.749,0.09677,4,109.53437500000001,98.5,True
2024-01-12 19:00:00,DEV-0022,Reporting-Service,v2.0,61.746,0.00426,0,74.36704166666667,18.8,False
2024-01-12 20:00:00,DEV-0048,API-Gateway,v2.0,136.987,0.11953,6,110.99025,98.3,True
2024-01-12 20:00:00,DEV-0042,Data-Ingestion,v2.0,161.27,0.09418,4,128.17679166666667,98.1,True
2024-01-12 21:00:00,DEV-0007,API-Gateway,v1.5,138.047,0.0685,5,113.07283333333334,97.3,True
2024-01-12 22:00:00,DEV-0003,Reporting-Service,v1.4,83.011,0.00415,0,74.19625,36.8,False
2024-01-12 22:00:00,DEV-0023,Notification-Service,v1.4,60.121,0.00069,0,78.11983333333333,15.2,False
2024-01-12 22:00:00,DEV-0008,Data-Ingestion,v2.0,131.302,0.07634,2,130.5139166666667,96.5,True
2024-01-12 22:00:00,DEV-0008,Notification-Service,v1.4,73.204,0.02325,0,78.94495833333333,51.6,False
2024-01-12 23:00:00,DEV-0005,Notification-Service,v2.0,126.034,0.0,0,79.41366666666667,52.0,False
2024-01-12 23:00:00,DEV-0012,API-Gateway,v1.4,147.358,0.06694,4,115.82962500000001,97.3,True
2024-01-13 00:00:00,DEV-0033,API-Gateway,v1.5,141.749,0.09902,6,117.08595833333334,98.0,True
2024-01-13 00:00:00,DEV-0008,Data-Ingestion,v1.4,157.297,0.111,5,134.22604166666667,98.3,True
2024-01-13 01:00:00,DEV-0005,Reporting-Service,v1.5,56.408,0.00053,0,74.23783333333334,13.4,False
2024-01-13 01:00:00,DEV-0033,Data-Ingestion,v1.5,172.914,0.0992,6,137.90045833333332,98.7,True
2024-01-13 02:00:00,DEV-0022,API-Gateway,v2.0,137.068,0.09409,5,129.08175,97.7,True
2024-01-13 02:00:00,DEV-0042,API-Gateway,v1.5,168.423,0.07463,3,121.12416666666667,97.7,True
2024-01-13 02:00:00,DEV-0048,API-Gateway,v1.5,205.481,0.10887,4,126.602125,99.0,True
2024-01-13 02:00:00,DEV-0035,Reporting-Service,v2.0,105.542,0.0,0,75.72041666666667,48.0,False
2024-01-13 03:00:00,DEV-0036,Notification-Service,v2.0,70.875,0.00372,0,80.10908333333334,24.3,False
2024-01-13 03:00:00,DEV-0015,Notification-Service,v1.5,112.614,0.00665,0,81.758875,57.6,False
2024-01-13 03:00:00,DEV-0022,Data-Ingestion,v1.4,169.774,0.11014,5,140.91033333333334,98.6,True
2024-01-13 03:00:00,DEV-0015,Notification-Service,v1.5,70.804,0.00301,0,81.09320833333332,23.6,False
2024-01-13 04:00:00,DEV-0032,API-Gateway,v1.5,170.002,0.08926,2,132.61529166666665,97.6,True
2024-01-13 04:00:00,DEV-0046,Notification-Service,v1.5,76.276,0.01576,0,81.02829166666668,47.0,False
2024-01-13 04:00:00,DEV-0024,Data-Ingestion,v2.0,156.628,0.06381,4,145.71425,97.3,True
2024-01-13 05:00:00,DEV-0030,Reporting-Service,v1.5,86.616,0.0175,0,77.07470833333333,59.9,False
2024-01-13 05:00:00,DEV-0031,Reporting-Service,v2.0,109.157,0.01974,0,78.577,75.6,False
2024-01-13 06:00:00,DEV-0028,Data-Ingestion,v2.0,116.357,0.11608,3,148.28254166666667,96.5,True
2024-01-13 06:00:00,DEV-0003,Reporting-Service,v1.5,85.535,0.00221,0,78.675125,37.5,False
2024-01-13 06:00:00,DEV-0040,Notification-Service,v1.5,68.958,0.01329,0,81.37775,37.1,False
2024-01-13 07:00:00,DEV-0027,Data-Ingestion,v1.5,177.45,0.06767,4,151.974,97.9,True
2024-01-13 07:00:00,DEV-0026,Reporting-Service,v1.5,71.809,0.01058,0,78.46358333333333,34.7,False
2024-01-13 07:00:00,DEV-0009,API-Gateway,v1.5,131.903,0.10753,4,133.74970833333333,97.5,True
2024-01-13 08:00:00,DEV-0027,Data-Ingestion,v1.5,158.252,0.0678,6,155.07079166666665,97.8,True
2024-01-13 08:00:00,DEV-0044,Notification-Service,v1.4,80.654,0.01125,0,81.41791666666667,44.3,False
2024-01-13 09:00:00,DEV-0018,Data-Ingestion,v2.0,177.056,0.10858,6,159.69295833333334,98.9,True
2024-01-13 09:00:00,DEV-0005,Data-Ingestion,v2.0,158.746,0.10967,3,160.72125,98.0,True
2024-01-13 09:00:00,DEV-0040,Data-Ingestion,v1.5,101.646,0.08693,6,155.52079166666667,91.9,True
2024-01-13 09:00:00,DEV-0028,Reporting-Service,v1.4,96.719,0.01549,0,79.35695833333334,65.7,False
2024-01-13 10:00:00,DEV-0004,Reporting-Service,v1.4,67.994,0.0268,0,79.17708333333333,49.4,False
2024-01-13 11:00:00,DEV-0034,API-Gateway,v1.4,135.502,0.07586,2,141.347625,96.6,True
2024-01-13 11:00:00,DEV-0038,API-Gateway,v1.5,200.725,0.08814,5,138.90895833333335,98.7,True
2024-01-13 11:00:00,DEV-0002,API-Gateway,v2.0,178.74,0.12396,5,150.29825,99.1,True
2024-01-13 11:00:00,DEV-0042,API-Gateway,v2.0,190.642,0.0702,6,144.62104166666666,98.6,True
2024-01-13 12:00:00,DEV-0041,Reporting-Service,v1.5,63.835,0.01444,0,77.96216666666668,35.7,False
2024-01-13 12:00:00,DEV-0024,Reporting-Service,v2.0,87.132,0.00896,1,77.76658333333334,56.5,False
2024-01-13 13:00:00,DEV-0048,API-Gateway,v1.5,178.534,0.09992,4,154.49133333333333,98.5,True
2024-01-13 13:00:00,DEV-0048,Notification-Service,v1.5,77.94,0.01443,1,81.19616666666666,56.4,False
2024-01-13 13:00:00,DEV-0015,Data-Ingestion,v1.4,139.074,0.07605,3,159.80916666666667,97.2,True
2024-01-13 14:00:00,DEV-0021,Notification-Service,v1.4,44.202,0.00571,0,79.82674999999999,15.7,False
2024-01-13 14:00:00,DEV-0011,Data-Ingestion,v1.4,164.691,0.12585,2,159.96016666666665,98.1,True
2024-01-13 15:00:00,DEV-0011,API-Gateway,v1.5,153.824,0.07621,2,154.42745833333333,97.0,True
2024-01-13 15:00:00,DEV-0012,API-Gateway,v2.0,184.592,0.12482,3,154.60704166666667,98.9,True
2024-01-13 15:00:00,DEV-0018,Data-Ingestion,v1.4,179.623,0.12531,3,160.3096666666667,98.8,True
2024-01-13 15:00:00,DEV-0050,Data-Ingestion,v1.5,196.318,0.06908,5,160.96283333333335,98.4,True
2024-01-13 16:00:00,DEV-0046,Data-Ingestion,v1.5,178.335,0.12762,3,161.56070833333334,98.8,True
2024-01-13 16:00:00,DEV-0017,Notification-Service,v2.0,60.535,0.00649,0,78.893625,20.8,False
2024-01-13 17:00:00,DEV-0034,Data-Ingestion,v1.4,209.259,0.12852,7,163.20170833333333,99.8,True
2024-01-13 18:00:00,DEV-0002,Reporting-Service,v1.4,80.583,0.01713,0,78.60029166666666,53.2,False
2024-01-13 19:00:00,DEV-0023,Notification-Service,v1.5,66.727,0.00361,1,78.02120833333333,30.6,False
2024-01-13 19:00:00,DEV-0035,Notification-Service,v2.0,90.683,0.0,1,79.68379166666666,48.8,False
2024-01-13 19:00:00,DEV-0035,Reporting-Service,v1.4,91.015,0.00698,0,79.00508333333333,47.4,False
2024-01-13 20:00:00,DEV-0013,Notification-Service,v1.4,75.35,0.01433,1,80.32679166666667,53.6,False
2024-01-13 20:00:00,DEV-0021,Data-Ingestion,v1.4,157.458,0.05769,4,163.240625,97.3,True
2024-01-13 21:00:00,DEV-0026,API-Gateway,v1.5,188.675,0.11634,2,157.48962500000002,98.4,True
2024-01-13 21:00:00,DEV-0027,Reporting-Service,v2.0,74.614,0.02554,0,80.35041666666666,54.4,False
2024-01-13 21:00:00,DEV-0030,Reporting-Service,v2.0,89.103,0.02675,0,79.96362500000001,68.9,False
2024-01-13 22:00:00,DEV-0017,Data-Ingestion,v2.0,182.236,0.10052,4,165.20816666666667,98.6,True
2024-01-13 23:00:00,DEV-0040,Notification-Service,v1.5,112.196,0.01049,0,81.19320833333333,63.6,False
2024-01-14 00:00:00,DEV-0025,Notification-Service,v1.4,71.295,0.01208,1,80.39433333333334,46.1,False
2024-01-14 00:00:00,DEV-0015,Reporting-Service,v1.4,86.427,0.01177,0,81.02445833333333,51.3,False
2024-01-14 00:00:00,DEV-0013,Data-Ingestion,v1.4,64.942,0.03619,0,154.589125,48.7,False
2024-01-14 00:00:00,DEV-0048,Data-Ingestion,v1.5,39.195,0.01461,0,159.581375,29.4,False
2024-01-14 01:00:00,DEV-0007,Notification-Service,v2.0,65.202,0.00846,0,78.99308333333333,26.3,False
2024-01-14 01:00:00,DEV-0042,Reporting-Service,v2.0,50.118,0.0267,0,78.69375,41.5,False
2024-01-14 02:00:00,DEV-0035,Data-Ingestion,v1.5,77.502,0.0,0,150.37958333333333,26.5,False
2024-01-14 02:00:00,DEV-0014,API-Gateway,v2.0,92.392,0.00516,0,156.056625,46.4,False
2024-01-14 03:00:00,DEV-0028,Data-Ingestion,v1.5,88.452,0.00485,1,146.49070833333334,51.9,False
2024-01-14 03:00:00,DEV-0027,Data-Ingestion,v1.4,61.338,0.01271,0,142.326875,31.3,False
2024-01-14 04:00:00,DEV-0011,Reporting-Service,v1.4,97.191,0.0091,0,79.80166666666666,55.5,False
2024-01-14 04:00:00,DEV-0004,Reporting-Service,v1.5,90.07,0.01057,0,81.66495833333333,52.5,False
2024-01-14 04:00:00,DEV-0050,Reporting-Service,v1.4,88.102,0.00904,0,81.047625,48.2,False
2024-01-14 05:00:00,DEV-0033,API-Gateway,v1.5,61.547,0.02617,2,150.912,56.5,False
2024-01-14 06:00:00,DEV-0034,Data-Ingestion,v1.5,61.086,0.014,0,139.40120833333333,33.5,False
2024-01-14 06:00:00,DEV-0044,Reporting-Service,v2.0,95.001,0.00896,0,82.74895833333333,53.8,False
2024-01-14 06:00:00,DEV-0050,Reporting-Service,v1.5,110.747,0.01346,0,82.77650000000001,68.3,False
2024-01-14 06:00:00,DEV-0017,Reporting-Service,v1.4,58.161,0.02756,0,81.58341666666666,44.2,False
2024-01-14 07:00:00,DEV-0024,Reporting-Service,v1.4,81.127,0.00828,0,83.58404166666666,39.7,False
2024-01-14 07:00:00,DEV-0038,Data-Ingestion,v2.0,104.861,0.00773,0,137.216375,56.7,False
2024-01-14 08:00:00,DEV-0049,Reporting-Service,v1.4,102.814,0.01812,0,84.40916666666666,71.8,False
2024-01-14 08:00:00,DEV-0044,API-Gateway,v2.0,107.71,0.01092,0,150.682375,62.9,False
2024-01-14 08:00:00,DEV-0031,Notification-Service,v1.5,95.096,0.01337,0,79.32716666666666,61.2,False
2024-01-14 08:00:00,DEV-0048,Data-Ingestion,v2.0,66.397,0.02189,0,132.77816666666666,45.7,False
2024-01-14 09:00:00,DEV-0026,Notification-Service,v1.5,52.203,0.01623,1,78.59033333333333,42.8,False
2024-01-14 09:00:00,DEV-0014,Notification-Service,v1.5,43.152,0.0117,0,76.49783333333333,25.0,False
2024-01-14 09:00:00,DEV-0003,Reporting-Service,v1.5,74.388,0.01854,0,85.15833333333333,48.6,False
2024-01-14 10:00:00,DEV-0018,API-Gateway,v2.0,89.636,0.01215,0,150.07658333333333,54.7,False
2024-01-14 11:00:00,DEV-0039,Reporting-Service,v2.0,57.804,0.01525,0,83.16924999999999,33.8,False
2024-01-14 11:00:00,DEV-0013,Reporting-Service,v1.5,77.18,0.00739,0,82.77608333333333,34.5,False
2024-01-14 12:00:00,DEV-0026,Reporting-Service,v2.0,101.554,0.00706,0,82.45929166666667,54.5,False
2024-01-14 12:00:00,DEV-0016,Data-Ingestion,v1.4,76.331,0.03141,1,128.88470833333335,66.6,False
2024-01-14 12:00:00,DEV-0004,Reporting-Service,v2.0,95.647,0.01511,0,83.970375,64.5,False
2024-01-14 12:00:00,DEV-0034,Reporting-Service,v2.0,97.963,0.00657,0,82.977125,52.0,False
2024-01-14 13:00:00,DEV-0017,Reporting-Service,v1.5,87.822,0.00102,2,83.59966666666666,50.1,False
2024-01-14 13:00:00,DEV-0033,API-Gateway,v2.0,83.064,0.00687,0,148.49929166666666,40.0,False
2024-01-14 13:00:00,DEV-0011,API-Gateway,v1.4,76.236,0.02608,0,144.98275,56.0,False
2024-01-14 14:00:00,DEV-0006,Data-Ingestion,v2.0,101.541,0.00154,0,126.58941666666668,48.8,False
2024-01-14 14:00:00,DEV-0033,Data-Ingestion,v1.4,78.952,0.02218,0,125.030875,56.6,False
2024-01-14 14:00:00,DEV-0041,Reporting-Service,v1.5,95.492,0.00394,0,84.74541666666667,47.5,False
2024-01-14 15:00:00,DEV-0023,API-Gateway,v1.4,60.628,0.01011,0,139.97770833333334,26.6,False
2024-01-14 15:00:00,DEV-0047,Notification-Service,v1.5,79.127,0.00969,0,76.52725,40.2,False
2024-01-14 15:00:00,DEV-0043,Data-Ingestion,v1.5,62.988,0.01455,0,120.261625,35.1,False
2024-01-14 16:00:00,DEV-0011,Reporting-Service,v2.0,101.041,0.01418,0,86.29566666666666,66.0,False
2024-01-14 16:00:00,DEV-0028,Data-Ingestion,v1.4,98.355,0.01432,0,117.76591666666667,65.0,False
2024-01-14 16:00:00,DEV-0029,API-Gateway,v2.0,88.594,0.00468,0,137.96133333333333,42.5,False
2024-01-14 16:00:00,DEV-0006,Reporting-Service,v1.5,82.382,0.0,1,86.09775,41.1,False
2024-01-14 17:00:00,DEV-0008,Data-Ingestion,v1.4,69.608,0.01487,0,116.431,40.0,False
2024-01-14 18:00:00,DEV-0043,Reporting-Service,v1.5,93.595,0.00613,0,86.63991666666668,48.4,False
2024-01-14 18:00:00,DEV-0020,Notification-Service,v1.5,90.323,0.01833,0,77.12083333333334,64.1,False
2024-01-14 19:00:00,DEV-0048,Notification-Service,v2.0,90.027,0.01118,0,75.29495833333333,53.4,False
2024-01-14 19:00:00,DEV-0008,Notification-Service,v2.0,26.685,0.01343,0,74.59400000000001,27.2,False
2024-01-14 20:00:00,DEV-0020,Data-Ingestion,v1.5,73.412,0.01809,0,109.14829166666665,47.1,False
2024-01-14 20:00:00,DEV-0001,Data-Ingestion,v1.4,87.605,0.0155,1,112.703875,67.6,False
2024-01-14 21:00:00,DEV-0019,Reporting-Service,v1.5,78.761,0.01879,0,86.12933333333332,53.2,False
2024-01-14 21:00:00,DEV-0009,Data-Ingestion,v1.4,95.628,0.01895,1,107.33804166666665,78.4,False
2024-01-14 21:00:00,DEV-0024,API-Gateway,v1.5,76.686,0.01574,1,135.40462499999998,56.8,False
2024-01-14 22:00:00,DEV-0039,Data-Ingestion,v2.0,85.414,0.00354,0,99.82854166666665,38.4,False
2024-01-14 22:00:00,DEV-0038,Data-Ingestion,v1.4,111.86,0.0,1,93.06433333333335,59.5,False
2024-01-14 22:00:00,DEV-0021,Data-Ingestion,v1.5,95.367,0.01235,0,104.44954166666668,59.8,False
2024-01-14 22:00:00,DEV-0009,Data-Ingestion,v2.0,83.757,0.02793,0,95.83412499999999,64.7,False
2024-01-14 23:00:00,DEV-0015,Data-Ingestion,v1.5,96.168,0.00641,0,85.25870833333333,50.8,False
2024-01-14 23:00:00,DEV-0044,Data-Ingestion,v1.5,65.864,0.00258,0,80.409875,19.8,False
2024-01-14 23:00:00,DEV-0007,Data-Ingestion,v2.0,83.214,0.01877,0,87.81245833333332,58.0,False
2024-01-15 00:00:00,DEV-0032,Data-Ingestion,v1.4,63.21,0.00823,0,81.4105,24.7,False
2024-01-15 01:00:00,DEV-0004,Reporting-Service,v1.5,64.991,0.0,0,85.41816666666666,16.2,False
2024-01-15 01:00:00,DEV-0047,Reporting-Service,v1.5,81.658,0.01166,1,85.819125,55.5,False
2024-01-15 01:00:00,DEV-0014,Notification-Service,v2.0,77.748,0.00444,0,76.02941666666668,31.6,False
2024-01-15 01:00:00,DEV-0033,API-Gateway,v1.4,84.619,0.01133,0,132.7905,48.7,False
2024-01-15 02:00:00,DEV-0020,Data-Ingestion,v2.0,127.373,0.01909,0,84.01179166666667,77.8,False
2024-01-15 02:00:00,DEV-0012,Data-Ingestion,v1.4,86.959,0.02257,0,84.40583333333335,65.1,False
2024-01-15 02:00:00,DEV-0023,Reporting-Service,v1.4,67.834,0.0,0,84.64345833333333,18.2,False
2024-01-15 03:00:00,DEV-0024,Data-Ingestion,v1.4,111.054,0.01281,0,85.34758333333333,67.2,False
2024-01-15 04:00:00,DEV-0004,API-Gateway,v1.5,69.239,0.00173,0,129.76925,21.4,False
2024-01-15 04:00:00,DEV-0011,Data-Ingestion,v1.5,101.929,0.01434,0,87.038875,66.7,False
2024-01-15 05:00:00,DEV-0048,Data-Ingestion,v1.5,94.892,0.01125,0,88.44745833333333,57.5,False
2024-01-15 05:00:00,DEV-0036,Data-Ingestion,v1.5,89.599,0.00921,0,87.81154166666666,49.6,False
2024-01-15 05:00:00,DEV-0028,Reporting-Service,v1.5,73.183,0.0,0,85.60450000000002,22.2,False
2024-01-15 06:00:00,DEV-0003,Reporting-Service,v2.0,71.904,0.02088,0,84.550875,48.7,False
2024-01-15 06:00:00,DEV-0021,Notification-Service,v1.4,97.634,0.00914,0,74.84608333333334,55.9,False
2024-01-15 06:00:00,DEV-0033,API-Gateway,v1.5,65.683,0.01159,0,125.48841666666668,32.0,False
2024-01-15 06:00:00,DEV-0006,Data-Ingestion,v1.4,76.212,0.00354,0,88.22050000000002,28.8,False
2024-01-15 07:00:00,DEV-0039,Notification-Service,v1.4,122.353,0.0,1,76.991,61.2,False
2024-01-15 07:00:00,DEV-0048,API-Gateway,v1.5,96.639,0.01162,0,120.95333333333333,59.4,False
2024-01-15 07:00:00,DEV-0026,Reporting-Service,v1.5,80.589,0.0105,0,84.23783333333333,43.0,False
2024-01-15 08:00:00,DEV-0045,Notification-Service,v1.4,64.234,0.00763,0,74.36954166666668,24.6,False
2024-01-15 08:00:00,DEV-0036,Notification-Service,v1.5,56.269,0.02628,0,74.64329166666666,42.8,False
2024-01-15 08:00:00,DEV-0036,Data-Ingestion,v2.0,110.915,0.02165,0,89.6615,78.2,False
2024-01-15 08:00:00,DEV-0046,API-Gateway,v1.5,63.088,0.0,0,117.87083333333334,15.1,False
2024-01-15 09:00:00,DEV-0023,Data-Ingestion,v1.4,77.734,0.01772,0,88.66954166666666,51.1,False
2024-01-15 09:00:00,DEV-0006,Reporting-Service,v1.5,110.816,0.0136,1,85.10225,77.9,False
2024-01-15 09:00:00,DEV-0009,Reporting-Service,v2.0,83.223,0.0,0,85.62845833333334,32.6,False
2024-01-15 09:00:00,DEV-0026,Reporting-Service,v1.5,82.568,0.00921,0,86.11920833333333,43.1,False
2024-01-15 10:00:00,DEV-0029,Notification-Service,v1.5,74.33,0.0122,0,74.28845833333334,39.7,False
2024-01-15 10:00:00,DEV-0006,Data-Ingestion,v2.0,102.543,0.00495,1,89.65249999999999,61.6,False
2024-01-15 10:00:00,DEV-0011,API-Gateway,v1.5,92.427,0.0,0,114.63854166666668,41.0,False
2024-01-15 11:00:00,DEV-0018,API-Gateway,v1.5,58.089,0.02782,0,111.56295833333333,44.3,False
2024-01-15 11:00:00,DEV-0038,Notification-Service,v1.5,83.209,0.00891,0,74.88225,43.4,False
2024-01-15 11:00:00,DEV-0043,Data-Ingestion,v2.0,73.522,0.00662,1,90.09141666666669,39.0,False
2024-01-15 11:00:00,DEV-0008,Notification-Service,v1.4,39.565,0.02705,0,73.17020833333332,40.4,False
2024-01-15 12:00:00,DEV-0030,Notification-Service,v2.0,73.853,0.01004,0,72.99991666666666,35.5,False
2024-01-15 13:00:00,DEV-0012,Notification-Service,v2.0,62.425,0.00551,0,73.75920833333333,20.5,False
2024-01-15 14:00:00,DEV-0041,Data-Ingestion,v1.5,93.351,0.0061,0,89.88291666666667,48.1,False
2024-01-15 14:00:00,DEV-0036,API-Gateway,v1.5,63.676,0.0216,0,105.85258333333333,43.8,False
2024-01-15 14:00:00,DEV-0001,API-Gateway,v1.5,54.35,0.00289,0,102.47125,14.6,False
2024-01-15 15:00:00,DEV-0044,Notification-Service,v1.4,50.284,0.01012,0,73.33208333333333,23.3,False
2024-01-15 16:00:00,DEV-0033,Reporting-Service,v1.4,72.477,0.01021,0,84.033875,34.7,False
2024-01-15 16:00:00,DEV-0028,Data-Ingestion,v2.0,91.151,0.00504,0,90.78054166666668,45.1,False
2024-01-15 16:00:00,DEV-0025,API-Gateway,v1.5,120.762,0.01277,1,99.55958333333332,78.3,False
2024-01-15 16:00:00,DEV-0050,Data-Ingestion,v1.5,63.26,0.00845,0,89.76616666666666,25.2,False
2024-01-15 17:00:00,DEV-0011,Data-Ingestion,v1.4,72.256,0.01418,0,89.71800000000002,41.2,False
2024-01-15 17:00:00,DEV-0022,Notification-Service,v1.5,75.722,0.01381,0,73.706875,43.7,False
2024-01-15 18:00:00,DEV-0038,API-Gateway,v1.5,92.069,0.00026,0,95.94829166666666,42.0,False
2024-01-15 19:00:00,DEV-0026,Reporting-Service,v2.0,93.064,0.02204,0,84.53125,70.0,False
2024-01-15 20:00:00,DEV-0017,Reporting-Service,v1.5,83.271,0.01221,0,83.71695833333334,49.0,False
2024-01-15 20:00:00,DEV-0006,Notification-Service,v2.0,96.131,0.0043,0,73.93387499999999,48.4,False
2024-01-15 21:00:00,DEV-0003,API-Gateway,v2.0,88.424,0.00329,0,92.19370833333333,40.9,False
2024-01-15 22:00:00,DEV-0025,Reporting-Service,v1.4,108.923,0.02045,0,85.15591666666667,76.2,False
2024-01-15 22:00:00,DEV-0041,API-Gateway,v1.4,85.369,0.00148,1,85.02825,46.0,False
2024-01-15 22:00:00,DEV-0011,API-Gateway,v1.5,81.076,0.01425,0,89.16254166666666,49.8,False
2024-01-15 22:00:00,DEV-0036,Notification-Service,v1.5,91.653,0.00891,0,74.61316666666666,51.0,False
2024-01-15 23:00:00,DEV-0003,Notification-Service,v1.4,64.836,0.01496,0,72.63983333333333,36.9,False
2024-01-15 23:00:00,DEV-0026,API-Gateway,v1.5,97.196,0.02104,0,80.66270833333333,72.1,False
2024-01-15 23:00:00,DEV-0047,API-Gateway,v1.5,79.098,0.02712,0,80.46254166666667,59.4,False
2024-01-16 00:00:00,DEV-0018,Data-Ingestion,v2.0,65.726,0.00669,0,88.47208333333333,24.0,False
2024-01-16 00:00:00,DEV-0038,API-Gateway,v1.5,70.307,0.01301,0,81.02770833333334,37.5,False
2024-01-16 00:00:00,DEV-0006,Reporting-Service,v2.0,102.216,0.02852,0,87.00641666666667,78.6,False
2024-01-16 01:00:00,DEV-0021,Reporting-Service,v2.0,78.794,0.00069,0,87.07366666666667,29.4,False
2024-01-16 01:00:00,DEV-0015,Reporting-Service,v1.4,85.525,0.0,1,86.40579166666667,44.2,False
2024-01-16 01:00:00,DEV-0015,Reporting-Service,v1.5,86.961,0.00804,0,85.94737500000001,45.3,False
2024-01-16 01:00:00,DEV-0028,API-Gateway,v1.5,70.836,0.01319,1,79.49129166666667,47.6,False
2024-01-16 02:00:00,DEV-0033,API-Gateway,v1.5,67.325,0.01442,0,78.56166666666667,37.8,False
2024-01-16 02:00:00,DEV-0007,Data-Ingestion,v2.0,89.713,0.01388,0,88.23649999999999,57.7,False
2024-01-16 02:00:00,DEV-0041,Reporting-Service,v1.4,71.85,0.00658,1,84.95583333333333,37.6,False
2024-01-16 02:00:00,DEV-0006,Reporting-Service,v1.5,82.895,0.00486,0,84.75054166666666,37.4,False
2024-01-16 03:00:00,DEV-0044,Data-Ingestion,v1.4,81.989,0.01481,0,88.09379166666668,51.6,False
2024-01-16 04:00:00,DEV-0030,Reporting-Service,v1.5,63.22,0.00859,0,81.71958333333333,25.4,False
2024-01-16 04:00:00,DEV-0038,Reporting-Service,v1.5,60.57,0.01907,0,83.29545833333333,39.6,False
2024-01-16 05:00:00,DEV-0001,Data-Ingestion,v1.5,100.25,0.00023,0,88.781,47.3,False
2024-01-16 05:00:00,DEV-0050,Reporting-Service,v1.5,61.765,0.01204,0,80.86054166666666,30.3,False
2024-01-16 05:00:00,DEV-0033,API-Gateway,v1.4,48.047,0.02129,0,77.102625,38.1,False
2024-01-16 05:00:00,DEV-0037,Data-Ingestion,v1.5,43.712,0.02298,0,85.9415,38.8,False
2024-01-16 06:00:00,DEV-0038,Notification-Service,v1.4,81.946,0.02016,0,73.083625,57.7,False
2024-01-16 06:00:00,DEV-0018,Notification-Service,v2.0,83.312,0.01228,0,73.83820833333333,49.2,False
2024-01-16 06:00:00,DEV-0049,API-Gateway,v1.5,68.847,0.01225,0,76.79475000000001,35.4,False
2024-01-16 07:00:00,DEV-0002,Data-Ingestion,v1.5,76.685,0.01486,0,85.66945833333334,46.1,False
2024-01-16 08:00:00,DEV-0014,Notification-Service,v2.0,103.959,0.00817,2,74.2075,68.2,False
2024-01-16 09:00:00,DEV-0009,Data-Ingestion,v1.4,83.795,0.01023,1,85.15391666666667,55.6,False
2024-01-16 09:00:00,DEV-0028,API-Gateway,v1.5,83.259,0.01878,0,77.73770833333334,58.1,False
2024-01-16 10:00:00,DEV-0049,Data-Ingestion,v2.0,82.658,0.00547,0,84.05079166666667,37.8,False
2024-01-16 10:00:00,DEV-0025,Data-Ingestion,v1.5,91.166,0.00998,0,85.91391666666668,52.3,False
2024-01-16 10:00:00,DEV-0029,Data-Ingestion,v1.5,56.148,0.02824,1,84.74908333333333,52.9,False
2024-01-16 10:00:00,DEV-0040,API-Gateway,v1.4,63.602,0.00498,0,76.696375,20.7,False
2024-01-16 11:00:00,DEV-0021,API-Gateway,v1.4,78.616,0.01012,0,76.77679166666667,40.5,False
2024-01-16 11:00:00,DEV-0016,API-Gateway,v1.5,85.082,0.00062,0,76.79608333333333,35.9,False
2024-01-16 11:00:00,DEV-0011,Data-Ingestion,v1.4,108.671,0.01584,0,84.18400000000001,71.1,False
2024-01-16 11:00:00,DEV-0006,Data-Ingestion,v1.5,92.539,0.01843,0,84.28329166666667,66.2,False
2024-01-16 12:00:00,DEV-0018,Data-Ingestion,v1.5,65.141,0.0121,1,82.65116666666667,41.8,False
2024-01-16 12:00:00,DEV-0021,Data-Ingestion,v2.0,89.443,0.01569,0,82.42412499999999,60.0,False
2024-01-16 13:00:00,DEV-0019,Reporting-Service,v2.0,73.275,0.02063,2,80.013875,60.8,False
2024-01-16 14:00:00,DEV-0039,Reporting-Service,v1.5,93.907,0.00499,0,79.68120833333334,47.3,False
2024-01-16 14:00:00,DEV-0040,Reporting-Service,v2.0,43.89,0.01157,0,78.802,24.9,False
2024-01-16 14:00:00,DEV-0050,Reporting-Service,v1.5,58.528,0.02502,0,79.17083333333333,43.5,False
2024-01-16 15:00:00,DEV-0028,Notification-Service,v1.5,69.425,0.0,0,74.92508333333333,19.2,False
2024-01-16 16:00:00,DEV-0004,Reporting-Service,v2.0,78.603,0.02893,0,80.162875,59.4,False
2024-01-16 16:00:00,DEV-0015,Reporting-Service,v1.4,95.075,0.01126,0,79.93704166666667,57.6,False
2024-01-16 16:00:00,DEV-0002,Notification-Service,v1.5,69.957,0.01136,0,76.04195833333334,34.5,False
2024-01-16 17:00:00,DEV-0032,Data-Ingestion,v2.0,63.193,0.01285,0,81.323875,32.5,False
2024-01-16 17:00:00,DEV-0003,Data-Ingestion,v2.0,78.047,0.01402,0,81.40033333333334,46.6,False
2024-01-16 17:00:00,DEV-0021,API-Gateway,v2.0,107.427,0.0195,0,78.38725,74.7,False
2024-01-16 17:00:00,DEV-0010,Reporting-Service,v1.5,86.121,0.01693,0,80.75525,58.7,False
2024-01-16 18:00:00,DEV-0031,Notification-Service,v1.5,91.674,0.00629,0,76.56475,47.1,False
2024-01-16 18:00:00,DEV-0038,Reporting-Service,v1.5,92.828,0.01941,0,81.26520833333333,67.2,False
2024-01-16 18:00:00,DEV-0037,API-Gateway,v2.0,57.953,0.01504,0,78.06516666666666,33.6,False
2024-01-16 18:00:00,DEV-0015,Data-Ingestion,v1.4,52.279,0.01012,0,78.95716666666667,23.7,False
2024-01-16 19:00:00,DEV-0046,Reporting-Service,v1.5,97.622,0.0,0,80.98216666666667,44.7,False
2024-01-16 19:00:00,DEV-0011,Reporting-Service,v1.5,88.969,0.01239,0,80.35491666666667,54.3,False
2024-01-16 19:00:00,DEV-0041,Data-Ingestion,v2.0,77.704,0.00494,0,78.95591666666667,32.0,False
2024-01-16 20:00:00,DEV-0027,Data-Ingestion,v1.5,140.343,0.02044,0,80.53091666666667,79.6,False
2024-01-16 20:00:00,DEV-0002,Reporting-Service,v1.4,97.28,0.00641,1,81.567875,60.8,False
2024-01-16 21:00:00,DEV-0023,Data-Ingestion,v2.0,91.569,0.00412,0,81.282875,44.5,False
2024-01-16 21:00:00,DEV-0040,Reporting-Service,v1.4,59.655,0.0001,1,81.033625,24.0,False
2024-01-16 21:00:00,DEV-0037,Notification-Service,v1.5,112.772,0.02383,0,77.500125,80.2,False
2024-01-16 22:00:00,DEV-0015,Data-Ingestion,v1.5,95.332,0.00598,0,81.36541666666666,49.7,False
2024-01-16 23:00:00,DEV-0003,API-Gateway,v1.4,70.099,0.0,0,76.95933333333333,19.7,False
2024-01-16 23:00:00,DEV-0028,API-Gateway,v1.4,117.556,0.0,0,79.22883333333333,51.4,False
2024-01-17 00:00:00,DEV-0003,API-Gateway,v1.5,113.874,0.01584,1,80.12245833333333,82.2,False
2024-01-17 00:00:00,DEV-0030,Reporting-Service,v2.0,87.372,0.01503,0,80.79645833333333,57.3,False
2024-01-17 00:00:00,DEV-0047,Data-Ingestion,v1.5,108.313,0.00608,0,82.0805,55.5,False
2024-01-17 01:00:00,DEV-0048,Reporting-Service,v1.5,67.429,0.01991,0,80.136375,44.3,False
2024-01-17 01:00:00,DEV-0042,Notification-Service,v1.4,63.395,0.01594,0,79.02970833333333,37.4,False
2024-01-17 01:00:00,DEV-0023,API-Gateway,v1.4,84.423,0.00951,0,81.21970833333333,45.5,False
2024-01-17 01:00:00,DEV-0041,Data-Ingestion,v2.0,95.663,0.02264,1,83.43062499999999,81.9,False
2024-01-17 02:00:00,DEV-0002,Data-Ingestion,v2.0,70.212,0.00528,0,83.34545833333333,25.4,False
2024-01-17 02:00:00,DEV-0009,Notification-Service,v1.5,67.343,0.01621,0,78.08454166666667,40.3,False
2024-01-17 03:00:00,DEV-0010,Data-Ingestion,v1.4,112.376,0.02082,0,85.28920833333332,77.7,False
2024-01-17 04:00:00,DEV-0047,Notification-Service,v1.4,87.669,0.02105,1,78.49791666666665,73.9,False
2024-01-17 04:00:00,DEV-0046,Notification-Service,v1.4,80.553,0.00665,1,77.78620833333333,46.1,False
2024-01-17 04:00:00,DEV-0033,Notification-Service,v1.4,71.834,0.01437,0,75.68125,41.0,False
2024-01-17 04:00:00,DEV-0002,Reporting-Service,v2.0,81.913,0.01894,0,79.01095833333333,56.5,False
2024-01-17 05:00:00,DEV-0045,Reporting-Service,v1.5,72.971,0.0131,0,77.79241666666667,39.8,False
2024-01-17 05:00:00,DEV-0034,Reporting-Service,v2.0,117.905,0.0076,1,79.42204166666666,69.4,False
2024-01-17 05:00:00,DEV-0006,Notification-Service,v2.0,81.764,0.00947,0,76.74354166666667,42.4,False
2024-01-17 05:00:00,DEV-0016,Data-Ingestion,v1.5,87.528,0.01147,0,85.19816666666667,51.7,False
2024-01-17 06:00:00,DEV-0037,Notification-Service,v1.4,69.991,0.00665,0,76.98341666666666,26.9,False
2024-01-17 07:00:00,DEV-0050,API-Gateway,v1.5,77.247,0.00456,0,81.78516666666667,31.1,False
2024-01-17 07:00:00,DEV-0023,Notification-Service,v2.0,52.86,0.00537,0,76.08883333333334,16.5,False
2024-01-17 08:00:00,DEV-0039,Notification-Service,v1.5,98.69,0.02289,0,76.733875,74.6,False
2024-01-17 08:00:00,DEV-0022,Data-Ingestion,v1.5,62.466,0.01604,0,86.10508333333333,36.9,False
2024-01-17 08:00:00,DEV-0024,Data-Ingestion,v1.4,82.089,0.01389,0,85.32366666666667,50.4,False
2024-01-17 08:00:00,DEV-0042,Data-Ingestion,v2.0,103.162,0.0,1,86.080375,56.6,False
2024-01-17 09:00:00,DEV-0047,Data-Ingestion,v2.0,123.174,0.0,0,88.504,51.9,False
2024-01-17 09:00:00,DEV-0015,Reporting-Service,v1.5,60.206,0.01954,0,78.36708333333333,39.8,False
2024-01-17 09:00:00,DEV-0044,Data-Ingestion,v1.4,94.88,0.00699,0,86.86320833333333,50.5,False
2024-01-17 10:00:00,DEV-0024,API-Gateway,v1.5,69.261,0.0,0,80.08745833333333,19.2,False
2024-01-17 10:00:00,DEV-0029,API-Gateway,v1.4,65.106,0.0066,0,82.23333333333333,23.4,False
2024-01-17 10:00:00,DEV-0023,Notification-Service,v1.5,78.406,0.00504,0,78.35225000000001,32.7,False
2024-01-17 10:00:00,DEV-0001,Reporting-Service,v2.0,90.707,0.01195,1,78.52316666666665,64.7,False
2024-01-17 11:00:00,DEV-0045,Data-Ingestion,v1.4,73.391,0.01579,0,88.71970833333334,44.4,False
2024-01-17 11:00:00,DEV-0015,API-Gateway,v2.0,48.592,0.0222,0,78.27591666666667,38.8,False
2024-01-17 11:00:00,DEV-0021,API-Gateway,v1.4,96.522,0.02381,0,78.61333333333333,73.8,False
2024-01-17 11:00:00,DEV-0030,Data-Ingestion,v2.0,79.1,0.00349,0,89.46033333333332,31.8,False
2024-01-17 12:00:00,DEV-0008,Notification-Service,v2.0,72.411,0.01213,0,78.44658333333334,37.8,False
2024-01-17 12:00:00,DEV-0023,Notification-Service,v1.5,66.131,0.01708,0,78.0305,40.5,False
2024-01-17 13:00:00,DEV-0031,API-Gateway,v2.0,78.266,0.00764,0,78.49625,36.0,False
2024-01-17 13:00:00,DEV-0031,Reporting-Service,v1.5,69.33,0.00411,0,78.41816666666666,23.5,False
2024-01-17 14:00:00,DEV-0049,API-Gateway,v1.4,92.619,0.01779,0,78.79833333333333,65.5,False
2024-01-17 15:00:00,DEV-0029,API-Gateway,v1.5,85.08,0.01541,1,79.04758333333332,65.2,False
2024-01-17 15:00:00,DEV-0006,Reporting-Service,v1.4,68.636,0.01259,0,77.82404166666667,35.6,False
2024-01-17 16:00:00,DEV-0003,Notification-Service,v1.5,85.905,0.01018,0,79.93079166666666,48.0,False
2024-01-17 16:00:00,DEV-0019,API-Gateway,v1.4,107.66,0.0185,0,78.815,73.8,False
2024-01-17 16:00:00,DEV-0015,API-Gateway,v2.0,54.261,0.00704,0,77.25862500000001,19.1,False
2024-01-17 16:00:00,DEV-0040,Data-Ingestion,v1.5,67.491,0.01879,0,88.08774999999999,43.4,False
2024-01-17 17:00:00,DEV-0013,Reporting-Service,v2.0,84.996,0.01486,1,78.84179166666667,64.1,False
2024-01-17 18:00:00,DEV-0044,Notification-Service,v1.5,112.065,0.02571,0,81.44508333333333,80.9,False
2024-01-17 18:00:00,DEV-0050,Data-Ingestion,v2.0,60.18,0.01306,1,86.73945833333333,40.6,False
2024-01-17 18:00:00,DEV-0033,API-Gateway,v2.0,94.935,0.01074,0,79.819125,56.8,False
2024-01-17 19:00:00,DEV-0045,API-Gateway,v2.0,86.433,0.01595,0,80.61529166666666,57.8,False
2024-01-17 20:00:00,DEV-0030,Notification-Service,v2.0,89.413,0.03191,1,81.16516666666668,79.8,False
2024-01-17 21:00:00,DEV-0005,API-Gateway,v1.5,60.168,0.01101,0,81.12033333333333,27.9,False
2024-01-17 22:00:00,DEV-0039,Reporting-Service,v1.5,96.096,0.0105,1,79.88954166666667,66.6,False
2024-01-17 22:00:00,DEV-0021,Reporting-Service,v2.0,73.459,0.00523,0,78.93866666666666,28.0,False
2024-01-17 22:00:00,DEV-0037,API-Gateway,v1.4,109.038,0.00356,0,82.79495833333333,53.0,False
2024-01-17 22:00:00,DEV-0028,Reporting-Service,v1.5,53.851,0.01697,0,78.45141666666667,34.6,False
2024-01-17 23:00:00,DEV-0046,Data-Ingestion,v2.0,90.301,0.01456,1,85.97404166666666,68.6,False
2024-01-17 23:00:00,DEV-0008,Reporting-Service,v2.0,112.417,0.02274,0,82.13491666666667,79.4,False
2024-01-17 23:00:00,DEV-0020,API-Gateway,v1.5,59.3,0.01027,1,81.79666666666667,35.7,False
2024-01-18 00:00:00,DEV-0012,Data-Ingestion,v1.5,82.568,0.01578,0,86.70016666666668,53.9,False
2024-01-18 00:00:00,DEV-0013,API-Gateway,v2.0,51.643,0.00812,0,80.92025,20.1,False
2024-01-18 00:00:00,DEV-0038,API-Gateway,v2.0,69.541,0.00654,2,82.044125,37.7,False
2024-01-18 01:00:00,DEV-0012,Data-Ingestion,v2.0,88.55,0.01668,0,86.11408333333334,60.6,False
2024-01-18 01:00:00,DEV-0018,Notification-Service,v1.5,32.105,0.0195,1,78.68400000000001,44.4,False
2024-01-18 01:00:00,DEV-0047,Data-Ingestion,v1.5,50.02,0.01739,0,85.05754166666667,34.4,False
2024-01-18 01:00:00,DEV-0005,Reporting-Service,v2.0,113.496,0.02104,0,82.951125,78.3,False
2024-01-18 02:00:00,DEV-0045,Data-Ingestion,v1.5,72.133,0.01062,0,85.86766666666666,35.2,False
2024-01-18 02:00:00,DEV-0029,Reporting-Service,v1.5,85.037,0.01503,0,84.66558333333333,55.1,False
2024-01-18 02:00:00,DEV-0050,API-Gateway,v2.0,53.326,0.01235,1,79.59708333333333,36.9,False
2024-01-18 03:00:00,DEV-0036,Reporting-Service,v1.5,72.006,0.01509,0,83.77429166666666,42.3,False
2024-01-18 03:00:00,DEV-0031,Reporting-Service,v2.0,80.281,0.01454,0,84.04916666666666,49.3,False
2024-01-18 04:00:00,DEV-0026,Reporting-Service,v2.0,72.434,0.02716,0,83.204,53.0,False
2024-01-18 04:00:00,DEV-0045,API-Gateway,v1.5,114.603,0.00919,1,80.51695833333333,71.4,False
2024-01-18 04:00:00,DEV-0031,API-Gateway,v1.5,72.854,0.0,0,78.15654166666667,22.0,False
2024-01-18 04:00:00,DEV-0025,Notification-Service,v1.5,50.789,0.02426,0,78.09870833333333,40.7,False
2024-01-18 05:00:00,DEV-0033,Data-Ingestion,v1.5,74.853,0.00711,1,86.80825,41.3,False
2024-01-18 05:00:00,DEV-0010,API-Gateway,v1.5,82.366,0.00404,0,81.02808333333333,35.9,False
2024-01-18 06:00:00,DEV-0036,Data-Ingestion,v2.0,85.001,0.00562,0,87.11229166666665,40.1,False
2024-01-18 07:00:00,DEV-0050,Notification-Service,v1.4,54.849,0.01007,0,76.96966666666667,24.1,False
2024-01-18 08:00:00,DEV-0011,Notification-Service,v1.5,57.962,0.0,0,75.91341666666666,12.7,False
2024-01-18 08:00:00,DEV-0050,Data-Ingestion,v1.5,84.724,0.01356,0,84.79483333333333,52.5,False
2024-01-18 08:00:00,DEV-0047,Reporting-Service,v1.5,90.504,0.01322,0,83.10716666666667,57.2,False
2024-01-18 09:00:00,DEV-0015,Notification-Service,v1.5,48.547,0.01562,0,73.60458333333334,31.7,False
2024-01-18 10:00:00,DEV-0020,Data-Ingestion,v1.5,97.633,0.0,0,85.0475,44.7,False
2024-01-18 10:00:00,DEV-0011,Notification-Service,v1.4,95.783,0.02106,0,74.70283333333333,71.4,False
2024-01-18 10:00:00,DEV-0006,API-Gateway,v1.5,88.986,0.0146,0,79.83766666666666,58.0,False
2024-01-18 11:00:00,DEV-0040,Reporting-Service,v1.5,111.736,0.01116,0,84.05579166666666,64.6,False
2024-01-18 11:00:00,DEV-0015,Notification-Service,v1.5,81.022,0.02088,0,75.163875,57.5,False
2024-01-18 11:00:00,DEV-0026,Data-Ingestion,v1.4,66.739,0.01049,0,83.856125,30.9,False
2024-01-18 11:00:00,DEV-0043,API-Gateway,v1.4,92.195,0.00723,1,78.934375,58.3,False
2024-01-18 12:00:00,DEV-0013,Data-Ingestion,v2.0,68.896,0.023,1,81.77241666666667,57.6,False
2024-01-18 12:00:00,DEV-0040,Data-Ingestion,v1.5,85.071,0.02248,1,82.88770833333334,72.6,False
2024-01-18 12:00:00,DEV-0042,Reporting-Service,v1.5,72.68,0.01155,0,83.01654166666667,37.2,False
2024-01-18 13:00:00,DEV-0013,Notification-Service,v1.4,89.057,0.03018,0,75.05483333333333,69.8,False
2024-01-18 14:00:00,DEV-0032,Data-Ingestion,v1.4,73.54,0.00085,0,81.91108333333334,24.2,False
2024-01-18 14:00:00,DEV-0012,API-Gateway,v1.5,116.059,0.01573,0,80.25254166666667,73.0,False
2024-01-18 14:00:00,DEV-0009,Notification-Service,v1.5,75.21,0.00431,0,73.48975,28.7,False
2024-01-18 15:00:00,DEV-0003,Reporting-Service,v1.4,86.906,0.00985,0,82.58429166666666,48.2,False
2024-01-18 15:00:00,DEV-0034,Data-Ingestion,v1.5,58.073,0.01317,0,79.64845833333332,30.7,False
2024-01-18 16:00:00,DEV-0007,Data-Ingestion,v1.5,99.376,0.03223,0,80.14212500000001,77.9,False
2024-01-18 17:00:00,DEV-0049,API-Gateway,v1.4,68.128,0.01172,0,79.87258333333334,33.9,False
2024-01-18 17:00:00,DEV-0040,Notification-Service,v2.0,85.642,0.00551,0,74.41670833333333,40.7,False
2024-01-18 18:00:00,DEV-0032,Notification-Service,v1.5,81.797,0.01584,1,75.01895833333333,62.2,False
2024-01-18 19:00:00,DEV-0003,Notification-Service,v1.4,81.339,0.02007,0,74.75520833333333,56.9,False
2024-01-18 19:00:00,DEV-0030,Reporting-Service,v1.4,105.674,0.02159,1,84.50175,85.7,False
2024-01-18 19:00:00,DEV-0035,Data-Ingestion,v1.5,66.854,0.0098,0,78.62929166666667,29.6,False
2024-01-18 20:00:00,DEV-0050,Notification-Service,v2.0,82.405,0.00176,0,75.97329166666667,34.1,False
2024-01-18 20:00:00,DEV-0031,Notification-Service,v2.0,90.687,0.00714,0,75.17745833333333,47.5,False
2024-01-18 20:00:00,DEV-0049,Notification-Service,v1.4,90.293,0.02814,0,75.94658333333332,70.6,False
2024-01-18 21:00:00,DEV-0038,Notification-Service,v2.0,102.848,0.02106,1,77.34233333333333,84.3,False
2024-01-18 22:00:00,DEV-0029,Reporting-Service,v1.4,109.964,0.01495,0,85.44308333333333,70.2,False
2024-01-18 23:00:00,DEV-0022,Notification-Service,v1.4,94.899,0.02293,0,79.09395833333333,72.1,False
2024-01-18 23:00:00,DEV-0019,Data-Ingestion,v1.4,112.707,0.02799,3,79.90504166666666,93.6,True
2024-01-18 23:00:00,DEV-0020,Data-Ingestion,v1.5,84.438,0.02574,0,80.82054166666667,64.5,False
2024-01-18 23:00:00,DEV-0022,Reporting-Service,v1.5,90.182,0.01241,1,86.391125,64.9,False
2024-01-19 00:00:00,DEV-0048,Notification-Service,v1.5,76.705,0.01006,0,78.17791666666666,38.3,False
2024-01-19 00:00:00,DEV-0038,API-Gateway,v1.5,79.236,0.01622,1,80.46133333333333,60.2,False
2024-01-19 01:00:00,DEV-0005,Notification-Service,v1.4,55.296,0.01731,0,77.215,35.4,False
2024-01-19 01:00:00,DEV-0010,API-Gateway,v1.5,69.542,0.01005,0,80.47304166666667,31.9,False
2024-01-19 01:00:00,DEV-0012,Reporting-Service,v1.4,64.771,0.01117,1,85.676875,40.0,False
2024-01-19 01:00:00,DEV-0004,Reporting-Service,v1.5,61.812,0.01811,0,85.21191666666667,39.1,False
2024-01-19 02:00:00,DEV-0047,Data-Ingestion,v1.4,110.709,0.01146,0,80.397,64.9,False
2024-01-19 02:00:00,DEV-0002,Notification-Service,v1.4,94.517,0.0,0,78.39775,42.5,False
2024-01-19 02:00:00,DEV-0003,Data-Ingestion,v1.5,97.18,0.00489,0,80.916375,49.6,False
2024-01-19 02:00:00,DEV-0037,Notification-Service,v2.0,65.59,0.01824,1,78.11354166666666,50.9,False
2024-01-19 03:00:00,DEV-0020,Notification-Service,v2.0,84.179,0.02421,0,78.041625,63.6,False
2024-01-19 03:00:00,DEV-0019,Notification-Service,v1.5,72.032,0.00078,0,76.37358333333333,23.0,False
2024-01-19 03:00:00,DEV-0020,Data-Ingestion,v1.4,81.09,0.02244,0,80.47991666666667,59.0,False
2024-01-19 04:00:00,DEV-0042,Data-Ingestion,v2.0,73.334,0.01345,0,80.47754166666667,40.7,False
2024-01-19 04:00:00,DEV-0006,API-Gateway,v1.5,80.637,0.01764,0,81.80825,53.8,False
2024-01-19 04:00:00,DEV-0035,API-Gateway,v1.4,86.374,0.00949,0,81.38541666666667,47.2,False
2024-01-19 05:00:00,DEV-0005,Reporting-Service,v2.0,85.657,0.00094,0,83.86825,36.8,False
2024-01-19 06:00:00,DEV-0026,Data-Ingestion,v1.4,89.397,0.0,0,82.75450000000001,38.2,False
2024-01-19 06:00:00,DEV-0047,API-Gateway,v1.5,66.383,0.00416,0,80.89029166666667,21.6,False
2024-01-19 06:00:00,DEV-0010,Data-Ingestion,v1.5,92.921,0.0,1,81.537125,50.7,False
2024-01-19 07:00:00,DEV-0035,API-Gateway,v1.5,57.945,0.01599,0,79.44554166666667,34.9,False
2024-01-19 07:00:00,DEV-0045,Data-Ingestion,v1.5,80.275,0.0,0,82.33675,29.2,False
2024-01-19 08:00:00,DEV-0035,Data-Ingestion,v2.0,76.57,0.00691,1,81.767625,42.4,False
2024-01-19 08:00:00,DEV-0049,Data-Ingestion,v1.5,42.359,0.01477,0,80.661375,29.8,False
2024-01-19 08:00:00,DEV-0039,Notification-Service,v1.5,80.925,0.01901,0,76.01991666666666,55.5,False
2024-01-19 08:00:00,DEV-0040,API-Gateway,v2.0,120.397,0.0115,0,80.91708333333334,66.8,False
2024-01-19 09:00:00,DEV-0040,Data-Ingestion,v1.5,74.782,0.00242,1,81.19395833333333,36.2,False
2024-01-19 10:00:00,DEV-0025,Data-Ingestion,v1.5,72.627,0.00504,0,81.21454166666668,27.2,False
2024-01-19 10:00:00,DEV-0020,Notification-Service,v1.5,93.601,0.00771,0,78.58225,50.6,False
2024-01-19 11:00:00,DEV-0008,API-Gateway,v1.5,83.431,0.0,0,82.1325,32.8,False
2024-01-19 11:00:00,DEV-0030,Notification-Service,v1.5,111.571,0.01483,0,81.11483333333332,70.6,False
2024-01-19 11:00:00,DEV-0010,Data-Ingestion,v1.5,64.66,0.00333,0,80.78983333333333,19.6,False
2024-01-19 12:00:00,DEV-0049,Data-Ingestion,v1.4,55.914,0.0055,0,79.57787499999999,17.5,False
2024-01-19 13:00:00,DEV-0042,API-Gateway,v2.0,69.247,0.00752,0,80.75575,27.6,False
2024-01-19 13:00:00,DEV-0029,Data-Ingestion,v2.0,85.939,0.00169,0,77.94775,37.4,False
2024-01-19 13:00:00,DEV-0009,API-Gateway,v1.5,100.306,0.01993,1,81.82608333333333,81.9,False
2024-01-19 13:00:00,DEV-0018,Data-Ingestion,v2.0,57.295,0.01822,0,78.435,37.2,False
2024-01-19 14:00:00,DEV-0037,API-Gateway,v2.0,78.144,0.01317,0,80.410375,45.1,False
2024-01-19 14:00:00,DEV-0036,Reporting-Service,v2.0,77.28,0.03157,0,84.57966666666667,58.5,False
2024-01-19 14:00:00,DEV-0009,Data-Ingestion,v1.5,58.355,0.00297,0,77.59841666666667,16.3,False
2024-01-19 15:00:00,DEV-0012,API-Gateway,v2.0,98.998,0.00989,0,82.02829166666668,57.8,False
2024-01-19 16:00:00,DEV-0035,API-Gateway,v1.5,90.839,0.02229,0,81.27,68.4,False
2024-01-19 16:00:00,DEV-0046,Notification-Service,v2.0,44.477,0.01091,0,80.68266666666666,23.7,False
2024-01-19 16:00:00,DEV-0040,Data-Ingestion,v2.0,98.054,0.00024,0,78.139375,46.2,False
2024-01-19 17:00:00,DEV-0035,API-Gateway,v1.4,113.743,0.02875,0,83.53845833333334,82.4,False
2024-01-19 17:00:00,DEV-0050,Reporting-Service,v1.5,81.227,0.01963,1,84.18466666666667,65.8,False
2024-01-19 17:00:00,DEV-0043,Data-Ingestion,v1.5,99.79,0.01429,0,80.74445833333334,65.7,False
2024-01-19 17:00:00,DEV-0049,Data-Ingestion,v1.4,105.168,0.00687,0,79.65070833333334,55.5,False
2024-01-19 18:00:00,DEV-0050,Notification-Service,v1.5,111.056,0.01638,0,82.89491666666667,72.7,False
2024-01-19 19:00:00,DEV-0044,Notification-Service,v2.0,105.87,0.0,0,85.28337499999999,48.1,False
2024-01-19 20:00:00,DEV-0024,Data-Ingestion,v2.0,82.656,0.01877,0,81.76875,57.4,False
2024-01-19 20:00:00,DEV-0024,Notification-Service,v2.0,86.397,0.00586,0,84.89229166666667,41.8,False
2024-01-19 20:00:00,DEV-0021,API-Gateway,v1.5,55.874,0.01383,1,82.96900000000001,40.2,False
2024-01-19 21:00:00,DEV-0014,Reporting-Service,v1.5,68.524,0.01309,0,83.71316666666667,36.4,False
2024-01-19 21:00:00,DEV-0048,Reporting-Service,v1.5,58.126,0.01023,1,83.71783333333333,35.2,False
2024-01-19 22:00:00,DEV-0032,Notification-Service,v1.4,78.523,0.0115,1,84.78816666666667,52.1,False
2024-01-19 23:00:00,DEV-0028,Data-Ingestion,v1.5,70.741,0.0217,0,80.575625,48.5,False
2024-01-19 23:00:00,DEV-0011,Notification-Service,v1.5,76.806,0.01193,0,84.27770833333334,41.6,False
2024-01-20 00:00:00,DEV-0021,API-Gateway,v1.5,76.638,0.01176,1,84.01045833333333,50.5,False
2024-01-20 00:00:00,DEV-0031,Notification-Service,v2.0,108.733,0.00947,0,85.67450000000001,60.8,False
2024-01-20 00:00:00,DEV-0004,API-Gateway,v2.0,97.563,0.0112,0,85.85366666666665,59.3,False
2024-01-20 01:00:00,DEV-0022,Notification-Service,v1.5,100.131,0.00743,0,86.27820833333334,54.4,False
2024-01-20 01:00:00,DEV-0008,Data-Ingestion,v1.4,58.3,0.00371,0,80.21920833333333,16.8,False
2024-01-20 01:00:00,DEV-0001,API-Gateway,v2.0,73.276,0.02181,0,85.87124999999999,50.7,False
2024-01-20 01:00:00,DEV-0011,API-Gateway,v2.0,73.086,0.02651,0,84.141375,53.1,False
2024-01-20 02:00:00,DEV-0015,Notification-Service,v1.5,76.204,0.00681,0,86.04516666666666,32.5,False
2024-01-20 02:00:00,DEV-0032,API-Gateway,v1.5,82.222,0.00308,0,84.135375,34.9,False
2024-01-20 03:00:00,DEV-0024,API-Gateway,v1.4,80.574,0.01038,0,83.784875,42.8,False
2024-01-20 04:00:00,DEV-0044,Reporting-Service,v2.0,137.834,0.01102,0,85.91475000000001,66.8,False
2024-01-20 04:00:00,DEV-0001,Reporting-Service,v2.0,87.073,0.00175,0,87.29899999999999,38.5,False
2024-01-20 04:00:00,DEV-0041,Data-Ingestion,v1.4,99.549,0.0,1,79.67095833333333,55.1,False
2024-01-20 05:00:00,DEV-0012,Reporting-Service,v1.5,110.27,0.00626,0,86.84166666666665,56.4,False
2024-01-20 05:00:00,DEV-0015,API-Gateway,v1.5,72.164,0.02389,0,82.95025,51.3,False
2024-01-20 05:00:00,DEV-0038,Reporting-Service,v2.0,48.309,0.00199,0,86.25108333333333,12.6,False
2024-01-20 06:00:00,DEV-0004,Reporting-Service,v2.0,119.755,0.0,0,87.14741666666667,51.6,False
2024-01-20 06:00:00,DEV-0046,Notification-Service,v1.5,92.2,0.02177,0,86.49770833333334,69.2,False
2024-01-20 07:00:00,DEV-0002,Data-Ingestion,v2.0,128.161,0.01103,0,82.32158333333334,66.4,False
2024-01-20 07:00:00,DEV-0009,Notification-Service,v1.5,107.908,0.01332,0,87.21524999999998,67.0,False
2024-01-20 07:00:00,DEV-0013,Data-Ingestion,v2.0,117.072,0.0115,0,81.03070833333334,66.4,False
2024-01-20 07:00:00,DEV-0037,Reporting-Service,v1.5,57.308,0.00998,0,84.80624999999999,24.8,False
2024-01-20 08:00:00,DEV-0014,Data-Ingestion,v2.0,48.957,0.01503,0,79.74858333333333,31.0,False
2024-01-20 09:00:00,DEV-0039,Reporting-Service,v1.5,66.811,0.01698,0,84.04683333333334,41.0,False
2024-01-20 09:00:00,DEV-0029,Reporting-Service,v2.0,88.383,0.01012,0,84.38441666666667,50.1,False
2024-01-20 09:00:00,DEV-0008,API-Gateway,v1.4,67.297,0.02856,0,80.9185,49.5,False
2024-01-20 10:00:00,DEV-0046,Data-Ingestion,v1.5,96.528,0.01787,0,80.39183333333334,68.4,False
2024-01-20 10:00:00,DEV-0012,API-Gateway,v1.5,115.236,0.00993,0,82.88133333333333,63.4,False
2024-01-20 11:00:00,DEV-0050,Data-Ingestion,v1.4,63.924,0.00446,0,79.99974999999999,20.4,False
2024-01-20 12:00:00,DEV-0004,Reporting-Service,v1.4,94.329,0.01459,0,85.31454166666667,62.7,False
2024-01-20 12:00:00,DEV-0014,API-Gateway,v1.4,73.892,0.01301,0,82.65866666666666,40.5,False
2024-01-20 13:00:00,DEV-0028,API-Gateway,v2.0,60.92,0.0161,1,82.29941666666666,45.7,False
2024-01-20 13:00:00,DEV-0022,Notification-Service,v1.5,101.507,0.00434,0,87.47570833333333,51.2,False
2024-01-20 13:00:00,DEV-0004,Reporting-Service,v2.0,89.586,0.01144,1,86.02920833333333,62.7,False
2024-01-20 13:00:00,DEV-0012,Notification-Service,v2.0,77.442,0.02134,0,86.67979166666667,54.5,False
2024-01-20 14:00:00,DEV-0014,Reporting-Service,v1.5,97.065,0.00852,0,86.30258333333335,54.5,False
2024-01-20 14:00:00,DEV-0029,Notification-Service,v2.0,79.435,0.02713,0,87.28129166666668,59.7,False
2024-01-20 14:00:00,DEV-0038,API-Gateway,v1.5,33.893,0.01364,0,80.35175,27.7,False
2024-01-20 14:00:00,DEV-0048,Notification-Service,v2.0,113.646,0.01258,2,87.92562500000001,78.9,False
2024-01-20 15:00:00,DEV-0041,Data-Ingestion,v1.5,104.358,0.0099,0,80.47629166666667,59.9,False
2024-01-20 15:00:00,DEV-0001,Notification-Service,v2.0,109.692,0.01472,0,88.65575000000001,69.8,False
2024-01-20 15:00:00,DEV-0006,API-Gateway,v1.4,96.105,0.02336,0,80.75720833333334,73.3,False
2024-01-20 16:00:00,DEV-0010,Notification-Service,v1.4,80.364,0.01227,0,89.70024999999998,45.7,False
2024-01-20 16:00:00,DEV-0001,Reporting-Service,v2.0,73.836,0.02371,0,84.72341666666667,52.6,False
2024-01-20 17:00:00,DEV-0033,Reporting-Service,v1.5,98.269,0.02231,0,85.789625,73.9,False
2024-01-20 17:00:00,DEV-0014,Data-Ingestion,v2.0,81.609,0.00669,0,80.15179166666667,37.9,False
2024-01-20 18:00:00,DEV-0025,API-Gateway,v2.0,83.403,0.00211,1,81.466375,44.7,False
2024-01-20 18:00:00,DEV-0036,API-Gateway,v1.4,94.801,0.01399,0,83.00204166666667,62.1,False
2024-01-20 18:00:00,DEV-0001,Reporting-Service,v1.4,66.294,0.01162,0,84.93079166666668,32.5,False
2024-01-20 19:00:00,DEV-0046,Reporting-Service,v1.5,70.089,0.00927,1,83.44808333333333,40.4,False
2024-01-20 20:00:00,DEV-0013,Notification-Service,v1.5,81.49,0.00586,1,89.15745833333334,46.1,False
2024-01-20 20:00:00,DEV-0036,Data-Ingestion,v2.0,81.223,0.01294,1,80.19129166666666,57.0,False
2024-01-20 21:00:00,DEV-0045,Reporting-Service,v2.0,70.266,0.0065,0,82.39141666666667,27.0,False
2024-01-20 21:00:00,DEV-0024,Reporting-Service,v1.5,104.52,0.02359,0,83.22125,77.3,False
2024-01-20 21:00:00,DEV-0026,Notification-Service,v1.5,99.527,0.00753,0,90.5715,54.2,False
2024-01-20 22:00:00,DEV-0039,Reporting-Service,v2.0,101.175,0.01802,0,83.90825,71.0,False
2024-01-20 22:00:00,DEV-0002,Notification-Service,v2.0,55.8,0.00282,0,89.38904166666667,14.9,False
2024-01-20 23:00:00,DEV-0041,Reporting-Service,v1.4,98.549,0.01501,0,85.43895833333333,66.0,False
2024-01-21 00:00:00,DEV-0022,Reporting-Service,v1.5,60.914,0.00287,0,84.408,17.3,False
2024-01-21 00:00:00,DEV-0025,Notification-Service,v1.4,76.496,0.02122,0,89.57504166666666,53.3,False
2024-01-21 01:00:00,DEV-0020,Reporting-Service,v1.5,79.731,0.00674,0,84.510125,36.0,False
2024-01-21 01:00:00,DEV-0032,API-Gateway,v1.5,112.384,0.0,1,82.66816666666666,59.6,False
2024-01-21 01:00:00,DEV-0008,Data-Ingestion,v1.5,94.229,0.02043,0,82.35254166666667,69.4,False
2024-01-21 02:00:00,DEV-0004,Data-Ingestion,v2.0,73.842,0.01067,0,82.23887500000001,36.7,False
2024-01-21 03:00:00,DEV-0001,API-Gateway,v1.5,59.636,0.00636,0,81.67670833333334,20.3,False
2024-01-21 03:00:00,DEV-0019,API-Gateway,v1.4,73.751,0.01139,0,80.57025,37.7,False
2024-01-21 03:00:00,DEV-0028,Notification-Service,v2.0,104.708,0.01673,0,90.56599999999999,70.9,False
2024-01-21 04:00:00,DEV-0043,API-Gateway,v2.0,79.449,0.00907,0,80.99533333333333,39.5,False
2024-01-21 04:00:00,DEV-0010,Notification-Service,v1.5,90.813,0.0,0,90.44983333333334,39.6,False
2024-01-21 05:00:00,DEV-0045,Data-Ingestion,v1.5,88.897,0.02575,0,82.82700000000001,68.4,False
2024-01-21 06:00:00,DEV-0005,Reporting-Service,v1.5,97.9,0.00955,0,85.80645833333334,56.7,False
2024-01-21 06:00:00,DEV-0002,Reporting-Service,v1.5,72.565,0.01012,0,84.14920833333333,34.6,False
2024-01-21 06:00:00,DEV-0042,Notification-Service,v1.5,57.802,0.01083,0,88.20945833333332,26.6,False
2024-01-21 07:00:00,DEV-0018,API-Gateway,v1.5,62.529,0.01151,0,80.34470833333333,29.9,False
2024-01-21 07:00:00,DEV-0004,Data-Ingestion,v2.0,83.468,0.01174,0,83.27870833333333,48.5,False
2024-01-21 08:00:00,DEV-0043,Notification-Service,v2.0,75.555,0.00837,0,88.67595833333333,34.3,False
2024-01-21 08:00:00,DEV-0006,Notification-Service,v1.4,91.174,0.00999,0,90.15516666666667,52.3,False
2024-01-21 08:00:00,DEV-0034,Reporting-Service,v1.5,62.393,0.02335,0,85.551,44.2,False
2024-01-21 09:00:00,DEV-0009,Reporting-Service,v1.5,71.794,0.00365,0,82.79933333333334,24.9,False
2024-01-21 09:00:00,DEV-0039,Data-Ingestion,v2.0,85.578,0.01798,0,84.15029166666667,59.4,False
2024-01-21 10:00:00,DEV-0039,Reporting-Service,v1.5,66.933,0.00325,0,81.96016666666667,21.0,False
2024-01-21 10:00:00,DEV-0002,API-Gateway,v1.5,83.729,0.00428,0,79.7085,37.7,False
2024-01-21 11:00:00,DEV-0031,Notification-Service,v1.4,80.245,0.00625,0,88.22875,35.9,False
2024-01-21 11:00:00,DEV-0001,Notification-Service,v1.5,101.289,0.0,0,88.48508333333332,46.5,False
2024-01-21 11:00:00,DEV-0003,Data-Ingestion,v2.0,79.974,0.00471,1,85.15279166666667,43.2,False
2024-01-21 12:00:00,DEV-0031,Notification-Service,v1.5,117.869,0.00686,0,89.86816666666665,59.0,False
2024-01-21 13:00:00,DEV-0011,Notification-Service,v2.0,113.91,0.01664,0,91.41416666666667,73.9,False
2024-01-21 14:00:00,DEV-0009,Data-Ingestion,v1.4,77.172,0.0,0,85.981,26.1,False
2024-01-21 14:00:00,DEV-0005,Data-Ingestion,v1.5,114.771,0.01001,1,87.18233333333335,72.8,False
2024-01-21 15:00:00,DEV-0018,Data-Ingestion,v1.5,76.792,0.00827,0,87.95054166666667,35.3,False
2024-01-21 15:00:00,DEV-0035,Notification-Service,v1.4,113.23,0.0014,0,91.60154166666668,52.6,False
2024-01-21 16:00:00,DEV-0049,Notification-Service,v1.4,73.176,0.00925,0,90.47841666666666,33.4,False
2024-01-21 16:00:00,DEV-0037,API-Gateway,v1.5,74.713,0.01347,1,79.03658333333333,51.7,False
2024-01-21 17:00:00,DEV-0035,Notification-Service,v2.0,57.343,0.01677,1,88.12762500000001,44.9,False
2024-01-21 17:00:00,DEV-0001,Notification-Service,v1.5,114.963,0.0,0,90.23449999999998,50.9,False
2024-01-21 17:00:00,DEV-0014,Notification-Service,v1.5,47.587,0.01163,0,89.28604166666668,25.3,False
2024-01-21 17:00:00,DEV-0004,Reporting-Service,v2.0,56.856,0.01568,0,82.31629166666667,33.9,False
2024-01-21 18:00:00,DEV-0036,Notification-Service,v2.0,91.451,0.01464,0,88.71133333333334,60.3,False
2024-01-21 18:00:00,DEV-0029,Reporting-Service,v2.0,63.93,0.00105,0,80.38545833333333,17.6,False
2024-01-21 18:00:00,DEV-0028,Notification-Service,v1.4,75.354,0.01757,0,87.621625,48.5,False
2024-01-21 18:00:00,DEV-0003,Data-Ingestion,v1.4,80.848,0.01591,0,87.233625,51.8,False
2024-01-21 19:00:00,DEV-0025,Reporting-Service,v2.0,91.327,0.02857,0,79.20095833333333,71.6,False
2024-01-21 19:00:00,DEV-0037,Reporting-Service,v2.0,101.482,0.00584,1,81.04154166666667,62.2,False
2024-01-21 19:00:00,DEV-0037,Data-Ingestion,v2.0,97.908,0.0089,0,86.931125,55.7,False
2024-01-21 19:00:00,DEV-0046,API-Gateway,v2.0,70.614,0.02698,0,77.23954166666667,51.3,False
2024-01-21 20:00:00,DEV-0017,Data-Ingestion,v1.5,50.282,0.00683,0,84.86829166666666,18.0,False
2024-01-21 20:00:00,DEV-0014,API-Gateway,v1.5,81.431,0.00277,0,78.30441666666667,33.5,False
2024-01-21 21:00:00,DEV-0020,Data-Ingestion,v1.4,88.402,0.00621,0,85.10770833333333,44.1,False
2024-01-21 22:00:00,DEV-0038,API-Gateway,v2.0,100.91,0.01101,1,79.31575,69.9,False
2024-01-21 22:00:00,DEV-0020,Reporting-Service,v1.5,68.338,0.01822,0,81.10516666666668,43.3,False
2024-01-21 22:00:00,DEV-0036,Notification-Service,v2.0,75.727,0.01508,0,86.04166666666667,45.7,False
2024-01-21 23:00:00,DEV-0042,API-Gateway,v2.0,101.064,0.01418,1,79.461625,75.4,False
2024-01-21 23:00:00,DEV-0032,Reporting-Service,v1.4,62.656,0.01398,0,80.03320833333333,34.2,False
2024-01-21 23:00:00,DEV-0007,Reporting-Service,v2.0,84.412,0.00707,0,79.62,41.6,False
2024-01-21 23:00:00,DEV-0046,API-Gateway,v2.0,57.186,0.01011,1,78.79120833333333,34.4,False
2024-01-22 00:00:00,DEV-0046,API-Gateway,v1.4,82.259,0.01478,0,79.17341666666667,52.0,False
2024-01-22 01:00:00,DEV-0036,Data-Ingestion,v1.4,67.773,0.01794,0,84.98404166666667,42.6,False
2024-01-22 01:00:00,DEV-0002,Notification-Service,v1.5,76.615,0.0,1,85.92416666666666,34.9,False
2024-01-22 01:00:00,DEV-0006,Notification-Service,v1.5,76.563,0.0271,0,84.54379166666666,56.7,False
2024-01-22 01:00:00,DEV-0045,Reporting-Service,v1.4,82.206,0.00394,0,79.3125,35.6,False
2024-01-22 02:00:00,DEV-0014,API-Gateway,v2.0,81.804,0.00164,0,79.156,33.0,False
2024-01-22 02:00:00,DEV-0021,API-Gateway,v1.5,101.568,0.01116,0,80.03075,61.2,False
2024-01-22 02:00:00,DEV-0023,Reporting-Service,v2.0,90.661,0.00731,0,79.04566666666666,47.6,False
2024-01-22 03:00:00,DEV-0009,Data-Ingestion,v1.5,84.923,0.01099,0,86.09333333333335,48.4,False
2024-01-22 03:00:00,DEV-0049,Reporting-Service,v1.4,95.676,0.00499,0,79.95566666666666,48.8,False
2024-01-22 03:00:00,DEV-0020,API-Gateway,v1.5,51.29,0.01015,0,79.161,23.6,False
2024-01-22 04:00:00,DEV-0001,Reporting-Service,v1.5,63.079,0.009,0,78.48941666666667,26.0,False
2024-01-22 05:00:00,DEV-0011,Reporting-Service,v1.4,83.661,0.00237,0,79.21304166666665,35.9,False
2024-01-22 05:00:00,DEV-0050,Data-Ingestion,v2.0,106.432,0.00614,1,86.380125,64.3,False
2024-01-22 05:00:00,DEV-0011,Reporting-Service,v1.5,82.706,0.01242,0,79.73875,48.7,False
2024-01-22 06:00:00,DEV-0027,API-Gateway,v2.0,94.331,0.02911,0,80.28741666666667,74.3,False
2024-01-22 07:00:00,DEV-0001,Reporting-Service,v1.4,100.825,0.01176,0,79.824125,61.9,False
2024-01-22 07:00:00,DEV-0014,Reporting-Service,v1.5,68.373,0.01364,0,78.457375,37.3,False
2024-01-22 07:00:00,DEV-0008,Data-Ingestion,v1.5,85.417,0.02353,0,85.06116666666667,64.3,False
2024-01-22 07:00:00,DEV-0034,Reporting-Service,v1.4,76.01,0.00157,0,78.55083333333333,27.1,False
2024-01-22 08:00:00,DEV-0045,Reporting-Service,v1.5,78.535,0.01127,0,77.62345833333333,42.3,False
2024-01-22 08:00:00,DEV-0049,API-Gateway,v1.5,88.477,0.01309,2,79.17245833333332,66.5,False
2024-01-22 08:00:00,DEV-0049,Reporting-Service,v1.5,112.778,0.02681,0,79.78445833333333,81.5,False
2024-01-22 08:00:00,DEV-0024,Data-Ingestion,v1.4,81.256,0.0093,0,83.10679166666667,41.5,False
2024-01-22 09:00:00,DEV-0039,API-Gateway,v1.5,107.998,0.00207,0,80.59354166666667,51.4,False
2024-01-22 09:00:00,DEV-0012,Data-Ingestion,v2.0,113.016,0.01024,0,85.77591666666667,63.5,False
2024-01-22 09:00:00,DEV-0039,Data-Ingestion,v2.0,107.651,0.00265,0,86.239375,51.7,False
2024-01-22 10:00:00,DEV-0019,Reporting-Service,v2.0,92.088,0.01626,0,80.29933333333334,63.3,False
2024-01-22 11:00:00,DEV-0033,API-Gateway,v2.0,63.204,0.01261,0,80.68870833333334,32.1,False
2024-01-22 11:00:00,DEV-0010,Data-Ingestion,v1.5,73.954,0.00222,0,86.65729166666667,25.7,False
2024-01-22 11:00:00,DEV-0027,Data-Ingestion,v2.0,77.008,0.01227,0,86.08920833333333,42.4,False
2024-01-22 11:00:00,DEV-0040,Data-Ingestion,v1.4,95.325,0.0067,0,86.28091666666666,50.5,False
2024-01-22 12:00:00,DEV-0021,Notification-Service,v2.0,90.788,0.00554,0,83.81458333333333,45.4,False
2024-01-22 12:00:00,DEV-0033,Notification-Service,v1.4,53.565,0.00933,0,83.42716666666666,22.5,False
2024-01-22 12:00:00,DEV-0035,Data-Ingestion,v1.5,74.781,0.00885,0,85.82079166666666,34.6,False
2024-01-22 12:00:00,DEV-0020,Reporting-Service,v1.5,69.055,0.01034,0,80.15308333333333,32.3,False
2024-01-22 13:00:00,DEV-0028,Notification-Service,v1.5,91.119,0.01056,0,83.46424999999999,53.4,False
2024-01-22 13:00:00,DEV-0035,Reporting-Service,v1.5,95.812,0.01233,1,80.06608333333334,69.5,False
2024-01-22 13:00:00,DEV-0040,Reporting-Service,v1.5,73.727,0.0023,1,80.53833333333334,34.9,False
2024-01-22 13:00:00,DEV-0036,Reporting-Service,v1.4,84.29,0.0212,0,81.059,61.6,False
2024-01-22 14:00:00,DEV-0037,Notification-Service,v1.5,84.54,0.01657,0,84.66175,56.8,False
2024-01-22 15:00:00,DEV-0010,Reporting-Service,v1.4,113.696,0.01618,0,83.00745833333333,73.1,False
2024-01-22 16:00:00,DEV-0043,Notification-Service,v1.5,98.847,0.0,1,84.1305,54.8,False
2024-01-22 16:00:00,DEV-0024,Notification-Service,v2.0,69.607,0.01701,0,84.37470833333334,42.9,False
2024-01-22 16:00:00,DEV-0027,Data-Ingestion,v1.5,129.0,0.00741,0,87.26958333333333,60.6,False
2024-01-22 17:00:00,DEV-0045,Reporting-Service,v1.5,97.763,0.01894,0,84.71191666666667,70.4,False
2024-01-22 17:00:00,DEV-0027,Notification-Service,v1.5,82.878,0.02145,0,83.799875,60.3,False
2024-01-22 17:00:00,DEV-0003,API-Gateway,v2.0,97.081,0.01166,1,83.32154166666668,69.2,False
2024-01-22 17:00:00,DEV-0003,Notification-Service,v1.4,65.578,0.01469,0,84.123875,37.0,False
2024-01-22 18:00:00,DEV-0012,Reporting-Service,v1.5,87.947,0.02192,0,85.712625,65.5,False
2024-01-22 18:00:00,DEV-0009,Reporting-Service,v1.4,88.835,0.02191,0,85.60879166666666,66.1,False
2024-01-22 18:00:00,DEV-0047,Notification-Service,v1.5,78.645,0.0109,2,83.60183333333333,53.1,False
2024-01-22 19:00:00,DEV-0010,Reporting-Service,v1.5,103.002,0.01349,1,85.672125,75.1,False
2024-01-22 20:00:00,DEV-0012,Data-Ingestion,v1.5,72.313,0.01215,0,86.876125,37.8,False
2024-01-22 20:00:00,DEV-0011,Reporting-Service,v1.5,75.518,0.00073,1,85.97129166666667,35.4,False
2024-01-22 20:00:00,DEV-0041,Data-Ingestion,v1.4,80.983,0.01613,0,87.56712499999999,52.2,False
2024-01-22 21:00:00,DEV-0021,API-Gateway,v2.0,127.139,0.00583,0,84.614625,58.3,False
2024-01-22 21:00:00,DEV-0049,API-Gateway,v1.4,57.16,0.01874,0,83.52116666666667,37.6,False
2024-01-22 22:00:00,DEV-0005,Reporting-Service,v1.5,74.0,0.01689,0,86.44395833333334,46.4,False
2024-01-22 22:00:00,DEV-0009,Data-Ingestion,v1.5,74.084,0.02487,0,86.485125,53.6,False
2024-01-22 23:00:00,DEV-0033,Data-Ingestion,v1.5,85.816,0.01401,0,86.49504166666667,54.5,False
2024-01-22 23:00:00,DEV-0014,Notification-Service,v2.0,80.544,0.00926,0,83.80970833333333,40.8,False
2024-01-22 23:00:00,DEV-0003,API-Gateway,v1.5,93.936,0.01334,0,82.385,60.3,False
2024-01-22 23:00:00,DEV-0007,API-Gateway,v2.0,85.981,0.00867,0,83.15366666666667,45.6,False
2024-01-23 00:00:00,DEV-0042,Reporting-Service,v2.0,70.856,0.01768,0,85.879125,44.6,False
2024-01-23 00:00:00,DEV-0014,Notification-Service,v1.5,89.999,0.01114,0,83.33929166666667,53.3,False
2024-01-23 00:00:00,DEV-0036,API-Gateway,v2.0,88.086,0.00847,0,83.57041666666667,47.1,False
2024-01-23 01:00:00,DEV-0047,Reporting-Service,v2.0,100.282,0.00425,0,86.63229166666667,50.5,False
2024-01-23 01:00:00,DEV-0018,Notification-Service,v1.4,83.325,0.0078,0,83.46762500000001,41.8,False
2024-01-23 01:00:00,DEV-0028,Data-Ingestion,v1.5,78.613,0.0039,1,86.43833333333333,41.2,False
2024-01-23 01:00:00,DEV-0040,API-Gateway,v1.4,69.521,0.01232,0,83.39416666666666,35.8,False
2024-01-23 02:00:00,DEV-0047,Reporting-Service,v1.5,80.468,0.005,1,86.20758333333333,44.1,False
2024-01-23 02:00:00,DEV-0041,Notification-Service,v2.0,92.384,0.01054,0,82.40575,54.5,False
2024-01-23 02:00:00,DEV-0041,API-Gateway,v2.0,91.71,0.0045,0,83.90504166666666,45.1,False
2024-01-23 02:00:00,DEV-0045,Data-Ingestion,v2.0,74.521,0.00438,0,86.327875,28.2,False
2024-01-23 03:00:00,DEV-0024,Notification-Service,v1.5,76.786,0.02079,0,79.04933333333334,53.1,False
2024-01-23 03:00:00,DEV-0047,Reporting-Service,v1.4,64.559,0.00821,0,84.91104166666666,25.5,False
2024-01-23 03:00:00,DEV-0025,Notification-Service,v1.5,61.811,0.01573,1,78.57579166666666,45.6,False
2024-01-23 03:00:00,DEV-0005,Notification-Service,v2.0,69.8,0.01505,1,80.56783333333334,49.8,False
2024-01-23 04:00:00,DEV-0005,API-Gateway,v2.0,76.492,0.02539,0,84.48683333333334,56.0,False
2024-01-23 04:00:00,DEV-0037,API-Gateway,v1.4,83.31,0.02146,0,84.469375,60.8,False
2024-01-23 04:00:00,DEV-0030,API-Gateway,v1.5,89.581,0.00768,0,85.088875,47.2,False
2024-01-23 04:00:00,DEV-0006,Data-Ingestion,v2.0,115.525,0.01577,0,86.35929166666666,73.0,False
2024-01-23 05:00:00,DEV-0027,Data-Ingestion,v1.5,63.698,0.00728,0,85.81370833333334,23.7,False
2024-01-23 05:00:00,DEV-0010,API-Gateway,v2.0,74.864,0.02432,0,85.26595833333333,54.1,False
2024-01-23 05:00:00,DEV-0025,Notification-Service,v1.4,102.746,0.00442,2,80.87408333333333,63.1,False
2024-01-23 06:00:00,DEV-0014,Data-Ingestion,v1.5,77.951,0.01004,0,84.39195833333333,39.6,False
2024-01-23 06:00:00,DEV-0003,Data-Ingestion,v1.5,66.683,0.01045,0,85.2235,30.7,False
2024-01-23 07:00:00,DEV-0039,API-Gateway,v1.4,71.221,0.00756,0,84.84054166666667,29.2,False
2024-01-23 07:00:00,DEV-0045,API-Gateway,v1.5,66.59,0.02503,0,83.41054166666667,47.8,False
2024-01-23 07:00:00,DEV-0002,Data-Ingestion,v1.5,81.716,0.00228,0,85.67791666666666,33.5,False
2024-01-23 07:00:00,DEV-0009,Data-Ingestion,v1.4,87.831,0.0,1,85.9565,46.3,False
2024-01-23 08:00:00,DEV-0024,Notification-Service,v1.5,94.114,0.00838,0,79.11283333333333,52.0,False
2024-01-23 08:00:00,DEV-0015,API-Gateway,v1.4,112.54,0.00382,0,83.88870833333333,54.4,False
2024-01-23 08:00:00,DEV-0032,Notification-Service,v1.4,126.892,0.00908,0,80.58954166666668,63.1,False
2024-01-23 08:00:00,DEV-0002,Notification-Service,v1.5,35.922,0.00298,1,77.58070833333333,21.8,False
2024-01-23 09:00:00,DEV-0040,Notification-Service,v1.4,78.461,0.01242,0,80.71900000000001,44.1,False
2024-01-23 10:00:00,DEV-0037,API-Gateway,v1.5,75.716,0.01626,0,84.66079166666667,47.3,False
2024-01-23 10:00:00,DEV-0046,Reporting-Service,v1.5,75.502,0.00126,0,83.76675,26.4,False
2024-01-23 10:00:00,DEV-0016,Data-Ingestion,v1.5,73.674,0.02188,0,85.92379166666666,51.2,False
2024-01-23 10:00:00,DEV-0024,Reporting-Service,v1.5,43.775,0.01246,0,84.10670833333333,26.3,False
2024-01-23 11:00:00,DEV-0046,API-Gateway,v1.5,101.63,0.01071,1,85.28370833333334,70.0,False
2024-01-23 11:00:00,DEV-0022,API-Gateway,v1.5,77.383,0.01144,0,84.45762500000001,41.4,False
2024-01-23 11:00:00,DEV-0043,Notification-Service,v1.4,78.31,0.00619,0,82.063,34.1,False
2024-01-23 11:00:00,DEV-0015,Notification-Service,v1.5,106.288,0.01718,1,81.992375,81.4,False
2024-01-23 12:00:00,DEV-0036,API-Gateway,v1.5,59.759,0.01114,0,83.54166666666667,28.0,False
2024-01-23 13:00:00,DEV-0013,API-Gateway,v1.5,38.061,0.01658,1,82.99045833333334,41.4,False
2024-01-23 14:00:00,DEV-0002,API-Gateway,v2.0,109.848,0.00015,0,83.637,50.6,False
2024-01-23 15:00:00,DEV-0042,Reporting-Service,v2.0,71.514,0.0,1,83.30041666666666,30.2,False
2024-01-23 15:00:00,DEV-0021,Notification-Service,v1.5,98.626,0.0,1,82.98229166666667,54.6,False
2024-01-23 16:00:00,DEV-0020,Data-Ingestion,v1.5,85.72,0.00043,0,85.95700000000001,36.5,False
2024-01-23 16:00:00,DEV-0020,Reporting-Service,v2.0,59.252,0.01371,0,82.60216666666666,32.2,False
2024-01-23 17:00:00,DEV-0041,Reporting-Service,v2.0,69.05,0.02281,0,81.27820833333332,48.2,False
2024-01-23 17:00:00,DEV-0016,Notification-Service,v1.5,42.647,0.02063,0,82.52737499999999,36.7,False
2024-01-23 18:00:00,DEV-0020,API-Gateway,v1.5,66.492,0.00861,0,82.72095833333334,27.6,False
2024-01-23 18:00:00,DEV-0019,Reporting-Service,v1.4,101.604,0.01369,0,82.66283333333334,65.6,False
2024-01-23 19:00:00,DEV-0025,Notification-Service,v1.4,62.096,0.01811,0,81.331875,39.2,False
2024-01-23 20:00:00,DEV-0005,Reporting-Service,v1.4,108.452,0.0074,0,83.909375,57.3,False
2024-01-23 20:00:00,DEV-0011,Reporting-Service,v2.0,90.014,0.0088,0,82.960875,49.4,False
2024-01-23 20:00:00,DEV-0035,Data-Ingestion,v1.4,79.224,0.02039,0,84.82333333333334,55.3,False
2024-01-23 21:00:00,DEV-0039,Reporting-Service,v2.0,88.775,0.00694,0,82.82283333333334,45.3,False
2024-01-23 21:00:00,DEV-0033,Reporting-Service,v2.0,63.587,0.01345,0,82.595,33.8,False
2024-01-23 21:00:00,DEV-0021,Notification-Service,v2.0,99.322,0.01032,0,81.67366666666668,58.8,False
2024-01-23 21:00:00,DEV-0019,Data-Ingestion,v2.0,79.747,0.01294,1,84.58708333333333,55.4,False
2024-01-23 22:00:00,DEV-0029,Reporting-Service,v2.0,59.292,0.0,0,81.07333333333334,13.3,False
2024-01-23 23:00:00,DEV-0002,Reporting-Service,v1.5,72.757,0.0,0,81.03291666666667,21.9,False
2024-01-23 23:00:00,DEV-0019,Data-Ingestion,v1.4,81.017,0.01384,0,84.57712500000001,49.0,False
2024-01-24 00:00:00,DEV-0002,Notification-Service,v1.5,84.849,0.01968,0,81.64133333333332,60.3,False
2024-01-24 00:00:00,DEV-0012,Notification-Service,v1.4,68.522,0.00582,0,81.00625,24.9,False
2024-01-24 01:00:00,DEV-0010,API-Gateway,v1.5,54.947,0.0,0,80.5105,11.4,False
2024-01-24 01:00:00,DEV-0039,Data-Ingestion,v1.4,72.551,0.02392,0,82.89108333333333,51.7,False
2024-01-24 02:00:00,DEV-0022,Notification-Service,v2.0,112.937,0.00946,0,82.22841666666666,62.1,False
2024-01-24 03:00:00,DEV-0003,Data-Ingestion,v1.4,90.155,0.03693,0,82.16208333333333,71.4,False
2024-01-24 04:00:00,DEV-0043,Data-Ingestion,v1.5,64.454,0.00883,0,81.76625,26.6,False
2024-01-24 04:00:00,DEV-0028,Data-Ingestion,v1.5,110.665,0.01439,0,82.40541666666667,69.8,False
2024-01-24 05:00:00,DEV-0015,API-Gateway,v2.0,71.028,0.00554,0,80.8365,26.4,False
2024-01-24 05:00:00,DEV-0046,Notification-Service,v1.5,78.033,0.02424,0,82.02654166666666,57.1,False
2024-01-24 05:00:00,DEV-0005,Data-Ingestion,v2.0,94.33,0.01307,0,83.12716666666667,60.1,False
2024-01-24 06:00:00,DEV-0014,Data-Ingestion,v1.5,81.596,0.02276,0,83.411125,59.7,False
2024-01-24 06:00:00,DEV-0027,Reporting-Service,v1.5,70.273,0.01413,0,80.448875,39.5,False
2024-01-24 06:00:00,DEV-0034,API-Gateway,v1.5,93.543,0.00753,1,80.68908333333333,59.5,False
2024-01-24 07:00:00,DEV-0035,Data-Ingestion,v2.0,98.655,0.01403,0,82.73508333333332,64.8,False
2024-01-24 07:00:00,DEV-0011,Data-Ingestion,v2.0,117.575,0.00434,0,81.6375,56.0,False
2024-01-24 07:00:00,DEV-0003,Data-Ingestion,v1.5,49.841,0.02093,1,80.11283333333334,47.3,False
2024-01-24 07:00:00,DEV-0015,API-Gateway,v2.0,81.193,0.00159,0,78.77466666666668,32.3,False
2024-01-24 08:00:00,DEV-0008,Notification-Service,v1.4,72.241,0.01797,0,82.30416666666666,46.0,False
2024-01-24 09:00:00,DEV-0044,Reporting-Service,v2.0,80.535,0.00876,0,79.06716666666667,40.0,False
2024-01-24 09:00:00,DEV-0018,Reporting-Service,v2.0,69.784,0.02261,0,77.901375,48.5,False
2024-01-24 09:00:00,DEV-0017,Notification-Service,v1.5,95.463,0.00987,0,83.00491666666667,55.5,False
2024-01-24 10:00:00,DEV-0047,Notification-Service,v1.4,81.216,0.02637,0,83.41883333333332,61.1,False
2024-01-24 10:00:00,DEV-0032,Notification-Service,v1.5,100.505,0.0,0,83.50670833333334,46.2,False
2024-01-24 10:00:00,DEV-0001,Notification-Service,v1.5,82.081,0.01447,0,83.06895833333333,51.3,False
2024-01-24 11:00:00,DEV-0038,Data-Ingestion,v1.4,54.471,0.01184,0,80.89308333333334,27.1,False
2024-01-24 11:00:00,DEV-0035,Data-Ingestion,v2.0,42.365,0.023,0,81.899,38.7,False
2024-01-24 11:00:00,DEV-0030,Data-Ingestion,v1.5,62.055,0.0087,0,80.37366666666667,24.9,False
2024-01-24 11:00:00,DEV-0041,Data-Ingestion,v1.4,97.469,0.00134,0,83.70945833333333,46.6,False
2024-01-24 12:00:00,DEV-0038,Data-Ingestion,v2.0,69.499,0.01941,0,78.45591666666667,45.2,False
2024-01-24 12:00:00,DEV-0046,API-Gateway,v1.5,98.226,0.00703,1,80.48575,62.2,False
2024-01-24 13:00:00,DEV-0007,Reporting-Service,v1.4,86.393,0.01603,2,76.62166666666667,69.1,False
2024-01-24 13:00:00,DEV-0024,Notification-Service,v1.5,78.311,0.00699,0,82.83245833333334,35.1,False
2024-01-24 13:00:00,DEV-0031,Reporting-Service,v2.0,71.098,0.01221,0,77.19933333333334,36.9,False
2024-01-24 13:00:00,DEV-0002,Reporting-Service,v1.5,91.58,0.01104,0,77.31370833333334,54.5,False
2024-01-24 14:00:00,DEV-0040,Data-Ingestion,v1.4,95.355,0.01854,0,79.77495833333334,68.4,False
2024-01-24 15:00:00,DEV-0020,Reporting-Service,v2.0,74.619,0.02605,0,76.58420833333334,54.6,False
2024-01-24 15:00:00,DEV-0036,Data-Ingestion,v1.4,93.763,0.00791,1,80.90329166666668,60.3,False
2024-01-24 16:00:00,DEV-0026,Data-Ingestion,v1.4,71.852,0.02025,1,80.64916666666667,57.3,False
2024-01-24 16:00:00,DEV-0036,Data-Ingestion,v1.4,85.071,0.01639,2,80.53416666666666,68.4,False
2024-01-24 16:00:00,DEV-0008,Reporting-Service,v2.0,105.513,0.02097,0,77.89725,75.6,False
2024-01-24 16:00:00,DEV-0034,Reporting-Service,v2.0,93.683,0.00333,0,78.848375,45.4,False
2024-01-24 17:00:00,DEV-0029,Reporting-Service,v1.5,109.122,0.00418,0,79.21670833333333,53.7,False
2024-01-24 17:00:00,DEV-0001,API-Gateway,v1.4,92.113,0.00721,0,80.74125,48.8,False
2024-01-24 18:00:00,DEV-0045,Notification-Service,v2.0,45.425,0.01189,1,81.81683333333332,34.9,False
2024-01-24 18:00:00,DEV-0031,Data-Ingestion,v1.5,72.25,0.0,1,80.13975,30.9,False
2024-01-24 18:00:00,DEV-0004,API-Gateway,v1.5,60.946,0.00649,0,77.26166666666667,21.1,False
2024-01-24 18:00:00,DEV-0039,API-Gateway,v1.4,37.566,0.01019,0,78.3925,22.0,False
2024-01-24 19:00:00,DEV-0001,Notification-Service,v1.5,78.674,0.01012,2,81.89550000000001,51.9,False
2024-01-24 19:00:00,DEV-0018,Data-Ingestion,v1.5,81.315,0.01643,1,80.45812500000001,62.5,False
2024-01-24 19:00:00,DEV-0035,Data-Ingestion,v2.0,72.272,0.01007,1,79.89779166666666,43.6,False
2024-01-24 19:00:00,DEV-0005,Reporting-Service,v1.5,62.585,0.01148,0,78.47158333333333,29.9,False
2024-01-24 20:00:00,DEV-0018,Reporting-Service,v1.5,66.351,0.0165,0,78.54625,40.0,False
2024-01-24 20:00:00,DEV-0041,API-Gateway,v1.4,60.459,0.00738,1,76.88408333333334,31.4,False
2024-01-24 20:00:00,DEV-0038,Data-Ingestion,v2.0,75.614,0.00836,1,79.74737499999999,43.7,False
2024-01-24 21:00:00,DEV-0012,API-Gateway,v1.4,97.476,0.00192,1,77.12433333333333,56.4,False
2024-01-24 22:00:00,DEV-0008,Reporting-Service,v2.0,65.194,0.0042,1,79.43870833333334,30.1,False
2024-01-24 22:00:00,DEV-0029,API-Gateway,v1.4,84.768,0.0247,0,77.46916666666667,64.2,False
2024-01-24 22:00:00,DEV-0022,Notification-Service,v1.5,78.573,0.02122,0,80.95229166666667,55.6,False
2024-01-24 22:00:00,DEV-0012,Notification-Service,v1.4,63.347,0.01574,0,81.9595,37.2,False
2024-01-24 23:00:00,DEV-0020,Notification-Service,v1.5,91.947,0.02153,0,83.28666666666668,68.7,False
2024-01-25 00:00:00,DEV-0002,Reporting-Service,v2.0,68.445,0.01934,1,79.14466666666667,53.9,False
2024-01-25 00:00:00,DEV-0035,Data-Ingestion,v2.0,92.632,0.01704,0,80.53070833333334,64.7,False
2024-01-25 00:00:00,DEV-0036,Data-Ingestion,v1.5,86.932,0.01019,0,80.04675,49.0,False
2024-01-25 01:00:00,DEV-0028,Data-Ingestion,v2.0,68.639,0.01338,0,80.36770833333334,37.0,False
2024-01-25 01:00:00,DEV-0036,Reporting-Service,v1.5,81.126,0.01068,0,79.66695833333334,43.9,False
2024-01-25 01:00:00,DEV-0036,Reporting-Service,v1.5,62.175,0.00367,0,78.75554166666667,18.4,False
2024-01-25 02:00:00,DEV-0023,Reporting-Service,v1.4,101.128,0.01044,0,81.00354166666666,59.7,False
2024-01-25 02:00:00,DEV-0049,Data-Ingestion,v1.5,94.82,0.00871,0,80.56208333333333,53.2,False
2024-01-25 02:00:00,DEV-0041,API-Gateway,v2.0,71.562,0.01881,0,76.97966666666667,46.4,False
2024-01-25 03:00:00,DEV-0050,Notification-Service,v1.5,70.908,0.00092,0,82.31975,22.2,False
2024-01-25 04:00:00,DEV-0029,API-Gateway,v1.4,73.366,0.0089,0,76.30404166666666,33.1,False
2024-01-25 04:00:00,DEV-0044,Data-Ingestion,v1.4,58.202,0.01837,0,80.30158333333333,37.9,False
2024-01-25 04:00:00,DEV-0002,Data-Ingestion,v1.5,92.348,0.00072,0,79.538375,42.5,False
2024-01-25 04:00:00,DEV-0018,Reporting-Service,v2.0,97.228,0.02066,0,80.82120833333333,71.8,False
2024-01-25 05:00:00,DEV-0047,Notification-Service,v2.0,67.06,0.0,0,80.06258333333334,17.6,False
2024-01-25 05:00:00,DEV-0015,Notification-Service,v1.4,84.121,0.01667,0,80.537625,56.7,False
2024-01-25 05:00:00,DEV-0002,Data-Ingestion,v1.5,79.081,0.0,0,78.903,28.1,False
2024-01-25 06:00:00,DEV-0047,Data-Ingestion,v1.5,67.952,0.0,0,78.3345,18.2,False
2024-01-25 06:00:00,DEV-0049,Reporting-Service,v1.5,98.167,0.00617,0,80.39266666666667,51.7,False
2024-01-25 07:00:00,DEV-0046,Reporting-Service,v1.5,92.678,0.01815,0,80.50366666666667,66.0,False
2024-01-25 07:00:00,DEV-0028,Data-Ingestion,v1.5,85.61,0.01086,0,79.82487499999999,49.0,False
2024-01-25 08:00:00,DEV-0030,Notification-Service,v1.5,87.715,0.00884,0,79.28870833333333,47.4,False
2024-01-25 08:00:00,DEV-0033,Data-Ingestion,v1.5,74.555,0.02222,0,78.032375,52.4,False
2024-01-25 09:00:00,DEV-0018,Data-Ingestion,v1.4,78.716,0.017,0,77.20158333333333,51.2,False
2024-01-25 09:00:00,DEV-0020,Reporting-Service,v1.5,90.295,0.00986,1,80.567,60.6,False
2024-01-25 09:00:00,DEV-0029,Notification-Service,v1.4,78.435,0.0,2,79.29391666666668,38.8,False
2024-01-25 10:00:00,DEV-0015,API-Gateway,v1.5,82.133,0.00517,0,76.60691666666666,36.8,False
2024-01-25 10:00:00,DEV-0050,Data-Ingestion,v1.4,129.823,0.00073,1,80.14970833333334,63.2,False
2024-01-25 10:00:00,DEV-0027,Data-Ingestion,v2.0,80.766,0.01128,0,76.505625,44.5,False
2024-01-25 10:00:00,DEV-0010,Reporting-Service,v2.0,70.991,0.01811,0,80.8755,45.2,False
2024-01-25 11:00:00,DEV-0049,Data-Ingestion,v1.5,66.706,0.02124,0,81.15233333333333,45.4,False
2024-01-25 11:00:00,DEV-0023,Data-Ingestion,v1.5,73.883,0.01355,1,80.95854166666668,50.9,False
2024-01-25 11:00:00,DEV-0047,Notification-Service,v1.4,86.471,0.01467,0,78.78745833333333,56.1,False
2024-01-25 11:00:00,DEV-0016,Reporting-Service,v1.5,51.663,0.01524,0,80.557625,32.0,False
2024-01-25 12:00:00,DEV-0007,API-Gateway,v2.0,68.089,0.02399,0,76.47641666666667,48.3,False
2024-01-25 13:00:00,DEV-0016,Reporting-Service,v1.4,93.06,0.01956,1,81.40358333333334,76.9,False
2024-01-25 13:00:00,DEV-0035,Reporting-Service,v1.4,87.468,0.01633,0,82.12004166666667,59.2,False
2024-01-25 14:00:00,DEV-0050,API-Gateway,v1.5,79.637,0.00093,1,77.02004166666667,39.6,False
2024-01-25 14:00:00,DEV-0025,Reporting-Service,v1.4,64.417,0.02081,0,82.52483333333333,43.4,False
2024-01-25 14:00:00,DEV-0002,Reporting-Service,v2.0,95.617,0.0,0,82.74845833333333,43.4,False
2024-01-25 15:00:00,DEV-0020,Data-Ingestion,v2.0,91.997,0.00947,0,82.08975,52.3,False
2024-01-25 16:00:00,DEV-0031,Reporting-Service,v2.0,109.388,0.02304,0,84.12025,78.7,False
2024-01-25 16:00:00,DEV-0034,Reporting-Service,v1.5,89.662,0.00332,1,84.04033333333334,51.4,False
2024-01-25 16:00:00,DEV-0038,API-Gateway,v2.0,64.832,0.02222,0,75.03220833333334,44.9,False
2024-01-25 17:00:00,DEV-0019,Notification-Service,v1.5,93.108,0.03184,1,80.89,83.0,False
2024-01-25 17:00:00,DEV-0025,Reporting-Service,v1.5,85.552,0.02912,0,84.00529166666666,66.6,False
2024-01-25 17:00:00,DEV-0030,API-Gateway,v1.4,78.458,0.01147,0,75.14645833333333,42.6,False
2024-01-25 18:00:00,DEV-0050,Data-Ingestion,v2.0,74.756,0.02172,0,81.23145833333334,52.3,False
2024-01-25 19:00:00,DEV-0011,Reporting-Service,v1.5,106.073,0.01161,0,85.31587499999999,63.6,False
2024-01-25 19:00:00,DEV-0014,API-Gateway,v1.5,81.711,0.02622,0,74.583625,61.6,False
2024-01-25 19:00:00,DEV-0023,API-Gateway,v1.5,83.794,0.00162,0,75.41358333333334,35.4,False
2024-01-25 20:00:00,DEV-0017,Notification-Service,v1.5,38.334,0.0054,1,79.89991666666667,24.1,False
2024-01-25 20:00:00,DEV-0039,API-Gateway,v1.4,95.089,0.00825,2,76.05570833333333,63.8,False
2024-01-25 21:00:00,DEV-0028,API-Gateway,v1.5,72.413,0.00564,1,77.48704166666667,37.0,False
2024-01-25 21:00:00,DEV-0029,API-Gateway,v1.5,97.482,0.0065,0,76.97179166666666,51.7,False
2024-01-25 22:00:00,DEV-0015,API-Gateway,v1.4,64.69,0.01716,0,76.89670833333334,39.8,False
2024-01-25 22:00:00,DEV-0037,Notification-Service,v1.5,89.99,0.01708,2,80.807625,73.7,False
2024-01-25 22:00:00,DEV-0016,Notification-Service,v1.4,99.639,0.0017,0,79.913125,48.1,False
2024-01-25 22:00:00,DEV-0011,Reporting-Service,v1.5,90.177,0.02408,0,84.676875,68.9,False
2024-01-25 23:00:00,DEV-0040,Notification-Service,v1.4,78.514,0.0,1,80.54366666666667,36.9,False
2024-01-26 00:00:00,DEV-0028,Data-Ingestion,v2.0,69.048,0.00939,0,80.20166666666667,30.5,False
2024-01-26 00:00:00,DEV-0045,Reporting-Service,v1.4,110.523,0.00275,0,85.37854166666666,52.8,False
2024-01-26 00:00:00,DEV-0017,Reporting-Service,v1.5,81.432,0.00293,0,84.22479166666666,33.7,False
2024-01-26 01:00:00,DEV-0042,API-Gateway,v1.5,79.126,0.01044,0,77.90416666666667,41.5,False
2024-01-26 01:00:00,DEV-0006,Data-Ingestion,v2.0,89.527,0.01637,0,80.938125,61.0,False
2024-01-26 01:00:00,DEV-0030,Data-Ingestion,v1.5,62.742,0.01729,0,80.00775,38.7,False
2024-01-26 02:00:00,DEV-0031,Notification-Service,v1.5,58.724,0.00373,0,78.28479166666666,17.0,False
2024-01-26 02:00:00,DEV-0034,Data-Ingestion,v2.0,92.109,0.00753,0,80.83520833333334,49.2,False
2024-01-26 03:00:00,DEV-0042,Notification-Service,v2.0,67.25,0.02224,0,77.83550000000001,46.5,False
2024-01-26 04:00:00,DEV-0009,Notification-Service,v1.4,92.372,0.00115,0,77.359625,42.8,False
2024-01-26 04:00:00,DEV-0018,Reporting-Service,v1.5,65.508,0.02215,0,84.34658333333334,45.2,False
2024-01-26 04:00:00,DEV-0003,Notification-Service,v1.5,63.911,0.00169,2,77.48841666666668,29.3,False
2024-01-26 04:00:00,DEV-0016,API-Gateway,v2.0,59.431,0.00705,1,77.42095833333333,30.5,False
2024-01-26 05:00:00,DEV-0045,Data-Ingestion,v2.0,86.464,0.01263,1,81.04975,62.0,False
2024-01-26 06:00:00,DEV-0001,Reporting-Service,v1.5,89.395,0.01359,0,85.30675000000001,56.8,False
2024-01-26 06:00:00,DEV-0032,Data-Ingestion,v1.4,108.49,0.01322,0,82.55883333333334,67.0,False
2024-01-26 07:00:00,DEV-0010,Notification-Service,v1.5,72.513,0.02249,1,76.96095833333334,60.1,False
2024-01-26 07:00:00,DEV-0046,API-Gateway,v1.5,85.487,0.0142,1,77.08529166666666,63.8,False
2024-01-26 07:00:00,DEV-0040,Data-Ingestion,v2.0,61.537,0.02247,0,81.97229166666666,43.2,False
2024-01-26 08:00:00,DEV-0016,Data-Ingestion,v2.0,82.641,0.01407,0,81.79350000000001,51.6,False
2024-01-26 09:00:00,DEV-0021,Reporting-Service,v2.0,90.657,0.01568,0,86.36770833333333,61.1,False
2024-01-26 09:00:00,DEV-0023,Data-Ingestion,v1.4,76.473,0.00406,0,81.12020833333334,29.6,False
2024-01-26 10:00:00,DEV-0015,Reporting-Service,v2.0,89.259,0.01029,2,87.23495833333334,62.5,False
2024-01-26 10:00:00,DEV-0001,Reporting-Service,v1.5,95.722,0.00679,0,88.63274999999999,51.0,False
2024-01-26 10:00:00,DEV-0019,Reporting-Service,v1.4,74.475,0.01343,1,88.35562499999999,51.2,False
2024-01-26 11:00:00,DEV-0039,Reporting-Service,v1.5,74.085,0.0209,0,87.22883333333334,50.8,False
2024-01-26 12:00:00,DEV-0015,Notification-Service,v1.5,56.854,0.01615,1,75.14216666666665,43.8,False
2024-01-26 12:00:00,DEV-0032,Notification-Service,v1.4,58.703,0.01298,0,74.20412499999999,30.6,False
2024-01-26 13:00:00,DEV-0021,Data-Ingestion,v2.0,79.416,0.0,1,81.56925,37.8,False
2024-01-26 13:00:00,DEV-0014,Notification-Service,v2.0,78.062,0.0139,0,74.19375000000001,46.4,False
2024-01-26 13:00:00,DEV-0037,API-Gateway,v1.5,122.42,0.0299,1,78.80308333333333,93.1,True
2024-01-26 13:00:00,DEV-0028,Reporting-Service,v2.0,90.633,0.0,0,86.95404166666667,39.3,False
2024-01-26 14:00:00,DEV-0027,API-Gateway,v2.0,80.269,0.0,1,78.054875,38.5,False
2024-01-26 15:00:00,DEV-0040,Data-Ingestion,v1.5,56.319,0.01391,0,79.96504166666666,31.2,False
2024-01-26 15:00:00,DEV-0028,Reporting-Service,v1.5,49.219,0.01956,0,84.91454166666666,36.4,False
2024-01-26 15:00:00,DEV-0037,Reporting-Service,v2.0,68.368,0.0,0,83.901625,18.5,False
2024-01-26 16:00:00,DEV-0042,API-Gateway,v2.0,83.669,0.00541,1,77.70304166666666,48.1,False
2024-01-26 17:00:00,DEV-0032,Data-Ingestion,v2.0,71.761,0.00779,0,80.53,30.0,False
2024-01-26 17:00:00,DEV-0027,API-Gateway,v1.4,73.512,0.01302,0,79.20079166666666,40.1,False
2024-01-26 17:00:00,DEV-0030,Data-Ingestion,v2.0,49.743,0.00824,0,78.75479166666666,19.8,False
2024-01-26 18:00:00,DEV-0049,Data-Ingestion,v1.5,80.268,0.02365,0,78.80425000000001,58.8,False
2024-01-26 18:00:00,DEV-0004,API-Gateway,v1.5,68.671,0.01019,0,79.52266666666667,31.7,False
2024-01-26 18:00:00,DEV-0012,Notification-Service,v2.0,85.321,0.02453,0,75.85608333333333,64.8,False
2024-01-26 19:00:00,DEV-0003,Reporting-Service,v1.5,90.976,0.00285,0,83.93,42.9,False
2024-01-26 19:00:00,DEV-0012,Reporting-Service,v2.0,74.931,0.01706,0,84.09416666666667,47.5,False
2024-01-26 20:00:00,DEV-0007,Notification-Service,v1.5,68.081,0.00468,1,74.944375,32.7,False
2024-01-26 20:00:00,DEV-0032,API-Gateway,v1.5,100.421,0.01539,0,81.18775,67.6,False
2024-01-26 20:00:00,DEV-0038,Notification-Service,v1.5,52.059,0.02007,0,74.747125,37.4,False
2024-01-26 21:00:00,DEV-0017,API-Gateway,v1.5,80.402,0.0041,0,80.59304166666668,33.6,False
2024-01-26 21:00:00,DEV-0001,API-Gateway,v1.5,87.569,0.0188,0,80.77495833333334,62.1,False
2024-01-26 21:00:00,DEV-0044,Reporting-Service,v1.5,81.024,0.01625,0,85.31754166666667,52.5,False
2024-01-26 21:00:00,DEV-0006,Data-Ingestion,v1.5,103.631,0.01264,0,80.290875,64.3,False
2024-01-26 22:00:00,DEV-0011,Notification-Service,v1.4,94.758,0.01814,1,75.61875,76.8,False
2024-01-26 23:00:00,DEV-0010,API-Gateway,v1.5,72.829,0.00376,0,80.64583333333333,26.0,False
2024-01-26 23:00:00,DEV-0014,Data-Ingestion,v1.5,95.381,0.00747,0,80.69800000000001,51.7,False
2024-01-27 00:00:00,DEV-0002,Data-Ingestion,v1.5,60.971,0.01213,0,80.37841666666667,30.3,False
2024-01-27 00:00:00,DEV-0002,Data-Ingestion,v2.0,84.63,0.00125,1,81.11779166666666,45.2,False
2024-01-27 01:00:00,DEV-0040,API-Gateway,v1.4,49.292,0.01421,0,79.70079166666666,30.0,False
2024-01-27 01:00:00,DEV-0042,API-Gateway,v1.4,83.526,0.02222,0,81.06916666666666,61.7,False
2024-01-27 01:00:00,DEV-0039,Reporting-Service,v2.0,109.042,0.01364,0,85.98345833333333,68.0,False
2024-01-27 01:00:00,DEV-0044,Data-Ingestion,v1.4,58.827,0.01224,1,79.46429166666667,38.9,False
2024-01-27 02:00:00,DEV-0035,API-Gateway,v1.5,74.565,0.01005,0,79.970625,36.3,False
2024-01-27 03:00:00,DEV-0022,API-Gateway,v1.5,82.633,0.01368,0,80.09545833333333,50.8,False
2024-01-27 03:00:00,DEV-0036,Notification-Service,v1.4,82.896,0.00966,0,75.241625,44.3,False
2024-01-27 04:00:00,DEV-0050,API-Gateway,v2.0,60.889,0.00904,0,79.93116666666667,25.0,False
2024-01-27 04:00:00,DEV-0034,API-Gateway,v2.0,47.748,0.0,0,78.65158333333333,10.0,False
2024-01-27 04:00:00,DEV-0048,Notification-Service,v1.4,72.298,0.00466,0,75.29954166666667,26.5,False
2024-01-27 05:00:00,DEV-0027,API-Gateway,v1.5,81.043,0.0318,0,78.53695833333333,62.2,False
2024-01-27 05:00:00,DEV-0027,Reporting-Service,v1.4,95.165,0.01432,0,86.30416666666667,62.8,False
2024-01-27 06:00:00,DEV-0026,Data-Ingestion,v1.5,66.355,0.00992,0,76.81979166666666,29.4,False
2024-01-27 06:00:00,DEV-0044,Notification-Service,v1.5,73.295,0.02945,0,75.71508333333334,54.2,False
2024-01-27 06:00:00,DEV-0037,Notification-Service,v1.5,87.859,0.02823,0,75.45529166666667,68.5,False
2024-01-27 07:00:00,DEV-0009,Data-Ingestion,v1.4,76.501,0.01954,0,76.92887499999999,51.5,False
2024-01-27 08:00:00,DEV-0021,Data-Ingestion,v2.0,46.582,0.00391,0,76.360125,14.0,False
2024-01-27 08:00:00,DEV-0006,Data-Ingestion,v2.0,98.471,0.01096,0,78.25241666666666,59.4,False
2024-01-27 08:00:00,DEV-0026,Reporting-Service,v2.0,82.565,0.00426,0,86.15570833333334,36.4,False
2024-01-27 08:00:00,DEV-0014,Reporting-Service,v1.5,73.906,0.0137,0,85.39954166666666,41.9,False
2024-01-27 09:00:00,DEV-0013,API-Gateway,v1.5,111.511,0.02539,0,79.77862499999999,80.6,False
2024-01-27 10:00:00,DEV-0028,Data-Ingestion,v1.5,60.524,0.01109,1,75.767125,37.6,False
2024-01-27 10:00:00,DEV-0017,Notification-Service,v1.5,41.613,0.00598,0,73.79416666666667,15.8,False
2024-01-27 11:00:00,DEV-0009,API-Gateway,v2.0,78.855,0.01218,0,79.10220833333334,44.1,False
2024-01-27 12:00:00,DEV-0020,Notification-Service,v1.5,89.231,0.01861,2,74.244,74.6,False
2024-01-27 13:00:00,DEV-0045,Notification-Service,v2.0,83.721,0.00937,0,74.12941666666667,44.6,False
2024-01-27 13:00:00,DEV-0049,API-Gateway,v2.0,75.783,0.0044,1,79.242625,38.8,False
2024-01-27 13:00:00,DEV-0004,API-Gateway,v1.5,95.812,0.00742,0,79.17304166666666,52.0,False
2024-01-27 13:00:00,DEV-0044,Reporting-Service,v2.0,82.321,0.02031,1,85.02791666666667,67.9,False
2024-01-27 14:00:00,DEV-0017,Notification-Service,v1.5,86.056,0.01373,0,73.83558333333333,54.2,False
2024-01-27 14:00:00,DEV-0029,API-Gateway,v1.4,85.258,0.02397,0,80.03004166666666,64.4,False
2024-01-27 15:00:00,DEV-0048,API-Gateway,v1.5,82.541,0.00211,0,80.17233333333333,34.5,False
2024-01-27 15:00:00,DEV-0041,Notification-Service,v1.4,113.17,0.00733,1,76.95375,68.1,False
2024-01-27 15:00:00,DEV-0043,Reporting-Service,v1.4,53.879,0.01708,0,83.53695833333333,34.8,False
2024-01-27 15:00:00,DEV-0007,Data-Ingestion,v2.0,92.011,0.00835,0,76.72391666666665,50.4,False
2024-01-27 16:00:00,DEV-0049,Reporting-Service,v1.5,77.671,0.01614,0,83.20858333333334,49.1,False
2024-01-27 16:00:00,DEV-0006,Reporting-Service,v1.5,83.457,0.02406,1,82.26625,72.2,False
2024-01-27 16:00:00,DEV-0042,API-Gateway,v1.4,93.653,0.00939,0,81.59825,53.3,False
2024-01-27 16:00:00,DEV-0009,Data-Ingestion,v1.4,85.386,0.01682,0,76.55137500000001,57.9,False
2024-01-27 17:00:00,DEV-0010,API-Gateway,v2.0,79.101,0.00842,0,81.33216666666668,38.1,False
2024-01-27 17:00:00,DEV-0040,Data-Ingestion,v1.5,107.14,0.01179,0,78.40129166666667,64.2,False
2024-01-27 17:00:00,DEV-0012,Notification-Service,v1.4,76.042,0.02162,0,75.21608333333333,53.2,False
2024-01-27 17:00:00,DEV-0006,Notification-Service,v1.4,71.883,0.00902,0,75.79725,32.2,False
2024-01-27 18:00:00,DEV-0031,Data-Ingestion,v2.0,83.637,0.00608,0,77.19508333333333,39.7,False
2024-01-27 18:00:00,DEV-0024,Data-Ingestion,v2.0,92.311,0.00818,1,78.230625,59.6,False
2024-01-27 18:00:00,DEV-0040,Data-Ingestion,v1.5,82.166,0.02162,0,77.987,59.6,False
2024-01-27 18:00:00,DEV-0044,Data-Ingestion,v1.5,107.265,0.01245,0,79.10041666666666,65.3,False
2024-01-27 19:00:00,DEV-0022,Notification-Service,v2.0,93.994,0.01182,0,75.86108333333334,57.8,False
2024-01-27 19:00:00,DEV-0008,API-Gateway,v1.4,99.21,0.01762,1,80.36508333333333,79.1,False
2024-01-27 19:00:00,DEV-0040,Reporting-Service,v1.5,66.372,0.01832,0,81.27437499999999,42.1,False
2024-01-27 20:00:00,DEV-0009,API-Gateway,v1.5,89.779,0.01206,0,80.76133333333333,54.6,False
2024-01-27 20:00:00,DEV-0029,Reporting-Service,v1.5,43.498,0.02326,0,78.48166666666667,38.9,False
2024-01-27 21:00:00,DEV-0013,Data-Ingestion,v1.5,81.958,0.02776,0,79.07195833333333,62.5,False
2024-01-27 22:00:00,DEV-0024,API-Gateway,v1.5,82.994,0.02172,1,80.73320833333334,70.1,False
2024-01-27 23:00:00,DEV-0046,API-Gateway,v1.5,72.901,0.01199,0,80.70774999999999,37.9,False
2024-01-27 23:00:00,DEV-0049,Reporting-Service,v1.4,87.402,0.01309,1,78.90366666666667,63.5,False
2024-01-27 23:00:00,DEV-0042,Reporting-Service,v1.4,69.666,0.02325,0,77.99141666666667,48.8,False
2024-01-27 23:00:00,DEV-0032,Data-Ingestion,v1.5,55.063,0.0,0,78.179875,11.5,False
2024-01-28 00:00:00,DEV-0011,Notification-Service,v2.0,95.808,0.01853,1,77.40625,78.1,False
2024-01-28 00:00:00,DEV-0025,Reporting-Service,v1.4,53.81,0.02416,0,77.42095833333333,41.2,False
2024-01-28 00:00:00,DEV-0006,Data-Ingestion,v1.5,76.175,0.0154,1,78.04483333333333,55.9,False
2024-01-28 00:00:00,DEV-0044,API-Gateway,v1.4,106.851,0.02169,0,82.29858333333333,76.8,False
2024-01-28 01:00:00,DEV-0020,Data-Ingestion,v2.0,80.192,0.01809,0,79.03954166666666,53.7,False
2024-01-28 01:00:00,DEV-0042,API-Gateway,v2.0,78.898,9e-05,0,80.97220833333333,29.0,False
2024-01-28 01:00:00,DEV-0046,Notification-Service,v2.0,91.565,0.02607,0,78.419375,71.0,False
2024-01-28 01:00:00,DEV-0033,API-Gateway,v2.0,77.259,0.01481,1,81.3335,56.1,False
2024-01-28 02:00:00,DEV-0011,Notification-Service,v1.5,49.919,0.01748,0,77.83637499999999,34.4,False
2024-01-28 02:00:00,DEV-0024,API-Gateway,v1.5,107.762,0.00274,0,82.11220833333333,51.9,False
2024-01-28 03:00:00,DEV-0050,Data-Ingestion,v2.0,91.465,0.0,0,79.86054166666666,40.0,False
2024-01-28 03:00:00,DEV-0040,Notification-Service,v2.0,105.318,0.02082,0,78.37579166666667,75.4,False
2024-01-28 04:00:00,DEV-0010,API-Gateway,v1.4,108.47,0.02187,1,83.59724999999999,86.8,False
2024-01-28 05:00:00,DEV-0011,Notification-Service,v2.0,90.299,0.00895,0,79.116875,49.9,False
2024-01-28 05:00:00,DEV-0031,Data-Ingestion,v1.5,61.339,0.01954,0,80.34370833333332,40.3,False
2024-01-28 05:00:00,DEV-0024,Reporting-Service,v1.4,108.325,0.0,0,78.157125,48.9,False
2024-01-28 05:00:00,DEV-0007,Notification-Service,v1.5,107.152,0.01915,0,81.212625,74.3,False
2024-01-28 06:00:00,DEV-0037,API-Gateway,v1.5,86.711,0.0012,0,83.72995833333333,37.8,False
2024-01-28 07:00:00,DEV-0028,API-Gateway,v1.5,85.235,0.00388,0,85.22758333333333,38.6,False
2024-01-28 07:00:00,DEV-0024,Reporting-Service,v1.5,79.119,0.00761,1,77.734625,46.2,False
2024-01-28 08:00:00,DEV-0018,Data-Ingestion,v1.5,59.721,0.01769,0,79.48758333333332,37.7,False
2024-01-28 09:00:00,DEV-0041,Data-Ingestion,v1.5,80.012,0.0051,0,78.50345833333334,34.3,False
2024-01-28 10:00:00,DEV-0002,Notification-Service,v1.5,92.168,0.0169,0,82.39641666666667,64.1,False
2024-01-28 10:00:00,DEV-0008,Notification-Service,v2.0,73.008,0.0,2,81.80866666666667,33.4,False
2024-01-28 10:00:00,DEV-0008,Data-Ingestion,v1.5,92.172,0.025,0,78.36975,71.2,False
2024-01-28 10:00:00,DEV-0011,Reporting-Service,v1.4,79.139,0.01656,0,77.04366666666667,51.2,False
2024-01-28 11:00:00,DEV-0025,API-Gateway,v1.5,81.975,0.00814,0,85.53633333333333,40.5,False
2024-01-28 12:00:00,DEV-0050,Reporting-Service,v1.4,56.474,0.00405,0,76.293625,16.2,False
2024-01-28 13:00:00,DEV-0027,Notification-Service,v1.4,102.204,0.02473,1,83.09987500000001,86.5,False
2024-01-28 13:00:00,DEV-0012,Data-Ingestion,v1.5,74.49,0.02122,1,79.83695833333333,60.8,False
2024-01-28 13:00:00,DEV-0023,Data-Ingestion,v1.5,106.324,0.0228,0,79.27366666666667,77.4,False
2024-01-28 14:00:00,DEV-0046,Data-Ingestion,v1.5,91.163,0.0,0,81.18429166666667,39.8,False
2024-01-28 14:00:00,DEV-0014,API-Gateway,v2.0,78.758,0.00172,0,85.37487499999999,30.1,False
2024-01-28 15:00:00,DEV-0050,Reporting-Service,v1.4,115.94,0.02003,0,78.03758333333333,77.7,False
2024-01-28 16:00:00,DEV-0007,Data-Ingestion,v2.0,61.667,0.01458,1,80.98895833333333,43.9,False
2024-01-28 16:00:00,DEV-0031,Reporting-Service,v1.5,111.623,0.01247,0,78.91216666666666,66.8,False
2024-01-28 17:00:00,DEV-0027,Reporting-Service,v1.5,85.494,0.0,0,80.423625,34.8,False
2024-01-28 17:00:00,DEV-0013,Data-Ingestion,v2.0,70.206,0.0,0,80.72666666666667,19.8,False
2024-01-28 18:00:00,DEV-0047,Data-Ingestion,v1.4,33.099,0.00841,1,78.00283333333333,28.2,False
2024-01-28 18:00:00,DEV-0036,Data-Ingestion,v1.4,53.164,0.0235,0,78.27708333333332,40.6,False
2024-01-28 18:00:00,DEV-0037,API-Gateway,v2.0,83.814,0.00283,2,86.33008333333333,47.8,False
2024-01-28 19:00:00,DEV-0017,Reporting-Service,v2.0,109.988,0.00377,0,82.15779166666667,53.5,False
2024-01-28 20:00:00,DEV-0047,Reporting-Service,v2.0,78.407,0.00876,0,81.63408333333334,37.9,False
2024-01-28 20:00:00,DEV-0024,Data-Ingestion,v1.5,82.646,0.03126,0,77.97825,64.1,False
2024-01-28 20:00:00,DEV-0045,Data-Ingestion,v1.4,62.717,0.0162,1,78.36845833333334,46.7,False
2024-01-28 20:00:00,DEV-0013,API-Gateway,v1.5,89.414,0.01348,0,88.06616666666666,56.7,False
2024-01-28 21:00:00,DEV-0039,Reporting-Service,v2.0,104.198,0.00277,0,82.85354166666667,50.7,False
2024-01-28 21:00:00,DEV-0032,Data-Ingestion,v2.0,56.135,0.02296,0,76.75945833333334,41.1,False
2024-01-28 22:00:00,DEV-0037,Notification-Service,v2.0,76.145,0.00448,0,84.10345833333334,29.8,False
2024-01-28 22:00:00,DEV-0037,Data-Ingestion,v2.0,97.373,0.03949,0,76.3525,77.1,False
2024-01-28 23:00:00,DEV-0006,API-Gateway,v1.4,101.076,0.00739,0,88.45941666666666,54.7,False
2024-01-28 23:00:00,DEV-0003,API-Gateway,v2.0,100.916,0.00668,0,88.89420833333332,53.6,False
2024-01-28 23:00:00,DEV-0048,Notification-Service,v1.5,51.968,0.00474,0,83.43208333333332,15.9,False
2024-01-28 23:00:00,DEV-0044,Data-Ingestion,v1.5,68.762,0.01104,1,75.794,42.5,False
2024-01-29 00:00:00,DEV-0047,API-Gateway,v1.4,49.84,0.00761,0,87.06129166666666,19.0,False
2024-01-29 00:00:00,DEV-0026,API-Gateway,v2.0,115.734,0.00885,0,89.99604166666666,61.7,False
2024-01-29 00:00:00,DEV-0011,Data-Ingestion,v1.5,73.134,0.00654,0,74.99495833333333,29.2,False
2024-01-29 00:00:00,DEV-0022,API-Gateway,v1.5,51.321,0.0,0,88.97679166666667,10.8,False
2024-01-29 01:00:00,DEV-0015,API-Gateway,v1.5,79.884,0.01636,0,86.837375,51.4,False
2024-01-29 01:00:00,DEV-0045,Data-Ingestion,v2.0,67.104,0.01536,0,74.30608333333333,39.0,False
2024-01-29 01:00:00,DEV-0029,Notification-Service,v2.0,81.145,0.02364,0,82.864875,59.8,False
2024-01-29 02:00:00,DEV-0003,Notification-Service,v1.4,98.8,0.00502,0,83.52754166666666,50.7,False
2024-01-29 02:00:00,DEV-0009,Notification-Service,v1.5,80.737,0.00543,0,83.87916666666666,35.4,False
2024-01-29 03:00:00,DEV-0018,Notification-Service,v2.0,48.665,0.01617,0,83.323375,32.5,False
2024-01-29 03:00:00,DEV-0042,Notification-Service,v1.5,99.15,0.01274,0,84.349625,62.7,False
2024-01-29 03:00:00,DEV-0028,Reporting-Service,v1.4,63.463,0.01527,0,82.12183333333333,36.6,False
2024-01-29 03:00:00,DEV-0042,Data-Ingestion,v1.5,63.617,0.01058,0,72.48741666666668,29.1,False
2024-01-29 04:00:00,DEV-0008,Notification-Service,v1.5,101.497,0.01677,0,85.81854166666666,69.8,False
2024-01-29 05:00:00,DEV-0039,Reporting-Service,v1.5,85.615,0.01289,0,81.14570833333333,52.3,False
2024-01-29 05:00:00,DEV-0026,Notification-Service,v2.0,83.725,0.01056,0,85.58912500000001,46.8,False
2024-01-29 06:00:00,DEV-0008,Reporting-Service,v1.4,68.788,0.02087,1,80.04666666666667,55.7,False
2024-01-29 07:00:00,DEV-0045,Reporting-Service,v1.5,72.863,0.03086,0,79.69904166666667,54.1,False
2024-01-29 07:00:00,DEV-0024,Reporting-Service,v1.5,75.265,0.02106,1,80.10329166666666,61.4,False
2024-01-29 08:00:00,DEV-0011,Reporting-Service,v1.5,75.426,0.02006,0,79.41175,50.9,False
2024-01-29 08:00:00,DEV-0010,Notification-Service,v1.5,110.264,0.00581,0,86.69508333333333,55.8,False
2024-01-29 09:00:00,DEV-0027,Data-Ingestion,v1.5,97.775,0.00765,0,73.14645833333334,53.6,False
2024-01-29 09:00:00,DEV-0007,Notification-Service,v1.5,48.458,0.00962,0,85.1285,22.0,False
2024-01-29 09:00:00,DEV-0013,API-Gateway,v1.5,62.952,0.01405,0,86.02116666666666,34.5,False
2024-01-29 10:00:00,DEV-0021,Reporting-Service,v1.5,73.6,0.00971,0,80.23345833333333,34.6,False
2024-01-29 10:00:00,DEV-0013,API-Gateway,v2.0,74.03,0.01163,0,85.20354166666667,38.6,False
2024-01-29 11:00:00,DEV-0028,API-Gateway,v1.4,74.631,0.01173,0,85.01729166666667,39.4,False
2024-01-29 11:00:00,DEV-0025,Data-Ingestion,v2.0,119.683,0.00061,0,75.83895833333334,53.1,False
2024-01-29 11:00:00,DEV-0029,API-Gateway,v2.0,68.128,0.00228,0,83.72220833333334,21.1,False
2024-01-29 12:00:00,DEV-0005,Data-Ingestion,v1.4,82.116,0.01853,0,76.48620833333332,56.4,False
2024-01-29 12:00:00,DEV-0019,Data-Ingestion,v2.0,89.785,0.01297,0,76.40604166666667,56.1,False
2024-01-29 13:00:00,DEV-0028,Reporting-Service,v1.4,94.12,0.0046,0,80.91883333333332,47.2,False
2024-01-29 13:00:00,DEV-0008,API-Gateway,v1.5,105.351,0.03787,0,84.37104166666667,80.5,False
2024-01-29 13:00:00,DEV-0011,Notification-Service,v1.5,93.046,0.0,2,84.29,52.7,False
2024-01-29 14:00:00,DEV-0005,Reporting-Service,v2.0,61.58,0.01169,0,79.59991666666667,29.8,False
2024-01-29 14:00:00,DEV-0048,Reporting-Service,v1.5,56.595,0.03082,0,79.79958333333333,44.1,False
2024-01-29 14:00:00,DEV-0045,API-Gateway,v1.5,52.987,0.00623,0,83.12075,17.7,False
2024-01-29 14:00:00,DEV-0034,Notification-Service,v1.4,89.788,0.00946,2,85.03604166666666,61.6,False
2024-01-29 15:00:00,DEV-0004,Reporting-Service,v1.5,57.701,0.01622,0,80.19170833333332,35.0,False
2024-01-29 16:00:00,DEV-0027,Notification-Service,v2.0,81.941,0.02039,0,84.32375,58.0,False
2024-01-29 16:00:00,DEV-0009,Notification-Service,v1.5,85.597,0.0,0,84.90154166666666,34.9,False
2024-01-29 16:00:00,DEV-0044,Notification-Service,v1.5,81.211,0.00372,0,85.25141666666667,34.1,False
2024-01-29 17:00:00,DEV-0026,Reporting-Service,v1.4,74.573,0.00156,0,80.39616666666667,25.8,False
2024-01-29 17:00:00,DEV-0041,Notification-Service,v2.0,77.667,0.01787,0,83.74466666666666,51.2,False
2024-01-29 17:00:00,DEV-0019,Data-Ingestion,v1.4,88.936,0.01147,1,76.38083333333334,62.1,False
2024-01-29 17:00:00,DEV-0025,Data-Ingestion,v2.0,93.445,0.0,1,77.71858333333334,51.0,False
2024-01-29 18:00:00,DEV-0025,API-Gateway,v1.5,121.062,0.02542,0,85.12745833333334,82.3,False
2024-01-29 19:00:00,DEV-0014,API-Gateway,v1.4,72.114,0.00547,0,83.68008333333333,27.1,False
2024-01-29 19:00:00,DEV-0046,Reporting-Service,v1.4,47.153,0.0126,0,78.719125,26.8,False
2024-01-29 19:00:00,DEV-0002,API-Gateway,v1.5,61.888,0.01331,0,83.039625,32.5,False
2024-01-29 20:00:00,DEV-0042,Notification-Service,v1.5,79.218,0.00586,0,84.96545833333333,34.6,False
2024-01-29 20:00:00,DEV-0001,Notification-Service,v1.4,110.617,0.01532,0,85.18625,71.1,False
2024-01-29 20:00:00,DEV-0038,Notification-Service,v1.5,74.138,0.00944,0,84.512875,34.9,False
2024-01-29 21:00:00,DEV-0008,Notification-Service,v2.0,71.763,0.03567,0,83.03833333333334,53.4,False
2024-01-29 22:00:00,DEV-0001,API-Gateway,v1.5,95.667,0.02269,1,83.73833333333333,82.0,False
2024-01-29 23:00:00,DEV-0039,Reporting-Service,v2.0,85.256,0.01902,0,80.029375,60.2,False
2024-01-29 23:00:00,DEV-0032,Data-Ingestion,v2.0,117.663,0.01401,0,80.13283333333334,70.8,False
2024-01-30 00:00:00,DEV-0022,Reporting-Service,v1.4,99.253,0.0051,0,79.651375,51.0,False
2024-01-30 00:00:00,DEV-0050,Notification-Service,v1.4,83.957,0.01918,0,83.49454166666666,59.3,False
2024-01-30 00:00:00,DEV-0030,Data-Ingestion,v1.5,88.94,0.01146,0,80.50483333333334,52.7,False
2024-01-30 01:00:00,DEV-0022,API-Gateway,v1.4,81.685,0.00522,0,82.65179166666667,36.2,False
2024-01-30 02:00:00,DEV-0047,Notification-Service,v1.5,58.075,0.0,1,82.074,22.1,False
2024-01-30 02:00:00,DEV-0034,API-Gateway,v1.5,78.467,0.01033,0,80.427125,40.7,False
2024-01-30 02:00:00,DEV-0035,API-Gateway,v1.5,63.322,0.01531,1,80.77062500000001,45.9,False
2024-01-30 03:00:00,DEV-0015,Reporting-Service,v2.0,67.118,0.00939,1,79.15133333333334,38.5,False
2024-01-30 03:00:00,DEV-0025,Reporting-Service,v1.5,68.335,0.01193,0,78.70116666666667,34.3,False
2024-01-30 03:00:00,DEV-0041,Data-Ingestion,v1.5,94.52,0.00574,1,80.60266666666666,58.1,False
2024-01-30 03:00:00,DEV-0043,API-Gateway,v2.0,64.531,0.00869,0,79.56445833333333,26.4,False
2024-01-30 04:00:00,DEV-0043,Reporting-Service,v2.0,80.206,0.00054,0,79.69,30.5,False
2024-01-30 04:00:00,DEV-0012,Notification-Service,v2.0,91.55,0.00511,0,81.63008333333333,45.5,False
2024-01-30 05:00:00,DEV-0008,API-Gateway,v1.4,56.689,0.00598,0,78.510875,18.5,False
2024-01-30 05:00:00,DEV-0021,Data-Ingestion,v2.0,74.392,0.01678,0,79.27216666666668,46.7,False
2024-01-30 05:00:00,DEV-0015,Reporting-Service,v1.4,86.722,0.01302,1,78.47258333333333,62.9,False
2024-01-30 05:00:00,DEV-0027,Notification-Service,v2.0,76.824,0.02865,0,81.65837499999999,57.5,False
2024-01-30 06:00:00,DEV-0026,API-Gateway,v1.4,75.01,0.03259,1,78.35470833333333,65.7,False
2024-01-30 06:00:00,DEV-0029,Data-Ingestion,v1.5,84.341,0.00865,1,79.682625,53.4,False
2024-01-30 06:00:00,DEV-0033,Reporting-Service,v1.5,60.964,0.01783,0,76.36179166666666,38.5,False
2024-01-30 06:00:00,DEV-0004,Notification-Service,v1.4,85.036,0.02107,0,83.03620833333333,62.0,False
2024-01-30 07:00:00,DEV-0005,Notification-Service,v2.0,94.481,0.01001,0,83.591875,55.1,False
2024-01-30 07:00:00,DEV-0025,API-Gateway,v1.5,45.627,0.00596,1,76.76358333333333,25.6,False
2024-01-30 08:00:00,DEV-0022,Reporting-Service,v1.5,62.968,0.02498,0,75.42320833333333,45.4,False
2024-01-30 08:00:00,DEV-0040,Notification-Service,v1.4,76.869,0.01056,0,82.67808333333333,39.4,False
2024-01-30 09:00:00,DEV-0033,Data-Ingestion,v1.5,83.818,0.0128,0,79.37658333333333,50.6,False
2024-01-30 10:00:00,DEV-0026,Notification-Service,v1.4,45.664,0.0106,0,81.21670833333333,23.5,False
2024-01-30 10:00:00,DEV-0031,Reporting-Service,v2.0,90.337,0.01711,1,74.60441666666667,72.2,False
2024-01-30 10:00:00,DEV-0045,API-Gateway,v1.5,85.571,0.00112,0,76.60345833333334,36.8,False
2024-01-30 11:00:00,DEV-0033,API-Gateway,v1.5,74.517,0.01671,0,73.25812499999999,46.7,False
2024-01-30 11:00:00,DEV-0037,API-Gateway,v1.4,73.648,0.01679,0,74.9755,45.8,False
2024-01-30 11:00:00,DEV-0037,API-Gateway,v1.5,89.273,0.00588,0,76.11833333333333,44.4,False
2024-01-30 11:00:00,DEV-0033,Reporting-Service,v2.0,71.954,0.01988,0,74.33554166666667,47.7,False
2024-01-30 12:00:00,DEV-0022,Notification-Service,v1.5,34.81,0.01299,0,78.53587499999999,26.5,False
2024-01-30 12:00:00,DEV-0042,API-Gateway,v1.4,59.415,0.00994,0,73.595375,25.7,False
2024-01-30 13:00:00,DEV-0003,Reporting-Service,v1.5,98.605,0.0,0,74.1025,45.3,False
2024-01-30 14:00:00,DEV-0009,API-Gateway,v2.0,94.11,0.01714,0,75.43995833333334,65.9,False
2024-01-30 14:00:00,DEV-0034,API-Gateway,v1.4,83.824,0.02057,0,75.604125,60.5,False
2024-01-30 14:00:00,DEV-0011,Notification-Service,v1.5,63.204,0.00335,0,79.14166666666667,18.7,False
2024-01-30 14:00:00,DEV-0040,Notification-Service,v1.5,70.072,0.00635,0,77.83229166666666,26.6,False
2024-01-30 15:00:00,DEV-0045,API-Gateway,v1.5,110.702,0.00846,0,77.59370833333334,59.8,False
2024-01-30 16:00:00,DEV-0043,Data-Ingestion,v1.5,93.824,0.01869,0,80.71645833333334,67.2,False
2024-01-30 17:00:00,DEV-0001,Data-Ingestion,v1.4,58.113,0.01731,2,82.79854166666667,48.0,False
2024-01-30 17:00:00,DEV-0040,Data-Ingestion,v2.0,95.162,0.0209,0,81.75629166666667,70.6,False
2024-01-30 18:00:00,DEV-0050,API-Gateway,v1.5,86.119,0.00092,0,78.09741666666666,37.0,False
2024-01-30 18:00:00,DEV-0021,Reporting-Service,v1.5,82.981,0.01577,0,74.91575,54.3,False
2024-01-30 18:00:00,DEV-0030,Notification-Service,v1.4,85.041,0.01202,0,76.85195833333334,50.2,False
2024-01-30 18:00:00,DEV-0048,Notification-Service,v1.5,85.42,0.02162,0,77.90291666666667,62.9,False
2024-01-30 19:00:00,DEV-0009,Data-Ingestion,v1.4,71.929,0.00747,1,83.54975,39.0,False
2024-01-30 19:00:00,DEV-0047,Data-Ingestion,v2.0,61.981,0.01623,0,83.16591666666666,37.0,False
2024-01-30 19:00:00,DEV-0011,Notification-Service,v1.5,58.822,0.01964,1,77.28379166666666,48.7,False
2024-01-30 20:00:00,DEV-0030,Reporting-Service,v1.5,93.758,0.0208,0,75.55258333333333,69.3,False
2024-01-30 20:00:00,DEV-0029,API-Gateway,v1.4,95.282,0.01767,1,78.957875,76.7,False
2024-01-30 20:00:00,DEV-0001,Reporting-Service,v2.0,75.929,0.02192,0,74.51216666666666,53.4,False
2024-01-30 20:00:00,DEV-0049,API-Gateway,v1.5,72.595,0.00762,0,79.14399999999999,30.5,False
2024-01-30 21:00:00,DEV-0030,Notification-Service,v2.0,104.792,0.00756,1,77.77320833333333,65.7,False
2024-01-30 21:00:00,DEV-0016,Data-Ingestion,v2.0,51.275,0.01458,0,83.19475,30.9,False
2024-01-30 21:00:00,DEV-0006,Data-Ingestion,v1.5,78.986,0.01127,0,83.39725,42.7,False
2024-01-30 22:00:00,DEV-0038,API-Gateway,v1.5,89.166,0.0085,1,80.11283333333334,57.4,False
2024-01-30 22:00:00,DEV-0005,API-Gateway,v2.0,92.424,0.02034,0,78.605375,67.9,False
2024-01-30 23:00:00,DEV-0025,Data-Ingestion,v1.5,92.677,0.01174,0,82.99908333333333,56.8,False
2024-01-31 00:00:00,DEV-0030,Data-Ingestion,v1.5,78.276,0.00639,1,83.3955,43.6,False
2024-01-31 01:00:00,DEV-0024,Notification-Service,v1.5,50.346,0.01073,0,76.12979166666666,24.5,False
2024-01-31 01:00:00,DEV-0023,API-Gateway,v1.4,66.918,0.0127,1,78.30775,44.0,False
2024-01-31 01:00:00,DEV-0016,Data-Ingestion,v1.5,93.665,0.01872,0,84.25095833333334,67.1,False
2024-01-31 01:00:00,DEV-0028,API-Gateway,v1.5,82.936,0.02275,1,78.52425000000001,70.8,False
2024-01-31 02:00:00,DEV-0044,Data-Ingestion,v1.4,132.865,0.00804,0,86.991,61.6,False
2024-01-31 03:00:00,DEV-0050,Reporting-Service,v2.0,60.379,0.01371,0,74.93233333333333,32.7,False
2024-01-31 03:00:00,DEV-0050,Data-Ingestion,v1.5,95.018,0.01716,2,87.03966666666666,78.0,False
2024-01-31 03:00:00,DEV-0043,Data-Ingestion,v1.4,67.542,0.01197,0,87.15454166666666,33.8,False
2024-01-31 04:00:00,DEV-0009,API-Gateway,v1.5,98.641,0.00224,0,79.839125,48.0,False
2024-01-31 04:00:00,DEV-0024,Data-Ingestion,v1.5,48.1,0.02104,0,84.11716666666668,37.7,False
2024-01-31 04:00:00,DEV-0025,Data-Ingestion,v1.5,91.228,0.02026,0,85.85404166666666,66.8,False
2024-01-31 05:00:00,DEV-0008,Data-Ingestion,v1.5,86.354,0.00282,0,84.29375,38.6,False
2024-01-31 06:00:00,DEV-0027,Reporting-Service,v1.4,84.891,0.01386,0,75.4335,53.2,False
2024-01-31 06:00:00,DEV-0018,Notification-Service,v1.4,79.805,0.01031,0,76.07120833333333,41.9,False
2024-01-31 07:00:00,DEV-0047,API-Gateway,v1.5,92.437,0.01216,0,79.70454166666667,57.3,False
2024-01-31 07:00:00,DEV-0015,Reporting-Service,v1.4,95.248,0.0,0,76.25941666666667,43.1,False
2024-01-31 07:00:00,DEV-0038,Data-Ingestion,v1.5,57.861,0.01509,3,82.99895833333333,45.4,False
2024-01-31 08:00:00,DEV-0025,Data-Ingestion,v1.4,84.118,0.01648,1,82.61033333333333,65.8,False
2024-01-31 08:00:00,DEV-0006,Notification-Service,v1.5,86.093,0.0,0,76.091875,35.3,False
2024-01-31 09:00:00,DEV-0035,Data-Ingestion,v1.4,74.079,0.00143,0,80.79433333333334,25.2,False
2024-01-31 10:00:00,DEV-0048,Data-Ingestion,v1.4,137.165,0.00123,1,82.80370833333333,63.8,False
2024-01-31 10:00:00,DEV-0014,Reporting-Service,v1.4,97.208,0.0084,0,77.24308333333333,54.3,False
2024-01-31 10:00:00,DEV-0019,Reporting-Service,v1.4,70.262,0.00894,1,76.24900000000001,40.1,False
2024-01-31 10:00:00,DEV-0001,Reporting-Service,v2.0,51.025,0.01632,0,76.01691666666666,33.3,False
2024-01-31 11:00:00,DEV-0026,Data-Ingestion,v2.0,63.58,0.01187,1,81.51454166666666,40.5,False
2024-01-31 11:00:00,DEV-0006,Reporting-Service,v1.4,85.858,0.01321,1,77.02850000000001,62.5,False
2024-01-31 11:00:00,DEV-0035,Notification-Service,v1.5,90.956,0.00923,0,76.4675,50.9,False
2024-01-31 12:00:00,DEV-0015,Data-Ingestion,v1.5,86.223,0.00689,1,82.0075,52.3,False
2024-01-31 12:00:00,DEV-0009,Reporting-Service,v2.0,86.162,0.01744,0,78.611875,59.4,False
2024-01-31 12:00:00,DEV-0022,Reporting-Service,v2.0,84.113,0.0,1,78.129,42.9,False
2024-01-31 12:00:00,DEV-0041,Reporting-Service,v2.0,63.236,0.0,0,79.282,15.2,False
2024-01-31 13:00:00,DEV-0004,API-Gateway,v1.4,63.177,0.00601,0,78.933375,21.6,False
2024-01-31 13:00:00,DEV-0016,API-Gateway,v1.5,83.385,0.01686,0,79.76933333333334,56.1,False
2024-01-31 14:00:00,DEV-0020,API-Gateway,v1.5,80.254,0.00041,0,79.84379166666668,30.5,False
2024-01-31 14:00:00,DEV-0008,API-Gateway,v1.5,64.417,0.0,1,79.83904166666666,25.3,False
2024-01-31 14:00:00,DEV-0005,Reporting-Service,v1.5,77.595,0.0089,1,79.3895,46.7,False
2024-01-31 14:00:00,DEV-0014,Reporting-Service,v2.0,109.494,0.00761,1,80.29191666666667,67.4,False
2024-01-31 15:00:00,DEV-0018,API-Gateway,v2.0,65.078,0.01655,0,80.18858333333334,39.2,False
2024-01-31 15:00:00,DEV-0008,API-Gateway,v1.4,105.025,0.012,0,81.43920833333334,63.8,False
2024-01-31 16:00:00,DEV-0037,Notification-Service,v1.4,78.42,0.00036,0,76.498875,28.8,False
2024-01-31 16:00:00,DEV-0030,Notification-Service,v1.5,63.6,0.01427,0,75.848125,35.2,False
2024-01-31 16:00:00,DEV-0038,Reporting-Service,v1.5,103.046,0.00839,0,81.26058333333333,57.1,False
2024-01-31 16:00:00,DEV-0021,Reporting-Service,v1.5,77.313,0.01572,1,79.81429166666666,57.5,False
2024-01-31 17:00:00,DEV-0018,Reporting-Service,v1.5,32.094,0.02587,1,79.25591666666666,49.1,False
2024-01-31 18:00:00,DEV-0022,Data-Ingestion,v1.5,82.13,0.0098,0,81.915375,43.4,False
2024-01-31 19:00:00,DEV-0018,API-Gateway,v1.5,79.665,0.00663,0,83.10070833333333,35.7,False
2024-01-31 19:00:00,DEV-0036,Notification-Service,v1.5,101.511,0.01065,0,75.46870833333334,60.3,False
2024-01-31 19:00:00,DEV-0041,API-Gateway,v1.5,91.409,0.00995,0,83.34679166666668,52.4,False
2024-01-31 20:00:00,DEV-0014,Notification-Service,v1.5,104.008,0.00424,0,76.71329166666668,51.9,False
2024-01-31 21:00:00,DEV-0041,Data-Ingestion,v2.0,87.452,0.01779,0,82.06679166666667,60.9,False
2024-01-31 22:00:00,DEV-0006,Notification-Service,v1.5,72.486,0.01757,0,76.74341666666666,45.9,False
2024-01-31 22:00:00,DEV-0045,Data-Ingestion,v1.4,83.534,0.021,0,81.63804166666667,60.6,False
2024-01-31 23:00:00,DEV-0001,Data-Ingestion,v2.0,108.412,0.0,0,82.190125,49.0,False
2024-01-31 23:00:00,DEV-0046,Notification-Service,v2.0,98.274,0.00267,0,79.01116666666667,48.1,False
2024-01-31 23:00:00,DEV-0042,Notification-Service,v1.5,98.184,0.00022,0,77.33620833333333,46.3,False
2024-01-31 23:00:00,DEV-0003,Reporting-Service,v2.0,78.521,0.0152,1,78.91420833333333,58.1,False
2024-02-01 00:00:00,DEV-0002,Data-Ingestion,v1.5,81.843,0.00763,2,83.178875,50.9,False
2024-02-01 01:00:00,DEV-0022,Reporting-Service,v1.5,87.771,0.0168,1,80.03116666666666,69.5,False
2024-02-01 02:00:00,DEV-0016,Reporting-Service,v2.0,63.09,0.00637,0,80.03625000000001,22.0,False
2024-02-01 03:00:00,DEV-0024,API-Gateway,v2.0,91.078,0.02913,0,83.17591666666668,71.5,False
2024-02-01 04:00:00,DEV-0011,Notification-Service,v1.5,67.591,0.0,0,78.012875,18.0,False
2024-02-01 04:00:00,DEV-0017,Data-Ingestion,v2.0,48.905,0.00596,0,82.63404166666668,16.6,False
2024-02-01 04:00:00,DEV-0024,Reporting-Service,v1.5,59.544,0.00552,0,78.28620833333333,19.2,False
2024-02-01 04:00:00,DEV-0003,Reporting-Service,v2.0,60.746,0.01191,0,78.80329166666667,29.8,False
2024-02-01 05:00:00,DEV-0036,API-Gateway,v1.5,84.452,0.01487,0,83.62608333333334,54.4,False
2024-02-01 05:00:00,DEV-0050,Notification-Service,v1.5,113.138,0.02422,0,79.52595833333334,80.6,False
2024-02-01 05:00:00,DEV-0028,Reporting-Service,v1.4,68.39,0.0041,0,77.02725,22.8,False
2024-02-01 06:00:00,DEV-0020,API-Gateway,v1.5,106.846,0.01144,0,84.97312500000001,63.4,False
2024-02-01 06:00:00,DEV-0044,Reporting-Service,v1.5,78.053,0.02634,0,76.82191666666667,58.1,False
2024-02-01 07:00:00,DEV-0045,API-Gateway,v1.4,85.732,0.00797,0,86.06966666666666,44.2,False
2024-02-01 08:00:00,DEV-0049,Notification-Service,v1.5,51.048,0.01436,1,78.10979166666667,40.0,False
2024-02-01 08:00:00,DEV-0014,API-Gateway,v2.0,75.571,0.03636,1,85.29720833333333,66.4,False
2024-02-01 09:00:00,DEV-0029,API-Gateway,v1.5,123.473,0.00338,0,86.94925,55.5,False
2024-02-01 09:00:00,DEV-0029,Data-Ingestion,v1.5,69.13,0.01859,0,82.51741666666668,44.3,False
2024-02-01 09:00:00,DEV-0004,Notification-Service,v1.5,57.863,0.00727,0,76.58404166666666,20.8,False
2024-02-01 09:00:00,DEV-0033,Data-Ingestion,v1.5,63.82,0.00907,0,81.8855,26.6,False
2024-02-01 10:00:00,DEV-0003,Reporting-Service,v2.0,91.536,0.01134,0,77.47220833333334,54.9,False
2024-02-01 11:00:00,DEV-0039,Reporting-Service,v1.4,63.898,0.01148,0,76.22804166666667,30.8,False
2024-02-01 12:00:00,DEV-0004,Notification-Service,v1.5,96.977,0.01356,1,77.421875,72.3,False
2024-02-01 12:00:00,DEV-0027,Data-Ingestion,v2.0,129.127,0.01346,0,85.12933333333334,70.6,False
2024-02-01 13:00:00,DEV-0029,Notification-Service,v1.4,95.812,0.01372,0,79.511375,62.6,False
2024-02-01 13:00:00,DEV-0030,Reporting-Service,v1.5,96.897,0.0043,0,77.749625,48.8,False
2024-02-01 13:00:00,DEV-0020,Data-Ingestion,v1.5,79.937,0.01916,1,84.59849999999999,63.9,False
2024-02-01 14:00:00,DEV-0016,Notification-Service,v2.0,75.814,0.01146,0,81.219875,39.8,False
2024-02-01 14:00:00,DEV-0049,Notification-Service,v1.5,55.823,0.008,0,80.91233333333334,20.9,False
2024-02-01 14:00:00,DEV-0046,Notification-Service,v1.4,60.697,0.0081,0,80.52170833333334,23.2,False
2024-02-01 14:00:00,DEV-0018,Data-Ingestion,v1.4,101.467,0.0,0,85.56479166666668,46.5,False
2024-02-01 15:00:00,DEV-0020,Notification-Service,v1.4,65.885,0.00284,0,79.70774999999999,20.0,False
2024-02-01 15:00:00,DEV-0032,Reporting-Service,v2.0,75.056,0.03357,0,77.33983333333333,56.4,False
2024-02-01 15:00:00,DEV-0012,API-Gateway,v1.5,68.207,0.01622,0,85.178625,40.9,False
2024-02-01 16:00:00,DEV-0029,Data-Ingestion,v1.5,79.06,0.00217,0,84.95625,30.7,False
2024-02-01 16:00:00,DEV-0027,Reporting-Service,v2.0,113.776,0.00558,0,78.11183333333334,56.6,False
2024-02-01 16:00:00,DEV-0047,Reporting-Service,v1.5,87.499,0.00815,0,77.70729166666668,46.0,False
2024-02-01 17:00:00,DEV-0024,Data-Ingestion,v2.0,82.484,0.00192,0,82.85704166666667,34.3,False
2024-02-01 17:00:00,DEV-0001,API-Gateway,v1.4,117.526,0.01206,1,86.48725,76.8,False
2024-02-01 17:00:00,DEV-0042,Notification-Service,v1.5,83.428,0.01851,0,79.64054166666666,57.9,False
2024-02-01 17:00:00,DEV-0010,Notification-Service,v2.0,85.516,0.02166,0,80.75279166666667,63.1,False
2024-02-01 18:00:00,DEV-0012,Reporting-Service,v1.5,75.573,0.02679,0,77.92858333333332,55.6,False
2024-02-01 18:00:00,DEV-0014,Notification-Service,v2.0,78.358,0.01105,0,79.651375,41.7,False
2024-02-01 18:00:00,DEV-0046,Notification-Service,v1.5,79.036,0.028,0,80.84679166666666,59.5,False
2024-02-01 18:00:00,DEV-0015,API-Gateway,v1.5,82.55,0.01136,0,85.95675,46.8,False
2024-02-01 19:00:00,DEV-0039,Reporting-Service,v1.4,80.994,0.00057,0,79.17729166666668,31.4,False
2024-02-01 20:00:00,DEV-0016,Notification-Service,v1.5,68.703,0.0,0,80.38420833333335,18.8,False
2024-02-01 20:00:00,DEV-0013,Data-Ingestion,v2.0,72.419,0.02105,0,83.06025,49.4,False
2024-02-01 20:00:00,DEV-0005,Reporting-Service,v2.0,89.951,0.00713,0,79.34783333333333,46.7,False
2024-02-01 21:00:00,DEV-0049,Notification-Service,v1.5,74.533,0.02238,0,79.90254166666666,52.5,False
2024-02-01 21:00:00,DEV-0035,API-Gateway,v1.4,77.292,0.0134,2,86.15245833333334,55.9,False
2024-02-01 21:00:00,DEV-0039,Reporting-Service,v1.5,93.92,0.02207,0,79.35112500000001,70.7,False
2024-02-01 21:00:00,DEV-0004,Reporting-Service,v1.5,76.434,0.00888,0,79.02787500000001,36.0,False
2024-02-01 22:00:00,DEV-0011,Notification-Service,v1.4,96.305,0.00778,0,80.12541666666667,52.9,False
2024-02-01 23:00:00,DEV-0029,Data-Ingestion,v2.0,75.557,0.00596,0,82.48854166666668,30.9,False
2024-02-01 23:00:00,DEV-0039,API-Gateway,v2.0,70.227,0.00992,0,85.22758333333334,32.2,False
2024-02-01 23:00:00,DEV-0022,Data-Ingestion,v2.0,96.968,0.0213,0,83.1415,72.4,False
2024-02-01 23:00:00,DEV-0043,API-Gateway,v1.5,104.541,0.01261,1,85.86820833333333,74.0,False
2024-02-02 00:00:00,DEV-0048,Data-Ingestion,v1.4,110.658,0.00078,0,85.095125,51.5,False
2024-02-02 00:00:00,DEV-0037,Notification-Service,v2.0,77.403,0.0187,0,80.08304166666667,51.7,False
2024-02-02 00:00:00,DEV-0009,API-Gateway,v1.5,89.384,0.01134,0,86.13687499999999,53.0,False
2024-02-02 01:00:00,DEV-0044,Data-Ingestion,v1.5,74.501,0.02022,0,85.13179166666667,50.4,False
2024-02-02 01:00:00,DEV-0024,Data-Ingestion,v2.0,70.594,0.01021,0,84.43845833333333,33.0,False
2024-02-02 01:00:00,DEV-0041,API-Gateway,v1.4,113.87,0.01315,1,88.09320833333334,78.0,False
2024-02-02 02:00:00,DEV-0041,Reporting-Service,v2.0,66.624,0.01317,0,79.49229166666666,35.3,False
2024-02-02 02:00:00,DEV-0035,Data-Ingestion,v1.4,64.425,0.01929,0,83.61341666666667,41.9,False
2024-02-02 02:00:00,DEV-0035,Data-Ingestion,v2.0,57.331,0.00712,0,84.01566666666668,20.3,False
2024-02-02 02:00:00,DEV-0012,API-Gateway,v1.5,79.783,0.02474,0,87.30745833333333,59.0,False
2024-02-02 03:00:00,DEV-0043,Data-Ingestion,v2.0,116.162,0.00839,0,82.73829166666667,61.0,False
2024-02-02 04:00:00,DEV-0046,Notification-Service,v1.5,84.916,0.01832,2,80.97120833333334,70.4,False
2024-02-02 05:00:00,DEV-0025,Reporting-Service,v2.0,62.832,0.00984,0,77.54804166666666,27.1,False
2024-02-02 05:00:00,DEV-0042,Notification-Service,v1.5,90.27,0.01503,0,80.50283333333333,59.9,False
2024-02-02 06:00:00,DEV-0044,Data-Ingestion,v1.5,105.574,0.01314,0,84.48804166666666,65.9,False
2024-02-02 06:00:00,DEV-0031,Data-Ingestion,v2.0,84.407,0.01784,0,84.41237500000001,58.1,False
2024-02-02 07:00:00,DEV-0050,Notification-Service,v1.5,76.125,0.0,0,79.34104166666667,25.0,False
2024-02-02 08:00:00,DEV-0034,API-Gateway,v1.5,62.026,0.02022,0,86.04033333333332,41.3,False
2024-02-02 08:00:00,DEV-0023,Data-Ingestion,v2.0,100.369,0.00663,0,85.17233333333333,53.3,False
2024-02-02 08:00:00,DEV-0011,Reporting-Service,v2.0,70.624,0.00433,0,77.53845833333334,24.7,False
2024-02-02 08:00:00,DEV-0006,Reporting-Service,v2.0,84.054,0.01697,0,77.81716666666667,56.9,False
2024-02-02 09:00:00,DEV-0006,Notification-Service,v2.0,94.901,0.01965,1,78.63487500000001,78.4,False
2024-02-02 09:00:00,DEV-0025,Notification-Service,v2.0,58.821,0.00567,0,78.77166666666666,19.1,False
2024-02-02 09:00:00,DEV-0050,Notification-Service,v2.0,106.054,0.01567,0,78.95904166666666,69.9,False
2024-02-02 09:00:00,DEV-0021,Reporting-Service,v1.5,77.662,0.0079,0,76.48079166666666,35.8,False
2024-02-02 10:00:00,DEV-0004,API-Gateway,v2.0,73.668,0.00939,2,86.47745833333333,45.5,False
2024-02-02 10:00:00,DEV-0016,Notification-Service,v2.0,87.467,0.01106,0,79.78720833333334,50.9,False
2024-02-02 10:00:00,DEV-0035,Data-Ingestion,v1.5,128.861,0.01448,0,86.89770833333334,72.3,False
2024-02-02 10:00:00,DEV-0001,Data-Ingestion,v1.5,77.342,0.01435,0,86.63970833333333,46.3,False
2024-02-02 11:00:00,DEV-0019,Notification-Service,v2.0,61.17,0.01052,0,79.7555,27.6,False
2024-02-02 11:00:00,DEV-0013,Notification-Service,v2.0,102.255,0.02308,0,79.33375,76.3,False
2024-02-02 11:00:00,DEV-0039,Reporting-Service,v1.4,78.879,0.02889,1,78.43016666666666,69.0,False
2024-02-02 12:00:00,DEV-0043,Data-Ingestion,v1.5,76.998,0.01734,0,85.33079166666667,49.9,False
2024-02-02 13:00:00,DEV-0042,Notification-Service,v1.5,96.695,0.00763,1,81.3735,62.2,False
2024-02-02 13:00:00,DEV-0022,Notification-Service,v1.5,84.74,0.0228,0,80.863625,63.1,False
2024-02-02 13:00:00,DEV-0011,Data-Ingestion,v1.4,45.59,0.01256,0,83.82025,26.6,False
2024-02-02 14:00:00,DEV-0039,Data-Ingestion,v1.5,94.062,0.00762,0,85.70179166666667,50.9,False
2024-02-02 15:00:00,DEV-0013,Reporting-Service,v1.4,102.74,0.02344,0,79.43929166666668,76.6,False
2024-02-02 15:00:00,DEV-0002,API-Gateway,v2.0,69.692,0.01396,1,85.90691666666667,48.1,False
2024-02-02 15:00:00,DEV-0038,Data-Ingestion,v1.5,74.671,0.0258,0,85.93266666666666,54.6,False
2024-02-02 15:00:00,DEV-0008,API-Gateway,v2.0,63.996,0.02024,0,85.2295,42.6,False
2024-02-02 16:00:00,DEV-0027,Reporting-Service,v1.5,64.865,0.01636,0,78.484875,38.9,False
2024-02-02 16:00:00,DEV-0022,Notification-Service,v1.5,65.355,0.01935,1,79.59458333333333,51.7,False
2024-02-02 17:00:00,DEV-0022,Notification-Service,v1.5,75.277,0.01313,0,79.57220833333334,42.1,False
2024-02-02 17:00:00,DEV-0036,API-Gateway,v2.0,69.107,0.01852,0,85.42491666666666,44.2,False
2024-02-02 17:00:00,DEV-0014,API-Gateway,v1.4,113.366,0.00265,0,87.43691666666666,53.6,False
2024-02-02 18:00:00,DEV-0007,Notification-Service,v2.0,63.636,0.00939,0,81.177375,27.0,False
2024-02-02 18:00:00,DEV-0007,Notification-Service,v1.5,91.408,0.01075,0,81.05491666666667,54.0,False
2024-02-02 18:00:00,DEV-0020,API-Gateway,v2.0,105.174,0.01661,0,87.443125,71.0,False
2024-02-02 18:00:00,DEV-0006,Data-Ingestion,v1.4,71.985,0.02428,0,86.272875,51.4,False
2024-02-02 19:00:00,DEV-0026,Data-Ingestion,v2.0,89.975,0.01681,0,84.64154166666667,62.0,False
2024-02-02 20:00:00,DEV-0011,API-Gateway,v2.0,76.206,0.01605,0,86.80966666666667,47.3,False
2024-02-02 20:00:00,DEV-0017,Notification-Service,v1.5,89.661,0.01112,0,82.16804166666667,52.9,False
2024-02-02 20:00:00,DEV-0041,Reporting-Service,v1.5,75.457,0.01121,0,79.00016666666666,39.0,False
2024-02-02 21:00:00,DEV-0023,Notification-Service,v2.0,87.228,0.00736,0,82.326375,44.6,False
2024-02-02 21:00:00,DEV-0006,Reporting-Service,v1.5,100.972,0.01581,0,80.67625,68.3,False
2024-02-02 21:00:00,DEV-0029,API-Gateway,v2.0,55.611,0.02507,0,85.80741666666667,42.1,False
2024-02-02 22:00:00,DEV-0016,API-Gateway,v1.4,107.334,0.01399,1,86.48475,77.4,False
2024-02-02 22:00:00,DEV-0035,Reporting-Service,v1.5,106.884,0.01455,0,83.22820833333333,68.6,False
2024-02-02 22:00:00,DEV-0002,Reporting-Service,v2.0,82.297,0.00606,0,81.62429166666666,38.2,False
2024-02-02 22:00:00,DEV-0031,Data-Ingestion,v2.0,40.223,0.01865,0,82.98679166666666,34.5,False
2024-02-02 23:00:00,DEV-0047,Reporting-Service,v1.5,91.621,0.02742,0,83.79354166666667,71.6,False
2024-02-03 00:00:00,DEV-0024,Reporting-Service,v1.5,67.784,0.00839,0,82.59400000000001,28.0,False
2024-02-03 00:00:00,DEV-0045,Data-Ingestion,v2.0,99.337,0.01141,0,82.66837500000001,60.6,False
2024-02-03 00:00:00,DEV-0008,Data-Ingestion,v2.0,73.548,0.00178,2,81.82350000000001,36.3,False
2024-02-03 00:00:00,DEV-0040,Reporting-Service,v1.4,58.861,0.01965,0,82.43208333333332,39.4,False
2024-02-03 01:00:00,DEV-0031,Notification-Service,v2.0,82.119,0.01776,0,82.18483333333334,55.6,False
2024-02-03 02:00:00,DEV-0025,Data-Ingestion,v1.4,73.683,0.00233,2,82.30166666666666,36.9,False
2024-02-03 02:00:00,DEV-0027,Data-Ingestion,v2.0,81.504,0.01995,0,82.68020833333334,57.0,False
2024-02-03 02:00:00,DEV-0040,Data-Ingestion,v1.4,102.329,0.0077,1,82.90358333333333,65.2,False
2024-02-03 02:00:00,DEV-0009,Reporting-Service,v2.0,115.119,0.0069,0,83.35324999999999,58.6,False
2024-02-03 03:00:00,DEV-0023,Notification-Service,v1.5,102.793,0.01533,0,82.93395833333334,68.4,False
2024-02-03 03:00:00,DEV-0045,Data-Ingestion,v1.5,91.439,0.01567,0,83.56533333333333,61.7,False
2024-02-03 03:00:00,DEV-0026,Notification-Service,v1.5,72.58,0.02011,0,81.94408333333332,48.5,False
2024-02-03 04:00:00,DEV-0040,API-Gateway,v1.5,25.849,0.01095,0,84.04295833333333,23.0,False
2024-02-03 04:00:00,DEV-0045,Data-Ingestion,v1.4,85.41,0.01102,0,82.51333333333334,48.9,False
2024-02-03 04:00:00,DEV-0037,Reporting-Service,v2.0,86.549,0.01731,0,83.832125,59.6,False
2024-02-03 04:00:00,DEV-0006,Notification-Service,v1.5,84.698,0.00028,1,83.60041666666666,44.6,False
2024-02-03 05:00:00,DEV-0038,Reporting-Service,v1.5,55.018,0.01719,0,81.383875,35.3,False
2024-02-03 05:00:00,DEV-0049,Notification-Service,v1.4,64.811,0.01261,0,83.19533333333334,33.1,False
2024-02-03 05:00:00,DEV-0045,API-Gateway,v1.5,59.521,0.02528,0,82.07108333333333,43.9,False
2024-02-03 05:00:00,DEV-0035,Reporting-Service,v1.4,58.067,0.01643,1,80.15754166666666,44.9,False
2024-02-03 06:00:00,DEV-0007,Reporting-Service,v2.0,84.951,0.01946,0,80.54829166666667,60.2,False
2024-02-03 06:00:00,DEV-0021,Reporting-Service,v2.0,78.292,0.00234,0,80.43570833333332,30.1,False
2024-02-03 06:00:00,DEV-0007,Notification-Service,v1.5,88.277,0.01714,0,82.86083333333333,61.0,False
2024-02-03 07:00:00,DEV-0017,Data-Ingestion,v2.0,36.333,0.0088,0,81.08579166666667,19.6,False
2024-02-03 07:00:00,DEV-0011,API-Gateway,v1.5,82.48,0.00756,0,81.27666666666667,40.4,False
2024-02-03 07:00:00,DEV-0019,API-Gateway,v2.0,59.757,0.00895,0,80.98879166666667,24.3,False
2024-02-03 07:00:00,DEV-0045,Reporting-Service,v1.4,95.732,0.0,0,80.67658333333333,43.5,False
2024-02-03 08:00:00,DEV-0038,Data-Ingestion,v1.4,86.318,0.00755,0,81.57816666666666,44.0,False
2024-02-03 08:00:00,DEV-0003,Notification-Service,v2.0,59.24,0.00993,0,82.10404166666666,25.6,False
2024-02-03 09:00:00,DEV-0010,Notification-Service,v1.5,101.065,0.0052,1,82.77691666666666,61.2,False
2024-02-03 09:00:00,DEV-0027,Reporting-Service,v1.5,117.945,0.01192,0,82.40620833333334,67.3,False
2024-02-03 09:00:00,DEV-0044,API-Gateway,v1.4,65.54,0.00352,0,78.86279166666667,20.3,False
2024-02-03 09:00:00,DEV-0044,Notification-Service,v1.5,65.363,0.00859,0,81.739125,26.7,False
2024-02-03 10:00:00,DEV-0045,Notification-Service,v1.5,77.777,0.02389,0,81.80795833333333,56.8,False
2024-02-03 10:00:00,DEV-0040,Notification-Service,v1.5,55.323,0.01446,1,81.66220833333334,41.0,False
2024-02-03 10:00:00,DEV-0035,Data-Ingestion,v1.4,93.805,0.01832,0,83.09791666666668,66.9,False
2024-02-03 10:00:00,DEV-0038,Data-Ingestion,v1.5,80.67,0.00992,0,83.77479166666667,42.0,False
2024-02-03 11:00:00,DEV-0025,API-Gateway,v1.5,86.404,0.00289,0,79.621,38.9,False
2024-02-03 11:00:00,DEV-0046,Notification-Service,v2.0,69.701,0.02151,0,80.61220833333333,47.6,False
2024-02-03 12:00:00,DEV-0012,Reporting-Service,v2.0,78.119,0.01871,1,81.74783333333333,61.9,False
2024-02-03 12:00:00,DEV-0049,Data-Ingestion,v1.4,30.199,0.01735,0,80.193,32.9,False
2024-02-03 13:00:00,DEV-0036,Data-Ingestion,v1.4,77.193,0.01012,0,79.01045833333333,39.0,False
2024-02-03 13:00:00,DEV-0012,Data-Ingestion,v2.0,82.16,0.02075,0,78.91683333333333,58.7,False
2024-02-03 13:00:00,DEV-0046,Notification-Service,v1.5,60.81,0.00823,0,78.72704166666666,23.5,False
2024-02-03 13:00:00,DEV-0003,Notification-Service,v1.4,107.006,0.00895,0,79.54116666666667,59.4,False
2024-02-03 14:00:00,DEV-0010,Reporting-Service,v1.5,68.066,0.01037,0,81.80791666666667,31.5,False
2024-02-03 15:00:00,DEV-0048,Reporting-Service,v2.0,60.236,0.01099,0,80.99583333333332,27.9,False
2024-02-03 15:00:00,DEV-0037,API-Gateway,v2.0,75.275,0.01497,0,77.86054166666666,45.0,False
2024-02-03 15:00:00,DEV-0047,Reporting-Service,v2.0,67.16,0.02076,0,81.98825,45.0,False
2024-02-03 16:00:00,DEV-0025,Reporting-Service,v2.0,95.2,0.0142,0,82.01983333333334,62.8,False
2024-02-03 17:00:00,DEV-0004,Notification-Service,v1.4,88.131,0.0087,0,78.95266666666667,47.6,False
2024-02-03 17:00:00,DEV-0033,Data-Ingestion,v1.4,50.55,0.00941,0,76.84104166666667,22.1,False
2024-02-03 17:00:00,DEV-0018,Notification-Service,v1.5,89.198,0.01787,0,80.1205,62.4,False
2024-02-03 18:00:00,DEV-0045,API-Gateway,v1.4,46.997,0.03019,0,76.37916666666666,41.8,False
2024-02-03 19:00:00,DEV-0009,Data-Ingestion,v1.5,82.747,0.01151,1,74.91962500000001,56.7,False
2024-02-03 20:00:00,DEV-0013,API-Gateway,v2.0,63.856,0.00674,0,76.34716666666667,23.0,False
2024-02-03 20:00:00,DEV-0027,API-Gateway,v1.5,82.895,0.01279,0,76.612625,49.5,False
2024-02-03 20:00:00,DEV-0017,Data-Ingestion,v1.5,57.449,0.02501,0,74.09075,42.8,False
2024-02-03 20:00:00,DEV-0047,Reporting-Service,v2.0,103.136,0.02106,0,83.08125,75.0,False
2024-02-03 21:00:00,DEV-0003,Notification-Service,v1.5,109.009,0.02527,0,80.63358333333333,79.7,False
2024-02-03 22:00:00,DEV-0030,Reporting-Service,v1.5,44.627,0.01222,1,81.65408333333333,35.4,False
2024-02-03 23:00:00,DEV-0042,Reporting-Service,v1.5,63.969,0.02671,0,80.038625,46.8,False
2024-02-03 23:00:00,DEV-0027,Reporting-Service,v1.4,64.345,0.01714,0,80.01695833333333,39.6,False
2024-02-03 23:00:00,DEV-0024,Notification-Service,v1.5,91.702,0.01622,0,80.92366666666666,62.8,False
2024-02-04 00:00:00,DEV-0003,Data-Ingestion,v1.4,94.117,0.01267,0,74.80404166666666,59.3,False
2024-02-04 01:00:00,DEV-0016,Data-Ingestion,v1.4,89.526,0.01984,0,75.47125,64.7,False
2024-02-04 01:00:00,DEV-0007,Data-Ingestion,v1.4,66.139,0.00829,0,75.66025,26.6,False
2024-02-04 02:00:00,DEV-0035,Data-Ingestion,v1.5,102.038,0.01221,0,76.90545833333333,63.2,False
2024-02-04 02:00:00,DEV-0044,Data-Ingestion,v1.4,79.039,0.01224,0,75.65325,44.5,False
2024-02-04 02:00:00,DEV-0007,Reporting-Service,v2.0,73.78,0.02339,0,79.94708333333334,52.4,False
2024-02-04 02:00:00,DEV-0050,API-Gateway,v2.0,65.413,0.01665,0,74.71683333333333,39.5,False
2024-02-04 03:00:00,DEV-0037,Reporting-Service,v1.5,82.312,0.00207,0,79.16958333333334,34.2,False
2024-02-04 03:00:00,DEV-0050,Data-Ingestion,v1.5,87.619,0.01966,0,76.80729166666667,62.9,False
2024-02-04 04:00:00,DEV-0047,Data-Ingestion,v1.5,71.878,0.01333,0,78.475,39.3,False
2024-02-04 04:00:00,DEV-0049,Data-Ingestion,v1.5,81.918,0.01374,0,78.54458333333334,50.0,False
2024-02-04 05:00:00,DEV-0001,API-Gateway,v1.5,95.74,0.00036,0,74.98166666666667,44.9,False
2024-02-04 06:00:00,DEV-0006,Reporting-Service,v1.5,76.406,0.02434,0,78.924125,55.4,False
2024-02-04 06:00:00,DEV-0047,Notification-Service,v1.5,64.707,0.02883,0,83.44916666666667,47.8,False
2024-02-04 06:00:00,DEV-0014,API-Gateway,v1.5,85.295,0.01475,0,73.79104166666667,55.0,False
2024-02-04 06:00:00,DEV-0005,Notification-Service,v1.4,136.537,0.01443,0,83.88958333333333,72.5,False
2024-02-04 07:00:00,DEV-0010,Data-Ingestion,v1.4,59.864,0.01424,0,76.83029166666667,33.3,False
2024-02-04 08:00:00,DEV-0032,Reporting-Service,v1.5,115.109,0.0241,0,79.26683333333334,80.9,False
2024-02-04 08:00:00,DEV-0025,API-Gateway,v1.4,53.675,0.00769,0,72.70320833333334,20.0,False
2024-02-04 08:00:00,DEV-0041,Data-Ingestion,v1.4,103.978,0.00834,0,78.09258333333334,57.2,False
2024-02-04 09:00:00,DEV-0009,API-Gateway,v1.4,97.843,0.01174,1,74.19558333333335,69.9,False
2024-02-04 09:00:00,DEV-0032,Data-Ingestion,v2.0,92.54,0.01858,1,78.55241666666667,75.7,False
2024-02-04 09:00:00,DEV-0010,Data-Ingestion,v1.5,89.81,0.00954,0,78.03079166666667,50.4,False
2024-02-04 09:00:00,DEV-0045,API-Gateway,v1.5,91.356,0.00068,0,74.93258333333334,41.5,False
2024-02-04 10:00:00,DEV-0039,API-Gateway,v1.5,66.726,0.01006,0,74.809,30.0,False
2024-02-04 10:00:00,DEV-0046,Data-Ingestion,v2.0,54.342,0.00866,1,76.48508333333334,31.0,False
2024-02-04 11:00:00,DEV-0008,Data-Ingestion,v1.4,120.381,0.01527,0,77.94220833333333,72.9,False
2024-02-04 11:00:00,DEV-0026,Data-Ingestion,v2.0,56.698,0.00829,0,79.88266666666667,21.7,False
2024-02-04 11:00:00,DEV-0009,Data-Ingestion,v1.5,112.524,0.00775,0,81.11683333333333,59.2,False
2024-02-04 11:00:00,DEV-0028,API-Gateway,v2.0,89.145,0.0,0,75.85687499999999,37.9,False
2024-02-04 12:00:00,DEV-0013,API-Gateway,v2.0,102.974,0.0,0,77.26799999999999,47.2,False
2024-02-04 12:00:00,DEV-0047,Reporting-Service,v1.4,121.802,0.01946,0,80.52437499999999,77.8,False
2024-02-04 13:00:00,DEV-0007,Notification-Service,v1.5,76.462,0.02074,1,82.82641666666667,62.0,False
2024-02-04 14:00:00,DEV-0021,Data-Ingestion,v1.5,66.293,0.01464,0,78.23045833333333,37.4,False
2024-02-04 14:00:00,DEV-0003,Data-Ingestion,v1.5,68.529,0.01243,1,78.8295,44.7,False
2024-02-04 15:00:00,DEV-0035,Data-Ingestion,v1.4,71.853,0.00582,1,79.96604166666667,36.7,False
2024-02-04 15:00:00,DEV-0001,Notification-Service,v1.5,71.283,0.00878,0,82.64333333333333,31.2,False
2024-02-04 15:00:00,DEV-0038,Notification-Service,v2.0,77.62,0.02163,0,83.40908333333333,54.9,False
2024-02-04 15:00:00,DEV-0044,Notification-Service,v2.0,101.832,0.00857,0,83.25183333333334,57.0,False
2024-02-04 16:00:00,DEV-0039,API-Gateway,v1.5,87.398,0.0171,1,76.18599999999999,69.4,False
2024-02-04 16:00:00,DEV-0001,Reporting-Service,v1.4,87.519,0.00057,0,81.71845833333333,38.1,False
2024-02-04 17:00:00,DEV-0032,Data-Ingestion,v1.5,113.838,0.0046,0,81.49291666666667,55.6,False
2024-02-04 17:00:00,DEV-0002,Notification-Service,v1.5,78.308,0.01573,0,83.09304166666666,49.2,False
2024-02-04 17:00:00,DEV-0048,API-Gateway,v1.4,58.829,0.0,0,74.25495833333333,13.1,False
2024-02-04 17:00:00,DEV-0001,Reporting-Service,v1.5,41.124,0.00958,0,80.607625,21.1,False
2024-02-04 18:00:00,DEV-0021,API-Gateway,v1.5,67.451,0.00889,0,73.89016666666667,28.6,False
2024-02-04 18:00:00,DEV-0009,Data-Ingestion,v1.5,76.691,0.00831,1,81.26504166666668,44.7,False
2024-02-04 18:00:00,DEV-0016,Notification-Service,v1.4,64.074,0.0,1,82.738625,25.2,False
2024-02-04 19:00:00,DEV-0021,API-Gateway,v2.0,89.131,0.0,0,75.28683333333333,37.9,False
2024-02-04 20:00:00,DEV-0027,Reporting-Service,v1.5,72.888,0.01412,0,78.848,41.6,False
2024-02-04 21:00:00,DEV-0025,Notification-Service,v1.4,74.476,0.01739,1,81.55874999999999,56.9,False
2024-02-04 21:00:00,DEV-0022,Data-Ingestion,v1.5,107.987,0.02555,0,83.65825,79.5,False
2024-02-04 21:00:00,DEV-0003,Reporting-Service,v1.4,96.9,0.0,0,79.27929166666667,44.3,False
2024-02-04 22:00:00,DEV-0002,Data-Ingestion,v1.5,77.395,0.00887,0,83.43525,37.1,False
2024-02-04 22:00:00,DEV-0036,Reporting-Service,v2.0,61.887,0.0202,0,79.5655,41.2,False
2024-02-04 22:00:00,DEV-0006,API-Gateway,v1.4,116.231,0.0,1,75.65754166666667,60.5,False
2024-02-04 23:00:00,DEV-0030,Notification-Service,v2.0,89.143,0.0,0,81.74395833333334,37.9,False
2024-02-04 23:00:00,DEV-0008,Data-Ingestion,v1.5,67.733,0.00099,0,83.86375,19.9,False
2024-02-05 00:00:00,DEV-0044,Notification-Service,v2.0,70.595,0.01341,0,81.98495833333332,38.4,False
2024-02-05 00:00:00,DEV-0050,Data-Ingestion,v1.4,53.774,0.00942,0,82.18279166666666,22.8,False
2024-02-05 00:00:00,DEV-0002,Reporting-Service,v1.5,71.941,0.00317,0,80.14358333333332,24.7,False
2024-02-05 01:00:00,DEV-0022,Reporting-Service,v1.5,113.85,0.01362,0,81.34770833333333,69.4,False
2024-02-05 02:00:00,DEV-0040,API-Gateway,v1.5,82.708,0.01028,1,78.02666666666666,54.6,False
2024-02-05 02:00:00,DEV-0033,API-Gateway,v1.5,87.011,0.00496,0,79.17208333333333,41.3,False
2024-02-05 02:00:00,DEV-0046,API-Gateway,v1.4,88.672,0.01456,1,80.376875,67.1,False
2024-02-05 02:00:00,DEV-0039,Data-Ingestion,v2.0,83.479,0.00673,0,82.90529166666667,40.2,False
2024-02-05 03:00:00,DEV-0015,Reporting-Service,v1.5,116.262,0.00439,0,82.92979166666667,55.9,False
2024-02-05 03:00:00,DEV-0034,Reporting-Service,v2.0,94.747,0.00792,0,82.88875,51.8,False
2024-02-05 04:00:00,DEV-0011,Data-Ingestion,v1.4,91.472,0.00338,0,82.986375,43.7,False
2024-02-05 05:00:00,DEV-0025,API-Gateway,v2.0,80.596,0.00799,0,80.298375,38.8,False
2024-02-05 06:00:00,DEV-0018,Notification-Service,v2.0,98.465,0.00591,0,82.40945833333333,51.5,False
2024-02-05 06:00:00,DEV-0010,Reporting-Service,v1.5,58.349,0.02066,0,80.40558333333333,40.2,False
2024-02-05 07:00:00,DEV-0022,Notification-Service,v1.4,90.103,0.001,0,83.69541666666667,40.7,False
2024-02-05 07:00:00,DEV-0030,API-Gateway,v2.0,99.562,0.00856,0,81.71595833333333,56.0,False
2024-02-05 08:00:00,DEV-0042,API-Gateway,v1.5,62.894,0.02046,0,80.736375,42.0,False
2024-02-05 08:00:00,DEV-0029,Notification-Service,v1.5,65.256,0.01346,0,82.20337500000001,34.8,False
2024-02-05 08:00:00,DEV-0024,Notification-Service,v1.4,85.144,0.00939,0,83.02758333333334,45.9,False
2024-02-05 08:00:00,DEV-0009,Reporting-Service,v1.5,66.244,0.0138,0,79.91079166666667,36.1,False
2024-02-05 09:00:00,DEV-0014,Data-Ingestion,v2.0,110.411,0.01643,0,84.29354166666667,72.5,False
2024-02-05 09:00:00,DEV-0023,Reporting-Service,v1.4,66.259,0.00284,1,79.8355,29.6,False
2024-02-05 10:00:00,DEV-0045,API-Gateway,v2.0,86.776,0.0159,1,81.21558333333333,67.4,False
2024-02-05 11:00:00,DEV-0033,Reporting-Service,v1.5,40.739,0.00414,0,78.734625,13.6,False
2024-02-05 11:00:00,DEV-0006,API-Gateway,v1.5,91.137,0.01098,0,83.05475,54.0,False
2024-02-05 11:00:00,DEV-0041,Data-Ingestion,v1.5,88.03,0.0087,0,83.709875,47.5,False
2024-02-05 12:00:00,DEV-0009,Reporting-Service,v2.0,94.716,0.00619,0,80.17129166666668,49.4,False
2024-02-05 12:00:00,DEV-0013,Notification-Service,v1.4,66.461,0.00565,0,82.55608333333333,23.2,False
2024-02-05 12:00:00,DEV-0024,Data-Ingestion,v1.4,70.734,0.02331,0,83.00633333333333,49.7,False
2024-02-05 13:00:00,DEV-0043,Data-Ingestion,v2.0,82.302,0.0,0,83.02233333333334,31.6,False
2024-02-05 13:00:00,DEV-0029,API-Gateway,v1.5,73.672,0.02554,0,82.67045833333333,53.3,False
2024-02-05 13:00:00,DEV-0046,Reporting-Service,v2.0,61.911,0.00208,0,78.78425,17.0,False
2024-02-05 14:00:00,DEV-0032,Reporting-Service,v2.0,77.728,0.0152,0,77.72558333333333,48.0,False
2024-02-05 15:00:00,DEV-0024,Reporting-Service,v1.5,88.729,0.01338,1,79.56316666666667,65.2,False
2024-02-05 15:00:00,DEV-0038,API-Gateway,v1.5,79.895,0.02473,0,83.21858333333334,59.1,False
2024-02-05 15:00:00,DEV-0048,Data-Ingestion,v1.5,62.06,0.01475,0,82.61325000000001,34.9,False
2024-02-05 15:00:00,DEV-0006,API-Gateway,v1.5,62.529,0.01496,0,82.61516666666667,35.5,False
2024-02-05 16:00:00,DEV-0002,API-Gateway,v1.5,96.192,0.00724,0,83.23741666666668,52.0,False
2024-02-05 16:00:00,DEV-0045,Data-Ingestion,v1.5,80.239,0.00544,0,83.46220833333334,34.8,False
2024-02-05 17:00:00,DEV-0039,API-Gateway,v1.5,89.523,0.02228,0,84.73529166666667,67.1,False
2024-02-05 17:00:00,DEV-0035,API-Gateway,v1.5,85.396,0.01121,0,83.241625,49.2,False
2024-02-05 17:00:00,DEV-0009,Reporting-Service,v1.5,67.704,0.02068,0,79.71879166666666,45.3,False
2024-02-05 18:00:00,DEV-0042,API-Gateway,v2.0,73.243,0.01287,0,83.71029166666666,39.6,False
2024-02-05 18:00:00,DEV-0006,Notification-Service,v1.4,92.442,0.00486,0,84.10270833333334,46.2,False
2024-02-05 18:00:00,DEV-0045,Notification-Service,v2.0,67.055,0.0239,0,83.99245833333333,47.5,False
2024-02-05 19:00:00,DEV-0015,Notification-Service,v1.4,58.297,0.02118,0,83.88775,40.8,False
2024-02-05 19:00:00,DEV-0023,Reporting-Service,v1.5,95.175,0.02367,1,81.00337499999999,82.1,False
2024-02-05 19:00:00,DEV-0025,API-Gateway,v1.4,92.024,0.01463,0,83.738125,60.9,False
2024-02-05 19:00:00,DEV-0007,API-Gateway,v1.5,71.018,0.02221,0,83.91695833333334,49.2,False
2024-02-05 20:00:00,DEV-0039,Reporting-Service,v2.0,75.755,0.01656,0,81.08566666666667,47.7,False
2024-02-05 20:00:00,DEV-0019,Data-Ingestion,v1.4,76.891,0.01363,0,82.33358333333332,44.5,False
2024-02-05 20:00:00,DEV-0021,API-Gateway,v1.5,95.658,0.01167,0,84.18833333333333,59.0,False
2024-02-05 21:00:00,DEV-0013,Data-Ingestion,v1.5,65.547,0.01551,0,81.20887499999999,38.2,False
2024-02-05 22:00:00,DEV-0023,API-Gateway,v2.0,93.504,0.0,0,83.79375,41.6,False
2024-02-05 22:00:00,DEV-0047,Notification-Service,v1.5,66.745,0.01996,0,82.21020833333334,44.0,False
2024-02-05 22:00:00,DEV-0026,API-Gateway,v2.0,99.563,0.01154,0,84.300625,61.0,False
2024-02-05 22:00:00,DEV-0037,Reporting-Service,v1.5,95.415,0.02032,0,81.631625,70.2,False
2024-02-05 23:00:00,DEV-0002,API-Gateway,v2.0,70.832,0.00076,0,84.80075000000001,21.9,False
2024-02-05 23:00:00,DEV-0030,Data-Ingestion,v2.0,93.897,0.00165,0,81.37916666666666,44.2,False
2024-02-06 00:00:00,DEV-0007,API-Gateway,v1.5,89.679,0.01284,0,85.72691666666667,55.8,False
2024-02-06 00:00:00,DEV-0012,Data-Ingestion,v2.0,76.587,0.0102,0,80.63804166666667,38.4,False
2024-02-06 00:00:00,DEV-0036,Data-Ingestion,v1.5,80.349,0.00145,0,82.46279166666666,31.3,False
2024-02-06 00:00:00,DEV-0019,API-Gateway,v1.5,89.341,0.00855,0,85.73566666666666,48.3,False
2024-02-06 01:00:00,DEV-0021,API-Gateway,v2.0,56.058,0.01342,2,83.22845833333334,41.5,False
2024-02-06 01:00:00,DEV-0041,Notification-Service,v2.0,84.635,0.01539,1,82.06454166666667,64.7,False
2024-02-06 01:00:00,DEV-0035,Reporting-Service,v1.5,90.749,0.01222,0,82.22925,55.9,False
2024-02-06 02:00:00,DEV-0015,Data-Ingestion,v1.4,59.57,0.01617,1,78.431625,45.1,False
2024-02-06 02:00:00,DEV-0009,Notification-Service,v2.0,82.767,0.01362,0,81.79658333333333,50.9,False
2024-02-06 02:00:00,DEV-0019,Data-Ingestion,v1.5,57.721,0.00865,0,78.47425,22.9,False
2024-02-06 02:00:00,DEV-0033,Reporting-Service,v1.4,58.388,0.00373,0,79.865875,17.0,False
2024-02-06 03:00:00,DEV-0027,Notification-Service,v1.4,77.778,0.01852,0,80.49529166666666,52.1,False
2024-02-06 04:00:00,DEV-0005,Reporting-Service,v2.0,77.408,0.01091,0,78.016125,40.5,False
2024-02-06 04:00:00,DEV-0002,API-Gateway,v1.4,66.748,0.01949,0,82.56345833333334,43.5,False
2024-02-06 05:00:00,DEV-0026,Notification-Service,v1.4,71.267,0.02497,0,79.64383333333333,51.0,False
2024-02-06 05:00:00,DEV-0013,Reporting-Service,v2.0,67.652,0.01735,0,77.18833333333335,42.0,False
2024-02-06 05:00:00,DEV-0017,API-Gateway,v1.4,92.294,0.02359,1,82.78358333333334,79.8,False
2024-02-06 05:00:00,DEV-0013,Data-Ingestion,v1.5,47.922,0.00735,0,77.61562500000001,18.3,False
2024-02-06 06:00:00,DEV-0041,Data-Ingestion,v1.5,53.578,0.00535,1,77.08583333333333,26.1,False
2024-02-06 06:00:00,DEV-0019,Reporting-Service,v1.4,55.762,0.03061,0,77.79825000000001,43.7,False
2024-02-06 06:00:00,DEV-0047,Reporting-Service,v1.5,70.253,0.0273,0,77.68845833333333,51.2,False
2024-02-06 07:00:00,DEV-0004,Notification-Service,v1.4,80.532,0.02247,2,77.31029166666667,69.8,False
2024-02-06 07:00:00,DEV-0004,Reporting-Service,v1.4,70.514,0.00411,0,76.58904166666667,24.3,False
2024-02-06 07:00:00,DEV-0046,Data-Ingestion,v2.0,80.375,0.00113,1,77.44091666666667,40.5,False
2024-02-06 08:00:00,DEV-0034,Data-Ingestion,v1.5,110.265,0.01834,0,77.29204166666666,74.6,False
2024-02-06 08:00:00,DEV-0049,Data-Ingestion,v1.4,80.394,0.01553,0,77.44633333333333,50.9,False
2024-02-06 08:00:00,DEV-0049,Notification-Service,v1.4,87.258,0.0,0,78.24991666666666,36.4,False
2024-02-06 08:00:00,DEV-0017,Notification-Service,v2.0,81.872,0.01311,0,78.47533333333332,48.7,False
2024-02-06 09:00:00,DEV-0041,Notification-Service,v2.0,67.649,0.00764,0,78.05987499999999,26.7,False
2024-02-06 09:00:00,DEV-0031,Data-Ingestion,v1.5,79.513,0.01707,0,76.25991666666667,52.0,False
2024-02-06 09:00:00,DEV-0008,Notification-Service,v1.5,100.992,0.00711,1,79.29775000000001,63.6,False
2024-02-06 10:00:00,DEV-0036,API-Gateway,v1.5,108.328,0.01612,0,83.60258333333333,71.2,False
2024-02-06 10:00:00,DEV-0014,API-Gateway,v1.4,76.349,0.00814,1,83.42562500000001,43.9,False
2024-02-06 10:00:00,DEV-0029,Notification-Service,v2.0,93.661,0.01381,0,78.95729166666666,60.8,False
2024-02-06 10:00:00,DEV-0003,Reporting-Service,v2.0,79.568,0.01244,0,77.32575,45.1,False
2024-02-06 11:00:00,DEV-0020,Notification-Service,v1.5,89.83,0.01184,0,79.437375,54.4,False
2024-02-06 11:00:00,DEV-0031,Notification-Service,v1.5,82.061,0.03242,0,80.18683333333333,63.5,False
2024-02-06 11:00:00,DEV-0025,Data-Ingestion,v2.0,85.494,0.01146,0,76.597375,49.8,False
2024-02-06 11:00:00,DEV-0045,Reporting-Service,v1.4,86.467,0.01207,0,77.931,51.7,False
2024-02-06 12:00:00,DEV-0015,Notification-Service,v1.4,77.0,0.00228,0,80.31470833333334,28.7,False
2024-02-06 12:00:00,DEV-0021,Notification-Service,v1.5,89.688,0.00821,0,80.82066666666667,48.0,False
2024-02-06 13:00:00,DEV-0016,Reporting-Service,v1.5,80.037,0.0,0,75.45008333333334,28.9,False
2024-02-06 13:00:00,DEV-0023,Reporting-Service,v1.5,90.533,0.0,0,76.95945833333333,39.3,False
2024-02-06 14:00:00,DEV-0025,Notification-Service,v2.0,56.011,0.01417,0,79.70704166666667,31.4,False
2024-02-06 14:00:00,DEV-0008,Data-Ingestion,v1.4,84.813,0.02059,2,77.30904166666666,72.6,False
2024-02-06 14:00:00,DEV-0021,Data-Ingestion,v2.0,65.788,0.01387,0,77.809625,35.9,False
2024-02-06 15:00:00,DEV-0039,Notification-Service,v1.5,84.177,0.01364,1,79.11170833333334,61.7,False
2024-02-06 15:00:00,DEV-0003,Notification-Service,v1.5,92.905,0.01038,0,79.22845833333334,54.6,False
2024-02-06 15:00:00,DEV-0002,Notification-Service,v2.0,76.399,0.01569,0,79.69275,47.1,False
2024-02-06 15:00:00,DEV-0006,Notification-Service,v2.0,97.731,0.02433,0,80.21720833333333,74.9,False
2024-02-06 16:00:00,DEV-0012,API-Gateway,v1.4,82.742,0.01041,0,82.72479166666666,45.4,False
2024-02-06 17:00:00,DEV-0024,API-Gateway,v1.5,101.539,0.01381,0,84.335,65.7,False
2024-02-06 18:00:00,DEV-0021,Reporting-Service,v2.0,75.664,0.00836,1,74.65495833333334,43.8,False
2024-02-06 18:00:00,DEV-0008,Reporting-Service,v1.4,83.83,0.03061,0,75.71666666666667,65.4,False
2024-02-06 18:00:00,DEV-0015,API-Gateway,v1.4,75.931,0.0,0,83.883125,24.9,False
2024-02-06 18:00:00,DEV-0006,Data-Ingestion,v2.0,72.966,0.01256,0,77.37158333333333,38.9,False
2024-02-06 19:00:00,DEV-0020,Notification-Service,v1.5,44.792,0.00922,0,79.31433333333332,20.9,False
2024-02-06 20:00:00,DEV-0018,Notification-Service,v2.0,80.46,0.00573,0,78.81508333333333,35.5,False
2024-02-06 20:00:00,DEV-0001,Notification-Service,v1.5,86.819,0.01409,0,79.63858333333333,55.5,False
2024-02-06 20:00:00,DEV-0004,Data-Ingestion,v2.0,77.048,0.00977,0,76.77058333333333,38.1,False
2024-02-06 21:00:00,DEV-0025,Data-Ingestion,v2.0,71.777,0.00769,0,75.16083333333333,29.8,False
2024-02-06 21:00:00,DEV-0035,Reporting-Service,v2.0,97.72,0.01358,0,77.02816666666668,63.4,False
2024-02-06 21:00:00,DEV-0004,Notification-Service,v2.0,115.888,0.01122,0,82.03820833333334,65.7,False
2024-02-06 22:00:00,DEV-0034,Notification-Service,v2.0,82.045,0.00681,0,82.67570833333333,38.7,False
2024-02-06 22:00:00,DEV-0048,API-Gateway,v2.0,89.449,0.01048,0,83.81279166666666,51.6,False
2024-02-06 22:00:00,DEV-0042,Reporting-Service,v2.0,73.67,0.0349,0,77.33695833333333,55.0,False
2024-02-06 23:00:00,DEV-0029,Data-Ingestion,v1.5,75.699,0.00567,0,74.64704166666667,30.7,False
2024-02-06 23:00:00,DEV-0046,Data-Ingestion,v2.0,101.7,0.01245,0,75.93729166666667,63.4,False
2024-02-06 23:00:00,DEV-0005,Notification-Service,v1.4,82.356,0.01327,0,82.58075,49.7,False
2024-02-06 23:00:00,DEV-0021,Notification-Service,v2.0,49.842,0.0,0,81.20887499999999,10.4,False
2024-02-07 00:00:00,DEV-0018,API-Gateway,v1.5,62.07,0.00959,0,84.216,26.4,False
2024-02-07 00:00:00,DEV-0031,Notification-Service,v1.4,65.198,0.00082,0,80.81875000000001,18.0,False
2024-02-07 00:00:00,DEV-0045,Notification-Service,v1.4,74.484,0.00863,0,81.071625,33.8,False
2024-02-07 00:00:00,DEV-0003,API-Gateway,v2.0,83.808,0.0088,0,84.235125,43.8,False
2024-02-07 01:00:00,DEV-0036,API-Gateway,v2.0,102.697,0.01223,0,85.16608333333333,63.4,False
2024-02-07 01:00:00,DEV-0028,Data-Ingestion,v1.5,85.281,0.00594,0,76.06141666666667,40.9,False
2024-02-07 01:00:00,DEV-0050,Data-Ingestion,v1.4,88.521,0.00291,0,77.16395833333333,40.8,False
2024-02-07 02:00:00,DEV-0018,Data-Ingestion,v1.5,101.203,0.01567,0,78.210125,68.1,False
2024-02-07 02:00:00,DEV-0007,Data-Ingestion,v1.5,81.035,0.00302,0,77.197125,33.4,False
2024-02-07 02:00:00,DEV-0041,Reporting-Service,v2.0,91.712,0.00225,0,79.46083333333333,43.0,False
2024-02-07 03:00:00,DEV-0006,API-Gateway,v1.5,45.397,0.01405,0,83.049625,29.2,False
2024-02-07 03:00:00,DEV-0027,Reporting-Service,v1.5,94.156,0.0,0,79.4375,42.3,False
2024-02-07 04:00:00,DEV-0037,Data-Ingestion,v1.5,77.195,0.01642,0,78.69545833333333,49.0,False
2024-02-07 04:00:00,DEV-0015,API-Gateway,v1.5,88.589,0.00353,0,83.18266666666666,41.2,False
2024-02-07 04:00:00,DEV-0044,Notification-Service,v2.0,99.807,0.0132,0,81.621875,63.9,False
2024-02-07 04:00:00,DEV-0027,Notification-Service,v1.4,111.628,0.0,1,82.63729166666667,59.5,False
2024-02-07 05:00:00,DEV-0024,API-Gateway,v2.0,102.238,0.0,0,83.71245833333334,46.9,False
2024-02-07 05:00:00,DEV-0012,Notification-Service,v1.4,74.493,0.00198,0,82.32983333333333,26.0,False
2024-02-07 05:00:00,DEV-0009,API-Gateway,v1.5,122.978,0.02326,2,84.85333333333334,92.6,True
2024-02-07 05:00:00,DEV-0012,API-Gateway,v1.5,69.67,0.0,0,83.56358333333334,19.4,False
2024-02-07 06:00:00,DEV-0016,Data-Ingestion,v1.5,73.586,0.01511,0,77.84916666666666,43.6,False
2024-02-07 06:00:00,DEV-0026,Notification-Service,v1.5,99.249,0.00579,0,83.64649999999999,51.7,False
2024-02-07 06:00:00,DEV-0028,API-Gateway,v2.0,75.014,0.00186,1,85.01983333333332,35.8,False
2024-02-07 07:00:00,DEV-0012,API-Gateway,v2.0,119.395,0.02224,0,86.008875,80.3,False
2024-02-07 07:00:00,DEV-0011,Reporting-Service,v2.0,87.184,0.01522,0,80.49054166666666,57.4,False
2024-02-07 07:00:00,DEV-0033,Data-Ingestion,v1.5,87.11,0.00582,0,78.38008333333333,42.5,False
2024-02-07 07:00:00,DEV-0026,Data-Ingestion,v1.5,82.568,0.01644,0,77.941625,54.8,False
2024-02-07 08:00:00,DEV-0045,Reporting-Service,v1.4,77.056,0.01266,2,80.46254166666667,54.3,False
2024-02-07 08:00:00,DEV-0006,Notification-Service,v1.4,74.164,0.01367,0,82.52866666666667,42.1,False
2024-02-07 08:00:00,DEV-0003,API-Gateway,v2.0,83.944,0.01667,2,85.61054166666666,67.8,False
2024-02-07 09:00:00,DEV-0001,Reporting-Service,v1.5,74.689,0.00755,1,79.87754166666666,41.8,False
2024-02-07 09:00:00,DEV-0006,API-Gateway,v1.4,56.828,0.02036,0,83.82991666666668,39.1,False
2024-02-07 10:00:00,DEV-0005,Notification-Service,v1.5,82.159,0.01388,1,80.74933333333333,59.9,False
2024-02-07 10:00:00,DEV-0018,Reporting-Service,v1.4,81.887,0.00439,1,80.4685,44.9,False
2024-02-07 10:00:00,DEV-0021,Notification-Service,v1.5,58.628,0.01307,1,81.06895833333334,40.1,False
2024-02-07 10:00:00,DEV-0024,API-Gateway,v2.0,104.897,0.01005,0,85.24929166666666,60.4,False
2024-02-07 11:00:00,DEV-0002,Reporting-Service,v1.5,109.01,0.01693,0,81.04495833333334,72.6,False
2024-02-07 11:00:00,DEV-0013,Data-Ingestion,v1.4,98.562,0.0,0,80.00475,45.2,False
2024-02-07 12:00:00,DEV-0032,Data-Ingestion,v2.0,54.87,0.012,0,79.88595833333333,27.4,False
2024-02-07 12:00:00,DEV-0019,Data-Ingestion,v1.4,76.944,0.0223,0,81.09520833333333,54.7,False
2024-02-07 12:00:00,DEV-0034,API-Gateway,v2.0,122.347,0.01026,0,86.61045833333334,64.9,False
2024-02-07 12:00:00,DEV-0042,Reporting-Service,v2.0,59.036,0.02244,0,80.34833333333333,42.1,False
2024-02-07 13:00:00,DEV-0029,API-Gateway,v2.0,73.367,0.00838,0,85.94487500000001,32.2,False
2024-02-07 13:00:00,DEV-0011,Notification-Service,v2.0,49.135,0.00697,0,79.37741666666666,17.9,False
2024-02-07 14:00:00,DEV-0008,Notification-Service,v1.5,83.544,0.02054,0,79.12141666666666,60.1,False
2024-02-07 15:00:00,DEV-0038,Data-Ingestion,v1.4,79.491,0.0088,0,82.17491666666668,39.0,False
2024-02-07 15:00:00,DEV-0008,API-Gateway,v1.4,96.572,0.01316,0,87.63295833333332,61.9,False
2024-02-07 15:00:00,DEV-0021,Reporting-Service,v1.5,99.864,0.02074,0,80.53370833333334,73.3,False
2024-02-07 16:00:00,DEV-0034,API-Gateway,v2.0,106.55,0.01199,0,89.291375,64.3,False
2024-02-07 16:00:00,DEV-0021,Data-Ingestion,v2.0,96.806,0.01481,0,81.36295833333334,64.7,False
2024-02-07 16:00:00,DEV-0010,Data-Ingestion,v1.5,74.347,0.0196,1,81.92375,58.9,False
2024-02-07 16:00:00,DEV-0019,Reporting-Service,v1.5,88.282,0.0271,0,80.43091666666668,68.5,False
2024-02-07 17:00:00,DEV-0016,Data-Ingestion,v1.5,100.255,0.01279,0,82.1905,63.3,False
2024-02-07 17:00:00,DEV-0032,Reporting-Service,v1.4,79.026,0.00514,0,81.29083333333334,33.4,False
2024-02-07 17:00:00,DEV-0038,Reporting-Service,v1.5,104.911,0.00496,0,82.43679166666666,53.0,False
2024-02-07 18:00:00,DEV-0013,Data-Ingestion,v1.5,75.51,0.02678,0,82.86354166666668,55.5,False
2024-02-07 18:00:00,DEV-0036,Data-Ingestion,v1.5,105.65,0.02685,0,83.27954166666667,79.2,False
2024-02-07 18:00:00,DEV-0021,API-Gateway,v1.5,81.771,0.01296,0,88.85291666666667,48.2,False
2024-02-07 18:00:00,DEV-0036,Reporting-Service,v2.0,113.149,0.0,0,84.3325,50.5,False
2024-02-07 19:00:00,DEV-0026,Data-Ingestion,v1.5,88.612,0.01307,1,83.02183333333333,64.6,False
2024-02-07 20:00:00,DEV-0001,Notification-Service,v2.0,104.003,0.01503,1,82.60008333333333,77.7,False
2024-02-07 20:00:00,DEV-0029,Notification-Service,v1.5,112.496,0.0022,0,80.60041666666666,52.9,False
2024-02-07 20:00:00,DEV-0011,API-Gateway,v1.5,81.304,0.01051,0,87.72691666666667,43.8,False
2024-02-07 20:00:00,DEV-0042,Reporting-Service,v2.0,107.669,0.0121,0,86.49529166666667,64.9,False
2024-02-07 21:00:00,DEV-0028,API-Gateway,v2.0,116.71,0.01401,1,89.40862499999999,80.0,False
2024-02-07 22:00:00,DEV-0023,Reporting-Service,v1.5,91.852,0.01811,0,87.39524999999999,65.1,False
2024-02-07 22:00:00,DEV-0033,Notification-Service,v2.0,74.953,0.02237,0,82.21575,52.9,False
2024-02-07 23:00:00,DEV-0022,Reporting-Service,v2.0,47.297,0.01927,0,86.42787499999999,35.8,False
2024-02-07 23:00:00,DEV-0015,Notification-Service,v1.5,73.676,0.01348,0,80.609625,41.2,False
2024-02-07 23:00:00,DEV-0027,Notification-Service,v1.5,57.081,0.00251,0,80.72308333333334,15.1,False
2024-02-08 00:00:00,DEV-0018,API-Gateway,v1.5,75.81,0.01347,0,89.11979166666667,43.2,False
2024-02-08 01:00:00,DEV-0014,API-Gateway,v2.0,92.153,0.00171,0,88.72870833333333,43.0,False
2024-02-08 02:00:00,DEV-0011,Notification-Service,v2.0,98.321,0.01958,0,80.63420833333333,71.3,False
2024-02-08 02:00:00,DEV-0006,API-Gateway,v1.4,56.708,0.00457,0,87.92775,17.0,False
2024-02-08 03:00:00,DEV-0014,Reporting-Service,v1.5,70.335,0.01334,0,86.04316666666666,38.2,False
2024-02-08 03:00:00,DEV-0010,API-Gateway,v1.5,103.322,0.01519,0,88.50579166666667,68.4,False
2024-02-08 04:00:00,DEV-0006,Reporting-Service,v1.5,94.863,0.00583,0,86.39300000000001,49.0,False
2024-02-08 04:00:00,DEV-0038,API-Gateway,v1.5,54.96,0.00853,0,87.30379166666667,21.6,False
2024-02-08 04:00:00,DEV-0035,Notification-Service,v2.0,94.184,0.0,0,82.69220833333334,42.3,False
2024-02-08 05:00:00,DEV-0036,Data-Ingestion,v2.0,69.33,0.00376,0,83.16941666666666,23.2,False
2024-02-08 05:00:00,DEV-0012,API-Gateway,v1.5,75.8,0.02359,0,86.99645833333334,54.4,False
2024-02-08 05:00:00,DEV-0035,API-Gateway,v1.5,81.591,0.01364,0,88.11716666666666,49.3,False
2024-02-08 06:00:00,DEV-0041,API-Gateway,v1.5,89.886,0.01275,0,88.85016666666667,55.9,False
2024-02-08 06:00:00,DEV-0042,Data-Ingestion,v1.4,62.929,0.01465,0,82.75120833333334,35.3,False
2024-02-08 07:00:00,DEV-0034,API-Gateway,v1.4,69.796,0.01394,1,88.06712499999999,48.2,False
2024-02-08 07:00:00,DEV-0002,Notification-Service,v2.0,97.383,0.00219,0,83.39733333333334,47.2,False
2024-02-08 08:00:00,DEV-0009,Reporting-Service,v1.5,68.471,0.01326,0,85.91958333333334,36.7,False
2024-02-08 08:00:00,DEV-0039,API-Gateway,v1.5,67.393,0.01055,1,86.61525,40.8,False
2024-02-08 08:00:00,DEV-0008,Reporting-Service,v1.5,90.737,0.02585,0,86.4015,70.3,False
2024-02-08 09:00:00,DEV-0046,Data-Ingestion,v2.0,81.256,0.00483,0,82.92654166666667,35.3,False
2024-02-08 09:00:00,DEV-0040,API-Gateway,v1.5,130.319,0.01641,0,89.14229166666667,75.0,False
2024-02-08 10:00:00,DEV-0020,Data-Ingestion,v1.5,95.946,0.01437,0,83.93358333333333,63.7,False
2024-02-08 10:00:00,DEV-0045,Reporting-Service,v1.4,95.206,0.01743,0,86.73383333333334,67.1,False
2024-02-08 11:00:00,DEV-0014,API-Gateway,v1.4,97.157,0.00793,0,88.06641666666667,53.5,False
2024-02-08 12:00:00,DEV-0013,Data-Ingestion,v1.4,86.682,0.00728,0,83.80508333333333,44.0,False
2024-02-08 12:00:00,DEV-0027,Data-Ingestion,v2.0,87.633,0.00238,0,84.43083333333333,39.5,False
2024-02-08 12:00:00,DEV-0030,API-Gateway,v2.0,62.723,0.01144,0,87.55429166666666,29.8,False
2024-02-08 12:00:00,DEV-0014,Notification-Service,v2.0,52.097,0.0118,0,81.95058333333334,26.6,False
2024-02-08 13:00:00,DEV-0008,Notification-Service,v2.0,84.628,0.02572,3,80.64808333333333,76.3,False
2024-02-08 13:00:00,DEV-0003,API-Gateway,v1.4,92.446,0.01152,1,86.43141666666668,65.6,False
2024-02-08 13:00:00,DEV-0034,API-Gateway,v1.5,91.756,0.01055,0,86.75691666666665,53.9,False
2024-02-08 14:00:00,DEV-0050,API-Gateway,v2.0,77.66,0.01404,0,87.62491666666666,46.2,False
2024-02-08 14:00:00,DEV-0024,Reporting-Service,v1.5,87.973,0.02571,0,85.41708333333332,67.7,False
2024-02-08 14:00:00,DEV-0032,Data-Ingestion,v2.0,72.114,0.01345,0,83.25645833333333,39.8,False
2024-02-08 14:00:00,DEV-0018,Reporting-Service,v1.5,61.975,0.01835,0,85.82320833333334,39.4,False
2024-02-08 15:00:00,DEV-0015,Notification-Service,v1.5,81.579,0.0,0,80.62866666666666,30.5,False
2024-02-08 16:00:00,DEV-0009,Data-Ingestion,v1.4,91.535,0.02824,0,83.38204166666667,71.7,False
2024-02-08 16:00:00,DEV-0043,Reporting-Service,v1.5,83.884,0.01541,0,84.59491666666666,54.8,False
2024-02-08 16:00:00,DEV-0026,Reporting-Service,v2.0,61.766,0.00931,0,84.92108333333333,25.7,False
2024-02-08 17:00:00,DEV-0029,API-Gateway,v1.5,83.213,0.00244,0,86.72141666666666,35.5,False
2024-02-08 17:00:00,DEV-0045,Notification-Service,v1.4,86.597,0.00983,0,80.805375,47.9,False
2024-02-08 17:00:00,DEV-0046,Notification-Service,v1.5,60.372,0.00997,0,81.244125,26.1,False
2024-02-08 17:00:00,DEV-0020,Data-Ingestion,v1.5,91.915,0.01903,0,83.835375,66.3,False
2024-02-08 18:00:00,DEV-0003,API-Gateway,v1.4,106.847,0.01567,2,86.07558333333333,81.5,False
2024-02-08 18:00:00,DEV-0025,Data-Ingestion,v1.5,76.239,0.01876,0,82.79520833333333,50.5,False
2024-02-08 19:00:00,DEV-0006,API-Gateway,v1.4,78.79,0.00547,1,86.30154166666667,42.9,False
2024-02-08 19:00:00,DEV-0037,API-Gateway,v2.0,92.003,0.01839,0,86.11116666666668,65.6,False
2024-02-08 19:00:00,DEV-0015,API-Gateway,v2.0,67.701,0.01128,1,84.49245833333333,42.2,False
2024-02-08 19:00:00,DEV-0039,Data-Ingestion,v1.5,57.761,0.00375,0,81.98545833333334,16.6,False
2024-02-08 20:00:00,DEV-0010,Data-Ingestion,v2.0,85.476,0.00917,1,82.480875,55.2,False
2024-02-08 20:00:00,DEV-0022,Notification-Service,v1.5,88.943,0.00853,0,81.84658333333333,47.9,False
2024-02-08 20:00:00,DEV-0049,API-Gateway,v1.5,112.879,0.01272,0,85.78862500000001,67.6,False
2024-02-08 20:00:00,DEV-0034,API-Gateway,v2.0,68.86,0.0168,0,85.270125,42.2,False
2024-02-08 21:00:00,DEV-0012,Notification-Service,v1.5,76.807,0.01663,0,82.33029166666667,48.8,False
2024-02-08 21:00:00,DEV-0021,Data-Ingestion,v1.5,64.361,0.00441,0,80.888375,20.6,False
2024-02-08 21:00:00,DEV-0014,Data-Ingestion,v1.4,88.392,0.01259,1,82.31341666666667,63.6,False
2024-02-08 21:00:00,DEV-0034,Data-Ingestion,v1.5,77.267,0.0034,1,82.26,39.3,False
2024-02-08 22:00:00,DEV-0045,Reporting-Service,v1.4,77.043,0.02435,0,83.881875,56.1,False
2024-02-08 23:00:00,DEV-0008,API-Gateway,v2.0,71.602,0.0202,0,83.39062499999999,47.7,False
2024-02-08 23:00:00,DEV-0003,Data-Ingestion,v2.0,63.789,0.01067,0,81.26,29.4,False
2024-02-08 23:00:00,DEV-0043,Notification-Service,v1.5,87.735,0.01571,0,81.82729166666667,58.6,False
2024-02-09 00:00:00,DEV-0021,API-Gateway,v1.5,82.439,0.01118,0,83.66683333333333,46.3,False
2024-02-09 00:00:00,DEV-0008,Notification-Service,v2.0,53.475,0.01789,0,79.53154166666667,35.6,False
2024-02-09 00:00:00,DEV-0010,Notification-Service,v1.4,77.548,0.02281,1,80.40729166666667,65.1,False
2024-02-09 00:00:00,DEV-0048,Reporting-Service,v1.5,84.339,0.00594,1,83.76333333333334,49.5,False
2024-02-09 01:00:00,DEV-0030,Data-Ingestion,v1.5,80.435,0.01395,0,81.40545833333333,48.7,False
2024-02-09 01:00:00,DEV-0050,Reporting-Service,v1.5,84.967,0.03273,0,84.09295833333333,66.5,False
2024-02-09 02:00:00,DEV-0007,Notification-Service,v1.4,99.951,0.00812,0,79.56079166666667,55.3,False
2024-02-09 02:00:00,DEV-0042,Data-Ingestion,v1.4,78.049,0.0305,1,81.345375,68.5,False
2024-02-09 02:00:00,DEV-0036,Data-Ingestion,v1.4,94.399,0.01252,0,82.180875,59.3,False
2024-02-09 03:00:00,DEV-0001,Notification-Service,v1.4,71.523,0.00972,0,79.45075,32.9,False
2024-02-09 04:00:00,DEV-0002,Reporting-Service,v1.5,76.03,0.00475,0,84.96679166666667,30.0,False
2024-02-09 04:00:00,DEV-0044,Reporting-Service,v2.0,101.518,0.0,0,85.21083333333334,46.6,False
2024-02-09 04:00:00,DEV-0034,Notification-Service,v1.4,75.429,0.0,0,80.15079166666668,24.4,False
2024-02-09 05:00:00,DEV-0013,Data-Ingestion,v1.5,71.544,0.01763,0,81.12829166666667,45.1,False
2024-02-09 05:00:00,DEV-0016,Data-Ingestion,v1.4,71.019,0.02327,1,79.91012500000001,59.3,False
2024-02-09 06:00:00,DEV-0001,Reporting-Service,v1.4,68.818,0.00919,0,83.292125,30.0,False
2024-02-09 07:00:00,DEV-0037,Reporting-Service,v1.5,108.477,0.00796,0,85.35216666666668,58.2,False
2024-02-09 07:00:00,DEV-0032,Reporting-Service,v1.4,94.168,0.0209,0,85.11483333333334,69.9,False
2024-02-09 07:00:00,DEV-0028,Notification-Service,v2.0,121.109,0.01423,1,81.77370833333333,80.8,False
2024-02-09 08:00:00,DEV-0017,Data-Ingestion,v1.4,54.176,0.03621,1,78.15508333333334,53.1,False
2024-02-09 08:00:00,DEV-0046,API-Gateway,v2.0,80.247,0.01548,0,83.17075,50.6,False
2024-02-09 08:00:00,DEV-0046,Reporting-Service,v2.0,75.43,0.0,0,84.57933333333334,24.4,False
2024-02-09 08:00:00,DEV-0034,Data-Ingestion,v2.0,84.863,0.00766,0,79.044,42.9,False
2024-02-09 09:00:00,DEV-0010,Notification-Service,v1.5,89.037,0.01403,2,83.43629166666666,68.6,False
2024-02-09 09:00:00,DEV-0042,Data-Ingestion,v1.5,76.333,0.01799,0,77.64345833333334,49.7,False
2024-02-09 09:00:00,DEV-0021,Reporting-Service,v1.4,58.383,0.00729,0,83.71920833333333,21.1,False
2024-02-09 09:00:00,DEV-0032,Reporting-Service,v2.0,96.693,0.00096,0,83.37679166666668,45.9,False
2024-02-09 10:00:00,DEV-0019,Data-Ingestion,v1.5,77.13,0.02517,1,77.96845833333333,65.9,False
2024-02-09 11:00:00,DEV-0042,Notification-Service,v2.0,69.579,0.01158,0,82.85441666666667,34.7,False
2024-02-09 12:00:00,DEV-0004,Reporting-Service,v1.5,89.265,0.02193,1,82.381625,76.0,False
2024-02-09 12:00:00,DEV-0036,Data-Ingestion,v1.4,77.976,0.0026,0,78.59541666666667,30.0,False
2024-02-09 12:00:00,DEV-0024,Notification-Service,v1.4,102.974,0.00965,0,82.28554166666666,59.1,False
2024-02-09 12:00:00,DEV-0012,Notification-Service,v2.0,99.872,0.01059,0,82.32841666666667,59.6,False
2024-02-09 13:00:00,DEV-0009,API-Gateway,v1.4,116.262,0.01523,0,85.65216666666667,72.4,False
2024-02-09 13:00:00,DEV-0010,Notification-Service,v2.0,63.061,0.0,0,81.79004166666665,15.0,False
2024-02-09 14:00:00,DEV-0008,Notification-Service,v1.4,116.059,0.02446,1,84.24745833333334,90.7,True
2024-02-09 15:00:00,DEV-0010,Notification-Service,v1.4,111.371,0.01357,0,85.81808333333333,68.6,False
2024-02-09 15:00:00,DEV-0042,Reporting-Service,v1.5,82.031,0.0076,0,81.313375,39.8,False
2024-02-09 15:00:00,DEV-0019,Notification-Service,v1.5,82.037,0.02333,1,84.67079166666666,70.0,False
2024-02-09 15:00:00,DEV-0004,Notification-Service,v1.5,82.933,0.0157,1,85.17691666666666,63.5,False
2024-02-09 16:00:00,DEV-0009,Reporting-Service,v1.4,50.127,0.02459,0,79.57483333333333,40.7,False
2024-02-09 16:00:00,DEV-0036,Data-Ingestion,v2.0,78.587,0.01052,0,78.48420833333334,41.1,False
2024-02-09 17:00:00,DEV-0034,Reporting-Service,v1.5,92.943,0.0,0,81.27704166666668,41.3,False
2024-02-09 17:00:00,DEV-0047,Reporting-Service,v1.5,65.542,0.00374,0,80.33504166666667,20.6,False
2024-02-09 17:00:00,DEV-0028,Notification-Service,v1.4,71.513,0.00828,0,83.59287499999999,30.4,False
2024-02-09 17:00:00,DEV-0032,Reporting-Service,v1.5,67.075,0.00675,0,80.11920833333333,25.0,False
2024-02-09 18:00:00,DEV-0032,API-Gateway,v1.5,93.111,0.00162,0,85.22670833333333,43.7,False
2024-02-09 18:00:00,DEV-0033,API-Gateway,v2.0,45.925,0.01073,0,84.85025,23.8,False
2024-02-09 18:00:00,DEV-0013,Reporting-Service,v1.4,54.036,0.01246,0,78.58999999999999,27.9,False
2024-02-09 19:00:00,DEV-0035,Data-Ingestion,v1.4,73.949,0.00865,0,77.56766666666667,33.4,False
2024-02-09 19:00:00,DEV-0022,Reporting-Service,v1.5,69.983,0.00825,0,77.280125,29.2,False
2024-02-09 19:00:00,DEV-0021,Notification-Service,v1.5,27.68,0.02129,0,82.57549999999999,36.9,False
2024-02-09 19:00:00,DEV-0012,Reporting-Service,v1.5,62.257,0.02105,0,78.33108333333332,42.3,False
2024-02-09 20:00:00,DEV-0041,Reporting-Service,v1.5,68.397,0.01884,1,77.54770833333333,53.4,False
2024-02-09 20:00:00,DEV-0023,Reporting-Service,v1.4,99.314,0.00258,0,78.02024999999999,48.5,False
2024-02-09 20:00:00,DEV-0044,Reporting-Service,v2.0,103.403,0.01495,2,79.755125,79.4,False
2024-02-09 21:00:00,DEV-0045,Data-Ingestion,v1.4,109.267,0.01316,0,78.46908333333333,67.2,False
2024-02-09 21:00:00,DEV-0022,Reporting-Service,v1.5,75.507,0.01342,0,79.40608333333334,42.7,False
2024-02-09 21:00:00,DEV-0027,Notification-Service,v1.5,75.815,0.02437,0,82.20829166666667,55.0,False
2024-02-09 21:00:00,DEV-0048,API-Gateway,v1.5,71.025,0.01034,0,84.41,33.7,False
2024-02-09 22:00:00,DEV-0001,Notification-Service,v1.5,84.251,0.01901,0,82.319625,59.3,False
2024-02-09 22:00:00,DEV-0004,Data-Ingestion,v1.4,94.195,0.01307,0,78.782125,60.0,False
2024-02-09 23:00:00,DEV-0039,API-Gateway,v2.0,58.069,0.0158,0,83.67120833333334,34.7,False
2024-02-10 00:00:00,DEV-0045,Data-Ingestion,v1.5,68.847,0.01266,0,78.646,35.9,False
2024-02-10 00:00:00,DEV-0050,Data-Ingestion,v2.0,68.245,0.0303,0,77.67558333333334,50.4,False
2024-02-10 01:00:00,DEV-0036,API-Gateway,v1.4,64.282,0.02118,0,82.604375,43.8,False
2024-02-10 02:00:00,DEV-0022,Notification-Service,v1.4,67.706,0.00658,0,81.82020833333333,25.2,False
2024-02-10 02:00:00,DEV-0021,Data-Ingestion,v1.5,77.612,0.01111,0,77.079625,41.1,False
2024-02-10 02:00:00,DEV-0040,Notification-Service,v2.0,67.277,0.00995,0,81.51462500000001,30.1,False
2024-02-10 02:00:00,DEV-0012,API-Gateway,v2.0,74.52,0.01723,1,82.80120833333334,56.8,False
2024-02-10 03:00:00,DEV-0013,Reporting-Service,v1.5,76.701,0.00731,0,79.39183333333334,33.8,False
2024-02-10 03:00:00,DEV-0002,Notification-Service,v2.0,78.043,0.01497,0,81.36604166666667,47.9,False
2024-02-10 03:00:00,DEV-0046,Notification-Service,v1.5,73.294,0.00564,1,81.21966666666667,37.6,False
2024-02-10 03:00:00,DEV-0023,Data-Ingestion,v1.5,98.539,0.00822,0,78.00879166666665,54.7,False
2024-02-10 04:00:00,DEV-0027,API-Gateway,v1.4,71.366,0.02318,2,82.96675,61.4,False
2024-02-10 04:00:00,DEV-0024,API-Gateway,v1.5,106.677,0.0,0,81.98166666666667,48.4,False
2024-02-10 04:00:00,DEV-0046,Reporting-Service,v1.4,77.155,0.01406,0,79.0925,45.6,False
2024-02-10 05:00:00,DEV-0009,Notification-Service,v2.0,91.481,0.02812,0,81.37575,71.6,False
2024-02-10 06:00:00,DEV-0031,Data-Ingestion,v2.0,85.15,0.0,0,79.14999999999999,34.4,False
2024-02-10 06:00:00,DEV-0046,API-Gateway,v2.0,91.7,0.00832,0,81.75429166666666,50.0,False
2024-02-10 07:00:00,DEV-0025,API-Gateway,v1.5,97.603,0.02318,1,82.911625,83.4,False
2024-02-10 07:00:00,DEV-0050,API-Gateway,v2.0,85.342,0.00472,0,82.69675,39.6,False
2024-02-10 08:00:00,DEV-0010,Data-Ingestion,v1.4,89.016,0.00908,1,77.47129166666666,58.2,False
2024-02-10 08:00:00,DEV-0014,Data-Ingestion,v2.0,33.438,0.00959,0,76.98175,20.8,False
2024-02-10 08:00:00,DEV-0044,Notification-Service,v1.5,44.265,0.00517,0,79.98895833333333,15.1,False
2024-02-10 09:00:00,DEV-0037,API-Gateway,v2.0,70.962,0.02576,0,82.29045833333333,51.2,False
2024-02-10 09:00:00,DEV-0021,API-Gateway,v1.4,83.546,0.02076,0,82.56954166666667,60.4,False
2024-02-10 09:00:00,DEV-0029,Reporting-Service,v1.5,84.275,0.01598,0,79.06366666666666,55.8,False
2024-02-10 09:00:00,DEV-0003,Data-Ingestion,v1.4,76.816,0.00452,0,76.98895833333333,30.5,False
2024-02-10 10:00:00,DEV-0048,API-Gateway,v1.5,85.706,0.01268,1,81.37316666666666,61.4,False
2024-02-10 10:00:00,DEV-0028,Data-Ingestion,v1.5,83.527,0.02199,0,77.78754166666667,61.5,False
2024-02-10 10:00:00,DEV-0003,API-Gateway,v1.5,82.339,0.01844,0,82.25404166666667,56.7,False
2024-02-10 11:00:00,DEV-0050,API-Gateway,v1.5,100.179,0.01432,1,82.264375,75.2,False
2024-02-10 12:00:00,DEV-0002,Notification-Service,v1.5,72.163,0.00632,0,80.767625,28.3,False
2024-02-10 12:00:00,DEV-0045,Data-Ingestion,v2.0,84.049,0.01489,0,78.63170833333334,54.1,False
2024-02-10 12:00:00,DEV-0015,API-Gateway,v1.5,83.925,0.01734,0,81.92779166666666,57.3,False
2024-02-10 13:00:00,DEV-0037,Notification-Service,v2.0,118.098,0.0,0,81.52374999999999,51.5,False
2024-02-10 13:00:00,DEV-0042,Reporting-Service,v1.4,75.073,0.00924,0,78.20383333333334,35.4,False
2024-02-10 13:00:00,DEV-0019,Reporting-Service,v2.0,81.839,0.01162,0,78.24370833333333,46.2,False
2024-02-10 13:00:00,DEV-0018,Data-Ingestion,v1.5,68.27,0.0167,0,78.12483333333333,41.6,False
2024-02-10 14:00:00,DEV-0043,Data-Ingestion,v1.4,74.586,0.01122,1,77.98054166666667,47.7,False
2024-02-10 14:00:00,DEV-0001,API-Gateway,v2.0,97.494,0.01366,0,83.16916666666667,63.4,False
2024-02-10 15:00:00,DEV-0004,Notification-Service,v2.0,68.857,0.01211,0,81.41266666666667,35.1,False
2024-02-10 15:00:00,DEV-0014,API-Gateway,v1.5,105.483,0.00696,1,82.861,65.0,False
2024-02-10 15:00:00,DEV-0014,Data-Ingestion,v2.0,85.71,0.01508,0,77.6185,56.0,False
2024-02-10 15:00:00,DEV-0047,Reporting-Service,v1.4,67.766,0.01435,2,78.16,49.3,False
2024-02-10 16:00:00,DEV-0003,API-Gateway,v2.0,90.546,0.01483,1,83.76458333333333,69.2,False
2024-02-10 16:00:00,DEV-0003,Data-Ingestion,v2.0,73.668,0.01093,1,77.707,46.1,False
2024-02-10 17:00:00,DEV-0027,Notification-Service,v1.5,61.381,0.00085,1,80.82733333333333,25.3,False
2024-02-10 17:00:00,DEV-0003,Reporting-Service,v2.0,70.859,0.01347,0,76.59258333333334,38.8,False
2024-02-10 17:00:00,DEV-0024,Reporting-Service,v1.5,103.142,0.00969,0,76.9665,59.2,False
2024-02-10 17:00:00,DEV-0015,Data-Ingestion,v1.5,61.625,0.00777,0,77.31558333333334,23.2,False
2024-02-10 18:00:00,DEV-0031,API-Gateway,v2.0,80.392,0.01753,0,84.13083333333334,53.4,False
2024-02-10 18:00:00,DEV-0050,Data-Ingestion,v1.4,96.918,0.0,0,77.817875,44.3,False
2024-02-10 18:00:00,DEV-0006,Notification-Service,v1.5,96.159,0.00765,0,79.78775,52.6,False
2024-02-10 18:00:00,DEV-0049,Reporting-Service,v1.5,101.432,0.02704,0,78.04991666666666,77.7,False
2024-02-10 19:00:00,DEV-0043,Data-Ingestion,v1.4,96.687,0.01677,0,79.58916666666666,67.3,False
2024-02-10 19:00:00,DEV-0028,Notification-Service,v1.5,72.097,0.03567,0,79.08191666666666,53.8,False
2024-02-10 19:00:00,DEV-0036,Reporting-Service,v1.4,63.491,0.01386,0,78.26275,34.5,False
2024-02-10 20:00:00,DEV-0005,API-Gateway,v2.0,85.169,0.0,0,84.24458333333334,34.4,False
2024-02-10 21:00:00,DEV-0021,API-Gateway,v2.0,76.387,0.02744,1,84.08375,66.0,False
2024-02-10 22:00:00,DEV-0049,API-Gateway,v1.4,101.173,0.01946,1,83.49633333333333,81.8,False
2024-02-10 22:00:00,DEV-0001,API-Gateway,v1.5,94.102,0.00673,0,83.16041666666666,49.6,False
2024-02-10 22:00:00,DEV-0003,Reporting-Service,v2.0,55.264,0.00193,0,76.53654166666666,14.0,False
2024-02-10 22:00:00,DEV-0050,Notification-Service,v1.5,49.453,0.01706,1,78.24333333333334,43.2,False
2024-02-10 23:00:00,DEV-0025,Notification-Service,v1.4,56.096,0.00431,0,76.41933333333334,16.4,False
2024-02-10 23:00:00,DEV-0008,API-Gateway,v1.4,77.564,0.02978,0,84.81462499999999,58.4,False
2024-02-10 23:00:00,DEV-0047,Data-Ingestion,v2.0,43.332,0.01962,0,78.214125,35.7,False
2024-02-11 00:00:00,DEV-0007,API-Gateway,v1.4,42.802,0.00526,0,83.63866666666668,15.0,False
2024-02-11 00:00:00,DEV-0045,Notification-Service,v1.5,63.45,0.01276,0,74.7725,32.5,False
2024-02-11 00:00:00,DEV-0001,Reporting-Service,v1.4,129.326,0.01357,0,78.20575000000001,70.8,False
2024-02-11 00:00:00,DEV-0003,Data-Ingestion,v1.5,104.198,0.0,0,79.34195833333332,47.6,False
2024-02-11 01:00:00,DEV-0013,Reporting-Service,v1.4,62.816,0.0,0,77.405125,14.9,False
2024-02-11 01:00:00,DEV-0049,Data-Ingestion,v1.5,79.263,0.01614,0,79.39558333333333,50.7,False
2024-02-11 01:00:00,DEV-0035,API-Gateway,v1.4,50.112,0.0,0,83.307125,10.4,False
2024-02-11 01:00:00,DEV-0024,Notification-Service,v1.5,91.863,0.00722,0,75.97258333333333,48.5,False
2024-02-11 02:00:00,DEV-0032,Reporting-Service,v2.0,58.314,0.00675,0,77.74624999999999,20.4,False
2024-02-11 03:00:00,DEV-0030,Notification-Service,v2.0,83.256,0.03144,0,74.60579166666666,64.8,False
2024-02-11 03:00:00,DEV-0027,Notification-Service,v2.0,76.556,0.02568,0,73.15516666666667,56.1,False
2024-02-11 03:00:00,DEV-0041,API-Gateway,v1.5,77.46,0.0,1,83.85620833333333,35.9,False
2024-02-11 03:00:00,DEV-0043,API-Gateway,v1.5,104.381,0.019,0,85.10041666666667,73.3,False
2024-02-11 04:00:00,DEV-0046,Notification-Service,v1.5,82.412,0.02118,0,73.13345833333334,59.7,False
2024-02-11 04:00:00,DEV-0019,Data-Ingestion,v1.5,85.791,0.01491,0,79.69574999999999,55.7,False
2024-02-11 04:00:00,DEV-0013,Reporting-Service,v2.0,89.786,0.01405,1,77.86416666666666,67.5,False
2024-02-11 04:00:00,DEV-0032,Reporting-Service,v1.5,71.529,0.01919,0,77.99570833333333,46.7,False
2024-02-11 05:00:00,DEV-0009,Data-Ingestion,v1.4,55.352,0.01049,1,78.92087500000001,34.4,False
2024-02-11 05:00:00,DEV-0042,Data-Ingestion,v1.4,108.478,0.02072,0,78.88799999999999,76.4,False
2024-02-11 06:00:00,DEV-0032,Notification-Service,v1.5,84.294,0.00847,0,74.192125,43.7,False
2024-02-11 06:00:00,DEV-0015,Notification-Service,v1.4,94.664,0.00738,0,73.65958333333333,50.9,False
2024-02-11 07:00:00,DEV-0016,API-Gateway,v1.5,75.942,0.00588,0,85.29108333333333,31.3,False
2024-02-11 08:00:00,DEV-0040,Reporting-Service,v2.0,65.779,0.02179,0,77.81016666666666,45.2,False
2024-02-11 08:00:00,DEV-0019,API-Gateway,v1.4,92.546,0.01456,0,84.70229166666667,61.3,False
2024-02-11 09:00:00,DEV-0043,API-Gateway,v1.5,90.67,0.00922,0,84.659375,50.6,False
2024-02-11 09:00:00,DEV-0026,Reporting-Service,v1.5,91.811,0.0135,2,79.384125,70.3,False
2024-02-11 09:00:00,DEV-0021,Data-Ingestion,v1.5,79.514,0.02547,0,78.27629166666667,59.1,False
2024-02-11 10:00:00,DEV-0037,Reporting-Service,v1.4,73.788,0.0,0,80.91033333333333,22.9,False
2024-02-11 10:00:00,DEV-0001,Notification-Service,v2.0,59.486,0.0,0,75.517375,13.3,False
2024-02-11 10:00:00,DEV-0018,Notification-Service,v1.4,110.053,0.01069,0,76.94395833333333,63.4,False
2024-02-11 10:00:00,DEV-0006,Reporting-Service,v1.5,95.081,0.00734,1,80.75179166666668,60.5,False
2024-02-11 11:00:00,DEV-0023,API-Gateway,v1.4,100.045,0.0181,0,84.86854166666667,70.7,False
2024-02-11 11:00:00,DEV-0029,API-Gateway,v2.0,87.92,0.01977,0,84.76679166666666,63.3,False
2024-02-11 12:00:00,DEV-0006,Reporting-Service,v1.4,93.808,0.0143,1,81.969125,71.1,False
2024-02-11 12:00:00,DEV-0010,Data-Ingestion,v1.4,77.646,0.00829,0,78.64291666666666,36.4,False
2024-02-11 12:00:00,DEV-0041,API-Gateway,v1.5,60.688,0.02014,0,83.91612500000001,40.6,False
2024-02-11 13:00:00,DEV-0024,Data-Ingestion,v2.0,74.209,0.01224,0,78.89141666666667,39.8,False
2024-02-11 13:00:00,DEV-0045,Notification-Service,v1.5,71.68,0.01364,2,76.42016666666667,51.0,False
2024-02-11 13:00:00,DEV-0009,API-Gateway,v1.5,82.746,0.01318,0,84.40712500000001,50.1,False
2024-02-11 14:00:00,DEV-0028,Notification-Service,v1.4,47.638,0.00053,0,75.60187499999999,11.4,False
2024-02-11 14:00:00,DEV-0050,Notification-Service,v1.5,88.321,0.00745,0,76.46083333333334,45.7,False
2024-02-11 15:00:00,DEV-0034,Data-Ingestion,v2.0,86.387,0.0,0,79.25704166666667,35.5,False
2024-02-11 15:00:00,DEV-0032,Data-Ingestion,v2.0,71.402,0.02108,0,78.12633333333333,48.6,False
2024-02-11 16:00:00,DEV-0030,Notification-Service,v1.5,89.919,0.02188,0,76.95566666666666,67.2,False
2024-02-11 16:00:00,DEV-0022,Reporting-Service,v2.0,91.894,0.0198,0,80.796,66.9,False
2024-02-11 16:00:00,DEV-0001,Reporting-Service,v1.5,82.668,0.00572,1,81.27554166666667,47.5,False
2024-02-11 17:00:00,DEV-0017,Data-Ingestion,v1.5,110.183,0.01359,0,79.169375,68.2,False
2024-02-11 17:00:00,DEV-0036,Notification-Service,v1.4,74.903,0.00319,1,77.02270833333334,36.8,False
2024-02-11 18:00:00,DEV-0019,Reporting-Service,v1.4,81.398,0.0,0,82.16579166666666,30.4,False
2024-02-11 18:00:00,DEV-0027,Reporting-Service,v2.0,103.685,0.00713,1,81.97008333333333,64.7,False
2024-02-11 18:00:00,DEV-0031,Reporting-Service,v2.0,68.724,0.02113,1,81.8145,56.1,False
2024-02-11 18:00:00,DEV-0012,Reporting-Service,v2.0,93.959,0.02039,0,82.218,69.1,False
2024-02-11 19:00:00,DEV-0015,API-Gateway,v2.0,78.868,0.00808,0,84.2625,37.1,False
2024-02-11 19:00:00,DEV-0014,API-Gateway,v1.5,102.038,0.0,1,84.943,56.2,False
2024-02-11 19:00:00,DEV-0041,API-Gateway,v1.4,98.636,0.00413,0,84.87870833333334,49.6,False
2024-02-11 19:00:00,DEV-0050,API-Gateway,v1.5,79.264,0.00189,0,84.6845,30.8,False
2024-02-11 20:00:00,DEV-0009,Notification-Service,v1.5,87.616,0.02906,3,76.86166666666666,80.2,False
2024-02-11 20:00:00,DEV-0046,Reporting-Service,v1.5,95.313,0.0,1,82.77941666666666,52.5,False
2024-02-11 20:00:00,DEV-0016,Data-Ingestion,v1.4,111.277,0.00361,0,82.1905,53.8,False
2024-02-11 20:00:00,DEV-0039,Data-Ingestion,v1.4,83.684,0.02015,0,81.26295833333333,59.8,False
2024-02-11 21:00:00,DEV-0019,Reporting-Service,v2.0,73.927,0.0,0,82.73166666666667,23.0,False
2024-02-11 21:00:00,DEV-0019,Data-Ingestion,v2.0,99.6,0.006,0,83.13983333333333,52.3,False
2024-02-11 22:00:00,DEV-0027,Reporting-Service,v2.0,88.163,0.02051,0,83.58154166666667,64.3,False
2024-02-11 22:00:00,DEV-0013,Notification-Service,v1.5,81.567,0.01155,0,78.41591666666666,45.8,False
2024-02-11 22:00:00,DEV-0009,API-Gateway,v1.5,57.185,0.02265,1,83.00495833333333,50.7,False
2024-02-11 23:00:00,DEV-0016,Reporting-Service,v1.4,94.245,0.00523,1,84.55595833333332,57.3,False
2024-02-11 23:00:00,DEV-0026,Reporting-Service,v1.4,81.599,0.00379,0,83.65833333333335,34.7,False
2024-02-11 23:00:00,DEV-0011,Reporting-Service,v1.5,82.538,0.01268,0,82.87108333333335,48.9,False
2024-02-11 23:00:00,DEV-0014,Data-Ingestion,v1.4,116.722,0.00591,0,84.52295833333334,57.6,False
2024-02-12 00:00:00,DEV-0024,Reporting-Service,v1.5,83.405,0.01365,0,83.70083333333334,51.6,False
2024-02-12 00:00:00,DEV-0005,Notification-Service,v1.5,113.323,0.00703,0,80.13091666666666,58.4,False
2024-02-12 01:00:00,DEV-0017,Notification-Service,v1.4,81.696,0.02298,0,78.821875,59.9,False
2024-02-12 01:00:00,DEV-0018,Notification-Service,v1.4,73.842,0.02193,0,78.28691666666667,51.5,False
2024-02-12 02:00:00,DEV-0033,API-Gateway,v1.4,196.371,0.13629,6,86.79195833333334,99.7,True
2024-02-12 03:00:00,DEV-0044,Notification-Service,v1.5,100.39,0.0111,0,80.44725,60.6,False
2024-02-12 03:00:00,DEV-0046,Data-Ingestion,v2.0,205.936,0.07342,5,89.60158333333334,98.6,True
2024-02-12 03:00:00,DEV-0005,API-Gateway,v2.0,135.514,0.07925,5,88.66562499999999,97.4,True
2024-02-12 04:00:00,DEV-0002,Notification-Service,v1.5,67.712,0.00987,0,79.26195833333334,30.3,False
2024-02-12 05:00:00,DEV-0024,API-Gateway,v1.5,258.523,0.10776,6,96.08775000000001,99.4,True
2024-02-12 05:00:00,DEV-0015,Data-Ingestion,v2.0,111.997,0.1263,5,91.42354166666667,95.9,True
2024-02-12 06:00:00,DEV-0048,Data-Ingestion,v1.5,171.105,0.11359,7,98.99649999999998,99.0,True
2024-02-12 06:00:00,DEV-0023,Data-Ingestion,v2.0,170.942,0.08059,5,95.438375,98.2,True
2024-02-12 06:00:00,DEV-0040,Reporting-Service,v2.0,80.634,0.01763,0,84.75791666666667,53.8,False
2024-02-12 06:00:00,DEV-0032,Notification-Service,v1.5,119.373,0.02061,0,81.23179166666667,78.7,False
2024-02-12 07:00:00,DEV-0012,Notification-Service,v1.5,80.767,0.00552,0,82.53654166666666,35.5,False
2024-02-12 07:00:00,DEV-0029,Data-Ingestion,v1.5,106.412,0.13134,4,100.36083333333333,94.0,True
2024-02-12 07:00:00,DEV-0015,Reporting-Service,v1.5,119.985,0.00891,0,84.36870833333333,62.4,False
2024-02-12 07:00:00,DEV-0018,API-Gateway,v2.0,131.743,0.11097,6,98.02833333333335,97.9,True
2024-02-12 08:00:00,DEV-0050,Reporting-Service,v1.5,96.764,0.0,1,85.78320833333333,53.5,False
2024-02-12 08:00:00,DEV-0042,API-Gateway,v2.0,165.359,0.06592,5,101.7355,97.8,True
2024-02-12 08:00:00,DEV-0046,Notification-Service,v2.0,83.838,0.01598,0,83.69245833333333,55.5,False
2024-02-12 09:00:00,DEV-0017,Notification-Service,v2.0,91.22,0.01245,0,84.84954166666667,56.5,False
2024-02-12 10:00:00,DEV-0001,API-Gateway,v1.5,155.068,0.09063,3,110.71908333333334,97.6,True
2024-02-12 10:00:00,DEV-0028,API-Gateway,v1.5,191.476,0.09511,4,107.48975,98.6,True
2024-02-12 10:00:00,DEV-0017,API-Gateway,v2.0,141.901,0.06448,7,103.727125,97.6,True
2024-02-12 10:00:00,DEV-0011,Reporting-Service,v2.0,80.97,0.01074,0,86.72720833333334,43.8,False
2024-02-12 11:00:00,DEV-0003,Notification-Service,v2.0,108.235,0.02724,0,85.53170833333333,80.2,False
2024-02-12 12:00:00,DEV-0017,Data-Ingestion,v1.5,160.162,0.11266,3,104.46654166666667,98.2,True
2024-02-12 12:00:00,DEV-0046,Notification-Service,v1.5,87.404,0.00701,2,85.70454166666667,55.6,False
2024-02-12 12:00:00,DEV-0048,Notification-Service,v1.4,93.998,0.01097,0,86.43129166666667,56.3,False
2024-02-12 12:00:00,DEV-0001,Reporting-Service,v1.5,128.639,0.00448,1,89.10679166666667,66.3,False
2024-02-12 13:00:00,DEV-0021,Data-Ingestion,v2.0,107.028,0.12112,3,104.88779166666666,93.9,True
2024-02-12 13:00:00,DEV-0038,Notification-Service,v1.4,79.739,0.0151,0,86.31991666666666,49.6,False
2024-02-12 14:00:00,DEV-0011,Notification-Service,v1.5,66.491,0.00829,0,85.14604166666666,27.0,False
2024-02-12 14:00:00,DEV-0017,Data-Ingestion,v1.5,167.954,0.12066,2,107.85725000000001,98.1,True
2024-02-12 15:00:00,DEV-0002,Data-Ingestion,v1.4,237.115,0.06026,5,116.75716666666666,98.5,True
2024-02-12 15:00:00,DEV-0047,Data-Ingestion,v2.0,124.013,0.09019,2,111.21895833333333,96.4,True
2024-02-12 15:00:00,DEV-0019,Reporting-Service,v2.0,94.138,0.01539,1,89.288125,73.1,False
2024-02-12 15:00:00,DEV-0007,Notification-Service,v1.4,87.078,0.02222,0,85.26204166666666,64.9,False
2024-02-12 16:00:00,DEV-0016,API-Gateway,v1.5,145.366,0.10511,5,114.99258333333334,98.0,True
2024-02-12 16:00:00,DEV-0003,API-Gateway,v1.4,162.967,0.12929,3,119.69487499999998,98.6,True
2024-02-12 17:00:00,DEV-0006,API-Gateway,v1.5,157.355,0.12386,6,123.02383333333331,98.7,True
2024-02-12 17:00:00,DEV-0047,Reporting-Service,v2.0,87.425,0.01127,0,90.19004166666667,51.2,False
2024-02-12 17:00:00,DEV-0007,Notification-Service,v1.5,95.735,0.00298,0,86.77241666666667,46.9,False
2024-02-12 17:00:00,DEV-0044,API-Gateway,v2.0,165.926,0.11601,3,125.58820833333334,98.4,True
2024-02-12 18:00:00,DEV-0038,Reporting-Service,v1.4,55.087,0.00369,0,88.659875,15.4,False
2024-02-12 19:00:00,DEV-0037,Notification-Service,v1.4,46.19,0.01494,0,84.11145833333333,30.5,False
2024-02-12 19:00:00,DEV-0003,Reporting-Service,v1.5,77.994,0.00643,0,87.94791666666667,34.0,False
2024-02-12 19:00:00,DEV-0003,Reporting-Service,v2.0,67.482,0.00771,0,87.68516666666666,26.8,False
2024-02-12 20:00:00,DEV-0012,Notification-Service,v2.0,82.23,0.01584,1,84.55104166666666,62.9,False
2024-02-12 20:00:00,DEV-0012,Reporting-Service,v1.5,95.289,0.01239,0,87.746875,59.7,False
2024-02-12 21:00:00,DEV-0035,Notification-Service,v2.0,71.487,0.0148,0,85.54475000000001,41.2,False
2024-02-12 21:00:00,DEV-0035,Data-Ingestion,v2.0,159.029,0.06711,5,120.08075000000001,97.6,True
2024-02-12 21:00:00,DEV-0014,API-Gateway,v1.5,145.879,0.12309,2,128.50225,97.7,True
2024-02-12 22:00:00,DEV-0038,Reporting-Service,v1.5,76.626,0.01306,0,87.49512500000002,43.1,False
2024-02-12 23:00:00,DEV-0036,Reporting-Service,v1.4,43.272,0.0085,0,85.46920833333333,19.5,False
2024-02-12 23:00:00,DEV-0040,API-Gateway,v2.0,97.895,0.1209,5,128.72512500000002,90.6,True
2024-02-12 23:00:00,DEV-0028,Reporting-Service,v1.5,86.349,0.00417,0,84.746875,39.8,False
2024-02-13 00:00:00,DEV-0021,API-Gateway,v2.0,177.845,0.11629,3,132.35741666666667,98.6,True
2024-02-13 01:00:00,DEV-0034,Reporting-Service,v2.0,80.28,0.00733,0,84.70029166666667,37.4,False
2024-02-13 01:00:00,DEV-0029,API-Gateway,v2.0,159.564,0.11415,3,135.34258333333335,98.2,True
2024-02-13 02:00:00,DEV-0014,Notification-Service,v2.0,82.263,0.00454,0,85.29233333333333,36.4,False
2024-02-13 02:00:00,DEV-0003,Reporting-Service,v2.0,71.325,0.01054,0,84.80866666666667,34.2,False
2024-02-13 03:00:00,DEV-0032,Reporting-Service,v2.0,78.091,0.01114,0,84.1475,41.7,False
2024-02-13 03:00:00,DEV-0014,Data-Ingestion,v1.5,172.436,0.12646,6,123.69095833333331,99.2,True
2024-02-13 03:00:00,DEV-0046,API-Gateway,v1.5,92.484,0.08325,7,135.02754166666668,86.3,False
2024-02-13 03:00:00,DEV-0035,Notification-Service,v1.5,98.68,0.01578,0,85.657375,67.3,False
2024-02-13 04:00:00,DEV-0005,API-Gateway,v1.5,161.702,0.06919,5,143.60066666666668,97.8,True
2024-02-13 04:00:00,DEV-0029,API-Gateway,v2.0,187.487,0.08596,5,140.31083333333333,98.6,True
2024-02-13 04:00:00,DEV-0042,API-Gateway,v2.0,136.097,0.14099,3,145.98520833333336,98.0,True
2024-02-13 05:00:00,DEV-0031,API-Gateway,v1.5,164.428,0.11079,4,148.5847916666667,98.4,True
2024-02-13 05:00:00,DEV-0047,Notification-Service,v1.5,57.628,0.01616,0,83.69904166666667,34.9,False
2024-02-13 05:00:00,DEV-0002,Notification-Service,v1.5,57.891,0.01007,0,84.94854166666667,25.3,False
2024-02-13 05:00:00,DEV-0026,Data-Ingestion,v1.4,197.827,0.09248,6,129.62741666666668,99.0,True
2024-02-13 06:00:00,DEV-0048,Notification-Service,v1.4,79.781,0.01402,2,83.624625,59.4,False
2024-02-13 07:00:00,DEV-0043,API-Gateway,v1.5,229.707,0.07104,4,154.04608333333334,98.5,True
2024-02-13 08:00:00,DEV-0031,Reporting-Service,v2.0,90.18,0.00373,0,83.933625,42.9,False
2024-02-13 08:00:00,DEV-0010,Notification-Service,v2.0,114.297,0.02369,0,83.63645833333334,80.6,False
2024-02-13 08:00:00,DEV-0013,Notification-Service,v1.4,73.152,0.02428,0,81.95083333333334,52.2,False
2024-02-13 08:00:00,DEV-0016,Data-Ingestion,v1.5,134.64,0.06833,4,130.7175,97.0,True
2024-02-13 09:00:00,DEV-0044,Data-Ingestion,v2.0,147.842,0.0892,2,133.5645,97.1,True
2024-02-13 09:00:00,DEV-0033,Notification-Service,v1.5,39.65,0.03494,0,82.1415,41.6,False
2024-02-13 09:00:00,DEV-0043,Notification-Service,v2.0,106.557,0.00825,0,84.67233333333333,57.9,False
2024-02-13 09:00:00,DEV-0001,Reporting-Service,v2.0,104.81,0.00941,0,85.22041666666667,59.4,False
2024-02-13 10:00:00,DEV-0050,Data-Ingestion,v1.5,128.002,0.11709,5,135.66266666666667,97.8,True
2024-02-13 10:00:00,DEV-0037,API-Gateway,v1.5,197.595,0.10189,2,162.04770833333333,98.2,True
2024-02-13 10:00:00,DEV-0044,Notification-Service,v1.4,116.915,0.01834,0,84.191625,76.3,False
2024-02-13 10:00:00,DEV-0046,API-Gateway,v1.5,130.893,0.13113,5,156.19729166666667,98.1,True
2024-02-13 11:00:00,DEV-0050,Reporting-Service,v1.5,98.037,0.02499,0,85.63183333333332,75.4,False
2024-02-13 12:00:00,DEV-0016,API-Gateway,v1.5,144.339,0.13386,3,159.87970833333335,98.2,True
2024-02-13 12:00:00,DEV-0042,Data-Ingestion,v1.4,203.891,0.05485,6,141.06608333333335,98.5,True
2024-02-13 13:00:00,DEV-0025,Data-Ingestion,v2.0,193.464,0.10872,6,145.527625,99.2,True
2024-02-13 14:00:00,DEV-0008,Data-Ingestion,v2.0,193.168,0.09221,3,150.60120833333335,98.4,True
2024-02-13 14:00:00,DEV-0012,Reporting-Service,v2.0,70.924,0.0143,2,84.66012500000001,51.6,False
2024-02-13 15:00:00,DEV-0033,Data-Ingestion,v1.4,204.671,0.07288,2,154.53820833333333,97.9,True
2024-02-13 15:00:00,DEV-0027,Notification-Service,v2.0,56.575,0.00971,0,81.57504166666666,24.1,False
2024-02-13 15:00:00,DEV-0023,API-Gateway,v1.5,141.305,0.07806,5,160.121,97.6,True
2024-02-13 16:00:00,DEV-0006,API-Gateway,v2.0,116.456,0.11146,4,154.20154166666666,96.6,True
2024-02-13 16:00:00,DEV-0028,Data-Ingestion,v2.0,157.311,0.12303,4,157.60600000000002,98.4,True
2024-02-13 16:00:00,DEV-0014,API-Gateway,v2.0,184.806,0.09391,4,156.4125,98.5,True
2024-02-13 16:00:00,DEV-0041,Reporting-Service,v1.5,92.715,0.00347,2,85.12329166666666,56.3,False
2024-02-13 17:00:00,DEV-0027,Reporting-Service,v2.0,87.77,0.02851,0,85.34129166666666,68.5,False
2024-02-13 17:00:00,DEV-0022,Data-Ingestion,v1.5,157.62,0.04492,3,159.53695833333333,97.2,True
2024-02-13 17:00:00,DEV-0004,Reporting-Service,v1.5,90.303,0.00395,0,85.62870833333334,43.3,False
2024-02-13 18:00:00,DEV-0043,Reporting-Service,v1.5,64.711,0.01166,0,84.96525,31.6,False
2024-02-13 18:00:00,DEV-0013,Notification-Service,v1.4,77.623,0.00427,1,81.44404166666666,40.5,False
2024-02-13 18:00:00,DEV-0007,Reporting-Service,v2.0,107.361,0.00574,0,84.43925,54.8,False
2024-02-13 18:00:00,DEV-0024,Notification-Service,v2.0,68.632,0.00486,0,80.81045833333333,23.9,False
2024-02-13 19:00:00,DEV-0043,Reporting-Service,v1.4,83.906,0.01307,0,83.90350000000001,51.0,False
2024-02-13 19:00:00,DEV-0035,API-Gateway,v2.0,108.198,0.06829,6,154.03079166666666,93.8,True
2024-02-13 19:00:00,DEV-0018,Notification-Service,v2.0,79.85,0.01308,0,80.33670833333333,46.4,False
2024-02-13 19:00:00,DEV-0038,API-Gateway,v2.0,137.53,0.1026,4,153.84866666666667,97.7,True
2024-02-13 20:00:00,DEV-0029,Notification-Service,v2.0,52.849,0.01752,0,78.02895833333334,35.0,False
2024-02-13 20:00:00,DEV-0022,Data-Ingestion,v1.5,224.29,0.12487,7,164.732375,99.8,True
2024-02-13 21:00:00,DEV-0002,Reporting-Service,v1.5,91.558,0.00938,0,84.34466666666667,51.6,False
2024-02-13 21:00:00,DEV-0013,Data-Ingestion,v1.4,211.122,0.0916,6,168.66570833333333,99.1,True
2024-02-13 21:00:00,DEV-0022,Notification-Service,v1.5,71.328,0.00605,0,77.359125,27.2,False
2024-02-13 22:00:00,DEV-0034,Reporting-Service,v1.4,125.478,0.00461,0,84.21295833333333,56.9,False
2024-02-13 22:00:00,DEV-0028,Notification-Service,v1.5,71.556,0.00711,2,77.71216666666668,40.2,False
2024-02-13 22:00:00,DEV-0022,Notification-Service,v1.5,110.654,0.01978,0,78.05312500000001,76.1,False
2024-02-13 22:00:00,DEV-0022,Data-Ingestion,v1.4,135.832,0.07014,4,165.74470833333334,97.1,True
2024-02-13 23:00:00,DEV-0034,Notification-Service,v1.4,79.169,0.02924,0,78.24041666666666,60.1,False
2024-02-14 00:00:00,DEV-0031,Data-Ingestion,v1.5,91.226,0.01028,0,157.82091666666665,53.0,False
2024-02-14 00:00:00,DEV-0043,Data-Ingestion,v1.4,94.788,0.02736,0,158.45366666666666,74.1,False
2024-02-14 00:00:00,DEV-0042,Data-Ingestion,v1.4,110.519,0.02265,1,161.63354166666667,88.1,False
2024-02-14 00:00:00,DEV-0039,Data-Ingestion,v1.5,73.752,0.02124,1,164.15116666666668,60.2,False
2024-02-14 01:00:00,DEV-0021,Data-Ingestion,v1.5,115.676,0.00954,0,151.57283333333334,62.8,False
2024-02-14 01:00:00,DEV-0001,Data-Ingestion,v1.5,85.709,0.01322,0,154.71870833333332,53.0,False
2024-02-14 01:00:00,DEV-0002,Reporting-Service,v1.4,49.601,0.0091,0,82.35725000000001,21.4,False
2024-02-14 01:00:00,DEV-0019,Data-Ingestion,v1.4,83.805,0.01358,0,153.75108333333336,51.9,False
2024-02-14 02:00:00,DEV-0034,API-Gateway,v1.5,65.922,0.01908,0,148.61724999999998,42.6,False
2024-02-14 03:00:00,DEV-0001,Reporting-Service,v2.0,79.084,0.00864,1,82.00970833333334,47.8,False
2024-02-14 03:00:00,DEV-0031,Data-Ingestion,v1.4,59.236,0.02044,0,148.87379166666668,40.2,False
2024-02-14 04:00:00,DEV-0025,Data-Ingestion,v2.0,117.188,0.01869,0,143.87683333333334,76.6,False
2024-02-14 04:00:00,DEV-0023,API-Gateway,v1.4,67.78,0.02504,0,141.69191666666666,48.6,False
2024-02-14 04:00:00,DEV-0033,API-Gateway,v1.4,66.446,0.00799,0,144.92466666666667,26.4,False
2024-02-14 05:00:00,DEV-0044,Notification-Service,v1.5,74.095,0.00038,0,77.69945833333334,24.6,False
2024-02-14 05:00:00,DEV-0021,Data-Ingestion,v1.4,81.829,0.01733,0,140.66016666666667,54.8,False
2024-02-14 05:00:00,DEV-0025,Reporting-Service,v1.5,76.977,0.02013,0,82.92179166666666,52.6,False
2024-02-14 05:00:00,DEV-0049,API-Gateway,v1.5,70.076,0.01396,0,137.82145833333334,39.0,False
2024-02-14 06:00:00,DEV-0045,API-Gateway,v2.0,70.849,0.00962,0,134.2170416666667,32.3,False
2024-02-14 06:00:00,DEV-0033,Reporting-Service,v1.5,99.706,0.00713,1,83.82645833333333,63.2,False
2024-02-14 07:00:00,DEV-0027,Reporting-Service,v2.0,90.533,0.01473,0,84.78691666666667,59.7,False
2024-02-14 08:00:00,DEV-0044,API-Gateway,v2.0,92.82,0.00427,0,131.17095833333332,45.8,False
2024-02-14 08:00:00,DEV-0018,API-Gateway,v1.4,113.756,0.01464,1,129.8325,80.4,False
2024-02-14 09:00:00,DEV-0020,Reporting-Service,v1.5,79.642,0.0085,1,85.74208333333333,47.9,False
2024-02-14 09:00:00,DEV-0040,Data-Ingestion,v1.5,77.379,0.00855,0,136.69945833333335,36.6,False
2024-02-14 09:00:00,DEV-0049,API-Gateway,v1.5,67.318,0.01061,0,128.55845833333333,31.5,False
2024-02-14 09:00:00,DEV-0047,Reporting-Service,v2.0,115.197,0.00992,0,85.61641666666667,63.3,False
2024-02-14 10:00:00,DEV-0011,Reporting-Service,v1.5,109.39,0.01143,1,88.49700000000001,73.7,False
2024-02-14 10:00:00,DEV-0034,API-Gateway,v1.4,103.711,0.01325,0,125.46954166666667,65.4,False
2024-02-14 11:00:00,DEV-0014,Notification-Service,v2.0,86.406,0.01462,0,77.31075,55.9,False
2024-02-14 11:00:00,DEV-0004,Reporting-Service,v1.5,63.633,0.00349,0,87.5505,19.2,False
2024-02-14 11:00:00,DEV-0046,Notification-Service,v1.5,114.075,0.00563,1,81.19066666666667,66.1,False
2024-02-14 11:00:00,DEV-0027,Notification-Service,v2.0,107.463,0.00222,0,79.86379166666667,51.4,False
2024-02-14 12:00:00,DEV-0049,Notification-Service,v1.5,91.9,0.02005,0,82.04120833333333,67.1,False
2024-02-14 13:00:00,DEV-0034,API-Gateway,v1.5,71.945,0.01202,0,121.81874999999998,37.3,False
2024-02-14 13:00:00,DEV-0032,Reporting-Service,v2.0,94.305,0.01367,0,88.13487500000001,61.2,False
2024-02-14 13:00:00,DEV-0049,Notification-Service,v2.0,62.212,0.0,0,81.20575000000001,14.6,False
2024-02-14 13:00:00,DEV-0020,Data-Ingestion,v1.4,97.546,0.01889,0,132.52108333333334,70.2,False
2024-02-14 14:00:00,DEV-0027,API-Gateway,v2.0,107.147,0.01118,0,122.42970833333334,63.1,False
2024-02-14 14:00:00,DEV-0029,Notification-Service,v2.0,125.292,0.02522,0,82.31458333333333,82.5,False
2024-02-14 14:00:00,DEV-0022,Notification-Service,v1.5,89.349,0.00271,0,83.62533333333333,41.2,False
2024-02-14 14:00:00,DEV-0011,API-Gateway,v1.4,80.52,0.01018,0,117.97275,42.4,False
2024-02-14 15:00:00,DEV-0044,Reporting-Service,v1.4,63.586,0.02439,2,87.81241666666666,56.9,False
2024-02-14 15:00:00,DEV-0017,Notification-Service,v1.5,65.535,0.00192,0,83.95479166666667,19.0,False
2024-02-14 15:00:00,DEV-0030,Data-Ingestion,v2.0,87.316,0.02133,0,130.54925,64.4,False
2024-02-14 15:00:00,DEV-0020,Notification-Service,v1.4,88.177,0.00511,0,84.304625,42.6,False
2024-02-14 16:00:00,DEV-0013,Notification-Service,v2.0,83.023,0.00883,0,84.71591666666667,43.0,False
2024-02-14 16:00:00,DEV-0049,Data-Ingestion,v2.0,68.526,0.01985,0,125.33229166666666,45.1,False
2024-02-14 16:00:00,DEV-0003,Notification-Service,v2.0,91.289,0.0071,0,83.75725,47.8,False
2024-02-14 16:00:00,DEV-0040,Data-Ingestion,v1.4,82.111,0.00782,0,127.81045833333333,40.3,False
2024-02-14 17:00:00,DEV-0048,Reporting-Service,v1.5,110.754,0.02473,1,89.17337500000001,89.5,False
2024-02-14 18:00:00,DEV-0008,API-Gateway,v1.4,70.708,0.0,0,114.18133333333333,20.2,False
2024-02-14 18:00:00,DEV-0010,API-Gateway,v1.5,89.599,0.00039,0,112.24391666666666,39.8,False
2024-02-14 19:00:00,DEV-0021,Data-Ingestion,v2.0,72.364,0.01527,1,119.85199999999999,52.2,False
2024-02-14 19:00:00,DEV-0042,Notification-Service,v1.5,80.86,0.00248,0,82.68654166666666,32.7,False
2024-02-14 19:00:00,DEV-0015,Reporting-Service,v2.0,91.034,0.00686,0,89.20895833333334,47.2,False
2024-02-14 20:00:00,DEV-0012,Notification-Service,v1.5,76.389,0.0237,0,84.21733333333334,55.0,False
2024-02-14 21:00:00,DEV-0016,Reporting-Service,v1.5,53.158,0.03035,0,86.07983333333334,43.0,False
2024-02-14 21:00:00,DEV-0034,API-Gateway,v1.4,60.876,0.02472,0,107.92925000000001,44.3,False
2024-02-14 21:00:00,DEV-0035,Reporting-Service,v2.0,74.59,0.00884,1,87.94979166666667,43.7,False
2024-02-14 21:00:00,DEV-0023,Data-Ingestion,v1.5,72.429,0.01191,1,114.808875,46.9,False
2024-02-14 22:00:00,DEV-0033,Data-Ingestion,v1.5,94.677,0.01192,0,110.70508333333333,58.5,False
2024-02-14 22:00:00,DEV-0022,Reporting-Service,v1.4,75.558,0.01198,0,86.27291666666667,40.4,False
2024-02-14 23:00:00,DEV-0037,Data-Ingestion,v1.5,87.807,0.01074,0,105.83575,50.9,False
2024-02-14 23:00:00,DEV-0013,Reporting-Service,v2.0,80.986,0.00753,1,85.78420833333332,47.7,False
2024-02-14 23:00:00,DEV-0018,Notification-Service,v2.0,93.996,0.0,1,83.262375,51.5,False
2024-02-15 00:00:00,DEV-0038,API-Gateway,v2.0,75.184,0.01856,0,98.88483333333333,49.3,False
2024-02-15 00:00:00,DEV-0010,API-Gateway,v2.0,71.006,0.01389,0,93.61029166666668,39.7,False
2024-02-15 00:00:00,DEV-0025,API-Gateway,v1.5,84.289,0.00832,0,91.10820833333332,43.4,False
2024-02-15 00:00:00,DEV-0049,API-Gateway,v1.4,68.35,0.00812,0,101.20604166666668,27.8,False
2024-02-15 01:00:00,DEV-0009,Reporting-Service,v2.0,61.282,0.02091,1,84.68054166666666,51.1,False
2024-02-15 01:00:00,DEV-0022,API-Gateway,v1.4,87.632,0.00361,0,88.87183333333333,40.5,False
2024-02-15 02:00:00,DEV-0037,Reporting-Service,v2.0,105.9,0.0256,0,85.33041666666666,78.8,False
2024-02-15 02:00:00,DEV-0049,Notification-Service,v1.4,68.826,0.01962,1,83.77283333333334,54.4,False
2024-02-15 02:00:00,DEV-0009,Notification-Service,v1.5,87.965,0.0071,0,84.20375,44.9,False
2024-02-15 02:00:00,DEV-0010,Notification-Service,v2.0,117.2,0.02446,0,86.22741666666667,81.5,False
2024-02-15 03:00:00,DEV-0012,API-Gateway,v1.5,93.809,0.00805,0,87.92820833333333,51.2,False
2024-02-15 03:00:00,DEV-0006,API-Gateway,v1.5,79.077,0.006,0,83.52283333333334,34.6,False
2024-02-15 04:00:00,DEV-0044,Reporting-Service,v1.5,34.899,0.0,0,84.08825,9.0,False
2024-02-15 04:00:00,DEV-0037,Data-Ingestion,v2.0,90.744,0.00336,0,103.062125,43.1,False
2024-02-15 05:00:00,DEV-0050,Notification-Service,v1.4,72.019,0.00722,1,85.901125,38.8,False
2024-02-15 05:00:00,DEV-0021,Data-Ingestion,v1.5,96.56,0.01077,1,100.51795833333334,67.4,False
2024-02-15 06:00:00,DEV-0012,API-Gateway,v2.0,80.785,0.02586,0,82.380625,60.5,False
2024-02-15 07:00:00,DEV-0014,API-Gateway,v1.5,52.33,0.00699,0,78.830625,18.6,False
2024-02-15 07:00:00,DEV-0005,Data-Ingestion,v1.5,87.271,0.00574,1,94.80883333333334,51.9,False
2024-02-15 07:00:00,DEV-0035,Notification-Service,v1.5,55.734,0.0057,0,86.02133333333332,17.7,False
2024-02-15 08:00:00,DEV-0001,Reporting-Service,v2.0,102.247,0.00937,0,83.87516666666666,58.4,False
2024-02-15 09:00:00,DEV-0015,Reporting-Service,v2.0,64.186,0.00678,0,83.24054166666667,23.3,False
2024-02-15 09:00:00,DEV-0013,Data-Ingestion,v2.0,69.518,0.01109,0,88.90866666666666,33.7,False
2024-02-15 09:00:00,DEV-0012,Data-Ingestion,v2.0,89.922,0.0153,0,86.99575,60.0,False
2024-02-15 09:00:00,DEV-0006,Reporting-Service,v1.4,96.047,0.0075,0,84.38104166666666,52.2,False
2024-02-15 10:00:00,DEV-0020,API-Gateway,v2.0,71.281,0.00331,0,80.875625,24.2,False
2024-02-15 10:00:00,DEV-0007,API-Gateway,v1.4,110.167,0.01269,1,80.67416666666666,76.0,False
2024-02-15 10:00:00,DEV-0006,Notification-Service,v1.5,67.776,0.00377,0,85.87333333333333,22.2,False
2024-02-15 10:00:00,DEV-0047,Data-Ingestion,v1.5,57.458,0.01115,1,86.31683333333332,36.3,False
2024-02-15 11:00:00,DEV-0014,Reporting-Service,v1.5,94.657,0.03479,0,81.95633333333333,75.0,False
2024-02-15 11:00:00,DEV-0003,API-Gateway,v2.0,67.959,0.0,0,80.88308333333333,18.2,False
2024-02-15 11:00:00,DEV-0050,API-Gateway,v1.4,57.346,0.0,0,80.35266666666666,12.4,False
2024-02-15 12:00:00,DEV-0037,Data-Ingestion,v2.0,87.035,0.01356,1,85.33833333333332,64.1,False
2024-02-15 12:00:00,DEV-0028,Notification-Service,v2.0,85.481,0.01327,0,84.82445833333334,52.8,False
2024-02-15 12:00:00,DEV-0041,Notification-Service,v1.5,63.236,0.0128,0,84.47779166666666,32.5,False
2024-02-15 13:00:00,DEV-0020,Data-Ingestion,v1.5,113.351,0.01068,0,86.11179166666666,64.5,False
2024-02-15 13:00:00,DEV-0023,Reporting-Service,v2.0,104.989,0.01827,1,84.26416666666667,82.1,False
2024-02-15 14:00:00,DEV-0029,API-Gateway,v2.0,89.004,0.01686,1,81.10912499999999,70.5,False
2024-02-15 14:00:00,DEV-0003,API-Gateway,v1.5,81.093,0.00638,0,80.6205,36.9,False
2024-02-15 14:00:00,DEV-0017,Data-Ingestion,v2.0,86.373,0.01184,0,85.90958333333333,51.2,False
2024-02-15 14:00:00,DEV-0039,Notification-Service,v1.5,66.027,0.0,0,83.93020833333334,16.9,False
2024-02-15 15:00:00,DEV-0015,Data-Ingestion,v1.5,117.375,0.01806,0,87.229,76.0,False
2024-02-15 15:00:00,DEV-0005,API-Gateway,v1.5,81.74,0.01886,1,79.2865,65.6,False
2024-02-15 15:00:00,DEV-0007,Notification-Service,v2.0,80.709,0.01009,0,84.20579166666667,42.4,False
2024-02-15 16:00:00,DEV-0030,Reporting-Service,v2.0,59.654,0.00663,1,82.55925,30.0,False
2024-02-15 16:00:00,DEV-0045,API-Gateway,v1.5,54.208,0.01779,1,78.74024999999999,45.0,False
2024-02-15 16:00:00,DEV-0034,Reporting-Service,v1.4,55.489,0.01086,0,83.28104166666667,25.7,False
2024-02-15 17:00:00,DEV-0013,API-Gateway,v1.5,108.389,0.02442,0,78.93516666666667,79.1,False
2024-02-15 17:00:00,DEV-0050,Reporting-Service,v1.5,93.746,0.02052,0,82.31091666666667,68.9,False
2024-02-15 18:00:00,DEV-0026,Data-Ingestion,v2.0,88.449,0.01692,1,86.02808333333333,70.1,False
2024-02-15 18:00:00,DEV-0007,API-Gateway,v2.0,80.125,0.00692,0,79.276,36.6,False
2024-02-15 18:00:00,DEV-0012,Data-Ingestion,v1.5,82.21,0.01878,0,87.16254166666666,56.9,False
2024-02-15 19:00:00,DEV-0043,Notification-Service,v1.5,95.528,0.01163,0,81.87654166666667,58.8,False
2024-02-15 19:00:00,DEV-0020,Notification-Service,v2.0,105.85,0.01219,0,85.01595833333333,64.4,False
2024-02-15 19:00:00,DEV-0046,Notification-Service,v2.0,50.664,0.01742,0,82.64933333333333,34.6,False
2024-02-15 19:00:00,DEV-0004,Reporting-Service,v2.0,74.177,0.01387,0,81.62941666666667,42.4,False
2024-02-15 20:00:00,DEV-0004,Notification-Service,v2.0,89.936,0.0,1,81.79470833333333,48.1,False
2024-02-15 20:00:00,DEV-0037,Notification-Service,v1.5,77.747,0.00155,0,82.442,29.0,False
2024-02-15 20:00:00,DEV-0029,Data-Ingestion,v2.0,39.122,0.00285,0,85.19000000000001,12.4,False
2024-02-15 21:00:00,DEV-0022,Reporting-Service,v2.0,86.1,0.01213,0,80.41704166666666,51.5,False
2024-02-15 21:00:00,DEV-0033,API-Gateway,v1.5,83.206,0.01027,0,76.907125,45.6,False
2024-02-15 21:00:00,DEV-0029,API-Gateway,v1.5,47.608,0.00732,1,76.79520833333333,27.5,False
2024-02-15 21:00:00,DEV-0048,Data-Ingestion,v1.4,68.958,0.00354,0,83.18041666666666,22.7,False
2024-02-15 22:00:00,DEV-0025,Data-Ingestion,v1.5,77.68,0.00901,0,83.00754166666667,37.8,False
2024-02-15 23:00:00,DEV-0041,Notification-Service,v1.4,88.47,0.01009,0,80.90775000000001,50.1,False
2024-02-16 00:00:00,DEV-0028,Notification-Service,v1.4,86.672,0.02583,0,80.79620833333333,66.6,False
2024-02-16 00:00:00,DEV-0031,Reporting-Service,v1.4,81.933,0.00278,0,80.5125,34.1,False
2024-02-16 00:00:00,DEV-0029,Data-Ingestion,v1.4,76.863,0.00918,0,82.98604166666667,36.9,False
2024-02-16 01:00:00,DEV-0002,Reporting-Service,v1.5,85.811,0.01793,0,79.53004166666666,59.6,False
2024-02-16 01:00:00,DEV-0038,Notification-Service,v1.5,98.061,0.02353,0,82.15145833333334,74.6,False
2024-02-16 01:00:00,DEV-0022,Notification-Service,v2.0,86.071,0.01398,0,82.06370833333334,54.6,False
2024-02-16 01:00:00,DEV-0030,Data-Ingestion,v1.4,77.565,0.01698,0,82.15350000000001,50.1,False
2024-02-16 02:00:00,DEV-0008,API-Gateway,v1.4,81.839,0.01535,0,76.63004166666667,52.2,False
2024-02-16 02:00:00,DEV-0002,API-Gateway,v2.0,71.818,0.0,0,76.953375,21.1,False
2024-02-16 03:00:00,DEV-0008,Reporting-Service,v2.0,71.368,0.00937,0,79.85233333333333,32.1,False
2024-02-16 03:00:00,DEV-0047,Notification-Service,v1.5,80.372,0.02707,0,81.95325,60.5,False
2024-02-16 03:00:00,DEV-0046,API-Gateway,v2.0,103.434,0.00228,0,77.197875,50.1,False
2024-02-16 03:00:00,DEV-0027,API-Gateway,v2.0,39.42,0.01528,0,75.73604166666667,30.5,False
2024-02-16 04:00:00,DEV-0041,Notification-Service,v1.5,76.567,0.0,0,81.33983333333333,25.4,False
2024-02-16 04:00:00,DEV-0004,Reporting-Service,v1.4,79.998,0.01367,0,79.25620833333333,47.7,False
2024-02-16 05:00:00,DEV-0030,Data-Ingestion,v2.0,90.578,0.0164,0,82.28941666666667,62.0,False
2024-02-16 06:00:00,DEV-0016,Reporting-Service,v1.4,80.18,0.00656,0,79.947625,36.1,False
2024-02-16 06:00:00,DEV-0022,Notification-Service,v2.0,77.112,0.01306,0,81.18366666666667,43.7,False
2024-02-16 07:00:00,DEV-0012,Reporting-Service,v2.0,106.43,0.02122,1,79.76745833333334,85.6,False
2024-02-16 07:00:00,DEV-0012,API-Gateway,v1.5,56.968,0.0,2,76.438875,23.5,False
2024-02-16 07:00:00,DEV-0049,API-Gateway,v1.5,86.902,0.01643,0,77.10120833333333,58.8,False
2024-02-16 08:00:00,DEV-0005,API-Gateway,v2.0,75.68,0.0,0,76.7425,24.6,False
2024-02-16 08:00:00,DEV-0001,Data-Ingestion,v1.5,56.3,0.0122,1,81.21395833333334,37.6,False
2024-02-16 08:00:00,DEV-0034,Notification-Service,v1.5,61.353,0.03279,0,80.55716666666667,46.5,False
2024-02-16 09:00:00,DEV-0046,API-Gateway,v1.4,72.035,0.00591,1,76.092625,37.1,False
2024-02-16 10:00:00,DEV-0018,Data-Ingestion,v1.5,66.205,0.01856,0,81.11725,42.2,False
2024-02-16 10:00:00,DEV-0025,API-Gateway,v1.5,98.699,0.00998,0,76.296375,57.8,False
2024-02-16 10:00:00,DEV-0004,Notification-Service,v1.5,93.384,0.00666,0,80.53166666666668,48.9,False
2024-02-16 10:00:00,DEV-0024,Notification-Service,v2.0,79.022,0.00823,0,80.9565,37.5,False
2024-02-16 11:00:00,DEV-0007,Notification-Service,v2.0,88.08,0.01155,1,80.96129166666667,61.8,False
2024-02-16 11:00:00,DEV-0023,Notification-Service,v2.0,82.153,0.01752,0,79.50099999999999,55.4,False
2024-02-16 11:00:00,DEV-0010,Data-Ingestion,v1.4,93.361,0.02766,0,81.90108333333333,73.0,False
2024-02-16 11:00:00,DEV-0024,Data-Ingestion,v1.5,70.244,0.0202,0,81.02891666666667,46.7,False
2024-02-16 12:00:00,DEV-0050,Data-Ingestion,v2.0,101.21,0.01697,1,82.17329166666667,79.3,False
2024-02-16 12:00:00,DEV-0030,API-Gateway,v1.4,46.202,0.023,0,74.92658333333334,39.2,False
2024-02-16 13:00:00,DEV-0004,Notification-Service,v1.4,103.164,0.02778,1,80.79870833333332,88.1,False
2024-02-16 13:00:00,DEV-0033,API-Gateway,v1.5,82.423,0.01631,0,74.99483333333333,54.4,False
2024-02-16 13:00:00,DEV-0025,Reporting-Service,v2.0,71.665,0.01337,0,78.96041666666666,39.1,False
2024-02-16 14:00:00,DEV-0010,Data-Ingestion,v2.0,86.4,0.0244,0,82.11466666666668,65.7,False
2024-02-16 15:00:00,DEV-0041,Notification-Service,v2.0,63.757,0.00073,1,81.133,26.5,False
2024-02-16 15:00:00,DEV-0011,API-Gateway,v1.5,78.883,0.01617,0,75.18691666666668,50.3,False
2024-02-16 15:00:00,DEV-0035,API-Gateway,v2.0,88.224,0.02473,0,76.49041666666666,67.5,False
2024-02-16 15:00:00,DEV-0003,API-Gateway,v2.0,108.634,0.00407,0,76.74329166666666,53.3,False
2024-02-16 16:00:00,DEV-0007,API-Gateway,v1.5,81.303,0.02233,0,77.29929166666666,59.1,False
2024-02-16 17:00:00,DEV-0034,Notification-Service,v1.4,90.207,0.00111,1,82.067625,50.3,False
2024-02-16 17:00:00,DEV-0048,Data-Ingestion,v2.0,47.272,0.00233,0,80.30333333333333,12.7,False
2024-02-16 17:00:00,DEV-0008,Data-Ingestion,v2.0,77.566,0.02614,1,79.51191666666666,66.8,False
2024-02-16 17:00:00,DEV-0044,API-Gateway,v1.5,59.892,0.0,1,77.405375,22.9,False
2024-02-16 18:00:00,DEV-0005,API-Gateway,v2.0,117.239,0.01816,0,78.58183333333334,76.1,False
2024-02-16 18:00:00,DEV-0012,Data-Ingestion,v2.0,45.87,0.02386,0,77.786875,39.7,False
2024-02-16 18:00:00,DEV-0002,API-Gateway,v1.5,88.855,0.00941,1,78.90525,58.6,False
2024-02-16 18:00:00,DEV-0033,Notification-Service,v2.0,87.762,0.00311,0,82.16266666666667,40.3,False
2024-02-16 19:00:00,DEV-0050,Reporting-Service,v1.5,98.9,0.01897,0,79.97333333333334,71.1,False
2024-02-16 19:00:00,DEV-0008,Data-Ingestion,v1.4,65.59,0.00991,0,77.62320833333334,28.9,False
2024-02-16 20:00:00,DEV-0010,Data-Ingestion,v1.5,56.988,0.0,0,76.25095833333333,12.2,False
2024-02-16 20:00:00,DEV-0009,API-Gateway,v1.5,81.912,0.02011,1,78.91241666666666,67.0,False
2024-02-16 20:00:00,DEV-0033,Notification-Service,v1.4,90.662,0.01512,1,83.30541666666667,69.8,False
2024-02-16 20:00:00,DEV-0043,Reporting-Service,v1.5,70.533,0.00591,0,80.69729166666667,26.4,False
2024-02-16 21:00:00,DEV-0015,Reporting-Service,v1.5,81.527,0.00449,0,80.946,35.3,False
2024-02-16 22:00:00,DEV-0044,Data-Ingestion,v1.4,97.418,0.01567,0,77.91595833333334,66.3,False
2024-02-16 22:00:00,DEV-0032,API-Gateway,v1.4,103.881,0.0,1,80.98212500000001,56.8,False
2024-02-16 22:00:00,DEV-0046,API-Gateway,v1.5,93.571,0.02071,0,80.36470833333333,69.0,False
2024-02-16 23:00:00,DEV-0013,Notification-Service,v1.4,82.171,0.00165,0,83.97808333333333,33.6,False
2024-02-16 23:00:00,DEV-0007,Notification-Service,v2.0,70.744,0.00304,0,83.562875,23.6,False
2024-02-16 23:00:00,DEV-0007,Reporting-Service,v1.5,74.017,0.00875,0,80.655625,33.6,False
2024-02-16 23:00:00,DEV-0010,API-Gateway,v1.4,86.181,0.00041,0,80.61704166666667,36.8,False
2024-02-17 00:00:00,DEV-0032,Notification-Service,v1.4,105.121,0.02524,1,83.5325,87.8,False
2024-02-17 00:00:00,DEV-0004,Data-Ingestion,v2.0,60.751,0.01113,0,76.82079166666666,28.4,False
2024-02-17 00:00:00,DEV-0023,Reporting-Service,v2.0,68.078,0.01176,0,80.93879166666667,34.0,False
2024-02-17 00:00:00,DEV-0003,API-Gateway,v2.0,69.296,0.00889,0,81.52070833333333,29.9,False
2024-02-17 01:00:00,DEV-0020,Notification-Service,v1.5,104.247,0.00527,1,85.76512500000001,62.5,False
2024-02-17 01:00:00,DEV-0012,API-Gateway,v1.4,79.661,0.00931,0,81.373,39.9,False
2024-02-17 02:00:00,DEV-0029,Reporting-Service,v1.5,63.18,0.0226,0,79.15879166666667,44.1,False
2024-02-17 02:00:00,DEV-0048,Reporting-Service,v2.0,69.621,0.02271,0,80.60554166666667,48.5,False
2024-02-17 02:00:00,DEV-0034,Notification-Service,v1.4,120.053,0.00655,0,86.78699999999999,58.7,False
2024-02-17 03:00:00,DEV-0018,Notification-Service,v1.4,82.96,0.01774,0,86.49633333333333,56.7,False
2024-02-17 03:00:00,DEV-0003,Data-Ingestion,v1.4,93.787,0.00423,0,76.005625,46.3,False
2024-02-17 03:00:00,DEV-0034,Reporting-Service,v2.0,109.036,0.02706,0,80.88841666666667,80.4,False
2024-02-17 04:00:00,DEV-0042,Data-Ingestion,v2.0,58.191,0.019,0,74.86804166666666,38.5,False
2024-02-17 04:00:00,DEV-0041,Data-Ingestion,v2.0,118.255,0.01214,0,77.33404166666666,67.7,False
2024-02-17 04:00:00,DEV-0012,Notification-Service,v2.0,96.939,0.01006,0,87.296,56.9,False
2024-02-17 04:00:00,DEV-0025,Notification-Service,v1.5,98.387,0.00892,1,87.70920833333334,65.3,False
2024-02-17 05:00:00,DEV-0017,Data-Ingestion,v2.0,87.429,0.01025,0,75.08550000000001,49.5,False
2024-02-17 06:00:00,DEV-0036,Notification-Service,v2.0,86.906,0.01828,1,87.71895833333333,70.3,False
2024-02-17 06:00:00,DEV-0022,Reporting-Service,v1.5,81.347,0.0058,0,80.27591666666667,36.5,False
2024-02-17 07:00:00,DEV-0025,Data-Ingestion,v1.4,95.426,0.01533,1,75.37620833333334,74.0,False
2024-02-17 07:00:00,DEV-0007,API-Gateway,v1.5,76.738,0.00215,0,81.578,28.3,False
2024-02-17 07:00:00,DEV-0034,Notification-Service,v1.4,77.642,0.02202,0,86.86816666666668,55.3,False
2024-02-17 08:00:00,DEV-0036,API-Gateway,v1.5,69.832,0.02794,0,81.07770833333333,51.1,False
2024-02-17 09:00:00,DEV-0033,Data-Ingestion,v2.0,83.613,0.01342,0,77.23,51.3,False
2024-02-17 09:00:00,DEV-0001,Data-Ingestion,v1.4,75.875,0.01685,1,77.51820833333333,57.5,False
2024-02-17 10:00:00,DEV-0019,API-Gateway,v1.5,123.148,0.0124,0,84.56637500000001,68.5,False
2024-02-17 10:00:00,DEV-0021,Notification-Service,v1.5,103.495,0.0,0,87.59416666666665,47.4,False
2024-02-17 11:00:00,DEV-0043,Reporting-Service,v1.5,77.25,0.01284,1,79.32291666666667,52.9,False
2024-02-17 11:00:00,DEV-0004,Reporting-Service,v2.0,76.074,0.00782,0,80.47870833333333,34.0,False
2024-02-17 11:00:00,DEV-0048,Reporting-Service,v2.0,87.636,0.01941,0,81.253,62.7,False
2024-02-17 12:00:00,DEV-0040,Reporting-Service,v1.5,80.167,0.00853,0,80.35116666666666,39.2,False
2024-02-17 13:00:00,DEV-0016,Data-Ingestion,v1.5,103.811,0.02765,0,78.607,78.8,False
2024-02-17 13:00:00,DEV-0032,API-Gateway,v2.0,71.876,0.0097,0,83.25145833333333,33.2,False
2024-02-17 14:00:00,DEV-0013,Notification-Service,v1.4,79.255,0.01,1,87.7795,50.2,False
2024-02-17 14:00:00,DEV-0006,Notification-Service,v2.0,82.132,0.02987,0,87.6675,63.2,False
2024-02-17 14:00:00,DEV-0019,Data-Ingestion,v1.4,70.19,0.00024,0,78.32895833333333,21.0,False
2024-02-17 14:00:00,DEV-0005,Reporting-Service,v1.4,66.154,0.02101,0,80.622,44.6,False
2024-02-17 15:00:00,DEV-0029,Notification-Service,v1.4,78.874,0.00693,1,88.45520833333332,44.8,False
2024-02-17 15:00:00,DEV-0019,Notification-Service,v2.0,75.808,0.00595,0,87.72516666666667,31.2,False
2024-02-17 16:00:00,DEV-0046,API-Gateway,v1.5,63.661,0.01551,0,83.53033333333333,37.1,False
2024-02-17 16:00:00,DEV-0047,API-Gateway,v1.4,91.547,0.00015,0,83.723875,41.3,False
2024-02-17 17:00:00,DEV-0015,API-Gateway,v2.0,89.551,0.02679,0,83.73279166666667,69.4,False
2024-02-17 17:00:00,DEV-0024,Notification-Service,v1.5,80.931,0.0,0,87.93633333333332,29.8,False
2024-02-17 17:00:00,DEV-0023,API-Gateway,v1.5,85.94,0.02026,1,84.15137499999999,71.4,False
2024-02-17 17:00:00,DEV-0037,API-Gateway,v1.5,71.137,0.0,1,84.11395833333334,29.9,False
2024-02-17 18:00:00,DEV-0022,Reporting-Service,v1.5,83.204,0.01651,0,80.18275,55.5,False
2024-02-17 18:00:00,DEV-0017,Data-Ingestion,v1.5,83.718,0.01201,0,78.58533333333334,49.1,False
2024-02-17 18:00:00,DEV-0011,Notification-Service,v1.5,82.213,0.02216,0,88.06929166666667,60.1,False
2024-02-17 19:00:00,DEV-0018,Reporting-Service,v1.5,95.866,0.02639,0,82.02483333333333,74.7,False
2024-02-17 19:00:00,DEV-0050,Reporting-Service,v1.4,108.621,0.01606,0,81.61791666666666,71.3,False
2024-02-17 19:00:00,DEV-0009,Notification-Service,v2.0,58.302,0.00613,0,86.82854166666668,19.6,False
2024-02-17 20:00:00,DEV-0006,API-Gateway,v1.4,98.531,0.01725,1,85.91316666666667,78.4,False
2024-02-17 20:00:00,DEV-0041,API-Gateway,v1.4,93.371,0.0025,0,86.36933333333333,44.5,False
2024-02-17 20:00:00,DEV-0014,Data-Ingestion,v1.5,96.089,0.01418,0,78.81495833333334,63.4,False
2024-02-17 20:00:00,DEV-0009,API-Gateway,v2.0,87.053,0.02527,0,86.32054166666667,66.7,False
2024-02-17 21:00:00,DEV-0029,Reporting-Service,v1.5,101.713,0.01296,1,82.849,73.6,False
2024-02-17 21:00:00,DEV-0033,Reporting-Service,v2.0,70.813,0.00697,1,82.22408333333334,37.3,False
2024-02-17 22:00:00,DEV-0004,API-Gateway,v1.4,92.444,0.00851,0,86.88558333333333,51.1,False
2024-02-17 22:00:00,DEV-0037,Notification-Service,v1.4,64.819,0.00296,0,86.10629166666666,19.5,False
2024-02-17 22:00:00,DEV-0026,Data-Ingestion,v1.5,84.797,0.01388,0,80.00233333333334,53.2,False
2024-02-17 22:00:00,DEV-0047,Reporting-Service,v1.5,67.498,0.02148,2,82.06283333333333,57.4,False
2024-02-17 23:00:00,DEV-0032,Reporting-Service,v1.5,57.205,0.00265,1,81.005875,24.6,False
2024-02-17 23:00:00,DEV-0048,Data-Ingestion,v1.4,79.99,0.00804,0,80.57670833333334,38.1,False
2024-02-17 23:00:00,DEV-0033,Data-Ingestion,v2.0,104.083,0.0223,0,81.98666666666666,76.4,False
2024-02-17 23:00:00,DEV-0020,Reporting-Service,v2.0,77.606,0.0,2,81.96316666666667,38.0,False
2024-02-18 00:00:00,DEV-0005,API-Gateway,v2.0,80.57,0.02684,1,86.10508333333333,70.0,False
2024-02-18 00:00:00,DEV-0008,API-Gateway,v1.4,62.503,0.00664,0,85.2435,21.9,False
2024-02-18 00:00:00,DEV-0017,API-Gateway,v1.5,88.024,0.0086,0,86.02683333333334,47.3,False
2024-02-18 01:00:00,DEV-0005,Notification-Service,v1.5,69.109,0.00825,1,84.68733333333334,38.0,False
2024-02-18 01:00:00,DEV-0027,API-Gateway,v2.0,74.541,0.01154,0,84.85883333333334,38.9,False
2024-02-18 01:00:00,DEV-0020,API-Gateway,v1.4,101.643,0.01917,0,85.45524999999999,72.5,False
2024-02-18 01:00:00,DEV-0018,Data-Ingestion,v1.5,105.614,0.00982,0,82.49720833333333,60.2,False
2024-02-18 02:00:00,DEV-0045,Data-Ingestion,v1.5,62.366,0.00754,0,80.87870833333334,23.2,False
2024-02-18 02:00:00,DEV-0018,API-Gateway,v1.5,80.116,0.00994,0,84.784,41.3,False
2024-02-18 03:00:00,DEV-0046,Data-Ingestion,v1.4,62.762,0.00058,0,79.89379166666667,16.4,False
2024-02-18 03:00:00,DEV-0022,Notification-Service,v1.4,88.504,0.01382,1,85.62604166666667,65.9,False
2024-02-18 03:00:00,DEV-0014,Notification-Service,v2.0,87.989,0.00805,0,85.697,46.3,False
2024-02-18 04:00:00,DEV-0045,Notification-Service,v1.5,74.447,0.01435,0,85.24525,43.4,False
2024-02-18 04:00:00,DEV-0025,Notification-Service,v2.0,94.838,0.0093,0,85.92087500000001,54.1,False
2024-02-18 04:00:00,DEV-0004,API-Gateway,v1.5,75.732,0.01143,0,82.51333333333334,39.7,False
2024-02-18 04:00:00,DEV-0023,API-Gateway,v1.5,67.224,0.02149,0,83.256625,45.8,False
2024-02-18 05:00:00,DEV-0007,Data-Ingestion,v1.4,93.534,0.01515,0,81.821375,62.8,False
2024-02-18 06:00:00,DEV-0024,Data-Ingestion,v2.0,101.889,0.00605,0,82.83483333333334,53.4,False
2024-02-18 06:00:00,DEV-0038,API-Gateway,v1.5,73.364,0.01965,0,81.97929166666667,48.6,False
2024-02-18 07:00:00,DEV-0002,API-Gateway,v2.0,71.909,0.02018,0,83.70125,48.0,False
2024-02-18 07:00:00,DEV-0027,Notification-Service,v1.5,111.001,0.0077,0,86.4465,58.8,False
2024-02-18 07:00:00,DEV-0044,API-Gateway,v2.0,118.375,0.00977,0,84.02425,63.6,False
2024-02-18 08:00:00,DEV-0010,Notification-Service,v1.4,77.193,0.01476,0,86.71520833333334,46.6,False
2024-02-18 08:00:00,DEV-0025,Reporting-Service,v2.0,81.756,0.00772,1,79.97779166666666,49.0,False
2024-02-18 09:00:00,DEV-0018,Data-Ingestion,v2.0,53.185,0.01886,2,84.02858333333333,47.9,False
2024-02-18 09:00:00,DEV-0048,Data-Ingestion,v1.4,86.925,0.0,0,84.54545833333334,36.1,False
2024-02-18 10:00:00,DEV-0008,Reporting-Service,v1.5,90.002,0.00563,0,80.74183333333333,44.8,False
2024-02-18 10:00:00,DEV-0050,Reporting-Service,v2.0,105.897,0.01428,0,81.03337499999999,67.9,False
2024-02-18 11:00:00,DEV-0024,API-Gateway,v1.5,100.257,0.0,1,84.17954166666667,55.4,False
2024-02-18 11:00:00,DEV-0044,Data-Ingestion,v2.0,96.73,0.00818,1,85.6845,62.9,False
2024-02-18 11:00:00,DEV-0040,API-Gateway,v2.0,57.792,0.01066,1,82.91183333333333,35.7,False
2024-02-18 12:00:00,DEV-0003,Reporting-Service,v1.5,106.399,0.00859,0,82.52779166666666,58.5,False
2024-02-18 12:00:00,DEV-0037,API-Gateway,v2.0,85.447,0.00455,0,82.60866666666666,39.5,False
2024-02-18 13:00:00,DEV-0044,Reporting-Service,v1.4,95.145,0.0181,0,83.09520833333333,67.6,False
2024-02-18 13:00:00,DEV-0047,API-Gateway,v1.5,79.904,0.03005,0,82.94316666666667,60.7,False
2024-02-18 13:00:00,DEV-0014,Data-Ingestion,v1.5,73.004,0.01044,0,84.66725,35.4,False
2024-02-18 14:00:00,DEV-0004,Reporting-Service,v1.4,57.579,0.01085,0,82.41029166666667,26.5,False
2024-02-18 14:00:00,DEV-0027,API-Gateway,v2.0,38.566,0.00739,1,81.89754166666667,26.8,False
2024-02-18 14:00:00,DEV-0004,Notification-Service,v2.0,67.492,0.00687,0,85.14733333333334,25.5,False
2024-02-18 15:00:00,DEV-0043,Reporting-Service,v2.0,116.148,0.0,0,85.76016666666665,51.1,False
2024-02-18 15:00:00,DEV-0033,Reporting-Service,v1.5,95.507,0.00987,0,83.55316666666666,55.6,False
2024-02-18 16:00:00,DEV-0047,Data-Ingestion,v1.4,56.134,0.00356,0,84.474875,15.6,False
2024-02-18 16:00:00,DEV-0024,Data-Ingestion,v1.4,111.512,0.0,1,85.21341666666667,59.4,False
2024-02-18 17:00:00,DEV-0001,Notification-Service,v1.4,83.444,0.01384,0,84.28054166666666,51.9,False
2024-02-18 18:00:00,DEV-0046,Reporting-Service,v2.0,98.045,0.01376,0,84.91775,64.0,False
2024-02-18 18:00:00,DEV-0026,Reporting-Service,v1.5,60.394,0.01659,0,85.37570833333332,36.8,False
2024-02-18 19:00:00,DEV-0048,API-Gateway,v1.5,91.204,0.02029,0,81.88324999999999,66.7,False
2024-02-18 19:00:00,DEV-0006,API-Gateway,v2.0,79.84,0.0098,1,81.62908333333334,50.2,False
2024-02-18 20:00:00,DEV-0002,Reporting-Service,v2.0,66.766,0.0318,1,84.31020833333334,59.0,False
2024-02-18 20:00:00,DEV-0036,Notification-Service,v1.5,72.531,0.01524,0,82.30045833333334,43.0,False
2024-02-18 20:00:00,DEV-0017,Notification-Service,v1.5,100.375,0.01671,0,83.02608333333335,69.3,False
2024-02-18 20:00:00,DEV-0012,Notification-Service,v1.4,81.201,0.02474,0,82.37033333333333,60.5,False
2024-02-18 21:00:00,DEV-0002,Reporting-Service,v1.4,74.017,0.00899,1,83.74275,43.4,False
2024-02-18 22:00:00,DEV-0034,Notification-Service,v2.0,65.301,0.02256,0,80.99175000000001,45.4,False
2024-02-18 22:00:00,DEV-0032,Data-Ingestion,v1.5,73.763,0.01543,0,83.35958333333333,44.3,False
2024-02-18 23:00:00,DEV-0036,Notification-Service,v1.4,83.196,0.02384,0,80.83716666666668,62.4,False
2024-02-18 23:00:00,DEV-0017,Notification-Service,v1.4,74.203,0.01047,0,80.693875,36.7,False
2024-02-19 00:00:00,DEV-0028,Reporting-Service,v1.5,89.272,0.02062,1,84.29266666666666,74.6,False
2024-02-19 01:00:00,DEV-0026,Reporting-Service,v1.5,121.937,0.02417,1,86.154625,91.2,True
2024-02-19 01:00:00,DEV-0006,Data-Ingestion,v1.5,61.998,0.03199,0,83.51820833333333,46.7,False
2024-02-19 01:00:00,DEV-0035,API-Gateway,v1.5,62.273,0.00561,1,81.25975,29.9,False
2024-02-19 01:00:00,DEV-0035,Notification-Service,v2.0,60.721,0.01979,2,78.911625,51.7,False
2024-02-19 02:00:00,DEV-0048,API-Gateway,v1.5,84.111,0.02017,0,79.06608333333334,60.2,False
2024-02-19 02:00:00,DEV-0046,Data-Ingestion,v1.5,52.444,0.01266,1,82.0605,37.3,False
2024-02-19 02:00:00,DEV-0006,API-Gateway,v1.5,51.323,0.00843,0,79.66691666666667,20.7,False
2024-02-19 03:00:00,DEV-0023,Notification-Service,v2.0,55.814,0.00647,1,77.81504166666666,28.0,False
2024-02-19 04:00:00,DEV-0022,Reporting-Service,v1.5,73.311,0.00474,1,85.86895833333334,36.8,False
2024-02-19 04:00:00,DEV-0004,Data-Ingestion,v1.5,54.849,0.00956,0,80.36979166666667,23.2,False
2024-02-19 04:00:00,DEV-0008,Notification-Service,v2.0,95.269,0.01604,0,78.48229166666667,65.3,False
2024-02-19 05:00:00,DEV-0026,API-Gateway,v1.5,63.072,0.01412,0,77.803625,34.6,False
2024-02-19 05:00:00,DEV-0019,Data-Ingestion,v1.5,105.063,0.01528,0,81.26354166666667,69.1,False
2024-02-19 06:00:00,DEV-0014,Reporting-Service,v1.5,81.437,0.02821,0,86.50574999999999,62.0,False
2024-02-19 07:00:00,DEV-0031,Reporting-Service,v1.5,82.396,0.01959,0,86.47208333333333,57.9,False
2024-02-19 07:00:00,DEV-0020,Reporting-Service,v1.5,68.456,0.02085,0,84.79854166666667,46.1,False
2024-02-19 07:00:00,DEV-0033,Data-Ingestion,v1.4,87.388,0.01595,0,81.74325,58.6,False
2024-02-19 07:00:00,DEV-0017,Notification-Service,v2.0,139.604,0.01366,1,81.14045833333334,80.7,False
2024-02-19 08:00:00,DEV-0045,Notification-Service,v2.0,81.034,0.0189,0,79.96175000000001,55.5,False
2024-02-19 08:00:00,DEV-0004,Notification-Service,v1.5,55.565,0.00089,1,80.16924999999999,22.7,False
2024-02-19 08:00:00,DEV-0025,API-Gateway,v2.0,82.789,0.00906,0,77.62595833333334,43.3,False
2024-02-19 08:00:00,DEV-0010,Notification-Service,v1.5,77.13,0.02093,0,80.010875,53.7,False
2024-02-19 09:00:00,DEV-0029,Reporting-Service,v2.0,81.561,0.01389,0,84.2025,49.7,False
2024-02-19 10:00:00,DEV-0047,Notification-Service,v2.0,96.101,0.01332,0,81.53670833333334,61.9,False
2024-02-19 11:00:00,DEV-0018,Notification-Service,v2.0,95.177,0.01486,0,82.801625,63.6,False
2024-02-19 12:00:00,DEV-0022,API-Gateway,v1.5,96.444,0.00938,0,78.03104166666667,55.4,False
2024-02-19 12:00:00,DEV-0001,Notification-Service,v1.5,73.572,0.01491,0,82.98758333333333,43.2,False
2024-02-19 12:00:00,DEV-0002,API-Gateway,v1.5,93.746,0.0,0,77.68020833333334,41.8,False
2024-02-19 13:00:00,DEV-0030,Data-Ingestion,v1.5,66.349,0.01301,1,81.20170833333334,44.0,False
2024-02-19 13:00:00,DEV-0037,Data-Ingestion,v1.4,94.655,0.02135,0,81.36175,70.7,False
2024-02-19 14:00:00,DEV-0019,API-Gateway,v2.0,65.491,0.0065,1,78.15554166666668,32.9,False
2024-02-19 15:00:00,DEV-0017,Data-Ingestion,v2.0,67.21,0.00842,0,80.513875,27.6,False
2024-02-19 15:00:00,DEV-0031,Notification-Service,v2.0,81.97,0.01759,1,82.73679166666666,64.6,False
2024-02-19 15:00:00,DEV-0023,Notification-Service,v1.5,87.122,0.01057,0,82.67920833333334,49.9,False
2024-02-19 16:00:00,DEV-0007,Notification-Service,v1.5,101.766,0.00198,0,82.967875,49.3,False
2024-02-19 16:00:00,DEV-0021,API-Gateway,v1.5,68.45,0.02114,0,77.65054166666665,46.5,False
2024-02-19 17:00:00,DEV-0001,Notification-Service,v2.0,81.974,0.01507,0,83.28150000000001,52.0,False
2024-02-19 17:00:00,DEV-0031,Data-Ingestion,v1.4,68.155,0.00831,0,79.03204166666667,28.1,False
2024-02-19 17:00:00,DEV-0034,Data-Ingestion,v1.4,77.167,0.01535,0,79.72545833333334,47.5,False
2024-02-19 17:00:00,DEV-0032,API-Gateway,v1.4,75.244,0.00369,1,76.55058333333334,37.4,False
2024-02-19 18:00:00,DEV-0044,Data-Ingestion,v1.4,53.151,0.01053,0,77.91375000000001,24.5,False
2024-02-19 19:00:00,DEV-0047,Reporting-Service,v1.5,57.165,0.01006,0,82.34633333333333,24.9,False
2024-02-19 19:00:00,DEV-0022,Notification-Service,v1.5,64.224,0.01659,0,81.33245833333334,38.8,False
2024-02-19 19:00:00,DEV-0016,Data-Ingestion,v1.5,101.243,0.01917,0,77.79541666666667,72.3,False
2024-02-19 20:00:00,DEV-0014,Reporting-Service,v2.0,65.529,0.01254,0,82.12616666666666,33.4,False
2024-02-19 20:00:00,DEV-0008,Reporting-Service,v1.4,99.093,0.02089,0,83.442625,73.1,False
2024-02-19 21:00:00,DEV-0007,Reporting-Service,v1.4,86.321,0.0,1,83.80575,44.8,False
2024-02-19 22:00:00,DEV-0027,API-Gateway,v1.5,56.022,0.01123,0,75.77895833333334,26.5,False
2024-02-19 23:00:00,DEV-0047,Notification-Service,v1.4,104.801,0.02936,2,82.48279166666667,91.0,True
2024-02-19 23:00:00,DEV-0003,Data-Ingestion,v1.4,76.8,0.01156,0,76.59483333333334,41.0,False
2024-02-19 23:00:00,DEV-0027,Data-Ingestion,v2.0,82.358,0.00272,0,77.42783333333334,34.8,False
2024-02-19 23:00:00,DEV-0028,Reporting-Service,v1.5,110.146,0.00193,0,86.011625,52.0,False
