Week_Start,Region,Segment,Product_Family,Pipeline_Value_EUR,Bookings_EUR,Win_Rate,Conversion_Rate,Activity_Count,New_Opportunities,Forecast_Coverage,Event_Label,Event_Driver,Data_Classification,Pipeline_Change_4W,Bookings_Change_4W,Win_Rate_Change_4W,Attention_Score,Requires_Review
2025-01-06,Benelux,Commercial,AI,118169.92,23674.47,0.2172,0.1352,64,14,4.99,normal,No material exception,SYNTHETIC_DEMO_ONLY,,,,0.0,False
2025-01-06,Benelux,Commercial,Automation,156139.26,29922.93,0.2197,0.1219,82,14,5.22,normal,No material exception,SYNTHETIC_DEMO_ONLY,,,,0.0,False
2025-01-06,Benelux,Commercial,Cloud,179048.1,34930.79,0.2262,0.1445,99,17,5.13,normal,No material exception,SYNTHETIC_DEMO_ONLY,,,,0.0,False
2025-01-06,Benelux,Commercial,Platform,177490.7,35073.75,0.2203,0.1264,117,22,5.06,normal,No material exception,SYNTHETIC_DEMO_ONLY,,,,0.0,False
2025-01-06,Benelux,Enterprise,AI,177958.34,37756.63,0.2617,0.138,114,23,4.71,normal,No material exception,SYNTHETIC_DEMO_ONLY,,,,0.0,False
2025-01-06,Benelux,Enterprise,Automation,221458.61,46932.01,0.2626,0.1383,156,21,4.72,normal,No material exception,SYNTHETIC_DEMO_ONLY,,,,0.0,False
2025-01-06,Benelux,Enterprise,Cloud,287855.73,59146.67,0.2599,0.1404,205,40,4.87,normal,No material exception,SYNTHETIC_DEMO_ONLY,,,,0.0,False
2025-01-06,Benelux,Enterprise,Platform,308020.59,78738.94,0.2953,0.1782,213,34,3.91,normal,No material exception,SYNTHETIC_DEMO_ONLY,,,,0.0,False
2025-01-06,DACH,Commercial,AI,188935.47,36285.48,0.2382,0.1275,130,22,5.21,normal,No material exception,SYNTHETIC_DEMO_ONLY,,,,0.0,False
2025-01-06,DACH,Commercial,Automation,222605.02,44238.04,0.2539,0.136,153,30,5.03,normal,No material exception,SYNTHETIC_DEMO_ONLY,,,,0.0,False
2025-01-06,DACH,Commercial,Cloud,273151.58,47971.57,0.2123,0.1234,192,37,5.69,normal,No material exception,SYNTHETIC_DEMO_ONLY,,,,0.0,False
2025-01-06,DACH,Commercial,Platform,312527.29,77910.33,0.2691,0.1594,193,43,4.01,normal,No material exception,SYNTHETIC_DEMO_ONLY,,,,0.0,False
2025-01-06,DACH,Enterprise,AI,296585.53,78900.82,0.3006,0.1562,172,32,3.76,normal,No material exception,SYNTHETIC_DEMO_ONLY,,,,0.0,False
2025-01-06,DACH,Enterprise,Automation,359134.6,81880.61,0.2564,0.1424,222,40,4.39,normal,No material exception,SYNTHETIC_DEMO_ONLY,,,,0.0,False
2025-01-06,DACH,Enterprise,Cloud,461284.63,133738.44,0.311,0.1613,294,60,3.45,normal,No material exception,SYNTHETIC_DEMO_ONLY,,,,0.0,False
2025-01-06,DACH,Enterprise,Platform,477949.2,91685.77,0.2423,0.1213,322,54,5.21,normal,No material exception,SYNTHETIC_DEMO_ONLY,,,,0.0,False
2025-01-06,France,Commercial,AI,148094.88,29424.62,0.2337,0.1324,82,15,5.03,normal,No material exception,SYNTHETIC_DEMO_ONLY,,,,0.0,False
2025-01-06,France,Commercial,Automation,173317.91,30983.64,0.2063,0.1115,139,24,5.59,normal,No material exception,SYNTHETIC_DEMO_ONLY,,,,0.0,False
2025-01-06,France,Commercial,Cloud,197893.29,39050.19,0.2249,0.145,137,31,5.07,normal,No material exception,SYNTHETIC_DEMO_ONLY,,,,0.0,False
2025-01-06,France,Commercial,Platform,215832.34,44709.47,0.2309,0.1415,117,19,4.83,normal,No material exception,SYNTHETIC_DEMO_ONLY,,,,0.0,False
2025-01-06,France,Enterprise,AI,236934.62,53524.85,0.2436,0.1317,148,27,4.43,normal,No material exception,SYNTHETIC_DEMO_ONLY,,,,0.0,False
2025-01-06,France,Enterprise,Automation,276149.8,55189.63,0.2319,0.1358,185,28,5.0,normal,No material exception,SYNTHETIC_DEMO_ONLY,,,,0.0,False
2025-01-06,France,Enterprise,Cloud,332172.53,71433.65,0.259,0.1378,198,38,4.65,normal,No material exception,SYNTHETIC_DEMO_ONLY,,,,0.0,False
2025-01-06,France,Enterprise,Platform,380137.86,96833.92,0.3126,0.182,252,56,3.93,normal,No material exception,SYNTHETIC_DEMO_ONLY,,,,0.0,False
2025-01-06,Iberia,Commercial,AI,104343.88,17047.17,0.1771,0.0874,70,13,6.12,normal,No material exception,SYNTHETIC_DEMO_ONLY,,,,0.0,False
2025-01-06,Iberia,Commercial,Automation,138677.79,28699.88,0.2179,0.1129,109,14,4.83,normal,No material exception,SYNTHETIC_DEMO_ONLY,,,,0.0,False
2025-01-06,Iberia,Commercial,Cloud,164820.72,34149.97,0.2122,0.1134,112,28,4.83,normal,No material exception,SYNTHETIC_DEMO_ONLY,,,,0.0,False
2025-01-06,Iberia,Commercial,Platform,166308.96,37646.04,0.2714,0.1628,100,20,4.42,normal,No material exception,SYNTHETIC_DEMO_ONLY,,,,0.0,False
2025-01-06,Iberia,Enterprise,AI,183270.89,31565.32,0.2011,0.122,111,21,5.81,normal,No material exception,SYNTHETIC_DEMO_ONLY,,,,0.0,False
2025-01-06,Iberia,Enterprise,Automation,216540.02,48452.39,0.2516,0.131,141,28,4.47,normal,No material exception,SYNTHETIC_DEMO_ONLY,,,,0.0,False
2025-01-06,Iberia,Enterprise,Cloud,261558.47,51037.71,0.2455,0.1453,179,37,5.12,normal,No material exception,SYNTHETIC_DEMO_ONLY,,,,0.0,False
2025-01-06,Iberia,Enterprise,Platform,303621.4,79753.91,0.294,0.1586,202,35,3.81,normal,No material exception,SYNTHETIC_DEMO_ONLY,,,,0.0,False
2025-01-06,Nordics,Commercial,AI,142703.5,27711.98,0.231,0.1262,82,14,5.15,normal,No material exception,SYNTHETIC_DEMO_ONLY,,,,0.0,False
2025-01-06,Nordics,Commercial,Automation,165702.0,36930.73,0.2392,0.1337,124,21,4.49,normal,No material exception,SYNTHETIC_DEMO_ONLY,,,,0.0,False
2025-01-06,Nordics,Commercial,Cloud,189880.71,44179.78,0.2559,0.163,110,15,4.3,normal,No material exception,SYNTHETIC_DEMO_ONLY,,,,0.0,False
2025-01-06,Nordics,Commercial,Platform,199811.86,38185.51,0.2125,0.1118,141,30,5.23,normal,No material exception,SYNTHETIC_DEMO_ONLY,,,,0.0,False
2025-01-06,Nordics,Enterprise,AI,219266.43,50669.54,0.2525,0.1172,120,19,4.33,normal,No material exception,SYNTHETIC_DEMO_ONLY,,,,0.0,False
2025-01-06,Nordics,Enterprise,Automation,242970.58,50997.64,0.2501,0.158,123,24,4.76,normal,No material exception,SYNTHETIC_DEMO_ONLY,,,,0.0,False
2025-01-06,Nordics,Enterprise,Cloud,284549.19,57525.77,0.2165,0.117,175,29,4.95,normal,No material exception,SYNTHETIC_DEMO_ONLY,,,,0.0,False
2025-01-06,Nordics,Enterprise,Platform,349513.7,76158.53,0.2669,0.1303,201,26,4.59,normal,No material exception,SYNTHETIC_DEMO_ONLY,,,,0.0,False
2025-01-06,UKI,Commercial,AI,152536.91,25539.31,0.1856,0.0902,91,15,5.97,normal,No material exception,SYNTHETIC_DEMO_ONLY,,,,0.0,False
2025-01-06,UKI,Commercial,Automation,211636.21,37467.54,0.2078,0.1208,121,22,5.65,normal,No material exception,SYNTHETIC_DEMO_ONLY,,,,0.0,False
2025-01-06,UKI,Commercial,Cloud,260336.55,53591.45,0.2344,0.1216,155,25,4.86,normal,No material exception,SYNTHETIC_DEMO_ONLY,,,,0.0,False
2025-01-06,UKI,Commercial,Platform,288713.39,67017.65,0.2565,0.1389,187,25,4.31,normal,No material exception,SYNTHETIC_DEMO_ONLY,,,,0.0,False
2025-01-06,UKI,Enterprise,AI,271241.05,44748.8,0.1949,0.1103,177,35,6.06,normal,No material exception,SYNTHETIC_DEMO_ONLY,,,,0.0,False
2025-01-06,UKI,Enterprise,Automation,304467.3,74892.73,0.2724,0.1567,183,38,4.07,normal,No material exception,SYNTHETIC_DEMO_ONLY,,,,0.0,False
2025-01-06,UKI,Enterprise,Cloud,392462.38,85322.46,0.2607,0.1501,264,55,4.6,normal,No material exception,SYNTHETIC_DEMO_ONLY,,,,0.0,False
2025-01-06,UKI,Enterprise,Platform,392108.31,86576.12,0.2503,0.1531,229,47,4.53,normal,No material exception,SYNTHETIC_DEMO_ONLY,,,,0.0,False
2025-01-13,Benelux,Commercial,AI,114558.27,21745.03,0.2179,0.1211,84,15,5.27,normal,No material exception,SYNTHETIC_DEMO_ONLY,,,,0.0,False
2025-01-13,Benelux,Commercial,Automation,167765.81,32245.15,0.2027,0.1066,125,22,5.2,normal,No material exception,SYNTHETIC_DEMO_ONLY,,,,0.0,False
2025-01-13,Benelux,Commercial,Cloud,188318.16,25862.59,0.1789,0.0875,148,26,7.28,normal,No material exception,SYNTHETIC_DEMO_ONLY,,,,0.0,False
2025-01-13,Benelux,Commercial,Platform,182195.58,34308.54,0.2002,0.1057,113,17,5.31,normal,No material exception,SYNTHETIC_DEMO_ONLY,,,,0.0,False
2025-01-13,Benelux,Enterprise,AI,198617.93,40924.64,0.2282,0.1131,140,28,4.85,normal,No material exception,SYNTHETIC_DEMO_ONLY,,,,0.0,False
2025-01-13,Benelux,Enterprise,Automation,253701.51,50090.27,0.2656,0.1337,139,31,5.06,normal,No material exception,SYNTHETIC_DEMO_ONLY,,,,0.0,False
2025-01-13,Benelux,Enterprise,Cloud,282651.97,63843.45,0.2384,0.1399,182,28,4.43,normal,No material exception,SYNTHETIC_DEMO_ONLY,,,,0.0,False
2025-01-13,Benelux,Enterprise,Platform,310881.06,69484.83,0.2441,0.1315,209,36,4.47,normal,No material exception,SYNTHETIC_DEMO_ONLY,,,,0.0,False
2025-01-13,DACH,Commercial,AI,190228.44,44979.44,0.2432,0.1303,129,21,4.23,normal,No material exception,SYNTHETIC_DEMO_ONLY,,,,0.0,False
2025-01-13,DACH,Commercial,Automation,253474.57,52337.2,0.2477,0.1327,153,29,4.84,normal,No material exception,SYNTHETIC_DEMO_ONLY,,,,0.0,False
2025-01-13,DACH,Commercial,Cloud,288208.06,66304.22,0.2606,0.1353,182,34,4.35,normal,No material exception,SYNTHETIC_DEMO_ONLY,,,,0.0,False
2025-01-13,DACH,Commercial,Platform,309386.57,69030.43,0.2543,0.1534,201,38,4.48,normal,No material exception,SYNTHETIC_DEMO_ONLY,,,,0.0,False
2025-01-13,DACH,Enterprise,AI,310728.44,76547.86,0.2717,0.1534,183,39,4.06,normal,No material exception,SYNTHETIC_DEMO_ONLY,,,,0.0,False
2025-01-13,DACH,Enterprise,Automation,386227.22,90607.69,0.2706,0.1638,235,35,4.26,normal,No material exception,SYNTHETIC_DEMO_ONLY,,,,0.0,False
2025-01-13,DACH,Enterprise,Cloud,461878.92,87871.92,0.2335,0.1523,311,54,5.26,normal,No material exception,SYNTHETIC_DEMO_ONLY,,,,0.0,False
2025-01-13,DACH,Enterprise,Platform,531439.01,148731.55,0.3021,0.1455,341,53,3.57,normal,No material exception,SYNTHETIC_DEMO_ONLY,,,,0.0,False
2025-01-13,France,Commercial,AI,141686.03,29231.14,0.2282,0.1204,95,20,4.85,normal,No material exception,SYNTHETIC_DEMO_ONLY,,,,0.0,False
2025-01-13,France,Commercial,Automation,186394.0,35355.34,0.2344,0.1294,125,29,5.27,normal,No material exception,SYNTHETIC_DEMO_ONLY,,,,0.0,False
2025-01-13,France,Commercial,Cloud,179557.51,39282.22,0.2574,0.1582,106,20,4.57,normal,No material exception,SYNTHETIC_DEMO_ONLY,,,,0.0,False
2025-01-13,France,Commercial,Platform,221746.32,64252.85,0.3006,0.1788,146,28,3.45,normal,No material exception,SYNTHETIC_DEMO_ONLY,,,,0.0,False
2025-01-13,France,Enterprise,AI,224902.11,45453.75,0.2381,0.1383,147,23,4.95,normal,No material exception,SYNTHETIC_DEMO_ONLY,,,,0.0,False
2025-01-13,France,Enterprise,Automation,294578.73,53437.65,0.2184,0.1181,191,26,5.51,normal,No material exception,SYNTHETIC_DEMO_ONLY,,,,0.0,False
2025-01-13,France,Enterprise,Cloud,332530.83,72048.21,0.2415,0.1233,200,34,4.62,normal,No material exception,SYNTHETIC_DEMO_ONLY,,,,0.0,False
2025-01-13,France,Enterprise,Platform,362607.35,97436.98,0.2729,0.156,219,38,3.72,normal,No material exception,SYNTHETIC_DEMO_ONLY,,,,0.0,False
2025-01-13,Iberia,Commercial,AI,118118.95,20432.39,0.2148,0.1309,74,11,5.78,normal,No material exception,SYNTHETIC_DEMO_ONLY,,,,0.0,False
2025-01-13,Iberia,Commercial,Automation,131874.35,26110.83,0.2327,0.1337,66,10,5.05,normal,No material exception,SYNTHETIC_DEMO_ONLY,,,,0.0,False
2025-01-13,Iberia,Commercial,Cloud,148894.04,33490.42,0.2488,0.1299,97,21,4.45,normal,No material exception,SYNTHETIC_DEMO_ONLY,,,,0.0,False
2025-01-13,Iberia,Commercial,Platform,171777.04,37143.16,0.2416,0.1362,135,21,4.62,normal,No material exception,SYNTHETIC_DEMO_ONLY,,,,0.0,False
2025-01-13,Iberia,Enterprise,AI,191129.17,38479.3,0.2352,0.1301,107,20,4.97,normal,No material exception,SYNTHETIC_DEMO_ONLY,,,,0.0,False
2025-01-13,Iberia,Enterprise,Automation,227622.36,43580.63,0.2437,0.1331,110,22,5.22,normal,No material exception,SYNTHETIC_DEMO_ONLY,,,,0.0,False
2025-01-13,Iberia,Enterprise,Cloud,254377.65,55747.32,0.2274,0.1382,148,27,4.56,normal,No material exception,SYNTHETIC_DEMO_ONLY,,,,0.0,False
2025-01-13,Iberia,Enterprise,Platform,301462.46,62587.0,0.2787,0.1377,185,35,4.82,normal,No material exception,SYNTHETIC_DEMO_ONLY,,,,0.0,False
2025-01-13,Nordics,Commercial,AI,122693.01,27985.54,0.249,0.1423,74,16,4.38,normal,No material exception,SYNTHETIC_DEMO_ONLY,,,,0.0,False
2025-01-13,Nordics,Commercial,Automation,165595.57,28377.12,0.1954,0.1048,122,25,5.84,normal,No material exception,SYNTHETIC_DEMO_ONLY,,,,0.0,False
2025-01-13,Nordics,Commercial,Cloud,167017.07,40741.14,0.2549,0.1208,99,21,4.1,normal,No material exception,SYNTHETIC_DEMO_ONLY,,,,0.0,False
2025-01-13,Nordics,Commercial,Platform,199060.22,36896.61,0.221,0.1174,126,21,5.4,normal,No material exception,SYNTHETIC_DEMO_ONLY,,,,0.0,False
2025-01-13,Nordics,Enterprise,AI,214804.66,52147.03,0.2732,0.173,122,17,4.12,normal,No material exception,SYNTHETIC_DEMO_ONLY,,,,0.0,False
2025-01-13,Nordics,Enterprise,Automation,270477.4,51104.66,0.2279,0.1141,180,38,5.29,normal,No material exception,SYNTHETIC_DEMO_ONLY,,,,0.0,False
2025-01-13,Nordics,Enterprise,Cloud,280910.11,66612.9,0.2586,0.1443,183,34,4.22,normal,No material exception,SYNTHETIC_DEMO_ONLY,,,,0.0,False
2025-01-13,Nordics,Enterprise,Platform,331118.26,78502.78,0.2702,0.1562,203,34,4.22,normal,No material exception,SYNTHETIC_DEMO_ONLY,,,,0.0,False
2025-01-13,UKI,Commercial,AI,167127.12,34544.81,0.2317,0.1291,115,17,4.84,normal,No material exception,SYNTHETIC_DEMO_ONLY,,,,0.0,False
2025-01-13,UKI,Commercial,Automation,212818.25,43467.25,0.2175,0.1113,135,23,4.9,normal,No material exception,SYNTHETIC_DEMO_ONLY,,,,0.0,False
2025-01-13,UKI,Commercial,Cloud,250334.09,54390.84,0.2415,0.1445,171,37,4.6,normal,No material exception,SYNTHETIC_DEMO_ONLY,,,,0.0,False
2025-01-13,UKI,Commercial,Platform,273077.62,59531.32,0.2417,0.147,147,29,4.59,normal,No material exception,SYNTHETIC_DEMO_ONLY,,,,0.0,False
2025-01-13,UKI,Enterprise,AI,296380.56,84281.14,0.2802,0.1437,174,35,3.52,normal,No material exception,SYNTHETIC_DEMO_ONLY,,,,0.0,False
2025-01-13,UKI,Enterprise,Automation,363901.77,72521.55,0.2218,0.1186,233,44,5.02,normal,No material exception,SYNTHETIC_DEMO_ONLY,,,,0.0,False
2025-01-13,UKI,Enterprise,Cloud,383906.3,118347.92,0.3338,0.1902,260,55,3.24,normal,No material exception,SYNTHETIC_DEMO_ONLY,,,,0.0,False
2025-01-13,UKI,Enterprise,Platform,459707.78,96733.15,0.2329,0.129,303,69,4.75,normal,No material exception,SYNTHETIC_DEMO_ONLY,,,,0.0,False
2025-01-20,Benelux,Commercial,AI,126955.48,23170.73,0.2209,0.1328,88,18,5.48,normal,No material exception,SYNTHETIC_DEMO_ONLY,,,,0.0,False
2025-01-20,Benelux,Commercial,Automation,138933.54,24566.17,0.2113,0.1341,78,12,5.66,normal,No material exception,SYNTHETIC_DEMO_ONLY,,,,0.0,False
2025-01-20,Benelux,Commercial,Cloud,170279.62,24838.83,0.197,0.1012,131,23,6.86,normal,No material exception,SYNTHETIC_DEMO_ONLY,,,,0.0,False
2025-01-20,Benelux,Commercial,Platform,211816.26,55732.3,0.2796,0.1545,162,31,3.8,normal,No material exception,SYNTHETIC_DEMO_ONLY,,,,0.0,False
2025-01-20,Benelux,Enterprise,AI,221390.29,48058.9,0.2549,0.1304,153,30,4.61,normal,No material exception,SYNTHETIC_DEMO_ONLY,,,,0.0,False
2025-01-20,Benelux,Enterprise,Automation,257952.47,57003.66,0.2298,0.1383,154,28,4.53,normal,No material exception,SYNTHETIC_DEMO_ONLY,,,,0.0,False
2025-01-20,Benelux,Enterprise,Cloud,283940.46,59514.5,0.2511,0.1411,182,31,4.77,normal,No material exception,SYNTHETIC_DEMO_ONLY,,,,0.0,False
2025-01-20,Benelux,Enterprise,Platform,325944.49,83627.23,0.276,0.1612,217,41,3.9,normal,No material exception,SYNTHETIC_DEMO_ONLY,,,,0.0,False
2025-01-20,DACH,Commercial,AI,185472.77,32501.75,0.2057,0.1167,118,25,5.71,normal,No material exception,SYNTHETIC_DEMO_ONLY,,,,0.0,False
2025-01-20,DACH,Commercial,Automation,238054.02,48993.96,0.2374,0.1129,174,27,4.86,normal,No material exception,SYNTHETIC_DEMO_ONLY,,,,0.0,False
2025-01-20,DACH,Commercial,Cloud,265020.18,59500.95,0.265,0.1433,164,30,4.45,normal,No material exception,SYNTHETIC_DEMO_ONLY,,,,0.0,False
2025-01-20,DACH,Commercial,Platform,327848.85,78607.21,0.2664,0.1232,212,41,4.17,normal,No material exception,SYNTHETIC_DEMO_ONLY,,,,0.0,False
2025-01-20,DACH,Enterprise,AI,319199.91,67380.71,0.2636,0.1455,198,39,4.74,normal,No material exception,SYNTHETIC_DEMO_ONLY,,,,0.0,False
2025-01-20,DACH,Enterprise,Automation,417276.87,98767.33,0.2672,0.1517,280,44,4.22,normal,No material exception,SYNTHETIC_DEMO_ONLY,,,,0.0,False
2025-01-20,DACH,Enterprise,Cloud,454150.16,95203.02,0.239,0.1436,273,49,4.77,normal,No material exception,SYNTHETIC_DEMO_ONLY,,,,0.0,False
2025-01-20,DACH,Enterprise,Platform,489483.49,117878.69,0.2608,0.1375,313,61,4.15,normal,No material exception,SYNTHETIC_DEMO_ONLY,,,,0.0,False
2025-01-20,France,Commercial,AI,151935.05,27643.78,0.2136,0.1118,102,17,5.5,normal,No material exception,SYNTHETIC_DEMO_ONLY,,,,0.0,False
2025-01-20,France,Commercial,Automation,168530.45,32701.24,0.2068,0.1145,109,22,5.15,normal,No material exception,SYNTHETIC_DEMO_ONLY,,,,0.0,False
2025-01-20,France,Commercial,Cloud,205227.77,43832.1,0.2369,0.1298,126,23,4.68,normal,No material exception,SYNTHETIC_DEMO_ONLY,,,,0.0,False
2025-01-20,France,Commercial,Platform,225776.49,54443.46,0.2666,0.1658,137,27,4.15,normal,No material exception,SYNTHETIC_DEMO_ONLY,,,,0.0,False
2025-01-20,France,Enterprise,AI,225979.16,52253.92,0.2668,0.139,139,23,4.32,normal,No material exception,SYNTHETIC_DEMO_ONLY,,,,0.0,False
2025-01-20,France,Enterprise,Automation,299156.79,63363.56,0.2131,0.1171,196,41,4.72,normal,No material exception,SYNTHETIC_DEMO_ONLY,,,,0.0,False
2025-01-20,France,Enterprise,Cloud,325761.27,78690.57,0.2482,0.1555,212,41,4.14,normal,No material exception,SYNTHETIC_DEMO_ONLY,,,,0.0,False
2025-01-20,France,Enterprise,Platform,343003.85,85987.89,0.2911,0.1424,208,41,3.99,normal,No material exception,SYNTHETIC_DEMO_ONLY,,,,0.0,False
2025-01-20,Iberia,Commercial,AI,112029.92,22406.52,0.2203,0.1298,68,12,5.0,normal,No material exception,SYNTHETIC_DEMO_ONLY,,,,0.0,False
2025-01-20,Iberia,Commercial,Automation,130066.77,20892.47,0.1844,0.1113,86,17,6.23,normal,No material exception,SYNTHETIC_DEMO_ONLY,,,,0.0,False
2025-01-20,Iberia,Commercial,Cloud,172224.19,33981.96,0.2365,0.127,137,24,5.07,normal,No material exception,SYNTHETIC_DEMO_ONLY,,,,0.0,False
2025-01-20,Iberia,Commercial,Platform,187378.86,43873.56,0.278,0.1458,114,24,4.27,normal,No material exception,SYNTHETIC_DEMO_ONLY,,,,0.0,False
2025-01-20,Iberia,Enterprise,AI,182884.19,38136.76,0.2444,0.119,111,21,4.8,normal,No material exception,SYNTHETIC_DEMO_ONLY,,,,0.0,False
2025-01-20,Iberia,Enterprise,Automation,238688.79,56677.61,0.276,0.155,154,27,4.21,normal,No material exception,SYNTHETIC_DEMO_ONLY,,,,0.0,False
2025-01-20,Iberia,Enterprise,Cloud,271398.78,54013.2,0.2455,0.1532,171,27,5.02,normal,No material exception,SYNTHETIC_DEMO_ONLY,,,,0.0,False
2025-01-20,Iberia,Enterprise,Platform,275295.61,60438.38,0.2682,0.1721,182,37,4.55,normal,No material exception,SYNTHETIC_DEMO_ONLY,,,,0.0,False
2025-01-20,Nordics,Commercial,AI,118784.05,27238.78,0.2325,0.1263,60,8,4.36,normal,No material exception,SYNTHETIC_DEMO_ONLY,,,,0.0,False
2025-01-20,Nordics,Commercial,Automation,149367.97,28457.83,0.2212,0.1268,101,15,5.25,normal,No material exception,SYNTHETIC_DEMO_ONLY,,,,0.0,False
2025-01-20,Nordics,Commercial,Cloud,187974.05,39749.34,0.2311,0.1467,116,23,4.73,normal,No material exception,SYNTHETIC_DEMO_ONLY,,,,0.0,False
2025-01-20,Nordics,Commercial,Platform,203725.69,51008.1,0.2793,0.1318,130,24,3.99,normal,No material exception,SYNTHETIC_DEMO_ONLY,,,,0.0,False
2025-01-20,Nordics,Enterprise,AI,214712.93,44318.78,0.2529,0.1419,139,33,4.84,normal,No material exception,SYNTHETIC_DEMO_ONLY,,,,0.0,False
2025-01-20,Nordics,Enterprise,Automation,297526.75,63602.38,0.2449,0.1567,176,31,4.68,normal,No material exception,SYNTHETIC_DEMO_ONLY,,,,0.0,False
2025-01-20,Nordics,Enterprise,Cloud,300870.92,70037.6,0.2542,0.1495,173,32,4.3,normal,No material exception,SYNTHETIC_DEMO_ONLY,,,,0.0,False
2025-01-20,Nordics,Enterprise,Platform,354938.54,89362.94,0.2874,0.1627,224,50,3.97,normal,No material exception,SYNTHETIC_DEMO_ONLY,,,,0.0,False
2025-01-20,UKI,Commercial,AI,164680.33,29498.61,0.2317,0.1255,99,18,5.58,normal,No material exception,SYNTHETIC_DEMO_ONLY,,,,0.0,False
2025-01-20,UKI,Commercial,Automation,214745.06,39489.23,0.2193,0.1187,156,24,5.44,normal,No material exception,SYNTHETIC_DEMO_ONLY,,,,0.0,False
2025-01-20,UKI,Commercial,Cloud,258575.63,54798.34,0.2451,0.1368,158,25,4.72,normal,No material exception,SYNTHETIC_DEMO_ONLY,,,,0.0,False
2025-01-20,UKI,Commercial,Platform,287974.47,58693.29,0.2375,0.1205,158,31,4.91,normal,No material exception,SYNTHETIC_DEMO_ONLY,,,,0.0,False
2025-01-20,UKI,Enterprise,AI,280920.19,54926.88,0.2358,0.1437,185,28,5.11,normal,No material exception,SYNTHETIC_DEMO_ONLY,,,,0.0,False
2025-01-20,UKI,Enterprise,Automation,359536.23,72187.23,0.236,0.1402,218,41,4.98,normal,No material exception,SYNTHETIC_DEMO_ONLY,,,,0.0,False
2025-01-20,UKI,Enterprise,Cloud,412914.37,92600.64,0.2362,0.1347,251,50,4.46,normal,No material exception,SYNTHETIC_DEMO_ONLY,,,,0.0,False
2025-01-20,UKI,Enterprise,Platform,477998.7,106303.82,0.2558,0.1383,307,54,4.5,normal,No material exception,SYNTHETIC_DEMO_ONLY,,,,0.0,False
2025-01-27,Benelux,Commercial,AI,119474.15,24940.36,0.2096,0.1224,95,20,4.79,normal,No material exception,SYNTHETIC_DEMO_ONLY,,,,0.0,False
2025-01-27,Benelux,Commercial,Automation,152597.98,25850.5,0.2239,0.1185,99,17,5.9,normal,No material exception,SYNTHETIC_DEMO_ONLY,,,,0.0,False
2025-01-27,Benelux,Commercial,Cloud,161945.75,30068.03,0.206,0.1039,105,21,5.39,normal,No material exception,SYNTHETIC_DEMO_ONLY,,,,0.0,False
2025-01-27,Benelux,Commercial,Platform,203516.89,39866.23,0.2392,0.121,143,29,5.1,normal,No material exception,SYNTHETIC_DEMO_ONLY,,,,0.0,False
2025-01-27,Benelux,Enterprise,AI,191499.64,36768.69,0.2391,0.1089,115,19,5.21,normal,No material exception,SYNTHETIC_DEMO_ONLY,,,,0.0,False
2025-01-27,Benelux,Enterprise,Automation,263587.31,65991.16,0.2676,0.1395,174,39,3.99,normal,No material exception,SYNTHETIC_DEMO_ONLY,,,,0.0,False
2025-01-27,Benelux,Enterprise,Cloud,282339.17,62684.09,0.2383,0.1456,181,30,4.5,normal,No material exception,SYNTHETIC_DEMO_ONLY,,,,0.0,False
2025-01-27,Benelux,Enterprise,Platform,342459.16,83296.31,0.2918,0.1647,223,38,4.11,normal,No material exception,SYNTHETIC_DEMO_ONLY,,,,0.0,False
2025-01-27,DACH,Commercial,AI,200745.93,35732.29,0.2213,0.1226,125,22,5.62,normal,No material exception,SYNTHETIC_DEMO_ONLY,,,,0.0,False
2025-01-27,DACH,Commercial,Automation,273999.51,51315.26,0.2211,0.1192,183,32,5.34,normal,No material exception,SYNTHETIC_DEMO_ONLY,,,,0.0,False
2025-01-27,DACH,Commercial,Cloud,320050.1,69461.17,0.2545,0.1586,196,39,4.61,normal,No material exception,SYNTHETIC_DEMO_ONLY,,,,0.0,False
2025-01-27,DACH,Commercial,Platform,327569.91,77187.3,0.263,0.1458,198,40,4.24,normal,No material exception,SYNTHETIC_DEMO_ONLY,,,,0.0,False
2025-01-27,DACH,Enterprise,AI,363540.41,87528.4,0.2734,0.1786,236,37,4.15,normal,No material exception,SYNTHETIC_DEMO_ONLY,,,,0.0,False
2025-01-27,DACH,Enterprise,Automation,409314.33,106083.54,0.2893,0.1601,244,51,3.86,normal,No material exception,SYNTHETIC_DEMO_ONLY,,,,0.0,False
2025-01-27,DACH,Enterprise,Cloud,451784.81,118763.09,0.2972,0.1613,271,60,3.8,normal,No material exception,SYNTHETIC_DEMO_ONLY,,,,0.0,False
2025-01-27,DACH,Enterprise,Platform,561939.02,145013.2,0.2864,0.1513,365,66,3.88,normal,No material exception,SYNTHETIC_DEMO_ONLY,,,,0.0,False
2025-01-27,France,Commercial,AI,137701.95,33473.29,0.263,0.1373,91,18,4.11,normal,No material exception,SYNTHETIC_DEMO_ONLY,,,,0.0,False
2025-01-27,France,Commercial,Automation,169449.93,37447.74,0.2541,0.1353,118,22,4.52,normal,No material exception,SYNTHETIC_DEMO_ONLY,,,,0.0,False
2025-01-27,France,Commercial,Cloud,208072.36,42371.67,0.2327,0.1387,126,28,4.91,normal,No material exception,SYNTHETIC_DEMO_ONLY,,,,0.0,False
2025-01-27,France,Commercial,Platform,227125.55,43159.86,0.2184,0.1386,154,28,5.26,normal,No material exception,SYNTHETIC_DEMO_ONLY,,,,0.0,False
2025-01-27,France,Enterprise,AI,247558.93,47457.88,0.2397,0.1398,160,36,5.22,normal,No material exception,SYNTHETIC_DEMO_ONLY,,,,0.0,False
2025-01-27,France,Enterprise,Automation,274867.72,54201.37,0.22,0.1347,153,29,5.07,normal,No material exception,SYNTHETIC_DEMO_ONLY,,,,0.0,False
2025-01-27,France,Enterprise,Cloud,359175.58,77838.29,0.2708,0.139,244,40,4.61,normal,No material exception,SYNTHETIC_DEMO_ONLY,,,,0.0,False
2025-01-27,France,Enterprise,Platform,395247.38,94947.43,0.2868,0.1672,267,51,4.16,normal,No material exception,SYNTHETIC_DEMO_ONLY,,,,0.0,False
2025-01-27,Iberia,Commercial,AI,118414.29,20072.36,0.214,0.1281,77,14,5.9,normal,No material exception,SYNTHETIC_DEMO_ONLY,,,,0.0,False
2025-01-27,Iberia,Commercial,Automation,149927.12,25670.61,0.2008,0.1119,94,22,5.84,normal,No material exception,SYNTHETIC_DEMO_ONLY,,,,0.0,False
2025-01-27,Iberia,Commercial,Cloud,156309.16,27885.19,0.2047,0.1249,93,17,5.61,normal,No material exception,SYNTHETIC_DEMO_ONLY,,,,0.0,False
2025-01-27,Iberia,Commercial,Platform,181262.26,42363.32,0.2505,0.1453,112,25,4.28,normal,No material exception,SYNTHETIC_DEMO_ONLY,,,,0.0,False
2025-01-27,Iberia,Enterprise,AI,181871.54,40583.69,0.2369,0.1517,127,23,4.48,normal,No material exception,SYNTHETIC_DEMO_ONLY,,,,0.0,False
2025-01-27,Iberia,Enterprise,Automation,230954.16,47486.09,0.2379,0.1288,147,29,4.86,normal,No material exception,SYNTHETIC_DEMO_ONLY,,,,0.0,False
2025-01-27,Iberia,Enterprise,Cloud,269909.72,59704.48,0.2428,0.1267,147,25,4.52,normal,No material exception,SYNTHETIC_DEMO_ONLY,,,,0.0,False
2025-01-27,Iberia,Enterprise,Platform,329867.38,73106.73,0.2405,0.1356,226,49,4.51,normal,No material exception,SYNTHETIC_DEMO_ONLY,,,,0.0,False
2025-01-27,Nordics,Commercial,AI,137127.87,29527.31,0.2608,0.1438,83,15,4.64,normal,No material exception,SYNTHETIC_DEMO_ONLY,,,,0.0,False
2025-01-27,Nordics,Commercial,Automation,186650.14,39661.73,0.2257,0.1285,119,23,4.71,normal,No material exception,SYNTHETIC_DEMO_ONLY,,,,0.0,False
2025-01-27,Nordics,Commercial,Cloud,194959.22,36324.49,0.2075,0.1175,129,18,5.37,normal,No material exception,SYNTHETIC_DEMO_ONLY,,,,0.0,False
2025-01-27,Nordics,Commercial,Platform,188716.77,43657.94,0.2463,0.1434,129,20,4.32,normal,No material exception,SYNTHETIC_DEMO_ONLY,,,,0.0,False
2025-01-27,Nordics,Enterprise,AI,237421.37,54050.38,0.261,0.1381,130,29,4.39,normal,No material exception,SYNTHETIC_DEMO_ONLY,,,,0.0,False
2025-01-27,Nordics,Enterprise,Automation,297337.41,70122.5,0.2512,0.1423,202,41,4.24,normal,No material exception,SYNTHETIC_DEMO_ONLY,,,,0.0,False
2025-01-27,Nordics,Enterprise,Cloud,321930.46,74564.4,0.2521,0.1295,208,46,4.32,normal,No material exception,SYNTHETIC_DEMO_ONLY,,,,0.0,False
2025-01-27,Nordics,Enterprise,Platform,353335.64,78984.44,0.2156,0.1093,235,45,4.47,normal,No material exception,SYNTHETIC_DEMO_ONLY,,,,0.0,False
2025-01-27,UKI,Commercial,AI,164971.56,35624.47,0.2583,0.1597,106,18,4.63,normal,No material exception,SYNTHETIC_DEMO_ONLY,,,,0.0,False
2025-01-27,UKI,Commercial,Automation,210748.95,43047.49,0.2282,0.13,107,16,4.9,normal,No material exception,SYNTHETIC_DEMO_ONLY,,,,0.0,False
2025-01-27,UKI,Commercial,Cloud,243200.63,43144.5,0.2168,0.105,167,33,5.64,normal,No material exception,SYNTHETIC_DEMO_ONLY,,,,0.0,False
2025-01-27,UKI,Commercial,Platform,304766.21,47635.31,0.2072,0.1105,191,35,6.4,normal,No material exception,SYNTHETIC_DEMO_ONLY,,,,0.0,False
2025-01-27,UKI,Enterprise,AI,300393.51,57412.72,0.2341,0.1382,190,39,5.23,normal,No material exception,SYNTHETIC_DEMO_ONLY,,,,0.0,False
2025-01-27,UKI,Enterprise,Automation,365800.48,88168.01,0.2799,0.1468,230,46,4.15,normal,No material exception,SYNTHETIC_DEMO_ONLY,,,,0.0,False
2025-01-27,UKI,Enterprise,Cloud,400824.04,107353.4,0.2695,0.1479,266,50,3.73,normal,No material exception,SYNTHETIC_DEMO_ONLY,,,,0.0,False
2025-01-27,UKI,Enterprise,Platform,443710.23,90756.43,0.2541,0.1479,275,50,4.89,normal,No material exception,SYNTHETIC_DEMO_ONLY,,,,0.0,False
2025-02-03,Benelux,Commercial,AI,126270.42,28921.07,0.227,0.1343,88,16,4.37,normal,No material exception,SYNTHETIC_DEMO_ONLY,0.06854959366986124,0.22161425366650223,0.009800000000000003,4.8,False
2025-02-03,Benelux,Commercial,Automation,154809.27,31400.41,0.2239,0.1261,86,14,4.93,normal,No material exception,SYNTHETIC_DEMO_ONLY,-0.008517972994108058,0.049376180741658615,0.0041999999999999815,0.9,False
2025-02-03,Benelux,Commercial,Cloud,179065.46,36158.81,0.2327,0.1201,137,26,4.95,normal,No material exception,SYNTHETIC_DEMO_ONLY,9.695718636493211e-05,0.035155803805181574,0.006499999999999978,0.7,False
2025-02-03,Benelux,Commercial,Platform,215738.05,50704.21,0.2737,0.1517,137,23,4.25,normal,No material exception,SYNTHETIC_DEMO_ONLY,0.21548931859528397,0.44564553262767737,0.0534,17.2,False
2025-02-03,Benelux,Enterprise,AI,208116.25,43644.04,0.2476,0.1436,140,32,4.77,normal,No material exception,SYNTHETIC_DEMO_ONLY,0.16946612336347933,0.1559304948561353,-0.014100000000000001,10.7,False
2025-02-03,Benelux,Enterprise,Automation,229773.32,57553.38,0.27,0.149,149,24,3.99,normal,No material exception,SYNTHETIC_DEMO_ONLY,0.03754520991529753,0.2263139805859582,0.007400000000000018,2.8,False
2025-02-03,Benelux,Enterprise,Cloud,307520.18,63389.03,0.2368,0.1388,208,39,4.85,normal,No material exception,SYNTHETIC_DEMO_ONLY,0.06831356110229247,0.07172610055646422,-0.02310000000000001,6.1,False
2025-02-03,Benelux,Enterprise,Platform,352615.4,74276.63,0.2517,0.1233,236,41,4.75,normal,No material exception,SYNTHETIC_DEMO_ONLY,0.1447786656080361,-0.05667221326576144,-0.04360000000000003,12.3,False
2025-02-03,DACH,Commercial,AI,197019.82,44532.56,0.2612,0.1675,109,15,4.42,normal,No material exception,SYNTHETIC_DEMO_ONLY,0.042788947993725124,0.22728319978128986,0.022999999999999993,4.7,False
2025-02-03,DACH,Commercial,Automation,263318.42,47273.15,0.2034,0.1257,159,26,5.57,normal,No material exception,SYNTHETIC_DEMO_ONLY,0.18289524647737054,0.06860860020018977,-0.05050000000000002,15.1,False
2025-02-03,DACH,Commercial,Cloud,276459.14,58285.47,0.2512,0.1268,146,19,4.74,normal,No material exception,SYNTHETIC_DEMO_ONLY,0.012108881083536138,0.21500025952871682,0.03889999999999999,4.6,False
2025-02-03,DACH,Commercial,Platform,308030.3,74370.12,0.2617,0.1617,208,36,4.14,normal,No material exception,SYNTHETIC_DEMO_ONLY,-0.014389111427677181,-0.04543954569310649,-0.007400000000000018,1.5,False
2025-02-03,DACH,Enterprise,AI,319572.71,88151.25,0.2744,0.1616,213,37,3.63,normal,No material exception,SYNTHETIC_DEMO_ONLY,0.07750607388027331,0.11724124033184946,-0.0262,6.9,False
2025-02-03,DACH,Enterprise,Automation,384684.14,87353.32,0.259,0.1577,227,44,4.4,normal,No material exception,SYNTHETIC_DEMO_ONLY,0.07114196181598786,0.06683767988538447,0.002599999999999991,4.2,False
2025-02-03,DACH,Enterprise,Cloud,456120.34,101059.44,0.2408,0.1324,293,55,4.51,normal,No material exception,SYNTHETIC_DEMO_ONLY,-0.011195452144156626,-0.24435009111815575,-0.07020000000000001,7.6,False
2025-02-03,DACH,Enterprise,Platform,550210.8,143614.82,0.2971,0.1649,326,46,3.83,normal,No material exception,SYNTHETIC_DEMO_ONLY,0.1511909633910884,0.5663806935361944,0.05479999999999999,13.8,False
2025-02-03,France,Commercial,AI,133759.83,32547.02,0.2549,0.1411,88,18,4.11,normal,No material exception,SYNTHETIC_DEMO_ONLY,-0.09679639161056763,0.10611521916000966,0.021200000000000024,7.4,False
2025-02-03,France,Commercial,Automation,187906.04,37769.97,0.2273,0.1263,110,24,4.98,normal,No material exception,SYNTHETIC_DEMO_ONLY,0.08416977795312675,0.21902946199994577,0.02099999999999999,6.7,False
2025-02-03,France,Commercial,Cloud,212511.25,39627.75,0.2237,0.1208,157,27,5.36,normal,No material exception,SYNTHETIC_DEMO_ONLY,0.07386789112455494,0.01479019692349759,-0.0011999999999999789,4.2,False
2025-02-03,France,Commercial,Platform,231048.76,51005.65,0.2434,0.1351,161,28,4.53,normal,No material exception,SYNTHETIC_DEMO_ONLY,0.0705011121132264,0.14082430411275282,0.012500000000000011,5.1,False
2025-02-03,France,Enterprise,AI,233894.82,56560.69,0.2497,0.1314,144,20,4.14,normal,No material exception,SYNTHETIC_DEMO_ONLY,-0.012829699602362798,0.05671832802894361,0.006099999999999994,1.3,False
2025-02-03,France,Enterprise,Automation,317264.86,85070.49,0.2784,0.1588,216,36,3.73,normal,No material exception,SYNTHETIC_DEMO_ONLY,0.14888679984559094,0.5414216402610419,0.046499999999999986,12.8,False
2025-02-03,France,Enterprise,Cloud,343034.83,77517.86,0.2601,0.1228,214,46,4.43,normal,No material exception,SYNTHETIC_DEMO_ONLY,0.032700777514624635,0.0851728842079329,0.0010999999999999899,1.9,False
2025-02-03,France,Enterprise,Platform,378418.42,62631.1,0.2226,0.1268,233,42,6.04,normal,No material exception,SYNTHETIC_DEMO_ONLY,-0.004523201135503863,-0.35321114749872773,-0.09,9.2,False
2025-02-03,Iberia,Commercial,AI,120542.48,23447.44,0.2312,0.1271,66,14,5.14,normal,No material exception,SYNTHETIC_DEMO_ONLY,0.155242454085472,0.3754447219098538,0.05409999999999998,13.9,False
2025-02-03,Iberia,Commercial,Automation,150049.69,27451.06,0.2263,0.145,114,20,5.47,normal,No material exception,SYNTHETIC_DEMO_ONLY,0.0820023163045791,-0.04351307392226034,0.00839999999999999,5.4,False
2025-02-03,Iberia,Commercial,Cloud,162114.08,29825.59,0.1916,0.1111,91,16,5.44,normal,No material exception,SYNTHETIC_DEMO_ONLY,-0.016421721734985795,-0.12662910099188962,-0.020600000000000007,3.0,False
2025-02-03,Iberia,Commercial,Platform,173606.04,39905.18,0.2562,0.1425,118,22,4.35,normal,No material exception,SYNTHETIC_DEMO_ONLY,0.04387664982091177,0.06001003027144414,-0.015199999999999991,3.9,False
2025-02-03,Iberia,Enterprise,AI,191697.89,40018.11,0.2433,0.1526,132,20,4.79,normal,No material exception,SYNTHETIC_DEMO_ONLY,0.045981115713466636,0.2677872424546939,0.04219999999999999,6.7,False
2025-02-03,Iberia,Enterprise,Automation,225466.51,47702.53,0.2504,0.1217,159,28,4.73,normal,No material exception,SYNTHETIC_DEMO_ONLY,0.04122328057418678,-0.01547622315431707,-0.0011999999999999789,2.4,False
2025-02-03,Iberia,Enterprise,Cloud,249418.61,42994.84,0.197,0.1184,157,26,5.8,normal,No material exception,SYNTHETIC_DEMO_ONLY,-0.046413560990779645,-0.15758681179073286,-0.04849999999999999,7.4,False
2025-02-03,Iberia,Enterprise,Platform,291905.83,60989.87,0.2458,0.124,195,45,4.79,normal,No material exception,SYNTHETIC_DEMO_ONLY,-0.03858611415400892,-0.23527423294983285,-0.04819999999999999,6.9,False
2025-02-03,Nordics,Commercial,AI,119809.08,25011.94,0.2373,0.1409,81,16,4.79,normal,No material exception,SYNTHETIC_DEMO_ONLY,-0.16043348621442355,-0.09743222967106646,0.0063,9.5,False
2025-02-03,Nordics,Commercial,Automation,168819.22,40150.35,0.2623,0.1563,88,14,4.2,normal,No material exception,SYNTHETIC_DEMO_ONLY,0.01881220504278769,0.08717997180126136,0.02309999999999998,3.3,False
2025-02-03,Nordics,Commercial,Cloud,203947.56,44655.55,0.2325,0.148,152,31,4.57,normal,No material exception,SYNTHETIC_DEMO_ONLY,0.07408256478501696,0.010768953580122087,-0.023400000000000004,6.4,False
2025-02-03,Nordics,Commercial,Platform,232013.78,40507.38,0.2163,0.1115,153,32,5.73,normal,No material exception,SYNTHETIC_DEMO_ONLY,0.1611612043449273,0.060805001687812776,0.003799999999999998,9.2,False
2025-02-03,Nordics,Enterprise,AI,228972.2,48219.44,0.2229,0.1302,139,32,4.75,normal,No material exception,SYNTHETIC_DEMO_ONLY,0.044264733092065356,-0.0483544946332648,-0.029600000000000015,5.4,False
2025-02-03,Nordics,Enterprise,Automation,233144.25,49383.77,0.2657,0.1683,140,28,4.72,normal,No material exception,SYNTHETIC_DEMO_ONLY,-0.040442468384443875,-0.031645974205865235,0.015600000000000003,3.8,False
2025-02-03,Nordics,Enterprise,Cloud,334377.62,73412.06,0.2456,0.1334,209,43,4.55,normal,No material exception,SYNTHETIC_DEMO_ONLY,0.17511358932351895,0.2761595368475729,0.029100000000000015,12.5,False
2025-02-03,Nordics,Enterprise,Platform,355880.53,75832.72,0.2711,0.1382,228,41,4.69,normal,No material exception,SYNTHETIC_DEMO_ONLY,0.01821625303958041,-0.004278050009631218,0.0041999999999999815,1.4,False
2025-02-03,UKI,Commercial,AI,178398.94,41118.32,0.27,0.1541,128,23,4.34,normal,No material exception,SYNTHETIC_DEMO_ONLY,0.16954604626513015,0.6100012098995626,0.08440000000000003,17.8,False
2025-02-03,UKI,Commercial,Automation,210000.99,46108.18,0.2452,0.1318,140,22,4.55,normal,No material exception,SYNTHETIC_DEMO_ONLY,-0.007726560591876042,0.2306166884722083,0.03739999999999999,4.2,False
2025-02-03,UKI,Commercial,Cloud,254521.7,61807.02,0.2472,0.1381,160,23,4.12,normal,No material exception,SYNTHETIC_DEMO_ONLY,-0.02233589559360749,0.15330001334168042,0.012800000000000006,2.5,False
2025-02-03,UKI,Commercial,Platform,295275.29,72220.06,0.2686,0.1527,181,30,4.09,normal,No material exception,SYNTHETIC_DEMO_ONLY,0.022728076449796575,0.07762746082561844,0.0121,2.5,False
2025-02-03,UKI,Enterprise,AI,296969.5,83420.68,0.2919,0.1446,181,36,3.56,normal,No material exception,SYNTHETIC_DEMO_ONLY,0.094854558334736,0.8641992634439357,0.097,14.9,False
2025-02-03,UKI,Enterprise,Automation,335807.07,74085.45,0.2342,0.1531,189,31,4.53,normal,No material exception,SYNTHETIC_DEMO_ONLY,0.10293312286738199,-0.010779150392835168,-0.038199999999999984,9.5,False
2025-02-03,UKI,Enterprise,Cloud,418983.69,91123.09,0.2421,0.1257,279,55,4.6,normal,No material exception,SYNTHETIC_DEMO_ONLY,0.0675766935928992,0.06798479556262205,-0.018599999999999978,5.6,False
2025-02-03,UKI,Enterprise,Platform,460536.52,114799.55,0.2831,0.1355,283,46,4.01,normal,No material exception,SYNTHETIC_DEMO_ONLY,0.1745135419343702,0.3259955516602038,0.032799999999999996,12.9,False
2025-02-10,Benelux,Commercial,AI,135036.87,29552.73,0.2266,0.1325,82,16,4.57,normal,No material exception,SYNTHETIC_DEMO_ONLY,0.17876142857255073,0.35905675917669466,0.008699999999999986,10.7,False
2025-02-10,Benelux,Commercial,Automation,152101.38,31887.61,0.2434,0.1488,96,17,4.77,normal,No material exception,SYNTHETIC_DEMO_ONLY,-0.09337081256306035,-0.011088179152523692,0.040700000000000014,9.2,False
2025-02-10,Benelux,Commercial,Cloud,178225.85,27810.23,0.1852,0.0976,113,16,6.41,normal,No material exception,SYNTHETIC_DEMO_ONLY,-0.053591804422897904,0.07530722947701673,0.0063,3.6,False
2025-02-10,Benelux,Commercial,Platform,187694.66,36584.88,0.2138,0.1134,126,27,5.13,normal,No material exception,SYNTHETIC_DEMO_ONLY,0.03018229092055913,0.0663490781012539,0.013600000000000001,3.0,False
2025-02-10,Benelux,Enterprise,AI,209610.48,49971.5,0.2841,0.1566,130,27,4.19,normal,No material exception,SYNTHETIC_DEMO_ONLY,0.05534520473554427,0.2210614436681666,0.05590000000000003,8.6,False
2025-02-10,Benelux,Enterprise,Automation,243085.2,50362.63,0.2363,0.1132,148,23,4.83,normal,No material exception,SYNTHETIC_DEMO_ONLY,-0.04184567131665873,0.005437383348103397,-0.029299999999999993,5.2,False
2025-02-10,Benelux,Enterprise,Cloud,323683.84,74251.62,0.2436,0.1365,202,42,4.36,normal,No material exception,SYNTHETIC_DEMO_ONLY,0.145167465133889,0.16302643419176133,0.00520000000000001,8.5,False
2025-02-10,Benelux,Enterprise,Platform,355985.91,72531.7,0.255,0.1296,227,42,4.91,normal,No material exception,SYNTHETIC_DEMO_ONLY,0.14508715970024033,0.04384942727786756,0.010899999999999993,9.1,False
2025-02-10,DACH,Commercial,AI,199681.76,37090.86,0.2251,0.1427,118,16,5.38,normal,No material exception,SYNTHETIC_DEMO_ONLY,0.049694567226646,-0.17538190782277419,-0.018100000000000005,4.5,False
2025-02-10,DACH,Commercial,Automation,221211.27,49205.6,0.245,0.1333,147,35,4.5,normal,No material exception,SYNTHETIC_DEMO_ONLY,-0.12728416897994943,-0.059835069510787764,-0.002700000000000008,7.3,False
2025-02-10,DACH,Commercial,Cloud,287450.12,61984.27,0.2536,0.1372,200,39,4.64,normal,No material exception,SYNTHETIC_DEMO_ONLY,-0.0026298362370573702,-0.06515346986964032,-0.007000000000000006,0.8,False
2025-02-10,DACH,Commercial,Platform,328778.62,75297.18,0.2696,0.139,212,33,4.37,normal,No material exception,SYNTHETIC_DEMO_ONLY,0.06267902966828842,0.09078242740194442,0.01529999999999998,5.0,False
2025-02-10,DACH,Enterprise,AI,347249.86,70731.26,0.2585,0.1537,207,38,4.91,normal,No material exception,SYNTHETIC_DEMO_ONLY,0.11753484811367754,-0.0759864482168412,-0.01319999999999999,7.8,False
2025-02-10,DACH,Enterprise,Automation,444155.96,93310.88,0.2631,0.1593,311,57,4.76,normal,No material exception,SYNTHETIC_DEMO_ONLY,0.14998616617440907,0.029834001948399802,-0.007500000000000007,9.0,False
2025-02-10,DACH,Enterprise,Cloud,453673.92,101089.36,0.247,0.1516,280,48,4.49,normal,No material exception,SYNTHETIC_DEMO_ONLY,-0.017764395915708775,0.15041710708039613,0.013499999999999984,2.3,False
2025-02-10,DACH,Enterprise,Platform,548578.95,137033.79,0.2859,0.1457,367,78,4.0,normal,No material exception,SYNTHETIC_DEMO_ONLY,0.032251941760917946,-0.07865015862471669,-0.016199999999999992,3.4,False
2025-02-10,France,Commercial,AI,139458.05,26838.27,0.2152,0.1166,104,17,5.2,normal,No material exception,SYNTHETIC_DEMO_ONLY,-0.015724768348721496,-0.08186030377193632,-0.012999999999999984,2.2,False
2025-02-10,France,Commercial,Automation,183441.9,46014.32,0.2718,0.1528,112,23,3.99,normal,No material exception,SYNTHETIC_DEMO_ONLY,-0.015837956157387034,0.30148147351998333,0.03739999999999999,4.6,False
2025-02-10,France,Commercial,Cloud,213739.57,44804.54,0.2331,0.1361,135,25,4.77,normal,No material exception,SYNTHETIC_DEMO_ONLY,0.19036831152314382,0.14058064946431226,-0.024300000000000016,12.9,False
2025-02-10,France,Commercial,Platform,245431.87,55387.01,0.2569,0.1576,185,24,4.43,normal,No material exception,SYNTHETIC_DEMO_ONLY,0.10681372299662062,-0.13798360695284329,-0.04369999999999996,10.2,False
2025-02-10,France,Enterprise,AI,239055.88,49491.03,0.2417,0.143,154,23,4.83,normal,No material exception,SYNTHETIC_DEMO_ONLY,0.06293302450563942,0.08882171438000164,0.003599999999999992,3.8,False
2025-02-10,France,Enterprise,Automation,294457.63,59229.87,0.2463,0.1385,203,32,4.97,normal,No material exception,SYNTHETIC_DEMO_ONLY,-0.0004110955329326149,0.10839211679405825,0.02789999999999998,2.8,False
2025-02-10,France,Enterprise,Cloud,403045.15,91730.32,0.268,0.1564,280,58,4.39,normal,No material exception,SYNTHETIC_DEMO_ONLY,0.21205348087574327,0.27317972229983223,0.026500000000000024,14.3,False
2025-02-10,France,Enterprise,Platform,389919.62,72427.16,0.2371,0.1086,262,55,5.38,normal,No material exception,SYNTHETIC_DEMO_ONLY,0.07532188743554147,-0.25667687976372,-0.03579999999999997,7.7,False
2025-02-10,Iberia,Commercial,AI,111548.8,19614.67,0.2143,0.1151,91,16,5.69,normal,No material exception,SYNTHETIC_DEMO_ONLY,-0.0556231663082003,-0.040020770942606365,-0.0005000000000000004,3.1,False
2025-02-10,Iberia,Commercial,Automation,138696.84,27164.82,0.2072,0.1109,81,16,5.11,normal,No material exception,SYNTHETIC_DEMO_ONLY,0.051734776323068,0.04036600904682075,-0.025499999999999995,5.4,False
2025-02-10,Iberia,Commercial,Cloud,172505.4,25988.41,0.1809,0.1074,137,27,6.64,normal,No material exception,SYNTHETIC_DEMO_ONLY,0.1585782748590876,-0.22400465565973793,-0.06789999999999999,15.5,False
2025-02-10,Iberia,Commercial,Platform,176740.69,30129.02,0.2186,0.1247,118,20,5.87,normal,No material exception,SYNTHETIC_DEMO_ONLY,0.028895887366553685,-0.18884069099128886,-0.02300000000000002,3.9,False
2025-02-10,Iberia,Enterprise,AI,179896.35,44095.56,0.2865,0.1606,101,20,4.08,normal,No material exception,SYNTHETIC_DEMO_ONLY,-0.058770830219165404,0.14595535781576063,0.051299999999999985,8.4,False
2025-02-10,Iberia,Enterprise,Automation,214762.52,54085.27,0.2643,0.1374,130,31,3.97,normal,No material exception,SYNTHETIC_DEMO_ONLY,-0.0564963828685372,0.24103919562429454,0.02059999999999998,5.2,False
2025-02-10,Iberia,Enterprise,Cloud,307069.27,63025.2,0.2431,0.135,210,35,4.87,normal,No material exception,SYNTHETIC_DEMO_ONLY,0.20713934577192616,0.13055120856033975,0.01570000000000002,13.0,False
2025-02-10,Iberia,Enterprise,Platform,283812.37,59176.35,0.2606,0.1404,189,45,4.8,normal,No material exception,SYNTHETIC_DEMO_ONLY,-0.05854821857421322,-0.05449454359531536,-0.018100000000000005,5.0,False
2025-02-10,Nordics,Commercial,AI,129706.97,29985.22,0.2482,0.1415,66,9,4.33,normal,No material exception,SYNTHETIC_DEMO_ONLY,0.05716674486998086,0.07145404376688824,-0.0007999999999999952,3.2,False
2025-02-10,Nordics,Commercial,Automation,170057.92,30452.98,0.2038,0.1085,107,23,5.58,normal,No material exception,SYNTHETIC_DEMO_ONLY,0.02694727884326853,0.07315259617607417,0.008400000000000019,2.3,False
2025-02-10,Nordics,Commercial,Cloud,193373.66,37489.2,0.2196,0.1237,137,26,5.16,normal,No material exception,SYNTHETIC_DEMO_ONLY,0.157807761805425,-0.0798195632228259,-0.035300000000000026,12.2,False
2025-02-10,Nordics,Commercial,Platform,201959.19,47925.55,0.272,0.1651,127,27,4.21,normal,No material exception,SYNTHETIC_DEMO_ONLY,0.014563281402984574,0.29891472414403397,0.05100000000000002,5.9,False
2025-02-10,Nordics,Enterprise,AI,246957.47,58122.07,0.2545,0.1208,160,26,4.25,normal,No material exception,SYNTHETIC_DEMO_ONLY,0.14968395005955637,0.11458063862889212,-0.018699999999999994,10.1,False
2025-02-10,Nordics,Enterprise,Automation,298968.2,65308.36,0.2585,0.1435,191,38,4.58,normal,No material exception,SYNTHETIC_DEMO_ONLY,0.1053352331839923,0.27793355830955524,0.030600000000000016,8.9,False
2025-02-10,Nordics,Enterprise,Cloud,305150.63,76479.71,0.2778,0.1506,177,29,3.99,normal,No material exception,SYNTHETIC_DEMO_ONLY,0.08629280021285113,0.14812161007852853,0.019199999999999995,6.7,False
2025-02-10,Nordics,Enterprise,Platform,371492.64,92607.16,0.2984,0.1479,244,46,4.01,normal,No material exception,SYNTHETIC_DEMO_ONLY,0.12193341436379868,0.17966726783433673,0.028200000000000003,9.5,False
2025-02-10,UKI,Commercial,AI,164176.82,40589.78,0.2607,0.1443,132,24,4.04,normal,No material exception,SYNTHETIC_DEMO_ONLY,-0.01765302962200266,0.1749892386150047,0.028999999999999998,3.9,False
2025-02-10,UKI,Commercial,Automation,231994.5,42103.19,0.1867,0.1123,129,20,5.51,normal,No material exception,SYNTHETIC_DEMO_ONLY,0.09010622914153266,-0.03138132732114407,-0.030799999999999994,8.0,False
2025-02-10,UKI,Commercial,Cloud,252049.66,58862.73,0.2558,0.1364,144,27,4.28,normal,No material exception,SYNTHETIC_DEMO_ONLY,0.006853121762201875,0.08221770430462194,0.014300000000000035,1.8,False
2025-02-10,UKI,Commercial,Platform,304594.97,66957.62,0.2484,0.1573,198,30,4.55,normal,No material exception,SYNTHETIC_DEMO_ONLY,0.11541535333433761,0.12474610003608166,0.0067000000000000115,7.0,False
2025-02-10,UKI,Enterprise,AI,296347.71,60149.48,0.2504,0.1208,181,35,4.93,normal,No material exception,SYNTHETIC_DEMO_ONLY,-0.00011083722900040449,-0.2863233696174494,-0.029799999999999993,3.0,False
2025-02-10,UKI,Enterprise,Automation,368468.0,83886.81,0.2595,0.1454,262,50,4.39,normal,No material exception,SYNTHETIC_DEMO_ONLY,0.012547974141483342,0.15671562452815735,0.03770000000000001,4.5,False
2025-02-10,UKI,Enterprise,Cloud,391271.16,96151.64,0.2704,0.1282,234,33,4.07,normal,No material exception,SYNTHETIC_DEMO_ONLY,0.019184004013479194,-0.18755107821075345,-0.06340000000000001,7.4,False
2025-02-10,UKI,Enterprise,Platform,500832.63,131605.0,0.2824,0.155,314,63,3.81,normal,No material exception,SYNTHETIC_DEMO_ONLY,0.08945867742329705,0.3604953420828332,0.04949999999999999,9.9,False
2025-02-17,Benelux,Commercial,AI,129193.04,22849.75,0.197,0.133,71,14,5.65,normal,No material exception,SYNTHETIC_DEMO_ONLY,0.01762476105797095,-0.0138528220733658,-0.023900000000000005,3.4,False
2025-02-17,Benelux,Commercial,Automation,171412.44,36887.92,0.2513,0.1342,118,25,4.65,normal,No material exception,SYNTHETIC_DEMO_ONLY,0.2337729248099487,0.5015739124169538,0.040000000000000036,16.9,False
2025-02-17,Benelux,Commercial,Cloud,203505.71,36956.32,0.2201,0.1405,102,21,5.51,normal,No material exception,SYNTHETIC_DEMO_ONLY,0.19512663934768004,0.4878446368045515,0.02309999999999998,13.0,False
2025-02-17,Benelux,Commercial,Platform,208927.87,46754.08,0.2368,0.1223,139,26,4.47,normal,No material exception,SYNTHETIC_DEMO_ONLY,-0.013636299687285636,-0.16109545093240363,-0.042800000000000005,5.0,False
2025-02-17,Benelux,Enterprise,AI,191524.14,39453.25,0.2447,0.1409,116,25,4.85,normal,No material exception,SYNTHETIC_DEMO_ONLY,-0.13490270959941375,-0.17906464775515052,-0.010200000000000015,8.4,False
2025-02-17,Benelux,Enterprise,Automation,268536.48,39896.86,0.1994,0.1215,194,33,6.73,normal,No material exception,SYNTHETIC_DEMO_ONLY,0.04103085347467306,-0.3001000286648261,-0.03040000000000001,5.3,False
2025-02-17,Benelux,Enterprise,Cloud,311626.02,73659.34,0.2651,0.1547,223,34,4.23,normal,No material exception,SYNTHETIC_DEMO_ONLY,0.09750480787415783,0.23767048366364496,0.014000000000000012,6.8,False
2025-02-17,Benelux,Enterprise,Platform,341297.55,73866.25,0.2303,0.1272,222,45,4.62,normal,No material exception,SYNTHETIC_DEMO_ONLY,0.047103296638025594,-0.1167201161631205,-0.04570000000000002,7.2,False
2025-02-17,DACH,Commercial,AI,222732.59,49071.84,0.254,0.1221,156,30,4.54,normal,No material exception,SYNTHETIC_DEMO_ONLY,0.2008910526326857,0.5098214711515532,0.04830000000000001,15.9,False
2025-02-17,DACH,Commercial,Automation,227361.24,40183.71,0.2271,0.1388,141,21,5.66,normal,No material exception,SYNTHETIC_DEMO_ONLY,-0.044917451929608276,-0.17982318636827888,-0.010300000000000004,3.5,False
2025-02-17,DACH,Commercial,Cloud,296697.38,72032.04,0.2426,0.1113,188,40,4.12,normal,No material exception,SYNTHETIC_DEMO_ONLY,0.11952750164157311,0.21060319204987477,-0.022400000000000003,8.8,False
2025-02-17,DACH,Commercial,Platform,287752.35,60040.33,0.2562,0.1421,189,45,4.79,normal,No material exception,SYNTHETIC_DEMO_ONLY,-0.12230178632622934,-0.2361981808030078,-0.010200000000000042,7.7,False
2025-02-17,DACH,Enterprise,AI,336923.69,82083.31,0.2606,0.1404,226,41,4.1,normal,No material exception,SYNTHETIC_DEMO_ONLY,0.0555256422221424,0.21820191565212044,-0.0030000000000000027,3.4,False
2025-02-17,DACH,Enterprise,Automation,437930.25,96264.91,0.2506,0.1351,262,41,4.55,normal,No material exception,SYNTHETIC_DEMO_ONLY,0.04949562624930537,-0.025336515627181533,-0.016600000000000004,4.4,False
2025-02-17,DACH,Enterprise,Cloud,537849.2,132533.8,0.2689,0.1496,357,44,4.06,normal,No material exception,SYNTHETIC_DEMO_ONLY,0.18429816252844655,0.3921176029920057,0.029899999999999982,13.1,False
2025-02-17,DACH,Enterprise,Platform,549864.97,154520.77,0.2942,0.1578,341,73,3.56,normal,No material exception,SYNTHETIC_DEMO_ONLY,0.12335754164047485,0.3108456668461448,0.03340000000000004,10.1,False
2025-02-17,France,Commercial,AI,145376.22,29043.73,0.2342,0.1193,94,18,5.01,normal,No material exception,SYNTHETIC_DEMO_ONLY,-0.04316864344336602,0.050642495346150174,0.02059999999999998,4.4,False
2025-02-17,France,Commercial,Automation,187373.41,32729.01,0.2065,0.1167,94,19,5.72,normal,No material exception,SYNTHETIC_DEMO_ONLY,0.11180745081971821,0.000849203271802379,-0.00030000000000002247,6.2,False
2025-02-17,France,Commercial,Cloud,217183.9,45954.65,0.2571,0.1215,120,26,4.73,normal,No material exception,SYNTHETIC_DEMO_ONLY,0.058257856624374105,0.04842455643238641,0.020199999999999996,5.2,False
2025-02-17,France,Commercial,Platform,238193.22,51986.12,0.265,0.1518,170,28,4.58,normal,No material exception,SYNTHETIC_DEMO_ONLY,0.054995672932996786,-0.04513563245245611,-0.0015999999999999903,3.2,False
2025-02-17,France,Enterprise,AI,242736.09,57787.15,0.2549,0.1472,151,20,4.2,normal,No material exception,SYNTHETIC_DEMO_ONLY,0.07415254574802388,0.10589119438312,-0.011899999999999966,5.3,False
2025-02-17,France,Enterprise,Automation,314998.78,74165.92,0.2353,0.1227,192,39,4.25,normal,No material exception,SYNTHETIC_DEMO_ONLY,0.05295547528772482,0.17048221406751773,0.022199999999999998,5.1,False
2025-02-17,France,Enterprise,Cloud,371903.31,61478.64,0.234,0.1243,245,46,6.05,normal,No material exception,SYNTHETIC_DEMO_ONLY,0.141643725787292,-0.21872925815634592,-0.01419999999999999,9.2,False
2025-02-17,France,Enterprise,Platform,382127.98,96466.34,0.2921,0.1865,250,48,3.96,normal,No material exception,SYNTHETIC_DEMO_ONLY,0.11406323864877899,0.1218596013927078,0.0010000000000000009,6.4,False
2025-02-17,Iberia,Commercial,AI,116689.1,22488.87,0.2192,0.1342,88,15,5.19,normal,No material exception,SYNTHETIC_DEMO_ONLY,0.04158871130140951,0.0036752695197648233,-0.0010999999999999899,2.4,False
2025-02-17,Iberia,Commercial,Automation,142216.32,30497.2,0.2362,0.1288,83,16,4.66,normal,No material exception,SYNTHETIC_DEMO_ONLY,0.09341010005860828,0.45972209126063124,0.051799999999999985,10.3,False
2025-02-17,Iberia,Commercial,Cloud,157705.7,29957.61,0.212,0.1255,80,17,5.26,normal,No material exception,SYNTHETIC_DEMO_ONLY,-0.0842999464825469,-0.11842607077402245,-0.024499999999999994,7.1,False
2025-02-17,Iberia,Commercial,Platform,185420.06,34740.39,0.2127,0.1017,139,26,5.34,normal,No material exception,SYNTHETIC_DEMO_ONLY,-0.010453687251592791,-0.2081702510578125,-0.06530000000000002,7.1,False
2025-02-17,Iberia,Enterprise,AI,191251.23,40175.76,0.237,0.1364,148,27,4.76,normal,No material exception,SYNTHETIC_DEMO_ONLY,0.04575048286021888,0.05346547530519108,-0.007400000000000018,3.3,False
2025-02-17,Iberia,Enterprise,Automation,234929.16,48142.47,0.2451,0.1313,151,18,4.88,normal,No material exception,SYNTHETIC_DEMO_ONLY,-0.015751179600851817,-0.15059103586054523,-0.03090000000000001,4.0,False
2025-02-17,Iberia,Enterprise,Cloud,273605.74,57051.66,0.2435,0.1383,179,40,4.8,normal,No material exception,SYNTHETIC_DEMO_ONLY,0.008131797792163775,0.056254026793450596,-0.0020000000000000018,0.6,False
2025-02-17,Iberia,Enterprise,Platform,333168.4,81271.67,0.2746,0.1404,216,38,4.1,normal,No material exception,SYNTHETIC_DEMO_ONLY,0.2102205334839884,0.3447029850899379,0.006400000000000017,12.2,False
2025-02-17,Nordics,Commercial,AI,147718.15,27914.89,0.2291,0.1153,92,21,5.29,normal,No material exception,SYNTHETIC_DEMO_ONLY,0.24358573394323546,0.024821596268261636,-0.003400000000000014,13.7,False
2025-02-17,Nordics,Commercial,Automation,156079.08,27629.72,0.1975,0.1056,92,14,5.65,normal,No material exception,SYNTHETIC_DEMO_ONLY,0.044930047586507316,-0.029099548349259208,-0.0237,4.8,False
2025-02-17,Nordics,Commercial,Cloud,188575.22,37474.71,0.231,0.1247,116,22,5.03,normal,No material exception,SYNTHETIC_DEMO_ONLY,0.0031981542133077134,-0.05722434636650564,-9.999999999998899e-05,0.2,False
2025-02-17,Nordics,Commercial,Platform,203522.42,36385.17,0.2373,0.1462,142,30,5.59,normal,No material exception,SYNTHETIC_DEMO_ONLY,-0.0009977632177855522,-0.28667858634216925,-0.04199999999999998,4.3,False
2025-02-17,Nordics,Enterprise,AI,236316.04,59519.14,0.2813,0.1474,163,33,3.97,normal,No material exception,SYNTHETIC_DEMO_ONLY,0.10061392204000019,0.3429778527297007,0.02839999999999998,8.4,False
2025-02-17,Nordics,Enterprise,Automation,284004.03,70231.26,0.2782,0.1547,201,27,4.04,normal,No material exception,SYNTHETIC_DEMO_ONLY,-0.04545043428868156,0.10422377275818917,0.033299999999999996,5.8,False
2025-02-17,Nordics,Enterprise,Cloud,322216.73,81544.05,0.2935,0.1694,193,38,3.95,normal,No material exception,SYNTHETIC_DEMO_ONLY,0.070946736893017,0.16428961015226107,0.0393,7.8,False
2025-02-17,Nordics,Enterprise,Platform,355122.49,84381.56,0.2688,0.1559,251,41,4.21,normal,No material exception,SYNTHETIC_DEMO_ONLY,0.0005182587385410553,-0.0557432421090891,-0.018600000000000005,1.9,False
2025-02-17,UKI,Commercial,AI,185548.43,45374.07,0.2859,0.1514,131,24,4.09,normal,No material exception,SYNTHETIC_DEMO_ONLY,0.1267188376413868,0.5381765445897282,0.0542,12.4,False
2025-02-17,UKI,Commercial,Automation,235789.36,47600.69,0.2246,0.1416,171,27,4.95,normal,No material exception,SYNTHETIC_DEMO_ONLY,0.09799666637267457,0.20540942429112952,0.005299999999999999,5.9,False
2025-02-17,UKI,Commercial,Cloud,248216.14,44551.18,0.219,0.1046,150,31,5.57,normal,No material exception,SYNTHETIC_DEMO_ONLY,-0.04006367498746877,-0.18699763532982927,-0.026100000000000012,4.8,False
2025-02-17,UKI,Commercial,Platform,282832.04,60803.17,0.2495,0.1589,200,48,4.65,normal,No material exception,SYNTHETIC_DEMO_ONLY,-0.017857242692381647,0.03594755039289832,0.01200000000000001,2.2,False
2025-02-17,UKI,Enterprise,AI,286386.59,62165.83,0.2593,0.1307,190,35,4.61,normal,No material exception,SYNTHETIC_DEMO_ONLY,0.019458907528148828,0.13179248484530715,0.023499999999999965,3.4,False
2025-02-17,UKI,Enterprise,Automation,377728.92,102283.88,0.2796,0.156,237,56,3.69,normal,No material exception,SYNTHETIC_DEMO_ONLY,0.05060043601169206,0.41692484945051933,0.04360000000000003,7.1,False
2025-02-17,UKI,Enterprise,Cloud,408876.58,100533.39,0.2598,0.1599,259,43,4.07,normal,No material exception,SYNTHETIC_DEMO_ONLY,-0.00977875872907974,0.0856662545744824,0.023599999999999982,2.9,False
2025-02-17,UKI,Enterprise,Platform,448409.25,88605.52,0.2435,0.1443,274,61,5.06,normal,No material exception,SYNTHETIC_DEMO_ONLY,-0.061902783417611795,-0.16648790231621025,-0.012300000000000033,4.6,False
2025-02-24,Benelux,Commercial,AI,128643.81,34533.58,0.2882,0.162,89,19,3.73,normal,No material exception,SYNTHETIC_DEMO_ONLY,0.0767501589255919,0.38464641248161624,0.0786,12.1,False
2025-02-24,Benelux,Commercial,Automation,172992.57,37129.15,0.2164,0.127,120,23,4.66,normal,No material exception,SYNTHETIC_DEMO_ONLY,0.13364914791139437,0.4363029728631942,-0.007499999999999979,8.1,False
2025-02-24,Benelux,Commercial,Cloud,183518.61,29871.87,0.193,0.1029,127,26,6.14,normal,No material exception,SYNTHETIC_DEMO_ONLY,0.13321041151126223,-0.006523872698011801,-0.012999999999999984,8.6,False
2025-02-24,Benelux,Commercial,Platform,193682.68,46605.34,0.2691,0.1513,120,18,4.16,normal,No material exception,SYNTHETIC_DEMO_ONLY,-0.048321345712387886,0.16904307229452087,0.02990000000000001,5.6,False
2025-02-24,Benelux,Enterprise,AI,214885.86,50181.37,0.2823,0.1463,160,30,4.28,normal,No material exception,SYNTHETIC_DEMO_ONLY,0.12212148283934088,0.36478536493957225,0.04319999999999999,11.0,False
2025-02-24,Benelux,Enterprise,Automation,269461.52,59708.76,0.2388,0.1312,165,32,4.51,normal,No material exception,SYNTHETIC_DEMO_ONLY,0.022285632794689647,-0.09520062990255063,-0.028799999999999992,4.1,False
2025-02-24,Benelux,Enterprise,Cloud,296600.99,74900.28,0.2552,0.136,180,39,3.96,normal,No material exception,SYNTHETIC_DEMO_ONLY,0.05051307617005474,0.19488501787295642,0.01689999999999997,4.5,False
2025-02-24,Benelux,Enterprise,Platform,362994.52,82888.45,0.2518,0.1478,212,46,4.38,normal,No material exception,SYNTHETIC_DEMO_ONLY,0.059964405682709776,-0.004896495414982938,-0.03999999999999998,7.3,False
2025-02-24,DACH,Commercial,AI,210546.46,55626.33,0.2852,0.1604,139,24,3.79,normal,No material exception,SYNTHETIC_DEMO_ONLY,0.048820566374620844,0.5567524499549288,0.06390000000000001,9.1,False
2025-02-24,DACH,Commercial,Automation,267257.11,64216.03,0.2634,0.1267,191,34,4.16,normal,No material exception,SYNTHETIC_DEMO_ONLY,-0.02460734327590597,0.25140221446797684,0.04230000000000003,5.6,False
2025-02-24,DACH,Commercial,Cloud,321078.03,69594.56,0.2577,0.1633,213,32,4.61,normal,No material exception,SYNTHETIC_DEMO_ONLY,0.003211778405943555,0.0019203534867033856,0.0031999999999999806,0.5,False
2025-02-24,DACH,Commercial,Platform,339153.88,75965.9,0.2393,0.1051,213,41,4.46,normal,No material exception,SYNTHETIC_DEMO_ONLY,0.035363351902499396,-0.015823846669076547,-0.0237,4.3,False
2025-02-24,DACH,Enterprise,AI,347797.31,92431.31,0.3032,0.1516,237,38,3.76,normal,No material exception,SYNTHETIC_DEMO_ONLY,-0.04330495198594286,0.05601507624953728,0.02980000000000005,5.4,False
2025-02-24,DACH,Enterprise,Automation,471280.43,97491.98,0.2339,0.1289,279,53,4.83,normal,No material exception,SYNTHETIC_DEMO_ONLY,0.15139000874951036,-0.0809886246254603,-0.055400000000000005,13.9,False
2025-02-24,DACH,Enterprise,Cloud,474710.42,88718.97,0.2163,0.1204,309,44,5.35,normal,No material exception,SYNTHETIC_DEMO_ONLY,0.050744534770879035,-0.25297522993044386,-0.08090000000000003,10.9,False
2025-02-24,DACH,Enterprise,Platform,502234.28,124795.52,0.2709,0.1319,305,68,4.02,normal,No material exception,SYNTHETIC_DEMO_ONLY,-0.1062477206156639,-0.13941958387236475,-0.015500000000000014,7.4,False
2025-02-24,France,Commercial,AI,154296.72,34034.87,0.2599,0.1438,121,22,4.53,normal,No material exception,SYNTHETIC_DEMO_ONLY,0.12051223675481704,0.016776958583993418,-0.0030999999999999917,6.9,False
2025-02-24,France,Commercial,Automation,189650.97,39054.16,0.2262,0.1325,128,28,4.86,normal,No material exception,SYNTHETIC_DEMO_ONLY,0.11921539300724415,0.04289764883007652,-0.02789999999999998,9.3,False
2025-02-24,France,Commercial,Cloud,226004.57,53635.9,0.2759,0.1514,139,23,4.21,normal,No material exception,SYNTHETIC_DEMO_ONLY,0.08618256648792766,0.26584342793191773,0.04319999999999999,9.1,False
2025-02-24,France,Commercial,Platform,287197.52,53338.19,0.2269,0.111,174,32,5.38,normal,No material exception,SYNTHETIC_DEMO_ONLY,0.2644879451034903,0.23582861482868567,0.00849999999999998,15.4,False
2025-02-24,France,Enterprise,AI,266525.11,60756.86,0.3034,0.1976,151,32,4.39,normal,No material exception,SYNTHETIC_DEMO_ONLY,0.07661278872064914,0.28022701393319727,0.0637,10.6,False
2025-02-24,France,Enterprise,Automation,341383.97,72859.86,0.2414,0.1289,226,36,4.69,normal,No material exception,SYNTHETIC_DEMO_ONLY,0.24199367608535494,0.34424388165834174,0.021400000000000002,15.4,False
2025-02-24,France,Enterprise,Cloud,339853.84,74664.19,0.2709,0.1612,226,38,4.55,normal,No material exception,SYNTHETIC_DEMO_ONLY,-0.053794692835186564,-0.04077813117425877,9.999999999998899e-05,3.0,False
2025-02-24,France,Enterprise,Platform,390258.96,79164.45,0.2399,0.129,266,64,4.93,normal,No material exception,SYNTHETIC_DEMO_ONLY,-0.012621007127232575,-0.1662286172464067,-0.0469,5.4,False
2025-02-24,Iberia,Commercial,AI,117412.57,26914.82,0.2551,0.1389,70,14,4.36,normal,No material exception,SYNTHETIC_DEMO_ONLY,-0.008459451979993204,0.3408896612057575,0.0411,4.6,False
2025-02-24,Iberia,Commercial,Automation,146174.82,29611.54,0.2278,0.1119,102,22,4.94,normal,No material exception,SYNTHETIC_DEMO_ONLY,-0.025027493358106168,0.15351914115013243,0.026999999999999996,4.1,False
2025-02-24,Iberia,Commercial,Cloud,155907.46,31035.08,0.1969,0.114,112,25,5.02,normal,No material exception,SYNTHETIC_DEMO_ONLY,-0.0025699069715429124,0.11295924467432372,-0.007800000000000001,0.9,False
2025-02-24,Iberia,Commercial,Platform,196034.92,32049.82,0.1972,0.095,130,22,6.12,normal,No material exception,SYNTHETIC_DEMO_ONLY,0.08149881834199801,-0.2434535348032213,-0.053300000000000014,9.8,False
2025-02-24,Iberia,Enterprise,AI,178934.85,40062.22,0.2548,0.1348,111,20,4.47,normal,No material exception,SYNTHETIC_DEMO_ONLY,-0.01614705632338076,-0.012849250524040623,0.017900000000000027,2.7,False
2025-02-24,Iberia,Enterprise,Automation,242857.71,51777.24,0.2478,0.131,156,29,4.69,normal,No material exception,SYNTHETIC_DEMO_ONLY,0.05154074730673819,0.09036646310530094,0.009899999999999992,3.8,False
2025-02-24,Iberia,Enterprise,Cloud,283829.43,64574.36,0.2508,0.1499,170,37,4.4,normal,No material exception,SYNTHETIC_DEMO_ONLY,0.051571725538450464,0.08156640841692275,0.008000000000000035,3.6,False
2025-02-24,Iberia,Enterprise,Platform,339478.93,87780.85,0.2882,0.1763,209,32,3.87,normal,No material exception,SYNTHETIC_DEMO_ONLY,0.029137618881867056,0.20072187608445913,0.04770000000000002,6.4,False
2025-02-24,Nordics,Commercial,AI,139471.4,24762.77,0.2116,0.1301,96,20,5.63,normal,No material exception,SYNTHETIC_DEMO_ONLY,0.017090107211612082,-0.16136044902160074,-0.049199999999999966,5.9,False
2025-02-24,Nordics,Commercial,Automation,171743.07,33529.02,0.2427,0.1265,108,15,5.12,normal,No material exception,SYNTHETIC_DEMO_ONLY,-0.0798663745979511,-0.15462537816681232,0.016999999999999987,6.1,False
2025-02-24,Nordics,Commercial,Cloud,200338.35,39701.01,0.24,0.1377,130,23,5.05,normal,No material exception,SYNTHETIC_DEMO_ONLY,0.027591052118489223,0.09295436770068921,0.0325,4.8,False
2025-02-24,Nordics,Commercial,Platform,205589.01,41504.14,0.2184,0.1017,114,27,4.95,normal,No material exception,SYNTHETIC_DEMO_ONLY,0.08940509102609173,-0.04933352329496088,-0.02789999999999998,7.7,False
2025-02-24,Nordics,Enterprise,AI,256995.72,49014.37,0.229,0.1298,158,35,5.24,normal,No material exception,SYNTHETIC_DEMO_ONLY,0.0824456113617742,-0.09317251793604397,-0.032,7.7,False
2025-02-24,Nordics,Enterprise,Automation,334710.74,72805.74,0.2603,0.1456,232,46,4.6,normal,No material exception,SYNTHETIC_DEMO_ONLY,0.12569333270240035,0.03826503618667343,0.009099999999999997,7.8,False
2025-02-24,Nordics,Enterprise,Cloud,327635.68,82986.37,0.274,0.154,213,39,3.95,normal,No material exception,SYNTHETIC_DEMO_ONLY,0.01772190180450761,0.11294894078139173,0.02190000000000003,3.2,False
2025-02-24,Nordics,Enterprise,Platform,379627.35,99499.22,0.3092,0.1575,237,36,3.82,normal,No material exception,SYNTHETIC_DEMO_ONLY,0.07441001422896365,0.25973191681804675,0.09359999999999996,13.5,False
2025-02-24,UKI,Commercial,AI,177441.63,41617.11,0.2669,0.1389,117,24,4.26,normal,No material exception,SYNTHETIC_DEMO_ONLY,0.07558921064939916,0.168216958736509,0.008600000000000052,5.0,False
2025-02-24,UKI,Commercial,Automation,220868.79,39198.77,0.2107,0.113,157,31,5.63,normal,No material exception,SYNTHETIC_DEMO_ONLY,0.04801845987844788,-0.08940637421601128,-0.017499999999999988,4.4,False
2025-02-24,UKI,Commercial,Cloud,283707.97,55523.96,0.2329,0.1396,182,36,5.11,normal,No material exception,SYNTHETIC_DEMO_ONLY,0.1665593547187767,0.28693019967782685,0.016100000000000003,10.8,False
2025-02-24,UKI,Commercial,Platform,275770.33,61779.63,0.2418,0.1315,181,36,4.46,normal,No material exception,SYNTHETIC_DEMO_ONLY,-0.09514138722924703,0.2969293156694057,0.03459999999999999,8.7,False
2025-02-24,UKI,Enterprise,AI,297130.2,84607.66,0.2898,0.1682,206,36,3.51,normal,No material exception,SYNTHETIC_DEMO_ONLY,-0.010863450412094466,0.4736744749247206,0.0557,6.2,False
2025-02-24,UKI,Enterprise,Automation,377276.85,91767.47,0.2789,0.1549,256,47,4.11,normal,No material exception,SYNTHETIC_DEMO_ONLY,0.03137330492294588,0.04082501124841098,-0.0010000000000000009,1.8,False
2025-02-24,UKI,Enterprise,Cloud,408284.36,102279.69,0.299,0.1543,259,51,3.99,normal,No material exception,SYNTHETIC_DEMO_ONLY,0.018612456478408923,-0.04726175416894096,0.02949999999999997,4.0,False
2025-02-24,UKI,Enterprise,Platform,445483.43,92344.2,0.2478,0.1331,281,59,4.82,normal,No material exception,SYNTHETIC_DEMO_ONLY,0.003996301820672565,0.017494848574365562,-0.0063,0.8,False
2025-03-03,Benelux,Commercial,AI,126923.07,27147.54,0.2313,0.143,75,15,4.68,normal,No material exception,SYNTHETIC_DEMO_ONLY,0.005168668956672562,-0.06132311148930514,0.004299999999999998,0.7,False
2025-03-03,Benelux,Commercial,Automation,144546.84,24504.37,0.1991,0.1124,109,22,5.9,normal,No material exception,SYNTHETIC_DEMO_ONLY,-0.06629079770223056,-0.2196162406796599,-0.02479999999999999,6.1,False
2025-03-03,Benelux,Commercial,Cloud,192471.31,38786.79,0.2248,0.1321,129,15,4.96,normal,No material exception,SYNTHETIC_DEMO_ONLY,0.0748656385212425,0.07267882986193408,-0.00789999999999999,4.9,False
2025-03-03,Benelux,Commercial,Platform,222645.18,45045.91,0.2369,0.1196,154,30,4.94,normal,No material exception,SYNTHETIC_DEMO_ONLY,0.03201628085541697,-0.11159428378826919,-0.0368,5.4,False
2025-03-03,Benelux,Enterprise,AI,186098.73,41146.64,0.2524,0.1316,121,26,4.52,normal,No material exception,SYNTHETIC_DEMO_ONLY,-0.1057943336957109,-0.057222017026838046,0.0048000000000000265,6.3,False
2025-03-03,Benelux,Enterprise,Automation,283958.4,51948.63,0.2446,0.1416,168,35,5.47,normal,No material exception,SYNTHETIC_DEMO_ONLY,0.23581972006149376,-0.09738350727620171,-0.025400000000000006,15.5,False
2025-03-03,Benelux,Enterprise,Cloud,322028.3,64718.47,0.2364,0.1379,218,40,4.98,normal,No material exception,SYNTHETIC_DEMO_ONLY,0.04717778195889455,0.020972714048471897,-0.00040000000000001146,2.6,False
2025-03-03,Benelux,Enterprise,Platform,355981.14,78909.34,0.2658,0.1645,249,49,4.51,normal,No material exception,SYNTHETIC_DEMO_ONLY,0.009545073754577915,0.06237103110359188,0.014100000000000001,1.9,False
2025-03-03,DACH,Commercial,AI,201510.17,41893.37,0.2515,0.1598,129,28,4.81,normal,No material exception,SYNTHETIC_DEMO_ONLY,0.022791361803091714,-0.05926427764314457,-0.009699999999999986,2.2,False
2025-03-03,DACH,Commercial,Automation,278621.59,62438.43,0.2402,0.1375,183,36,4.46,normal,No material exception,SYNTHETIC_DEMO_ONLY,0.058116595109449776,0.3208011312975758,0.0368,6.9,False
2025-03-03,DACH,Commercial,Cloud,305494.71,61140.71,0.2138,0.1034,201,40,5.0,normal,No material exception,SYNTHETIC_DEMO_ONLY,0.10502662346414016,0.04898716609817155,-0.03739999999999999,9.5,False
2025-03-03,DACH,Commercial,Platform,325572.42,71925.96,0.2451,0.141,229,45,4.53,normal,No material exception,SYNTHETIC_DEMO_ONLY,0.056949332581892165,-0.032864811835720986,-0.016599999999999976,4.8,False
2025-03-03,DACH,Enterprise,AI,328799.34,74426.12,0.2607,0.1313,214,32,4.42,normal,No material exception,SYNTHETIC_DEMO_ONLY,0.02887177068404867,-0.1556997773712795,-0.01369999999999999,3.0,False
2025-03-03,DACH,Enterprise,Automation,437663.88,107441.3,0.2817,0.1472,282,49,4.07,normal,No material exception,SYNTHETIC_DEMO_ONLY,0.1377227041385174,0.22996241012934582,0.022699999999999998,9.8,False
2025-03-03,DACH,Enterprise,Cloud,519869.72,131780.89,0.2679,0.1489,332,72,3.94,normal,No material exception,SYNTHETIC_DEMO_ONLY,0.13976438761753074,0.30399386737151923,0.02710000000000004,10.4,False
2025-03-03,DACH,Enterprise,Platform,544990.96,162860.88,0.3244,0.1741,352,76,3.35,normal,No material exception,SYNTHETIC_DEMO_ONLY,-0.009486982080322837,0.13401165701422735,0.027300000000000046,3.3,False
2025-03-03,France,Commercial,AI,163341.56,29016.67,0.1922,0.118,100,20,5.63,normal,No material exception,SYNTHETIC_DEMO_ONLY,0.22115555918394936,-0.10846922391051472,-0.0627,18.4,False
2025-03-03,France,Commercial,Automation,212752.12,44740.71,0.2226,0.1321,138,27,4.76,normal,No material exception,SYNTHETIC_DEMO_ONLY,0.13222608490924492,0.1845577319759586,-0.00470000000000001,7.7,False
2025-03-03,France,Commercial,Cloud,238526.51,56605.49,0.2706,0.1644,145,24,4.21,normal,No material exception,SYNTHETIC_DEMO_ONLY,0.1224182719738367,0.42843058210471185,0.0469,11.4,False
2025-03-03,France,Commercial,Platform,229832.09,50865.11,0.2477,0.1404,160,30,4.52,normal,No material exception,SYNTHETIC_DEMO_ONLY,-0.005265858167773807,-0.0027553810215142915,0.004299999999999998,0.7,False
2025-03-03,France,Enterprise,AI,236375.28,44179.18,0.2261,0.1248,169,35,5.35,normal,No material exception,SYNTHETIC_DEMO_ONLY,0.010605023232237443,-0.2189066293215306,-0.02360000000000001,2.9,False
2025-03-03,France,Enterprise,Automation,340394.54,83630.5,0.2723,0.156,202,38,4.07,normal,No material exception,SYNTHETIC_DEMO_ONLY,0.07290337795367563,-0.016927021344299353,-0.006099999999999994,4.6,False
2025-03-03,France,Enterprise,Cloud,342921.65,92470.71,0.2739,0.1558,209,42,3.71,normal,No material exception,SYNTHETIC_DEMO_ONLY,-0.0003299373419310969,0.1928955469100928,0.013799999999999979,1.4,False
2025-03-03,France,Enterprise,Platform,426362.48,107859.66,0.2671,0.142,254,53,3.95,normal,No material exception,SYNTHETIC_DEMO_ONLY,0.12669589392609382,0.7221421945327482,0.04450000000000001,11.4,False
2025-03-03,Iberia,Commercial,AI,115266.04,20533.72,0.2019,0.124,57,9,5.61,normal,No material exception,SYNTHETIC_DEMO_ONLY,-0.04377245266564955,-0.1242660179533458,-0.029299999999999993,5.3,False
2025-03-03,Iberia,Commercial,Automation,142046.7,28616.92,0.2239,0.1237,109,20,4.96,normal,No material exception,SYNTHETIC_DEMO_ONLY,-0.05333559836078294,0.042470491121289866,-0.0024000000000000132,3.2,False
2025-03-03,Iberia,Commercial,Cloud,175298.9,30451.11,0.1925,0.1059,79,17,5.76,normal,No material exception,SYNTHETIC_DEMO_ONLY,0.08133050503694683,0.02097259433929044,0.0009000000000000119,4.6,False
2025-03-03,Iberia,Commercial,Platform,184056.66,36303.01,0.2183,0.109,130,24,5.07,normal,No material exception,SYNTHETIC_DEMO_ONLY,0.060197329539916966,-0.09026823084120905,-0.03789999999999999,7.1,False
2025-03-03,Iberia,Enterprise,AI,201213.0,39728.35,0.2303,0.1328,137,30,5.06,normal,No material exception,SYNTHETIC_DEMO_ONLY,0.04963596625920075,-0.007240721763221769,-0.012999999999999984,4.0,False
2025-03-03,Iberia,Enterprise,Automation,285766.95,64017.34,0.2577,0.1552,175,35,4.46,normal,No material exception,SYNTHETIC_DEMO_ONLY,0.2674474359850605,0.3420114195200967,0.007299999999999973,15.4,False
2025-03-03,Iberia,Enterprise,Cloud,287464.76,61556.12,0.2311,0.1466,181,40,4.67,normal,No material exception,SYNTHETIC_DEMO_ONLY,0.15253933938610276,0.4317094795561516,0.03409999999999999,11.8,False
2025-03-03,Iberia,Enterprise,Platform,284272.65,65647.64,0.2851,0.1408,168,27,4.33,normal,No material exception,SYNTHETIC_DEMO_ONLY,-0.026149460598303254,0.076369567601964,0.03930000000000003,5.4,False
2025-03-03,Nordics,Commercial,AI,146551.91,33873.94,0.2531,0.1366,76,14,4.33,normal,No material exception,SYNTHETIC_DEMO_ONLY,0.22321204703349706,0.35431078117091297,0.01579999999999998,13.9,False
2025-03-03,Nordics,Commercial,Automation,185417.99,39663.24,0.2167,0.122,119,17,4.67,normal,No material exception,SYNTHETIC_DEMO_ONLY,0.0983227502176589,-0.012132148287623878,-0.045599999999999974,10.0,False
2025-03-03,Nordics,Commercial,Cloud,192692.19,43070.37,0.2428,0.1275,97,15,4.47,normal,No material exception,SYNTHETIC_DEMO_ONLY,-0.055187568804451526,-0.03549793922591926,0.010299999999999976,4.1,False
2025-03-03,Nordics,Commercial,Platform,215542.8,38581.37,0.1932,0.1016,135,19,5.59,normal,No material exception,SYNTHETIC_DEMO_ONLY,-0.07099138680469763,-0.04754713832392998,-0.02309999999999998,6.2,False
2025-03-03,Nordics,Enterprise,AI,225675.25,50507.35,0.2488,0.1296,143,30,4.47,normal,No material exception,SYNTHETIC_DEMO_ONLY,-0.014398909561946893,0.04744787579449272,0.025900000000000006,3.4,False
2025-03-03,Nordics,Enterprise,Automation,278378.92,68629.06,0.2682,0.1569,182,35,4.06,normal,No material exception,SYNTHETIC_DEMO_ONLY,0.1940200970000332,0.3897088051398263,0.0025000000000000022,10.9,False
2025-03-03,Nordics,Enterprise,Cloud,335426.39,69511.44,0.2277,0.1169,218,33,4.83,normal,No material exception,SYNTHETIC_DEMO_ONLY,0.003136483835251891,-0.053133231787801605,-0.0179,2.0,False
2025-03-03,Nordics,Enterprise,Platform,377715.88,84468.23,0.2597,0.1405,245,41,4.47,normal,No material exception,SYNTHETIC_DEMO_ONLY,0.06135584320951737,0.11387577816013983,-0.011400000000000021,4.5,False
2025-03-03,UKI,Commercial,AI,180808.53,37587.22,0.2381,0.1506,130,23,4.81,normal,No material exception,SYNTHETIC_DEMO_ONLY,0.013506750656702371,-0.08587656305024127,-0.03190000000000001,3.9,False
2025-03-03,UKI,Commercial,Automation,209382.15,49383.11,0.2798,0.1434,133,24,4.24,normal,No material exception,SYNTHETIC_DEMO_ONLY,-0.0029468432505961317,0.07102709324028833,0.03459999999999999,3.6,False
2025-03-03,UKI,Commercial,Cloud,264458.65,43251.16,0.204,0.1089,167,34,6.11,normal,No material exception,SYNTHETIC_DEMO_ONLY,0.039041661280747375,-0.30022253135647037,-0.043200000000000016,6.5,False
2025-03-03,UKI,Commercial,Platform,298789.6,61020.28,0.2805,0.1551,210,44,4.9,normal,No material exception,SYNTHETIC_DEMO_ONLY,0.01190180864778756,-0.15507851973537545,0.011900000000000022,1.8,False
2025-03-03,UKI,Enterprise,AI,280497.75,70619.04,0.2887,0.1442,186,31,3.97,normal,No material exception,SYNTHETIC_DEMO_ONLY,-0.055466133727537725,-0.15345883059212662,-0.0031999999999999806,3.4,False
2025-03-03,UKI,Enterprise,Automation,375997.68,91964.4,0.2821,0.1564,260,48,4.09,normal,No material exception,SYNTHETIC_DEMO_ONLY,0.11968363262869963,0.2413287629352321,0.047900000000000026,11.4,False
2025-03-03,UKI,Enterprise,Cloud,398250.89,96571.45,0.3011,0.1811,225,39,4.12,normal,No material exception,SYNTHETIC_DEMO_ONLY,-0.04948354910903574,0.05979121208466487,0.05899999999999997,8.6,False
2025-03-03,UKI,Enterprise,Platform,521358.75,137635.01,0.3056,0.1764,350,60,3.79,normal,No material exception,SYNTHETIC_DEMO_ONLY,0.13206820167052102,0.19891593651717288,0.022499999999999964,9.5,False
2025-03-10,Benelux,Commercial,AI,135303.58,29139.78,0.2283,0.1329,82,15,4.64,normal,No material exception,SYNTHETIC_DEMO_ONLY,0.0019750902105475365,-0.013973328352406056,0.001700000000000007,0.3,False
2025-03-10,Benelux,Commercial,Automation,158859.05,34751.97,0.2621,0.155,100,20,4.57,normal,No material exception,SYNTHETIC_DEMO_ONLY,0.04442872247444418,0.08982673834759014,0.018699999999999994,4.3,False
2025-03-10,Benelux,Commercial,Cloud,171347.29,28959.63,0.2115,0.1237,115,21,5.92,normal,No material exception,SYNTHETIC_DEMO_ONLY,-0.038594625863756615,0.041330114853419087,0.02629999999999999,4.8,False
2025-03-10,Benelux,Commercial,Platform,210942.23,41347.19,0.2168,0.125,141,26,5.1,normal,No material exception,SYNTHETIC_DEMO_ONLY,0.12385845180678023,0.1301715353446562,0.0030000000000000027,7.1,False
2025-03-10,Benelux,Enterprise,AI,184827.78,43595.84,0.2591,0.165,115,24,4.24,normal,No material exception,SYNTHETIC_DEMO_ONLY,-0.1182321609110385,-0.1275859239766668,-0.025000000000000022,9.0,False
2025-03-10,Benelux,Enterprise,Automation,272647.19,51773.49,0.2097,0.1187,187,37,5.27,normal,No material exception,SYNTHETIC_DEMO_ONLY,0.12161164069223451,0.028014025478812377,-0.026600000000000013,9.3,False
2025-03-10,Benelux,Enterprise,Cloud,309774.22,64939.11,0.2452,0.15,213,38,4.77,normal,No material exception,SYNTHETIC_DEMO_ONLY,-0.042972858947793124,-0.12541827370231107,0.0015999999999999903,2.5,False
2025-03-10,Benelux,Enterprise,Platform,354918.61,87878.48,0.2752,0.1455,227,45,4.04,normal,No material exception,SYNTHETIC_DEMO_ONLY,-0.002998152370693563,0.21158720945462473,0.020199999999999996,2.2,False
2025-03-10,DACH,Commercial,AI,217214.44,39081.83,0.2113,0.1239,151,26,5.56,normal,No material exception,SYNTHETIC_DEMO_ONLY,0.0878031123123113,0.05367818378975309,-0.013800000000000007,6.2,False
2025-03-10,DACH,Commercial,Automation,272234.96,57385.13,0.2627,0.1479,172,30,4.74,normal,No material exception,SYNTHETIC_DEMO_ONLY,0.23065592453766048,0.16623168907604002,0.017699999999999994,14.5,False
2025-03-10,DACH,Commercial,Cloud,274337.31,48173.09,0.1909,0.1025,162,28,5.69,normal,No material exception,SYNTHETIC_DEMO_ONLY,-0.04561768838364022,-0.22281749869765344,-0.0627,8.8,False
2025-03-10,DACH,Commercial,Platform,325863.33,82834.64,0.3097,0.184,199,36,3.93,normal,No material exception,SYNTHETIC_DEMO_ONLY,-0.008867030344004712,0.10010281925564812,0.04009999999999997,4.5,False
2025-03-10,DACH,Enterprise,AI,364676.72,85944.79,0.2547,0.1408,222,47,4.24,normal,No material exception,SYNTHETIC_DEMO_ONLY,0.05018536220576153,0.21508919818479133,-0.0038000000000000256,3.1,False
2025-03-10,DACH,Enterprise,Automation,420324.49,77229.45,0.2262,0.1446,268,63,5.44,normal,No material exception,SYNTHETIC_DEMO_ONLY,-0.053655634836015764,-0.1723424963948471,-0.03689999999999999,6.6,False
2025-03-10,DACH,Enterprise,Cloud,471800.81,126650.01,0.2974,0.1812,317,53,3.73,normal,No material exception,SYNTHETIC_DEMO_ONLY,0.039955768231067834,0.252852031113858,0.0504,7.2,False
2025-03-10,DACH,Enterprise,Platform,550302.39,138631.94,0.274,0.1696,382,70,3.97,normal,No material exception,SYNTHETIC_DEMO_ONLY,0.0031416444251097797,0.01166245201274796,-0.011899999999999966,1.4,False
2025-03-10,France,Commercial,AI,150030.31,30933.74,0.2285,0.1341,110,19,4.85,normal,No material exception,SYNTHETIC_DEMO_ONLY,0.0758096072618255,0.15259813691419022,0.013300000000000006,5.5,False
2025-03-10,France,Commercial,Automation,189980.31,31448.72,0.2122,0.132,144,23,6.04,normal,No material exception,SYNTHETIC_DEMO_ONLY,0.035642947440034156,-0.31654493644587156,-0.059599999999999986,7.9,False
2025-03-10,France,Commercial,Cloud,218878.51,47614.69,0.2287,0.137,147,31,4.6,normal,No material exception,SYNTHETIC_DEMO_ONLY,0.024042997747211636,0.0627202064790755,-0.004400000000000015,1.8,False
2025-03-10,France,Commercial,Platform,236955.14,51000.89,0.2403,0.1521,165,26,4.65,normal,No material exception,SYNTHETIC_DEMO_ONLY,-0.034538016599066745,-0.0791904094479916,-0.016600000000000004,3.6,False
2025-03-10,France,Enterprise,AI,232547.93,53438.32,0.2671,0.1445,160,29,4.35,normal,No material exception,SYNTHETIC_DEMO_ONLY,-0.0272235512466793,0.07975768538258343,0.025400000000000006,4.0,False
2025-03-10,France,Enterprise,Automation,337447.23,77592.57,0.2461,0.1452,222,42,4.35,normal,No material exception,SYNTHETIC_DEMO_ONLY,0.14599587723367868,0.31002431712242484,-0.00019999999999997797,8.0,False
2025-03-10,France,Enterprise,Cloud,371757.28,83910.74,0.2398,0.1506,227,43,4.43,normal,No material exception,SYNTHETIC_DEMO_ONLY,-0.07762869743005218,-0.0852453147443506,-0.028200000000000003,7.1,False
2025-03-10,France,Enterprise,Platform,386601.83,91101.27,0.2733,0.1398,244,33,4.24,normal,No material exception,SYNTHETIC_DEMO_ONLY,-0.00850890755381839,0.25783297315537435,0.03619999999999998,4.1,False
2025-03-10,Iberia,Commercial,AI,121963.54,24498.49,0.2284,0.1428,88,18,4.98,normal,No material exception,SYNTHETIC_DEMO_ONLY,0.09336487707622121,0.24898812980284668,0.014100000000000001,6.5,False
2025-03-10,Iberia,Commercial,Automation,125766.05,26100.6,0.2331,0.1273,60,11,4.82,normal,No material exception,SYNTHETIC_DEMO_ONLY,-0.0932306028024863,-0.03917640536546907,0.025900000000000006,7.7,False
2025-03-10,Iberia,Commercial,Cloud,178060.92,36415.34,0.2553,0.1433,118,23,4.89,normal,No material exception,SYNTHETIC_DEMO_ONLY,0.032204904889933994,0.40121461836257,0.07440000000000002,9.2,False
2025-03-10,Iberia,Commercial,Platform,185414.2,41572.43,0.2458,0.14,118,22,4.46,normal,No material exception,SYNTHETIC_DEMO_ONLY,0.04907477729095655,0.3798135485322789,0.027200000000000002,5.4,False
2025-03-10,Iberia,Enterprise,AI,214229.05,38979.05,0.1951,0.1072,152,24,5.5,normal,No material exception,SYNTHETIC_DEMO_ONLY,0.19084711835454127,-0.11603231708589246,-0.09139999999999998,19.6,False
2025-03-10,Iberia,Enterprise,Automation,260419.54,57832.14,0.2457,0.1407,177,32,4.5,normal,No material exception,SYNTHETIC_DEMO_ONLY,0.21259305394628458,0.06927708782816477,-0.018599999999999978,13.6,False
2025-03-10,Iberia,Enterprise,Cloud,310972.69,72806.34,0.2556,0.1468,195,42,4.27,normal,No material exception,SYNTHETIC_DEMO_ONLY,0.01271185488538129,0.1551941128310581,0.012499999999999983,1.9,False
2025-03-10,Iberia,Enterprise,Platform,317791.09,72087.07,0.2637,0.1486,227,44,4.41,normal,No material exception,SYNTHETIC_DEMO_ONLY,0.11972247721267415,0.21817364538367112,0.0030999999999999917,6.9,False
2025-03-10,Nordics,Commercial,AI,137238.65,21950.53,0.2004,0.0868,74,16,6.25,normal,No material exception,SYNTHETIC_DEMO_ONLY,0.05806688723050102,-0.2679550125028265,-0.04780000000000001,8.0,False
2025-03-10,Nordics,Commercial,Automation,160435.59,29438.31,0.2096,0.1126,92,16,5.45,normal,No material exception,SYNTHETIC_DEMO_ONLY,-0.056582663130303024,-0.03331923509620405,0.0058,3.7,False
2025-03-10,Nordics,Commercial,Cloud,180053.87,33804.19,0.214,0.12,138,19,5.33,normal,No material exception,SYNTHETIC_DEMO_ONLY,-0.06888109787030983,-0.0982952423631338,-0.005599999999999994,4.3,False
2025-03-10,Nordics,Commercial,Platform,243483.39,59828.91,0.2677,0.1484,152,19,4.07,normal,No material exception,SYNTHETIC_DEMO_ONLY,0.20560688523260562,0.24837190183524238,-0.004300000000000026,11.7,False
2025-03-10,Nordics,Enterprise,AI,240945.12,59920.85,0.2697,0.1637,161,29,4.02,normal,No material exception,SYNTHETIC_DEMO_ONLY,-0.024345689968398254,0.03094831274935661,0.015199999999999991,2.9,False
2025-03-10,Nordics,Enterprise,Automation,302745.19,70071.4,0.2634,0.174,207,43,4.32,normal,No material exception,SYNTHETIC_DEMO_ONLY,0.01263341719955502,0.07293155118272754,0.0049000000000000155,1.2,False
2025-03-10,Nordics,Enterprise,Cloud,330173.09,81295.68,0.2663,0.1636,196,41,4.06,normal,No material exception,SYNTHETIC_DEMO_ONLY,0.08200035503777281,0.0629705578119999,-0.01150000000000001,5.7,False
2025-03-10,Nordics,Enterprise,Platform,363335.53,94671.85,0.295,0.1773,226,51,3.84,normal,No material exception,SYNTHETIC_DEMO_ONLY,-0.021957662472128603,0.02229514434952984,-0.003400000000000014,1.5,False
2025-03-10,UKI,Commercial,AI,192959.69,36595.31,0.2278,0.1191,119,15,5.27,normal,No material exception,SYNTHETIC_DEMO_ONLY,0.17531628399185695,-0.09841073294804759,-0.032899999999999985,12.9,False
2025-03-10,UKI,Commercial,Automation,228848.36,46736.72,0.2213,0.1147,157,31,4.9,normal,No material exception,SYNTHETIC_DEMO_ONLY,-0.013561269771481754,0.1100517561733445,0.03459999999999999,4.2,False
2025-03-10,UKI,Commercial,Cloud,291230.92,66757.07,0.2435,0.1535,187,34,4.36,normal,No material exception,SYNTHETIC_DEMO_ONLY,0.1554505568466149,0.13411440481948422,-0.012300000000000033,9.8,False
2025-03-10,UKI,Commercial,Platform,307213.52,75071.67,0.2694,0.1547,207,36,4.09,normal,No material exception,SYNTHETIC_DEMO_ONLY,0.008596826139315672,0.12118187593884011,0.020999999999999963,2.6,False
2025-03-10,UKI,Enterprise,AI,299607.0,72696.65,0.2784,0.1501,206,45,4.12,normal,No material exception,SYNTHETIC_DEMO_ONLY,0.010998195329398719,0.20859980834414515,0.02799999999999997,3.4,False
2025-03-10,UKI,Enterprise,Automation,378905.22,73386.66,0.2577,0.1386,229,43,5.16,normal,No material exception,SYNTHETIC_DEMO_ONLY,0.028325987602722646,-0.12517045289956785,-0.0018000000000000238,1.7,False
2025-03-10,UKI,Enterprise,Cloud,412966.5,102995.93,0.2905,0.1664,272,57,4.01,normal,No material exception,SYNTHETIC_DEMO_ONLY,0.0554483494260094,0.07118224920552563,0.020100000000000007,5.1,False
2025-03-10,UKI,Enterprise,Platform,421862.22,94330.66,0.2558,0.1265,264,48,4.47,normal,No material exception,SYNTHETIC_DEMO_ONLY,-0.1576782447261873,-0.283228904676874,-0.026599999999999957,11.3,False
2025-03-17,Benelux,Commercial,AI,134715.37,20480.2,0.1637,0.0845,70,12,6.58,normal,No material exception,SYNTHETIC_DEMO_ONLY,0.042744794920841045,-0.10370135340649234,-0.033299999999999996,5.7,False
2025-03-17,Benelux,Commercial,Automation,159218.96,33194.11,0.2606,0.1481,91,20,4.8,normal,No material exception,SYNTHETIC_DEMO_ONLY,-0.07113532716761983,-0.10013603369341506,0.009299999999999975,4.8,False
2025-03-17,Benelux,Commercial,Cloud,187920.28,34338.65,0.1977,0.1121,131,26,5.47,normal,No material exception,SYNTHETIC_DEMO_ONLY,-0.07658473071836658,-0.07083145724466067,-0.022400000000000003,6.5,False
2025-03-17,Benelux,Commercial,Platform,212816.84,55116.79,0.256,0.1211,139,27,3.86,normal,No material exception,SYNTHETIC_DEMO_ONLY,0.018613935996188546,0.17886588721241004,0.019199999999999995,2.9,False
2025-03-17,Benelux,Enterprise,AI,219235.89,41048.64,0.2142,0.1182,149,22,5.34,normal,No material exception,SYNTHETIC_DEMO_ONLY,0.14469063795300152,0.04043747980204415,-0.0305,11.0,False
2025-03-17,Benelux,Enterprise,Automation,251323.41,54928.42,0.2523,0.1533,174,35,4.58,normal,No material exception,SYNTHETIC_DEMO_ONLY,-0.06409955921072619,0.37676047688965997,0.05290000000000003,8.8,False
2025-03-17,Benelux,Enterprise,Cloud,298050.74,68758.51,0.2486,0.1361,209,33,4.33,normal,No material exception,SYNTHETIC_DEMO_ONLY,-0.04356272945372153,-0.06653372131762247,-0.016500000000000015,4.0,False
2025-03-17,Benelux,Enterprise,Platform,336661.08,67575.39,0.2483,0.1397,227,51,4.98,normal,No material exception,SYNTHETIC_DEMO_ONLY,-0.013584832355227783,-0.08516555260352332,0.017999999999999988,2.5,False
2025-03-17,DACH,Commercial,AI,219153.96,46327.18,0.2405,0.1355,146,27,4.73,normal,No material exception,SYNTHETIC_DEMO_ONLY,-0.016066934793871,-0.055931467008369706,-0.013500000000000012,2.2,False
2025-03-17,DACH,Commercial,Automation,245948.93,50415.94,0.2388,0.1193,144,30,4.88,normal,No material exception,SYNTHETIC_DEMO_ONLY,0.08175399641557202,0.2546362692742905,0.011700000000000016,5.7,False
2025-03-17,DACH,Commercial,Cloud,322181.98,73574.32,0.2492,0.1594,217,41,4.38,normal,No material exception,SYNTHETIC_DEMO_ONLY,0.08589425359940828,0.0214110276482522,0.006599999999999995,5.4,False
2025-03-17,DACH,Commercial,Platform,340598.08,75491.92,0.2454,0.1301,233,47,4.51,normal,No material exception,SYNTHETIC_DEMO_ONLY,0.1836500379579873,0.25735351554530084,-0.010799999999999976,11.2,False
2025-03-17,DACH,Enterprise,AI,355518.98,73254.68,0.2495,0.1485,229,46,4.85,normal,No material exception,SYNTHETIC_DEMO_ONLY,0.05519139957181385,-0.10755694428014662,-0.011099999999999999,4.1,False
2025-03-17,DACH,Enterprise,Automation,383802.93,94463.96,0.269,0.1439,232,38,4.06,normal,No material exception,SYNTHETIC_DEMO_ONLY,-0.12359803872877018,-0.018708270749954403,0.018400000000000027,8.6,False
2025-03-17,DACH,Enterprise,Cloud,514094.48,117706.69,0.2812,0.1587,359,74,4.37,normal,No material exception,SYNTHETIC_DEMO_ONLY,-0.04416613429935379,-0.11187417851144377,0.012300000000000033,3.7,False
2025-03-17,DACH,Enterprise,Platform,570638.4,116496.25,0.2582,0.1659,355,64,4.9,normal,No material exception,SYNTHETIC_DEMO_ONLY,0.03777914785151726,-0.24608031658138896,-0.03600000000000003,5.7,False
2025-03-17,France,Commercial,AI,150135.81,27048.75,0.2208,0.1314,111,20,5.55,normal,No material exception,SYNTHETIC_DEMO_ONLY,0.0327398112290993,-0.06868883576592955,-0.013399999999999995,3.1,False
2025-03-17,France,Commercial,Automation,191321.47,31982.31,0.2052,0.108,111,21,5.98,normal,No material exception,SYNTHETIC_DEMO_ONLY,0.02107054570870015,-0.022814622257135042,-0.0012999999999999956,1.3,False
2025-03-17,France,Commercial,Cloud,217154.2,46261.46,0.2307,0.1214,130,23,4.69,normal,No material exception,SYNTHETIC_DEMO_ONLY,-0.00013675046815153635,0.00667636463339405,-0.026400000000000007,2.6,False
2025-03-17,France,Commercial,Platform,255940.93,50471.32,0.2384,0.1308,160,31,5.07,normal,No material exception,SYNTHETIC_DEMO_ONLY,0.07450971946220797,-0.029138546981386626,-0.026600000000000013,6.8,False
2025-03-17,France,Enterprise,AI,256782.47,55243.19,0.2596,0.1498,147,33,4.65,normal,No material exception,SYNTHETIC_DEMO_ONLY,0.057866879210256794,-0.04402293589491779,0.004699999999999982,3.7,False
2025-03-17,France,Enterprise,Automation,331607.07,73252.69,0.2685,0.1425,197,41,4.53,normal,No material exception,SYNTHETIC_DEMO_ONLY,0.052724934363237885,-0.0123133374466331,0.03320000000000001,6.2,False
2025-03-17,France,Enterprise,Cloud,365633.61,85953.63,0.2564,0.1461,240,52,4.25,normal,No material exception,SYNTHETIC_DEMO_ONLY,-0.016858414086177387,0.3981055859400924,0.022400000000000003,3.2,False
2025-03-17,France,Enterprise,Platform,427781.56,97056.8,0.2632,0.1444,279,50,4.41,normal,No material exception,SYNTHETIC_DEMO_ONLY,0.11947196329355414,0.006120891494380443,-0.028900000000000037,9.5,False
2025-03-17,Iberia,Commercial,AI,122137.71,22942.43,0.2233,0.1258,72,12,5.32,normal,No material exception,SYNTHETIC_DEMO_ONLY,0.04669339295615438,0.020168198757874567,0.0040999999999999925,3.0,False
2025-03-17,Iberia,Commercial,Automation,165045.21,33147.08,0.2408,0.1267,112,17,4.98,normal,No material exception,SYNTHETIC_DEMO_ONLY,0.16052229448772115,0.08688928819694919,0.004599999999999993,9.3,False
2025-03-17,Iberia,Commercial,Cloud,183135.82,38889.61,0.2415,0.1367,95,19,4.71,normal,No material exception,SYNTHETIC_DEMO_ONLY,0.1612504811176767,0.2981546258196164,0.0295,11.8,False
2025-03-17,Iberia,Commercial,Platform,178657.61,30943.09,0.2172,0.1108,100,19,5.77,normal,No material exception,SYNTHETIC_DEMO_ONLY,-0.03647097298965396,-0.109305048101072,0.004500000000000004,2.5,False
2025-03-17,Iberia,Enterprise,AI,209903.73,45615.62,0.2448,0.1524,143,26,4.6,normal,No material exception,SYNTHETIC_DEMO_ONLY,0.09752878452075842,0.13540154560859574,0.007800000000000001,6.1,False
2025-03-17,Iberia,Enterprise,Automation,255343.44,57741.03,0.2443,0.1497,156,27,4.42,normal,No material exception,SYNTHETIC_DEMO_ONLY,0.0868954709581391,0.19937822051922138,-0.0008000000000000229,4.9,False
2025-03-17,Iberia,Enterprise,Cloud,266029.04,68646.77,0.2811,0.1368,173,23,3.88,normal,No material exception,SYNTHETIC_DEMO_ONLY,-0.027692035993104547,0.20323878393722472,0.03760000000000002,5.3,False
2025-03-17,Iberia,Enterprise,Platform,294685.83,69406.09,0.2803,0.1448,191,31,4.25,normal,No material exception,SYNTHETIC_DEMO_ONLY,-0.11550486180562147,-0.14599896864430129,0.005699999999999983,6.9,False
2025-03-17,Nordics,Commercial,AI,140524.08,25001.56,0.1928,0.1086,63,12,5.62,normal,No material exception,SYNTHETIC_DEMO_ONLY,-0.04870132749428557,-0.10436473151067394,-0.0363,6.3,False
2025-03-17,Nordics,Commercial,Automation,166175.93,37281.2,0.2582,0.1584,106,16,4.46,normal,No material exception,SYNTHETIC_DEMO_ONLY,0.06469060427573003,0.349315157735945,0.060699999999999976,9.6,False
2025-03-17,Nordics,Commercial,Cloud,184932.39,38963.58,0.247,0.1349,111,19,4.75,normal,No material exception,SYNTHETIC_DEMO_ONLY,-0.01931764947695669,0.03972999390789145,0.015999999999999986,2.7,False
2025-03-17,Nordics,Commercial,Platform,217019.76,57032.86,0.2723,0.1595,155,28,3.81,normal,No material exception,SYNTHETIC_DEMO_ONLY,0.06631868862408385,0.5674754302370995,0.034999999999999976,7.1,False
2025-03-17,Nordics,Enterprise,AI,231650.65,56344.08,0.2561,0.1374,142,26,4.11,normal,No material exception,SYNTHETIC_DEMO_ONLY,-0.019742163925902,-0.05334519282368655,-0.0252,3.6,False
2025-03-17,Nordics,Enterprise,Automation,286121.37,70123.33,0.2744,0.1414,200,41,4.08,normal,No material exception,SYNTHETIC_DEMO_ONLY,0.0074553167432165335,-0.0015367800606167492,-0.0038000000000000256,0.8,False
2025-03-17,Nordics,Enterprise,Cloud,376673.03,100181.7,0.3019,0.1926,237,40,3.76,normal,No material exception,SYNTHETIC_DEMO_ONLY,0.16900519100916966,0.22855928789408897,0.008400000000000019,10.1,False
2025-03-17,Nordics,Enterprise,Platform,353171.38,103184.13,0.3054,0.1428,241,42,3.42,normal,No material exception,SYNTHETIC_DEMO_ONLY,-0.005494188779764375,0.22282794961363606,0.03660000000000002,4.0,False
2025-03-17,UKI,Commercial,AI,177348.57,35277.51,0.2055,0.1134,117,25,5.03,normal,No material exception,SYNTHETIC_DEMO_ONLY,-0.0441925593226522,-0.22251827971350147,-0.0804,10.5,False
2025-03-17,UKI,Commercial,Automation,220285.84,47245.9,0.2522,0.1434,154,26,4.66,normal,No material exception,SYNTHETIC_DEMO_ONLY,-0.06575156741593424,-0.0074534633846694565,0.027599999999999986,6.4,False
2025-03-17,UKI,Commercial,Cloud,272074.14,66898.16,0.2633,0.1413,188,35,4.07,normal,No material exception,SYNTHETIC_DEMO_ONLY,0.09611784310238658,0.5016024266921775,0.04429999999999998,9.7,False
2025-03-17,UKI,Commercial,Platform,298789.7,73237.69,0.2726,0.1499,187,35,4.08,normal,No material exception,SYNTHETIC_DEMO_ONLY,0.056420976916193855,0.20450446909264763,0.02310000000000001,5.4,False
2025-03-17,UKI,Enterprise,AI,296803.03,65536.52,0.2399,0.1354,207,35,4.53,normal,No material exception,SYNTHETIC_DEMO_ONLY,0.03637195442705621,0.05422094420680956,-0.019399999999999973,3.9,False
2025-03-17,UKI,Enterprise,Automation,391115.89,96029.66,0.2587,0.1601,249,39,4.07,normal,No material exception,SYNTHETIC_DEMO_ONLY,0.03544068058119576,-0.061145705462092415,-0.02090000000000003,4.0,False
2025-03-17,UKI,Enterprise,Cloud,471742.49,110286.85,0.2681,0.1404,285,45,4.28,normal,No material exception,SYNTHETIC_DEMO_ONLY,0.15375277791650466,0.0970171203815966,0.00830000000000003,9.3,False
2025-03-17,UKI,Enterprise,Platform,456431.26,106982.99,0.2805,0.1674,295,51,4.27,normal,No material exception,SYNTHETIC_DEMO_ONLY,0.017889929790698922,0.20740773261078993,0.03700000000000003,4.7,False
2025-03-24,Benelux,Commercial,AI,151435.52,32464.7,0.2236,0.1066,108,24,4.66,normal,No material exception,SYNTHETIC_DEMO_ONLY,0.17716911524930734,-0.059909224586619736,-0.06460000000000002,16.2,False
2025-03-24,Benelux,Commercial,Automation,174176.93,34622.81,0.2397,0.1284,99,17,5.03,normal,No material exception,SYNTHETIC_DEMO_ONLY,0.006846305595668012,-0.06750329592786275,0.023299999999999987,2.7,False
2025-03-24,Benelux,Commercial,Cloud,196478.9,47041.09,0.2681,0.1539,129,22,4.18,normal,No material exception,SYNTHETIC_DEMO_ONLY,0.07062112120400221,0.5747621424437104,0.0751,11.4,False
2025-03-24,Benelux,Commercial,Platform,206519.84,36529.99,0.2099,0.1073,144,26,5.65,normal,No material exception,SYNTHETIC_DEMO_ONLY,0.06627933896825478,-0.21618445439943146,-0.0592,9.6,False
2025-03-24,Benelux,Enterprise,AI,216101.58,49195.14,0.2493,0.1456,156,31,4.39,normal,No material exception,SYNTHETIC_DEMO_ONLY,0.0056575151105802135,-0.01965330958481215,-0.033,3.6,False
2025-03-24,Benelux,Enterprise,Automation,290587.67,67540.6,0.2565,0.1306,219,37,4.3,normal,No material exception,SYNTHETIC_DEMO_ONLY,0.07840136135207709,0.13116735299811966,0.017699999999999994,6.1,False
2025-03-24,Benelux,Enterprise,Cloud,310191.83,80779.64,0.2599,0.133,174,35,3.84,normal,No material exception,SYNTHETIC_DEMO_ONLY,0.04582196438386821,0.07849583472852162,0.0047000000000000375,3.0,False
2025-03-24,Benelux,Enterprise,Platform,344677.45,66394.79,0.2463,0.1477,224,46,5.19,normal,No material exception,SYNTHETIC_DEMO_ONLY,-0.050461009714416694,-0.19898622787613962,-0.005500000000000033,3.3,False
2025-03-24,DACH,Commercial,AI,208954.32,42777.03,0.2492,0.1306,130,28,4.88,normal,No material exception,SYNTHETIC_DEMO_ONLY,-0.007561941435633712,-0.2309931286137339,-0.036000000000000004,4.0,False
2025-03-24,DACH,Commercial,Automation,271903.61,54578.94,0.2217,0.1315,180,35,4.98,normal,No material exception,SYNTHETIC_DEMO_ONLY,0.017385879836835816,-0.1500729646476121,-0.041700000000000015,5.1,False
2025-03-24,DACH,Commercial,Cloud,323992.5,80605.93,0.2631,0.1578,219,30,4.02,normal,No material exception,SYNTHETIC_DEMO_ONLY,0.009077139286048252,0.15822170583447903,0.005400000000000016,1.0,False
2025-03-24,DACH,Commercial,Platform,368195.84,98106.47,0.2786,0.1713,232,51,3.75,normal,No material exception,SYNTHETIC_DEMO_ONLY,0.08563062878714534,0.29145406030863863,0.0393,8.6,False
2025-03-24,DACH,Enterprise,AI,352545.09,73106.5,0.2577,0.1572,201,40,4.82,normal,No material exception,SYNTHETIC_DEMO_ONLY,0.013650996898164625,-0.20907212069157088,-0.04550000000000004,5.3,False
2025-03-24,DACH,Enterprise,Automation,418494.86,107111.4,0.2924,0.1749,281,45,3.91,normal,No material exception,SYNTHETIC_DEMO_ONLY,-0.11200458716267936,0.09866883409281457,0.058499999999999996,12.0,False
2025-03-24,DACH,Enterprise,Cloud,522108.24,109173.7,0.27,0.1527,340,71,4.78,normal,No material exception,SYNTHETIC_DEMO_ONLY,0.09984575438643217,0.23055644131125508,0.053700000000000025,10.9,False
2025-03-24,DACH,Enterprise,Platform,504690.3,128632.36,0.277,0.1483,316,44,3.92,normal,No material exception,SYNTHETIC_DEMO_ONLY,0.004890187901948728,0.03074501392357676,0.00610000000000005,0.9,False
2025-03-24,France,Commercial,AI,163117.06,30487.76,0.2172,0.1441,106,22,5.35,normal,No material exception,SYNTHETIC_DEMO_ONLY,0.05716479261516372,-0.10421987802509614,-0.042700000000000016,7.4,False
2025-03-24,France,Commercial,Automation,200214.4,43854.32,0.2364,0.1444,123,26,4.57,normal,No material exception,SYNTHETIC_DEMO_ONLY,0.055699319650197365,0.12291033784877192,0.010199999999999987,4.1,False
2025-03-24,France,Commercial,Cloud,201551.63,38234.23,0.2262,0.1217,130,26,5.27,normal,No material exception,SYNTHETIC_DEMO_ONLY,-0.10819666168697384,-0.28715226182463605,-0.049699999999999966,10.9,False
2025-03-24,France,Commercial,Platform,236348.09,50735.55,0.2445,0.1529,154,29,4.66,normal,No material exception,SYNTHETIC_DEMO_ONLY,-0.17705386174643856,-0.04879505660015837,0.017600000000000005,11.5,False
2025-03-24,France,Enterprise,AI,247306.7,51064.62,0.2436,0.1295,155,27,4.84,normal,No material exception,SYNTHETIC_DEMO_ONLY,-0.0721073147667024,-0.15952503141209073,-0.05979999999999999,9.9,False
2025-03-24,France,Enterprise,Automation,324718.11,68924.99,0.2652,0.1288,218,42,4.71,normal,No material exception,SYNTHETIC_DEMO_ONLY,-0.04881851951045035,-0.05400600550152024,0.023799999999999988,5.1,False
2025-03-24,France,Enterprise,Cloud,371096.56,76707.0,0.2449,0.1341,234,40,4.84,normal,No material exception,SYNTHETIC_DEMO_ONLY,0.09192987197084479,0.02735997002043411,-0.025999999999999968,7.7,False
2025-03-24,France,Enterprise,Platform,391367.48,88149.05,0.2642,0.1412,232,49,4.44,normal,No material exception,SYNTHETIC_DEMO_ONLY,0.0028404729003530527,0.11349286201066278,0.02429999999999999,2.6,False
2025-03-24,Iberia,Commercial,AI,129437.54,27313.84,0.2267,0.1421,77,12,4.74,normal,No material exception,SYNTHETIC_DEMO_ONLY,0.10241637671332793,0.014825289561661625,-0.02839999999999998,8.5,False
2025-03-24,Iberia,Commercial,Automation,147681.37,33432.06,0.2616,0.1701,82,13,4.42,normal,No material exception,SYNTHETIC_DEMO_ONLY,0.010306494647983833,0.1290213207418458,0.0338,3.9,False
2025-03-24,Iberia,Commercial,Cloud,184118.02,37586.5,0.2358,0.1304,116,25,4.9,normal,No material exception,SYNTHETIC_DEMO_ONLY,0.18094426013995735,0.21109724866183677,0.03890000000000002,13.8,False
2025-03-24,Iberia,Commercial,Platform,188505.92,42079.15,0.2506,0.1435,144,26,4.48,normal,No material exception,SYNTHETIC_DEMO_ONLY,-0.03840642269244687,0.31292937058616865,0.0534,7.5,False
2025-03-24,Iberia,Enterprise,AI,180605.9,42195.65,0.2573,0.1543,99,20,4.28,normal,No material exception,SYNTHETIC_DEMO_ONLY,0.009338873897398958,0.053252915090576725,0.0024999999999999467,0.8,False
2025-03-24,Iberia,Enterprise,Automation,267327.18,61351.93,0.2575,0.1429,175,34,4.36,normal,No material exception,SYNTHETIC_DEMO_ONLY,0.10075640588062873,0.18492082621630668,0.009700000000000014,6.5,False
2025-03-24,Iberia,Enterprise,Cloud,302067.03,65578.69,0.2509,0.1521,198,34,4.61,normal,No material exception,SYNTHETIC_DEMO_ONLY,0.0642554931671464,0.015553077103667823,9.999999999998899e-05,3.5,False
2025-03-24,Iberia,Enterprise,Platform,306396.03,67631.77,0.2392,0.1243,203,39,4.53,normal,No material exception,SYNTHETIC_DEMO_ONLY,-0.09745199797819548,-0.22953844716700744,-0.049000000000000016,10.3,False
2025-03-24,Nordics,Commercial,AI,131208.64,26550.7,0.2227,0.1232,86,16,4.94,normal,No material exception,SYNTHETIC_DEMO_ONLY,-0.05924340043908627,0.07220234246814883,0.011099999999999999,4.4,False
2025-03-24,Nordics,Commercial,Automation,169428.65,35056.76,0.2475,0.132,98,15,4.83,normal,No material exception,SYNTHETIC_DEMO_ONLY,-0.013476060489660546,0.04556470782623556,0.004799999999999999,1.2,False
2025-03-24,Nordics,Commercial,Cloud,203571.77,43946.73,0.2395,0.1293,130,22,4.63,normal,No material exception,SYNTHETIC_DEMO_ONLY,0.01613979550096123,0.10694236746118047,-0.0005000000000000004,0.9,False
2025-03-24,Nordics,Commercial,Platform,235953.82,48532.15,0.2504,0.1314,147,24,4.86,normal,No material exception,SYNTHETIC_DEMO_ONLY,0.1476966594663791,0.1693327460826799,0.032,11.3,False
2025-03-24,Nordics,Enterprise,AI,246592.47,60441.99,0.2607,0.1539,178,34,4.08,normal,No material exception,SYNTHETIC_DEMO_ONLY,-0.040480246130168984,0.23314836036860198,0.03169999999999998,5.4,False
2025-03-24,Nordics,Enterprise,Automation,306879.14,58237.27,0.2202,0.1143,173,32,5.27,normal,No material exception,SYNTHETIC_DEMO_ONLY,-0.08315120094443329,-0.20010056899359874,-0.04009999999999997,8.6,False
2025-03-24,Nordics,Enterprise,Cloud,356332.38,71619.82,0.2279,0.1356,234,47,4.98,normal,No material exception,SYNTHETIC_DEMO_ONLY,0.08758722493227844,-0.13696887814227798,-0.04610000000000003,9.4,False
2025-03-24,Nordics,Enterprise,Platform,372831.7,78615.28,0.2671,0.1386,232,46,4.74,normal,No material exception,SYNTHETIC_DEMO_ONLY,-0.017900844077751388,-0.20989048959378775,-0.04209999999999997,5.2,False
2025-03-24,UKI,Commercial,AI,191714.57,41955.77,0.2418,0.1408,96,20,4.57,normal,No material exception,SYNTHETIC_DEMO_ONLY,0.08043738101368891,0.008137518438930513,-0.02510000000000004,6.9,False
2025-03-24,UKI,Commercial,Automation,230566.52,63700.62,0.2755,0.1592,134,30,3.62,normal,No material exception,SYNTHETIC_DEMO_ONLY,0.04390719938294585,0.6250668069431773,0.06480000000000002,8.9,False
2025-03-24,UKI,Commercial,Cloud,248379.65,50209.83,0.2618,0.1433,161,32,4.95,normal,No material exception,SYNTHETIC_DEMO_ONLY,-0.12452353735427302,-0.09570877149252321,0.02889999999999998,9.7,False
2025-03-24,UKI,Commercial,Platform,309540.38,60979.78,0.2175,0.1177,184,26,5.08,normal,No material exception,SYNTHETIC_DEMO_ONLY,0.1224571548360549,-0.01294682405835057,-0.02429999999999999,9.2,False
2025-03-24,UKI,Enterprise,AI,299522.75,67915.2,0.2521,0.1341,171,31,4.41,normal,No material exception,SYNTHETIC_DEMO_ONLY,0.008052193954030784,-0.1972925382879045,-0.03770000000000001,4.2,False
2025-03-24,UKI,Enterprise,Automation,376316.87,74481.75,0.2645,0.1387,246,54,5.05,normal,No material exception,SYNTHETIC_DEMO_ONLY,-0.0025444974956718713,-0.1883643517686605,-0.014399999999999968,1.6,False
2025-03-24,UKI,Enterprise,Cloud,419410.27,88746.35,0.2503,0.1403,271,48,4.73,normal,No material exception,SYNTHETIC_DEMO_ONLY,0.027250394798370436,-0.13231698297091044,-0.048699999999999966,6.4,False
2025-03-24,UKI,Enterprise,Platform,485133.5,114412.83,0.2596,0.1477,303,60,4.24,normal,No material exception,SYNTHETIC_DEMO_ONLY,0.08900458991258109,0.23898230749738492,0.011800000000000005,6.1,False
2025-03-31,Benelux,Commercial,AI,133173.23,31867.15,0.2441,0.1248,90,15,4.18,normal,No material exception,SYNTHETIC_DEMO_ONLY,0.049243687534504144,0.17385037465641462,0.012800000000000006,4.0,False
2025-03-31,Benelux,Commercial,Automation,165248.24,40301.97,0.2667,0.1555,119,23,4.1,normal,No material exception,SYNTHETIC_DEMO_ONLY,0.1432158599938953,0.6446850092452898,0.0676,14.6,False
2025-03-31,Benelux,Commercial,Cloud,176304.33,28219.98,0.1972,0.1124,100,19,6.25,normal,No material exception,SYNTHETIC_DEMO_ONLY,-0.08399683048865836,-0.2724332175980534,-0.027600000000000013,7.4,False
2025-03-31,Benelux,Commercial,Platform,213465.92,41866.73,0.2468,0.1491,122,27,5.1,normal,No material exception,SYNTHETIC_DEMO_ONLY,-0.04122819995474403,-0.07057644079118397,0.009899999999999992,3.3,False
2025-03-31,Benelux,Enterprise,AI,209694.89,41045.44,0.238,0.1239,155,28,5.11,normal,No material exception,SYNTHETIC_DEMO_ONLY,0.1267937723164474,-0.0024594960852210024,-0.014400000000000024,8.4,False
2025-03-31,Benelux,Enterprise,Automation,257915.34,55614.25,0.2326,0.1208,154,30,4.64,normal,No material exception,SYNTHETIC_DEMO_ONLY,-0.09171434970756287,0.07056239981689605,-0.01200000000000001,6.2,False
2025-03-31,Benelux,Enterprise,Cloud,323530.16,78325.5,0.2719,0.1504,186,27,4.13,normal,No material exception,SYNTHETIC_DEMO_ONLY,0.004663751601955424,0.21024956245102833,0.035499999999999976,3.8,False
2025-03-31,Benelux,Enterprise,Platform,338368.54,71254.67,0.2613,0.1643,222,38,4.75,normal,No material exception,SYNTHETIC_DEMO_ONLY,-0.049476216633274506,-0.09700588041922542,-0.004500000000000004,3.2,False
2025-03-31,DACH,Commercial,AI,218019.22,46397.18,0.2452,0.1328,140,20,4.7,normal,No material exception,SYNTHETIC_DEMO_ONLY,0.08192663427359514,0.10750650997998012,-0.0063,5.1,False
2025-03-31,DACH,Commercial,Automation,286039.36,55016.28,0.2204,0.1145,205,44,5.2,normal,No material exception,SYNTHETIC_DEMO_ONLY,0.026623098375111454,-0.11887150269473468,-0.019799999999999984,3.4,False
2025-03-31,DACH,Commercial,Cloud,265826.43,60404.19,0.2531,0.1425,174,40,4.4,normal,No material exception,SYNTHETIC_DEMO_ONLY,-0.12984931883108553,-0.012046310878627287,0.0393,11.1,False
2025-03-31,DACH,Commercial,Platform,337611.88,67817.72,0.2581,0.1526,216,37,4.98,normal,No material exception,SYNTHETIC_DEMO_ONLY,0.03697936084389464,-0.05711762484643934,0.012999999999999984,3.3,False
2025-03-31,DACH,Enterprise,AI,350752.49,92567.39,0.2697,0.1453,237,46,3.79,normal,No material exception,SYNTHETIC_DEMO_ONLY,0.06676762185714846,0.24374870005315352,0.009000000000000008,4.6,False
2025-03-31,DACH,Enterprise,Automation,460351.29,110296.03,0.2631,0.1662,288,59,4.17,normal,No material exception,SYNTHETIC_DEMO_ONLY,0.05183751969662187,0.02657013643729167,-0.018600000000000005,4.7,False
2025-03-31,DACH,Enterprise,Cloud,488700.59,120129.11,0.2747,0.1595,288,69,4.07,normal,No material exception,SYNTHETIC_DEMO_ONLY,-0.05995565581315243,-0.08841782750139271,0.006799999999999973,4.0,False
2025-03-31,DACH,Enterprise,Platform,599821.34,136995.9,0.2926,0.172,360,70,4.38,normal,No material exception,SYNTHETIC_DEMO_ONLY,0.10060787063330379,-0.1588164082129484,-0.031799999999999995,8.7,False
2025-03-31,France,Commercial,AI,147634.24,33482.98,0.2613,0.1747,103,19,4.41,normal,No material exception,SYNTHETIC_DEMO_ONLY,-0.09616242186005819,0.15392221092220448,0.06909999999999997,12.2,False
2025-03-31,France,Commercial,Automation,191656.83,42381.05,0.2512,0.1396,111,17,4.52,normal,No material exception,SYNTHETIC_DEMO_ONLY,-0.09915431159980925,-0.0527407812705698,0.028599999999999987,8.3,False
2025-03-31,France,Commercial,Cloud,200097.72,38411.33,0.22,0.1169,109,20,5.21,normal,No material exception,SYNTHETIC_DEMO_ONLY,-0.16110909433085663,-0.3214204134616624,-0.050600000000000006,13.9,False
2025-03-31,France,Commercial,Platform,245443.97,53282.62,0.262,0.1468,155,38,4.61,normal,No material exception,SYNTHETIC_DEMO_ONLY,0.06792732903399168,0.04752786340184856,0.014300000000000007,5.2,False
2025-03-31,France,Enterprise,AI,267420.58,55532.6,0.2552,0.1433,177,30,4.82,normal,No material exception,SYNTHETIC_DEMO_ONLY,0.13133903003732028,0.2569857566392133,0.029099999999999987,10.1,False
2025-03-31,France,Enterprise,Automation,333145.51,75750.32,0.2626,0.1527,213,35,4.4,normal,No material exception,SYNTHETIC_DEMO_ONLY,-0.021295964382977428,-0.09422614955070208,-0.009699999999999986,2.1,False
2025-03-31,France,Enterprise,Cloud,397117.71,89623.54,0.2694,0.1466,258,50,4.43,normal,No material exception,SYNTHETIC_DEMO_ONLY,0.15804210670279928,-0.030789965817284326,-0.004500000000000004,9.1,False
2025-03-31,France,Enterprise,Platform,424839.84,96095.39,0.2493,0.1247,264,45,4.42,normal,No material exception,SYNTHETIC_DEMO_ONLY,-0.0035712335663306005,-0.10907015653488994,-0.01780000000000001,2.0,False
2025-03-31,Iberia,Commercial,AI,114528.75,22664.89,0.2183,0.115,70,14,5.05,normal,No material exception,SYNTHETIC_DEMO_ONLY,-0.006396419968969114,0.1037887922889762,0.016399999999999998,2.0,False
2025-03-31,Iberia,Commercial,Automation,151635.2,31360.15,0.2168,0.1266,82,14,4.84,normal,No material exception,SYNTHETIC_DEMO_ONLY,0.06750244813853468,0.09586042103762393,-0.007099999999999995,4.4,False
2025-03-31,Iberia,Commercial,Cloud,159672.8,22407.84,0.1683,0.0996,104,23,7.13,normal,No material exception,SYNTHETIC_DEMO_ONLY,-0.08913974930818169,-0.26413716938397325,-0.0242,7.3,False
2025-03-31,Iberia,Commercial,Platform,191433.36,38727.98,0.2394,0.1353,102,19,4.94,normal,No material exception,SYNTHETIC_DEMO_ONLY,0.04007841933022127,0.06679804236618403,0.021100000000000008,4.3,False
2025-03-31,Iberia,Enterprise,AI,190734.35,43196.01,0.2554,0.1436,110,20,4.42,normal,No material exception,SYNTHETIC_DEMO_ONLY,-0.052077400565569754,0.08728426929384181,0.02510000000000001,5.4,False
2025-03-31,Iberia,Enterprise,Automation,230203.96,44096.3,0.2528,0.1249,133,27,5.22,normal,No material exception,SYNTHETIC_DEMO_ONLY,-0.19443462583759252,-0.31118193914336323,-0.00489999999999996,11.2,False
2025-03-31,Iberia,Enterprise,Cloud,330657.96,79107.05,0.2816,0.178,228,44,4.18,normal,No material exception,SYNTHETIC_DEMO_ONLY,0.1502556348124202,0.2851207970872758,0.05050000000000002,13.3,False
2025-03-31,Iberia,Enterprise,Platform,294013.55,71184.07,0.2599,0.144,208,40,4.13,normal,No material exception,SYNTHETIC_DEMO_ONLY,0.03426604705025249,0.084335552656577,-0.0252,4.4,False
2025-03-31,Nordics,Commercial,AI,154972.37,28361.27,0.2195,0.1208,97,22,5.46,normal,No material exception,SYNTHETIC_DEMO_ONLY,0.057457183601359985,-0.1627407381603676,-0.03359999999999999,6.5,False
2025-03-31,Nordics,Commercial,Automation,190940.16,38928.06,0.2363,0.1392,140,30,4.9,normal,No material exception,SYNTHETIC_DEMO_ONLY,0.029782277329184703,-0.018535550802203815,0.019600000000000006,3.6,False
2025-03-31,Nordics,Commercial,Cloud,181537.23,35408.41,0.2283,0.108,132,28,5.13,normal,No material exception,SYNTHETIC_DEMO_ONLY,-0.057890047334040795,-0.17789399069476297,-0.014499999999999985,4.6,False
2025-03-31,Nordics,Commercial,Platform,211435.14,49657.53,0.2549,0.1405,126,21,4.26,normal,No material exception,SYNTHETIC_DEMO_ONLY,-0.019057282358770355,0.28708571002014693,0.061700000000000005,7.2,False
2025-03-31,Nordics,Enterprise,AI,241823.07,49522.91,0.2384,0.1425,163,32,4.88,normal,No material exception,SYNTHETIC_DEMO_ONLY,0.07155334933715607,-0.01949102457365104,-0.010399999999999993,5.0,False
2025-03-31,Nordics,Enterprise,Automation,274810.67,56690.77,0.2504,0.1483,178,36,4.85,normal,No material exception,SYNTHETIC_DEMO_ONLY,-0.012817960497870984,-0.17395386152746373,-0.017799999999999983,2.5,False
2025-03-31,Nordics,Enterprise,Cloud,344717.17,76128.84,0.2528,0.1485,213,45,4.53,normal,No material exception,SYNTHETIC_DEMO_ONLY,0.027698416931356995,0.09519871836923532,0.02510000000000001,4.0,False
2025-03-31,Nordics,Enterprise,Platform,369798.71,93172.58,0.2893,0.14,235,47,3.97,normal,No material exception,SYNTHETIC_DEMO_ONLY,-0.02096064904657957,0.10304880308253184,0.029600000000000015,4.1,False
2025-03-31,UKI,Commercial,AI,201351.95,43192.79,0.2174,0.1168,152,26,4.66,normal,No material exception,SYNTHETIC_DEMO_ONLY,0.11361975013015146,0.14913499854471812,-0.020699999999999996,8.3,False
2025-03-31,UKI,Commercial,Automation,231523.31,52187.33,0.239,0.1509,152,32,4.44,normal,No material exception,SYNTHETIC_DEMO_ONLY,0.10574521276049564,0.05678500199764658,-0.0408,9.9,False
2025-03-31,UKI,Commercial,Cloud,288313.12,62874.75,0.2564,0.1331,203,31,4.59,normal,No material exception,SYNTHETIC_DEMO_ONLY,0.0902011335231423,0.45371245534223803,0.05240000000000003,10.2,False
2025-03-31,UKI,Commercial,Platform,278542.44,76202.47,0.2911,0.157,196,37,3.66,normal,No material exception,SYNTHETIC_DEMO_ONLY,-0.06776393823613669,0.24880564297640073,0.010599999999999998,4.8,False
2025-03-31,UKI,Enterprise,AI,310021.1,76118.43,0.2672,0.1212,213,43,4.07,normal,No material exception,SYNTHETIC_DEMO_ONLY,0.10525342894907341,0.07787404076860849,-0.02150000000000002,7.9,False
2025-03-31,UKI,Enterprise,Automation,427636.33,91197.02,0.2282,0.1117,258,47,4.69,normal,No material exception,SYNTHETIC_DEMO_ONLY,0.13733768250910483,-0.008344315843956895,-0.05390000000000003,12.9,False
2025-03-31,UKI,Enterprise,Cloud,458957.44,75834.99,0.2076,0.1359,292,39,6.05,normal,No material exception,SYNTHETIC_DEMO_ONLY,0.15243292990506552,-0.21472660915829667,-0.09349999999999997,17.7,False
2025-03-31,UKI,Enterprise,Platform,462332.94,124465.44,0.2919,0.1772,287,51,3.71,normal,No material exception,SYNTHETIC_DEMO_ONLY,-0.11321534356141527,-0.09568473893379315,-0.01369999999999999,7.6,False
2025-04-07,Benelux,Commercial,AI,136679.3,27092.05,0.2165,0.1172,80,15,5.04,normal,No material exception,SYNTHETIC_DEMO_ONLY,0.010167654100504908,-0.07027266506473284,-0.011800000000000005,1.7,False
2025-04-07,Benelux,Commercial,Automation,170431.06,31244.04,0.2117,0.1296,107,20,5.45,normal,No material exception,SYNTHETIC_DEMO_ONLY,0.07284451216345555,-0.1009419034374166,-0.0504,9.0,False
2025-04-07,Benelux,Commercial,Cloud,179672.32,30915.49,0.2071,0.1005,131,20,5.81,normal,No material exception,SYNTHETIC_DEMO_ONLY,0.04858571151023172,0.06753746508501668,-0.004399999999999987,3.1,False
2025-04-07,Benelux,Commercial,Platform,223679.39,55939.31,0.2659,0.1343,157,26,4.0,normal,No material exception,SYNTHETIC_DEMO_ONLY,0.06038221934033783,0.3529168487628782,0.04910000000000003,8.2,False
2025-04-07,Benelux,Enterprise,AI,207550.13,37723.39,0.2033,0.1206,135,22,5.5,normal,No material exception,SYNTHETIC_DEMO_ONLY,0.12293795878519997,-0.13470207249132027,-0.05579999999999999,12.3,False
2025-04-07,Benelux,Enterprise,Automation,231424.59,52705.46,0.2709,0.1397,137,26,4.39,normal,No material exception,SYNTHETIC_DEMO_ONLY,-0.15119392941478693,0.01800091127718062,0.06119999999999998,14.4,False
2025-04-07,Benelux,Enterprise,Cloud,313177.37,77465.96,0.2618,0.127,198,35,4.04,normal,No material exception,SYNTHETIC_DEMO_ONLY,0.010985904508128641,0.19290147339561647,0.016599999999999976,2.3,False
2025-04-07,Benelux,Enterprise,Platform,356742.55,87496.4,0.2803,0.154,215,41,4.08,normal,No material exception,SYNTHETIC_DEMO_ONLY,0.005139037369722654,-0.004347822128921708,0.005099999999999993,0.8,False
2025-04-07,DACH,Commercial,AI,214084.19,51553.7,0.2665,0.1244,148,20,4.15,normal,No material exception,SYNTHETIC_DEMO_ONLY,-0.014410874341503233,0.3191219551387434,0.05520000000000003,6.3,False
2025-04-07,DACH,Commercial,Automation,249364.95,49473.43,0.232,0.1425,181,32,5.04,normal,No material exception,SYNTHETIC_DEMO_ONLY,-0.08400835072762147,-0.1378702113247804,-0.030699999999999977,7.7,False
2025-04-07,DACH,Commercial,Cloud,288083.97,61651.99,0.2312,0.1324,208,34,4.67,normal,No material exception,SYNTHETIC_DEMO_ONLY,0.05010860535156514,0.27980144101198423,0.0403,6.8,False
2025-04-07,DACH,Commercial,Platform,322052.99,84921.45,0.2857,0.1314,204,44,3.79,normal,No material exception,SYNTHETIC_DEMO_ONLY,-0.011693061628014534,0.025192479861082306,-0.023999999999999966,3.0,False
2025-04-07,DACH,Enterprise,AI,348476.94,93913.57,0.2981,0.1739,204,44,3.71,normal,No material exception,SYNTHETIC_DEMO_ONLY,-0.04442230367762434,0.09271975648552999,0.043399999999999994,6.8,False
2025-04-07,DACH,Enterprise,Automation,432267.2,104018.88,0.2655,0.1339,277,43,4.16,normal,No material exception,SYNTHETIC_DEMO_ONLY,0.02841307200539278,0.346881014949608,0.0393,5.5,False
2025-04-07,DACH,Enterprise,Cloud,548073.25,137808.31,0.2657,0.1702,329,60,3.98,normal,No material exception,SYNTHETIC_DEMO_ONLY,0.16166237612012568,0.08810342770600643,-0.031700000000000006,12.1,False
2025-04-07,DACH,Enterprise,Platform,588502.92,162243.68,0.2907,0.1595,397,60,3.63,normal,No material exception,SYNTHETIC_DEMO_ONLY,0.06941734343548833,0.17031962475602658,0.016699999999999993,5.5,False
2025-04-07,France,Commercial,AI,163499.93,35760.88,0.235,0.14,128,23,4.57,normal,No material exception,SYNTHETIC_DEMO_ONLY,0.08977932525767618,0.15604773299316532,0.006499999999999978,5.6,False
2025-04-07,France,Commercial,Automation,187305.71,42828.53,0.2452,0.1232,102,15,4.37,normal,No material exception,SYNTHETIC_DEMO_ONLY,-0.014078301061831167,0.36185288304261665,0.033,4.1,False
2025-04-07,France,Commercial,Cloud,210871.45,43493.51,0.2313,0.1375,116,18,4.85,normal,No material exception,SYNTHETIC_DEMO_ONLY,-0.03658221174842613,-0.08655270043761709,0.002600000000000019,2.3,False
2025-04-07,France,Commercial,Platform,248638.82,56841.83,0.2592,0.1357,154,18,4.37,normal,No material exception,SYNTHETIC_DEMO_ONLY,0.049307560916382664,0.11452623669900674,0.018899999999999972,4.6,False
2025-04-07,France,Enterprise,AI,233300.25,50172.14,0.2507,0.1409,147,29,4.65,normal,No material exception,SYNTHETIC_DEMO_ONLY,0.0032351180249163836,-0.06112055917925563,-0.016400000000000026,1.8,False
2025-04-07,France,Enterprise,Automation,293102.54,84449.75,0.3105,0.2,204,39,3.47,normal,No material exception,SYNTHETIC_DEMO_ONLY,-0.1314122211049117,0.08837418324976198,0.06439999999999999,13.7,False
2025-04-07,France,Enterprise,Cloud,395514.34,82321.94,0.2413,0.1171,242,55,4.8,normal,No material exception,SYNTHETIC_DEMO_ONLY,0.06390476065458617,-0.018934405774517105,0.0014999999999999736,3.7,False
2025-04-07,France,Enterprise,Platform,415425.96,95120.31,0.2999,0.1637,259,53,4.37,normal,No material exception,SYNTHETIC_DEMO_ONLY,0.07455766569961653,0.04411617971955817,0.026600000000000013,6.8,False
2025-04-07,Iberia,Commercial,AI,116048.31,22491.43,0.2242,0.1171,85,15,5.16,normal,No material exception,SYNTHETIC_DEMO_ONLY,-0.0484999861433999,-0.08192586563498405,-0.0041999999999999815,3.1,False
2025-04-07,Iberia,Commercial,Automation,143264.7,27821.33,0.216,0.1265,72,14,5.15,normal,No material exception,SYNTHETIC_DEMO_ONLY,0.13913651577671415,0.0659268369309518,-0.017100000000000004,9.4,False
2025-04-07,Iberia,Commercial,Cloud,173513.11,40360.55,0.2547,0.1591,113,19,4.3,normal,No material exception,SYNTHETIC_DEMO_ONLY,-0.025540753131007232,0.10833923286175562,-0.0006000000000000449,1.5,False
2025-04-07,Iberia,Commercial,Platform,194755.05,36654.21,0.234,0.1348,123,22,5.31,normal,No material exception,SYNTHETIC_DEMO_ONLY,0.05037828817857526,-0.11830484770796412,-0.011799999999999977,4.0,False
2025-04-07,Iberia,Enterprise,AI,193243.54,39960.65,0.2204,0.1153,142,26,4.84,normal,No material exception,SYNTHETIC_DEMO_ONLY,-0.09795828343541635,0.025182758430490226,0.025300000000000017,7.9,False
2025-04-07,Iberia,Enterprise,Automation,271770.61,66261.41,0.2611,0.1221,198,47,4.1,normal,No material exception,SYNTHETIC_DEMO_ONLY,0.04358762787154902,0.14575407377281913,0.015399999999999997,3.9,False
2025-04-07,Iberia,Enterprise,Cloud,269579.5,76532.49,0.3068,0.1513,196,35,3.52,normal,No material exception,SYNTHETIC_DEMO_ONLY,-0.13310876270195948,0.05117892205541463,0.05120000000000002,12.4,False
2025-04-07,Iberia,Enterprise,Platform,317446.1,75121.31,0.2852,0.1445,204,41,4.23,normal,No material exception,SYNTHETIC_DEMO_ONLY,-0.001085587390131204,0.04209132095395174,0.02150000000000002,2.2,False
2025-04-07,Nordics,Commercial,AI,144848.48,26273.41,0.1916,0.0992,90,19,5.51,normal,No material exception,SYNTHETIC_DEMO_ONLY,0.05544961277307836,0.1969373860221144,-0.008800000000000002,3.9,False
2025-04-07,Nordics,Commercial,Automation,168346.02,40290.74,0.2701,0.1513,127,22,4.18,normal,No material exception,SYNTHETIC_DEMO_ONLY,0.049305955118811085,0.36864989872040876,0.0605,8.8,False
2025-04-07,Nordics,Commercial,Cloud,196421.62,38029.81,0.2229,0.1327,125,24,5.16,normal,No material exception,SYNTHETIC_DEMO_ONLY,0.09090473867626403,0.1250028472801743,0.008899999999999991,5.9,False
2025-04-07,Nordics,Commercial,Platform,230152.79,46342.57,0.2472,0.1458,146,23,4.97,normal,No material exception,SYNTHETIC_DEMO_ONLY,-0.05474952521401977,-0.22541510450382607,-0.02049999999999999,5.1,False
2025-04-07,Nordics,Enterprise,AI,233721.83,48528.94,0.2339,0.1318,147,32,4.82,normal,No material exception,SYNTHETIC_DEMO_ONLY,-0.029978984425997113,-0.19011596130562225,-0.0358,5.2,False
2025-04-07,Nordics,Enterprise,Automation,307534.56,82328.13,0.2826,0.1572,212,33,3.74,normal,No material exception,SYNTHETIC_DEMO_ONLY,0.015819805427792266,0.17491772677583173,0.019199999999999995,2.8,False
2025-04-07,Nordics,Enterprise,Cloud,315826.98,70721.31,0.2304,0.1486,189,38,4.47,normal,No material exception,SYNTHETIC_DEMO_ONLY,-0.043450270280960934,-0.13007296328661,-0.03589999999999999,6.0,False
2025-04-07,Nordics,Enterprise,Platform,397285.8,90156.86,0.271,0.1559,262,58,4.41,normal,No material exception,SYNTHETIC_DEMO_ONLY,0.09344054516220845,-0.04769094509085858,-0.023999999999999966,7.5,False
2025-04-07,UKI,Commercial,AI,195500.59,43224.97,0.2571,0.1362,151,34,4.52,normal,No material exception,SYNTHETIC_DEMO_ONLY,0.013168035251300392,0.18116146577252668,0.029299999999999993,3.7,False
2025-04-07,UKI,Commercial,Automation,224047.38,43806.28,0.2149,0.1205,143,28,5.11,normal,No material exception,SYNTHETIC_DEMO_ONLY,-0.020978870025548768,-0.06270101966933073,-0.006399999999999989,1.8,False
2025-04-07,UKI,Commercial,Cloud,242344.97,45573.02,0.2243,0.1245,136,28,5.32,normal,No material exception,SYNTHETIC_DEMO_ONLY,-0.16785975197963177,-0.3173304340648865,-0.019199999999999995,11.2,False
2025-04-07,UKI,Commercial,Platform,299948.66,64059.57,0.2518,0.1539,179,32,4.68,normal,No material exception,SYNTHETIC_DEMO_ONLY,-0.02364759207211986,-0.14668782511432077,-0.01759999999999995,3.1,False
2025-04-07,UKI,Enterprise,AI,314469.27,79018.0,0.2501,0.1448,219,33,3.98,normal,No material exception,SYNTHETIC_DEMO_ONLY,0.04960588370765717,0.08695517606382142,-0.028299999999999992,5.6,False
2025-04-07,UKI,Enterprise,Automation,389190.62,81923.43,0.2495,0.1521,265,56,4.75,normal,No material exception,SYNTHETIC_DEMO_ONLY,0.027145046985628918,0.11632590991332736,-0.008199999999999985,2.3,False
2025-04-07,UKI,Enterprise,Cloud,436125.54,121242.0,0.2927,0.1474,295,55,3.6,normal,No material exception,SYNTHETIC_DEMO_ONLY,0.056079706223143955,0.17715331081529162,0.0022000000000000353,3.3,False
2025-04-07,UKI,Enterprise,Platform,523874.72,100406.34,0.2451,0.1331,347,59,5.22,normal,No material exception,SYNTHETIC_DEMO_ONLY,0.2418147327817124,0.06440832704870281,-0.010700000000000015,14.4,False
2025-04-14,Benelux,Commercial,AI,126956.46,23545.06,0.2154,0.1356,80,14,5.39,normal,No material exception,SYNTHETIC_DEMO_ONLY,-0.057594838658721614,0.14964990576263903,0.051699999999999996,8.3,False
2025-04-14,Benelux,Commercial,Automation,171664.54,36239.23,0.2262,0.139,100,24,4.74,normal,No material exception,SYNTHETIC_DEMO_ONLY,0.07816644449882104,0.09173675691259686,-0.034399999999999986,7.7,False
2025-04-14,Benelux,Commercial,Cloud,199758.58,40668.6,0.2509,0.1393,163,28,4.91,normal,No material exception,SYNTHETIC_DEMO_ONLY,0.06299639400281865,0.18433893003947444,0.053200000000000025,8.8,False
2025-04-14,Benelux,Commercial,Platform,207682.1,43550.61,0.2497,0.1438,134,28,4.77,normal,No material exception,SYNTHETIC_DEMO_ONLY,-0.024127507954727623,-0.2098485779015795,-0.0063,2.0,False
2025-04-14,Benelux,Enterprise,AI,245666.48,46024.37,0.2264,0.1141,172,30,5.34,normal,No material exception,SYNTHETIC_DEMO_ONLY,0.12055776998921108,0.12121546536011918,0.012199999999999989,7.9,False
2025-04-14,Benelux,Enterprise,Automation,267436.69,54076.77,0.228,0.1351,162,28,4.95,normal,No material exception,SYNTHETIC_DEMO_ONLY,0.06411372502068158,-0.015504724148264204,-0.024300000000000016,6.0,False
2025-04-14,Benelux,Enterprise,Cloud,318784.81,70525.67,0.2442,0.131,181,29,4.52,normal,No material exception,SYNTHETIC_DEMO_ONLY,0.069565571284943,0.025700964142475025,-0.004399999999999987,4.3,False
2025-04-14,Benelux,Enterprise,Platform,336905.45,74790.94,0.2508,0.1448,212,32,4.5,normal,No material exception,SYNTHETIC_DEMO_ONLY,0.0007258635301710115,0.10677777812307121,0.00250000000000003,0.3,False
2025-04-14,DACH,Commercial,AI,229883.15,41546.35,0.2146,0.126,150,27,5.53,normal,No material exception,SYNTHETIC_DEMO_ONLY,0.04895731749497023,-0.10319708646198633,-0.02589999999999998,5.3,False
2025-04-14,DACH,Commercial,Automation,251398.67,49179.68,0.2268,0.1425,184,31,5.11,normal,No material exception,SYNTHETIC_DEMO_ONLY,0.02215801467402212,-0.024521212933846015,-0.01200000000000001,2.4,False
2025-04-14,DACH,Commercial,Cloud,289769.09,60464.78,0.2412,0.1074,186,28,4.79,normal,No material exception,SYNTHETIC_DEMO_ONLY,-0.1006042920215462,-0.17818091964696392,-0.008000000000000007,6.3,False
2025-04-14,DACH,Commercial,Platform,358492.66,70837.18,0.2427,0.1571,212,33,5.06,normal,No material exception,SYNTHETIC_DEMO_ONLY,0.05253869898503227,-0.06165878414537618,-0.002700000000000008,3.2,False
2025-04-14,DACH,Enterprise,AI,344880.18,84509.48,0.2853,0.1686,205,31,4.08,normal,No material exception,SYNTHETIC_DEMO_ONLY,-0.029924703316824286,0.1536393306202417,0.0358,5.2,False
2025-04-14,DACH,Enterprise,Automation,452746.34,106774.48,0.2696,0.1493,284,69,4.24,normal,No material exception,SYNTHETIC_DEMO_ONLY,0.17963231807532076,0.13031975369230753,0.0005999999999999894,9.9,False
2025-04-14,DACH,Enterprise,Cloud,530299.13,123085.7,0.2572,0.1474,333,58,4.31,normal,No material exception,SYNTHETIC_DEMO_ONLY,0.03152076248708213,0.04569842206929775,-0.02400000000000002,4.1,False
2025-04-14,DACH,Enterprise,Platform,572414.68,134556.11,0.2628,0.1408,365,50,4.25,normal,No material exception,SYNTHETIC_DEMO_ONLY,0.0031127943720576923,0.15502524759380654,0.004599999999999993,0.6,False
2025-04-14,France,Commercial,AI,167909.14,36467.95,0.2277,0.1251,117,20,4.6,normal,No material exception,SYNTHETIC_DEMO_ONLY,0.11838168389007264,0.3482305097278062,0.006900000000000017,7.2,False
2025-04-14,France,Commercial,Automation,206988.75,51899.97,0.2619,0.1417,134,29,3.99,normal,No material exception,SYNTHETIC_DEMO_ONLY,0.08188981612988866,0.6227711506767335,0.05670000000000003,10.2,False
2025-04-14,France,Commercial,Cloud,211930.73,39955.0,0.2167,0.1138,155,29,5.3,normal,No material exception,SYNTHETIC_DEMO_ONLY,-0.02405419743205517,-0.13632211348279966,-0.013999999999999985,2.7,False
2025-04-14,France,Commercial,Platform,262370.07,59776.84,0.2446,0.1331,197,39,4.39,normal,No material exception,SYNTHETIC_DEMO_ONLY,0.025119624282056163,0.18437243170973128,0.006200000000000011,2.0,False
2025-04-14,France,Enterprise,AI,256231.02,59227.2,0.2606,0.1755,153,26,4.33,normal,No material exception,SYNTHETIC_DEMO_ONLY,-0.002147537563603974,0.07211766735411174,0.0010000000000000009,0.2,False
2025-04-14,France,Enterprise,Automation,334116.52,89472.4,0.2961,0.176,210,37,3.73,normal,No material exception,SYNTHETIC_DEMO_ONLY,0.007567540704123132,0.2214213566764578,0.027599999999999958,3.2,False
2025-04-14,France,Enterprise,Cloud,353193.56,79004.74,0.2453,0.1326,221,41,4.47,normal,No material exception,SYNTHETIC_DEMO_ONLY,-0.034023267171745974,-0.08084463681173204,-0.011100000000000027,3.0,False
2025-04-14,France,Enterprise,Platform,430200.34,109258.95,0.28,0.1637,269,53,3.94,normal,No material exception,SYNTHETIC_DEMO_ONLY,0.005654240916789455,0.12572174231996103,0.016800000000000037,2.0,False
2025-04-14,Iberia,Commercial,AI,134468.34,23491.02,0.2226,0.1426,98,18,5.72,normal,No material exception,SYNTHETIC_DEMO_ONLY,0.10095678066995029,0.023911590882046863,-0.0007000000000000062,5.6,False
2025-04-14,Iberia,Commercial,Automation,156454.17,35693.44,0.2521,0.122,106,21,4.38,normal,No material exception,SYNTHETIC_DEMO_ONLY,-0.05205264666572251,0.07682003965356832,0.011300000000000004,4.0,False
2025-04-14,Iberia,Commercial,Cloud,176318.66,35051.72,0.2139,0.1272,130,18,5.03,normal,No material exception,SYNTHETIC_DEMO_ONLY,-0.03722461285836931,-0.09868677006532078,-0.027599999999999986,4.8,False
2025-04-14,Iberia,Commercial,Platform,205749.34,48890.06,0.2595,0.1281,135,25,4.21,normal,No material exception,SYNTHETIC_DEMO_ONLY,0.151640503866586,0.5799992825538753,0.042300000000000004,12.6,False
2025-04-14,Iberia,Enterprise,AI,213096.16,45635.13,0.2718,0.1634,122,23,4.67,normal,No material exception,SYNTHETIC_DEMO_ONLY,0.01520901986829859,0.0004277043696871985,0.026999999999999996,3.5,False
2025-04-14,Iberia,Enterprise,Automation,273706.27,65689.68,0.2544,0.133,189,37,4.17,normal,No material exception,SYNTHETIC_DEMO_ONLY,0.07191424224565957,0.137660343087056,0.010100000000000026,5.0,False
2025-04-14,Iberia,Enterprise,Cloud,273268.48,72074.37,0.2911,0.1593,164,29,3.79,normal,No material exception,SYNTHETIC_DEMO_ONLY,0.027212968930008463,0.049930972717288746,0.010000000000000009,2.5,False
2025-04-14,Iberia,Enterprise,Platform,333898.16,82787.8,0.2788,0.1586,213,37,4.03,normal,No material exception,SYNTHETIC_DEMO_ONLY,0.13306486436758758,0.19280310992882632,-0.0015000000000000013,7.5,False
2025-04-14,Nordics,Commercial,AI,136358.4,28703.65,0.2189,0.1073,93,21,4.75,normal,No material exception,SYNTHETIC_DEMO_ONLY,-0.02964388736791579,0.14807436015992592,0.026100000000000012,4.2,False
2025-04-14,Nordics,Commercial,Automation,182155.5,32145.66,0.214,0.126,111,20,5.67,normal,No material exception,SYNTHETIC_DEMO_ONLY,0.09616055706744064,-0.1377514672274497,-0.04419999999999999,9.7,False
2025-04-14,Nordics,Commercial,Cloud,210755.06,40302.13,0.2374,0.1362,150,37,5.23,normal,No material exception,SYNTHETIC_DEMO_ONLY,0.13963303021174367,0.03435387610686691,-0.009599999999999997,8.6,False
2025-04-14,Nordics,Commercial,Platform,219258.97,51253.66,0.2804,0.1554,120,19,4.28,normal,No material exception,SYNTHETIC_DEMO_ONLY,0.01031800053598797,-0.10133105721859292,0.008099999999999996,1.4,False
2025-04-14,Nordics,Enterprise,AI,248414.2,57763.03,0.2876,0.1558,154,29,4.3,normal,No material exception,SYNTHETIC_DEMO_ONLY,0.07236565060361366,0.02518365727153582,0.03150000000000003,7.1,False
2025-04-14,Nordics,Enterprise,Automation,308485.25,65234.02,0.2307,0.1293,193,32,4.73,normal,No material exception,SYNTHETIC_DEMO_ONLY,0.07816221486706842,-0.06972444120950905,-0.04369999999999999,8.7,False
2025-04-14,Nordics,Enterprise,Cloud,334178.26,82634.91,0.2744,0.136,232,50,4.04,normal,No material exception,SYNTHETIC_DEMO_ONLY,-0.11281606755864637,-0.1751496530803529,-0.027500000000000024,9.0,False
2025-04-14,Nordics,Enterprise,Platform,333591.62,87351.42,0.2861,0.1695,229,37,3.82,normal,No material exception,SYNTHETIC_DEMO_ONLY,-0.05543982640948997,-0.15344132862291915,-0.019299999999999984,5.0,False
2025-04-14,UKI,Commercial,AI,195252.86,41568.19,0.2303,0.1287,123,20,4.7,normal,No material exception,SYNTHETIC_DEMO_ONLY,0.10095536716196807,0.1783198417348617,0.024800000000000016,8.0,False
2025-04-14,UKI,Commercial,Automation,234551.29,41104.65,0.1921,0.115,153,22,5.71,normal,No material exception,SYNTHETIC_DEMO_ONLY,0.06475881518303672,-0.12998482407997303,-0.06009999999999999,9.6,False
2025-04-14,UKI,Commercial,Cloud,292427.88,61885.31,0.2245,0.1242,175,37,4.73,normal,No material exception,SYNTHETIC_DEMO_ONLY,0.07480953537149837,-0.07493255419880018,-0.03879999999999997,8.0,False
2025-04-14,UKI,Commercial,Platform,310063.63,76112.9,0.2456,0.1412,178,37,4.07,normal,No material exception,SYNTHETIC_DEMO_ONLY,0.03773199009202788,0.039258611242380725,-0.026999999999999996,4.8,False
2025-04-14,UKI,Enterprise,AI,331600.31,80164.72,0.2503,0.1409,220,40,4.14,normal,No material exception,SYNTHETIC_DEMO_ONLY,0.11724031253993594,0.2232068471136397,0.01040000000000002,7.5,False
2025-04-14,UKI,Enterprise,Automation,386478.8,100491.19,0.279,0.1538,253,51,3.85,normal,No material exception,SYNTHETIC_DEMO_ONLY,-0.011856051156602265,0.04645991665491689,0.02030000000000004,2.7,False
2025-04-14,UKI,Enterprise,Cloud,406184.48,96872.6,0.2633,0.1513,249,33,4.19,normal,No material exception,SYNTHETIC_DEMO_ONLY,-0.13896990707790602,-0.1216305479755746,-0.0048000000000000265,8.1,False
2025-04-14,UKI,Enterprise,Platform,495749.29,125717.7,0.3002,0.1912,314,66,3.94,normal,No material exception,SYNTHETIC_DEMO_ONLY,0.08614228131526303,0.1751185866089553,0.019699999999999995,6.7,False
2025-04-21,Benelux,Commercial,AI,140074.91,28835.28,0.2272,0.1224,88,12,4.86,normal,No material exception,SYNTHETIC_DEMO_ONLY,-0.07501945382430741,-0.1117958890733628,0.00360000000000002,4.5,False
2025-04-21,Benelux,Commercial,Automation,172331.57,25955.82,0.1668,0.0916,115,24,6.64,normal,No material exception,SYNTHETIC_DEMO_ONLY,-0.010594744091539487,-0.2503260133998366,-0.07289999999999999,7.9,False
2025-04-21,Benelux,Commercial,Cloud,195983.62,43273.61,0.2411,0.1406,126,24,4.53,normal,No material exception,SYNTHETIC_DEMO_ONLY,-0.0025207795849834236,-0.0800891305877478,-0.026999999999999996,2.8,False
2025-04-21,Benelux,Commercial,Platform,198643.28,40244.05,0.2238,0.121,106,24,4.94,normal,No material exception,SYNTHETIC_DEMO_ONLY,-0.038139483354238446,0.101671530706688,0.013899999999999996,3.5,False
2025-04-21,Benelux,Enterprise,AI,251248.23,54241.47,0.2411,0.1235,165,29,4.63,normal,No material exception,SYNTHETIC_DEMO_ONLY,0.16263948648593884,0.10257781561349355,-0.008199999999999985,9.8,False
2025-04-21,Benelux,Enterprise,Automation,264968.56,54215.71,0.2394,0.1405,165,31,4.89,normal,No material exception,SYNTHETIC_DEMO_ONLY,-0.08816310065736788,-0.19728711323263348,-0.017100000000000004,6.6,False
2025-04-21,Benelux,Enterprise,Cloud,337860.49,76475.07,0.2663,0.1392,240,49,4.42,normal,No material exception,SYNTHETIC_DEMO_ONLY,0.08919854530017757,-0.053287808660697045,0.006399999999999961,5.5,False
2025-04-21,Benelux,Enterprise,Platform,340645.47,87003.63,0.2997,0.2041,225,40,3.92,normal,No material exception,SYNTHETIC_DEMO_ONLY,-0.011697835178947846,0.31039845144475975,0.05340000000000003,6.0,False
2025-04-21,DACH,Commercial,AI,216235.14,56554.08,0.273,0.1449,129,24,3.82,normal,No material exception,SYNTHETIC_DEMO_ONLY,0.03484407501122733,0.32206653898131776,0.023800000000000016,4.3,False
2025-04-21,DACH,Commercial,Automation,255120.97,42364.35,0.1989,0.127,166,32,6.02,normal,No material exception,SYNTHETIC_DEMO_ONLY,-0.061722755354369774,-0.22379676116831881,-0.022800000000000015,5.7,False
2025-04-21,DACH,Commercial,Cloud,335692.11,62001.76,0.2083,0.1312,207,47,5.41,normal,No material exception,SYNTHETIC_DEMO_ONLY,0.03611074330424313,-0.23080398675382807,-0.05479999999999999,7.5,False
2025-04-21,DACH,Commercial,Platform,392327.72,106795.6,0.2915,0.1791,252,40,3.67,normal,No material exception,SYNTHETIC_DEMO_ONLY,0.06554088172207462,0.08856836863052964,0.012899999999999967,4.9,False
2025-04-21,DACH,Enterprise,AI,360155.67,71848.63,0.2543,0.1281,256,41,5.01,normal,No material exception,SYNTHETIC_DEMO_ONLY,0.021587536504904747,-0.017205993995061952,-0.0033999999999999586,1.5,False
2025-04-21,DACH,Enterprise,Automation,399842.75,77120.36,0.245,0.1476,247,52,5.18,normal,No material exception,SYNTHETIC_DEMO_ONLY,-0.0445695079743631,-0.2799985809166904,-0.0474,7.2,False
2025-04-21,DACH,Enterprise,Cloud,455818.95,116397.69,0.2766,0.1689,297,56,3.92,normal,No material exception,SYNTHETIC_DEMO_ONLY,-0.1269646500886482,0.0661696910519658,0.006599999999999995,7.6,False
2025-04-21,DACH,Enterprise,Platform,557464.07,154610.61,0.2872,0.1743,351,59,3.61,normal,No material exception,SYNTHETIC_DEMO_ONLY,0.10456664215658584,0.20195734572544555,0.010199999999999987,6.8,False
2025-04-21,France,Commercial,AI,164575.03,33618.32,0.2246,0.1309,110,20,4.9,normal,No material exception,SYNTHETIC_DEMO_ONLY,0.008938182186461585,0.10268251914866822,0.00739999999999999,1.2,False
2025-04-21,France,Commercial,Automation,183208.89,35356.55,0.2138,0.1194,124,18,5.18,normal,No material exception,SYNTHETIC_DEMO_ONLY,-0.08493649807406456,-0.19377270015815995,-0.02260000000000001,6.9,False
2025-04-21,France,Commercial,Cloud,223527.04,45513.47,0.2292,0.1201,158,32,4.91,normal,No material exception,SYNTHETIC_DEMO_ONLY,0.109031169829785,0.19038542164965788,0.002999999999999975,6.3,False
2025-04-21,France,Commercial,Platform,244189.9,50193.07,0.2425,0.1245,150,25,4.87,normal,No material exception,SYNTHETIC_DEMO_ONLY,0.03317907075111126,-0.010692305493879561,-0.0020000000000000018,2.0,False
2025-04-21,France,Enterprise,AI,253055.01,55679.04,0.259,0.1558,168,32,4.54,normal,No material exception,SYNTHETIC_DEMO_ONLY,0.023243648473737277,0.09036432661204574,0.015399999999999997,2.8,False
2025-04-21,France,Enterprise,Automation,313041.93,60964.73,0.2334,0.1335,212,37,5.13,normal,No material exception,SYNTHETIC_DEMO_ONLY,-0.035957895911626236,-0.1154916380836617,-0.031799999999999995,5.2,False
2025-04-21,France,Enterprise,Cloud,438461.04,90539.59,0.2553,0.1272,285,61,4.84,normal,No material exception,SYNTHETIC_DEMO_ONLY,0.18152817153573175,0.18033021758118561,0.01040000000000002,11.0,False
2025-04-21,France,Enterprise,Platform,436734.52,113702.38,0.3142,0.1803,291,57,3.84,normal,No material exception,SYNTHETIC_DEMO_ONLY,0.11591928895063042,0.28988775261900157,0.04999999999999999,11.4,False
2025-04-21,Iberia,Commercial,AI,124496.61,26885.69,0.2313,0.1249,85,17,4.63,normal,No material exception,SYNTHETIC_DEMO_ONLY,-0.03817231075312455,-0.015675203486584133,0.004599999999999993,2.6,False
2025-04-21,Iberia,Commercial,Automation,154299.11,28611.72,0.2253,0.1342,91,18,5.39,normal,No material exception,SYNTHETIC_DEMO_ONLY,0.04481093315968021,-0.14418315832168271,-0.0363,6.1,False
2025-04-21,Iberia,Commercial,Cloud,194002.51,38871.72,0.2178,0.1282,124,26,4.99,normal,No material exception,SYNTHETIC_DEMO_ONLY,0.05368561969110908,0.03419365995769752,-0.018000000000000016,4.8,False
2025-04-21,Iberia,Commercial,Platform,187531.71,46174.04,0.2632,0.1717,129,26,4.06,normal,No material exception,SYNTHETIC_DEMO_ONLY,-0.005168060504412875,0.09731399042043387,0.0126,1.5,False
2025-04-21,Iberia,Enterprise,AI,216964.11,50986.67,0.2719,0.1627,119,25,4.26,normal,No material exception,SYNTHETIC_DEMO_ONLY,0.20131241559661106,0.20833948523129742,0.014600000000000002,12.5,False
2025-04-21,Iberia,Enterprise,Automation,230723.22,54904.15,0.2568,0.157,150,26,4.2,normal,No material exception,SYNTHETIC_DEMO_ONLY,-0.1369256953221143,-0.10509498234203873,-0.0007000000000000339,7.6,False
2025-04-21,Iberia,Enterprise,Cloud,291156.81,50297.59,0.2139,0.1249,165,35,5.79,normal,No material exception,SYNTHETIC_DEMO_ONLY,-0.036118539649957926,-0.23301929331006777,-0.037000000000000005,5.7,False
2025-04-21,Iberia,Enterprise,Platform,329372.75,60800.38,0.217,0.1244,231,40,5.42,normal,No material exception,SYNTHETIC_DEMO_ONLY,0.07499026668198017,-0.10100859403797957,-0.022199999999999998,6.3,False
2025-04-21,Nordics,Commercial,AI,140023.31,21939.61,0.172,0.0924,74,14,6.38,normal,No material exception,SYNTHETIC_DEMO_ONLY,0.0671805606703948,-0.17367112731491074,-0.05070000000000002,8.8,False
2025-04-21,Nordics,Commercial,Automation,183488.74,41904.19,0.261,0.154,119,22,4.38,normal,No material exception,SYNTHETIC_DEMO_ONLY,0.08298531564761924,0.1953240972639798,0.013500000000000012,5.9,False
2025-04-21,Nordics,Commercial,Cloud,195381.13,43203.0,0.2338,0.1303,105,16,4.52,normal,No material exception,SYNTHETIC_DEMO_ONLY,-0.04023465532573589,-0.016923443450741482,-0.005699999999999983,2.8,False
2025-04-21,Nordics,Commercial,Platform,236169.91,47260.2,0.2,0.1049,180,32,5.0,normal,No material exception,SYNTHETIC_DEMO_ONLY,0.0009158147979972941,-0.026208399998763787,-0.0504,5.1,False
2025-04-21,Nordics,Enterprise,AI,220458.96,57658.89,0.2885,0.1544,149,30,3.82,normal,No material exception,SYNTHETIC_DEMO_ONLY,-0.10597854022063213,-0.046045803587869916,0.02779999999999999,8.6,False
2025-04-21,Nordics,Enterprise,Automation,295532.82,70649.2,0.2994,0.1602,188,39,4.18,normal,No material exception,SYNTHETIC_DEMO_ONLY,-0.036973252727441785,0.21312692026944258,0.07919999999999999,10.0,False
2025-04-21,Nordics,Enterprise,Cloud,366881.94,73360.24,0.2365,0.138,237,48,5.0,normal,No material exception,SYNTHETIC_DEMO_ONLY,0.02960595385690179,0.024300815053710068,0.008599999999999997,2.5,False
2025-04-21,Nordics,Enterprise,Platform,406115.69,90064.42,0.2454,0.1438,259,51,4.51,normal,No material exception,SYNTHETIC_DEMO_ONLY,0.08927349793485906,0.1456350470290253,-0.021699999999999997,7.1,False
2025-04-21,UKI,Commercial,AI,187098.7,38974.03,0.2167,0.1159,122,22,4.8,normal,No material exception,SYNTHETIC_DEMO_ONLY,-0.024076782479286796,-0.07106865158236875,-0.025099999999999983,3.8,False
2025-04-21,UKI,Commercial,Automation,231505.82,51842.91,0.234,0.1192,134,16,4.47,normal,No material exception,SYNTHETIC_DEMO_ONLY,0.004073878549236021,-0.18614748176705342,-0.04150000000000001,4.4,False
2025-04-21,UKI,Commercial,Cloud,282978.07,62644.06,0.2472,0.1432,161,32,4.52,normal,No material exception,SYNTHETIC_DEMO_ONLY,0.13929651644166507,0.24764533160140156,-0.014599999999999974,9.1,False
2025-04-21,UKI,Commercial,Platform,298613.01,71073.35,0.2653,0.1518,191,25,4.2,normal,No material exception,SYNTHETIC_DEMO_ONLY,-0.035301920867319425,0.1655232275354226,0.04779999999999998,6.7,False
2025-04-21,UKI,Enterprise,AI,294075.57,69715.0,0.2652,0.1439,204,40,4.22,normal,No material exception,SYNTHETIC_DEMO_ONLY,-0.018186197876455146,0.026500694984333384,0.0131,2.3,False
2025-04-21,UKI,Enterprise,Automation,373426.42,97526.53,0.2933,0.1812,235,49,3.83,normal,No material exception,SYNTHETIC_DEMO_ONLY,-0.00768089402954486,0.3094016990739341,0.028799999999999992,3.3,False
2025-04-21,UKI,Enterprise,Cloud,505947.48,115167.33,0.257,0.1339,341,59,4.39,normal,No material exception,SYNTHETIC_DEMO_ONLY,0.206330689041067,0.29771342708742377,0.006699999999999984,12.0,False
2025-04-21,UKI,Enterprise,Platform,491289.14,135457.2,0.3162,0.1819,310,54,3.63,normal,No material exception,SYNTHETIC_DEMO_ONLY,0.01268854861599955,0.18393365499306347,0.056599999999999984,6.4,False
2025-04-28,Benelux,Commercial,AI,137045.04,30537.98,0.2517,0.1388,97,13,4.49,normal,No material exception,SYNTHETIC_DEMO_ONLY,0.029073485714809166,-0.0417097230219835,0.007599999999999968,2.4,False
2025-04-28,Benelux,Commercial,Automation,167751.07,36187.0,0.2537,0.1343,96,14,4.64,normal,No material exception,SYNTHETIC_DEMO_ONLY,0.015145879919810534,-0.1021034455635792,-0.013000000000000012,2.1,False
2025-04-28,Benelux,Commercial,Cloud,184403.9,29693.0,0.1917,0.1013,108,20,6.21,normal,No material exception,SYNTHETIC_DEMO_ONLY,0.0459408455821817,0.05219776909834817,-0.005499999999999977,3.1,False
2025-04-28,Benelux,Commercial,Platform,195965.5,44372.58,0.2356,0.1269,110,20,4.42,normal,No material exception,SYNTHETIC_DEMO_ONLY,-0.0819822667712018,0.059853014553560735,-0.011199999999999988,5.6,False
2025-04-28,Benelux,Enterprise,AI,228616.23,46592.04,0.2318,0.1427,146,22,4.91,normal,No material exception,SYNTHETIC_DEMO_ONLY,0.09023271859414406,0.13513315973711082,-0.006199999999999983,5.6,False
2025-04-28,Benelux,Enterprise,Automation,282396.6,62634.93,0.2582,0.1428,202,37,4.51,normal,No material exception,SYNTHETIC_DEMO_ONLY,0.09491975157429566,0.12623886863528688,0.025599999999999984,7.8,False
2025-04-28,Benelux,Enterprise,Cloud,340825.68,54131.84,0.1991,0.1138,220,43,6.3,normal,No material exception,SYNTHETIC_DEMO_ONLY,0.05345875636447617,-0.30888612265481874,-0.07279999999999998,10.2,False
2025-04-28,Benelux,Enterprise,Platform,341880.52,74394.92,0.2283,0.1355,213,39,4.6,normal,No material exception,SYNTHETIC_DEMO_ONLY,0.010379156407389623,0.04407079564048222,-0.032999999999999974,3.9,False
2025-04-28,DACH,Commercial,AI,223193.83,42685.99,0.2122,0.1234,144,21,5.23,normal,No material exception,SYNTHETIC_DEMO_ONLY,0.02373465055053403,-0.07998740440690577,-0.033,4.6,False
2025-04-28,DACH,Commercial,Automation,273243.99,72430.24,0.2652,0.1388,196,37,3.77,normal,No material exception,SYNTHETIC_DEMO_ONLY,-0.04473289969604177,0.3165237635114553,0.04479999999999998,6.9,False
2025-04-28,DACH,Commercial,Cloud,292178.36,65540.71,0.2353,0.1275,222,53,4.46,normal,No material exception,SYNTHETIC_DEMO_ONLY,0.09913209156817104,0.08503582284606415,-0.017799999999999983,7.2,False
2025-04-28,DACH,Commercial,Platform,334085.08,75108.58,0.2538,0.1481,214,41,4.45,normal,No material exception,SYNTHETIC_DEMO_ONLY,-0.010446314863090667,0.10750671063550943,-0.0042999999999999705,1.0,False
2025-04-28,DACH,Enterprise,AI,366942.09,63759.15,0.2157,0.1218,236,49,5.76,normal,No material exception,SYNTHETIC_DEMO_ONLY,0.04615676427557225,-0.3112137006347484,-0.05399999999999999,7.9,False
2025-04-28,DACH,Enterprise,Automation,467002.45,104130.51,0.2616,0.1334,295,57,4.48,normal,No material exception,SYNTHETIC_DEMO_ONLY,0.014448009909997284,-0.055899745439613735,-0.0015000000000000013,0.9,False
2025-04-28,DACH,Enterprise,Cloud,478047.92,110834.99,0.2621,0.1404,311,62,4.31,normal,No material exception,SYNTHETIC_DEMO_ONLY,-0.021797947900983772,-0.07736775873891011,-0.0126,2.5,False
2025-04-28,DACH,Enterprise,Platform,590874.91,159565.63,0.3055,0.1335,400,71,3.7,normal,No material exception,SYNTHETIC_DEMO_ONLY,-0.014915157903518272,0.16474748514371607,0.012899999999999967,2.1,False
2025-04-28,France,Commercial,AI,157882.62,29046.66,0.2135,0.1256,102,15,5.44,normal,No material exception,SYNTHETIC_DEMO_ONLY,0.06941736551087341,-0.13249477794389874,-0.04779999999999998,8.6,False
2025-04-28,France,Commercial,Automation,200087.92,43844.35,0.2499,0.1372,128,26,4.56,normal,No material exception,SYNTHETIC_DEMO_ONLY,0.043990553323876025,0.034527223841787746,-0.0012999999999999678,2.5,False
2025-04-28,France,Commercial,Cloud,234259.36,46998.75,0.2323,0.1227,169,31,4.98,normal,No material exception,SYNTHETIC_DEMO_ONLY,0.17072478387060075,0.22356476591672303,0.012300000000000005,10.6,False
2025-04-28,France,Commercial,Platform,214957.84,49848.81,0.2591,0.1429,142,28,4.31,normal,No material exception,SYNTHETIC_DEMO_ONLY,-0.12420810338098753,-0.06444521684556814,-0.0029000000000000137,7.1,False
2025-04-28,France,Enterprise,AI,265381.78,57518.05,0.253,0.1348,138,20,4.61,normal,No material exception,SYNTHETIC_DEMO_ONLY,-0.007623945771114471,0.03575287308715969,-0.0021999999999999797,0.6,False
2025-04-28,France,Enterprise,Automation,322427.23,71532.33,0.2395,0.1367,189,40,4.51,normal,No material exception,SYNTHETIC_DEMO_ONLY,-0.03217296850256224,-0.05568280107595591,-0.02310000000000001,4.1,False
2025-04-28,France,Enterprise,Cloud,373773.13,84462.49,0.264,0.1492,222,38,4.43,normal,No material exception,SYNTHETIC_DEMO_ONLY,-0.0587850388238792,-0.057585875318024615,-0.00539999999999996,3.8,False
2025-04-28,France,Enterprise,Platform,414421.6,91658.18,0.25,0.1234,258,47,4.52,normal,No material exception,SYNTHETIC_DEMO_ONLY,-0.024522747207512463,-0.046175055848152624,0.0007000000000000062,1.4,False
2025-04-28,Iberia,Commercial,AI,134018.79,31432.53,0.2596,0.1291,78,14,4.26,normal,No material exception,SYNTHETIC_DEMO_ONLY,0.17017596018466996,0.3868379683289882,0.0413,13.5,False
2025-04-28,Iberia,Commercial,Automation,151112.67,30887.44,0.2228,0.1368,92,19,4.89,normal,No material exception,SYNTHETIC_DEMO_ONLY,-0.003445967690879126,-0.01507358861485042,0.006000000000000005,0.8,False
2025-04-28,Iberia,Commercial,Cloud,193686.02,40979.7,0.2283,0.117,132,24,4.73,normal,No material exception,SYNTHETIC_DEMO_ONLY,0.2130182473157607,0.8288108090739668,0.06,17.7,False
2025-04-28,Iberia,Commercial,Platform,198641.43,41343.48,0.2643,0.1596,122,22,4.8,normal,No material exception,SYNTHETIC_DEMO_ONLY,0.03765315512405998,0.06753515158807666,0.024899999999999978,4.6,False
2025-04-28,Iberia,Enterprise,AI,196246.94,37098.24,0.2265,0.1315,107,20,5.29,normal,No material exception,SYNTHETIC_DEMO_ONLY,0.028901925636362735,-0.1411651215008054,-0.02890000000000001,4.5,False
2025-04-28,Iberia,Enterprise,Automation,261421.95,51004.09,0.238,0.1427,165,31,5.13,normal,No material exception,SYNTHETIC_DEMO_ONLY,0.13561013459542592,0.15665237219449235,-0.014800000000000035,8.9,False
2025-04-28,Iberia,Enterprise,Cloud,303443.29,62551.64,0.2447,0.1414,174,41,4.85,normal,No material exception,SYNTHETIC_DEMO_ONLY,-0.08230459656861133,-0.20927856619605967,-0.036900000000000016,8.2,False
2025-04-28,Iberia,Enterprise,Platform,350556.0,79319.34,0.2635,0.1522,237,50,4.42,normal,No material exception,SYNTHETIC_DEMO_ONLY,0.19231239512600706,0.11428497977145713,0.003599999999999992,10.9,False
2025-04-28,Nordics,Commercial,AI,135892.84,28172.01,0.2292,0.1199,86,18,4.82,normal,No material exception,SYNTHETIC_DEMO_ONLY,-0.1231156882997918,-0.006673184945526156,0.009699999999999986,7.7,False
2025-04-28,Nordics,Commercial,Automation,192423.61,40330.55,0.2224,0.1193,133,27,4.77,normal,No material exception,SYNTHETIC_DEMO_ONLY,0.00776918800109927,0.03602773937360371,-0.013900000000000023,1.8,False
2025-04-28,Nordics,Commercial,Cloud,205277.34,35283.04,0.2148,0.1183,121,24,5.82,normal,No material exception,SYNTHETIC_DEMO_ONLY,0.13077267952144034,-0.003540684261168492,-0.013500000000000012,8.5,False
2025-04-28,Nordics,Commercial,Platform,202095.6,34762.68,0.2135,0.1063,136,25,5.81,normal,No material exception,SYNTHETIC_DEMO_ONLY,-0.04417212767943879,-0.29995148771998925,-0.04140000000000002,6.6,False
2025-04-28,Nordics,Enterprise,AI,251169.76,50193.94,0.2646,0.1502,152,23,5.0,normal,No material exception,SYNTHETIC_DEMO_ONLY,0.03865094426267923,0.013549890343681259,0.0262,4.7,False
2025-04-28,Nordics,Enterprise,Automation,294288.17,61122.05,0.2308,0.1379,177,30,4.81,normal,No material exception,SYNTHETIC_DEMO_ONLY,0.07087606896777343,0.0781658107660208,-0.019600000000000006,5.9,False
2025-04-28,Nordics,Enterprise,Cloud,341253.27,73949.93,0.2443,0.1237,211,38,4.61,normal,No material exception,SYNTHETIC_DEMO_ONLY,-0.010048527608879976,-0.028621347704759548,-0.008500000000000035,1.4,False
2025-04-28,Nordics,Enterprise,Platform,389361.5,88959.38,0.2514,0.1585,245,56,4.38,normal,No material exception,SYNTHETIC_DEMO_ONLY,0.05290118507985064,-0.04521931237709631,-0.03789999999999999,6.7,False
2025-04-28,UKI,Commercial,AI,190720.01,38241.98,0.2478,0.1443,129,25,4.99,normal,No material exception,SYNTHETIC_DEMO_ONLY,-0.05280276649915738,-0.11462121340158848,0.030399999999999983,5.9,False
2025-04-28,UKI,Commercial,Automation,254093.02,55624.45,0.2417,0.1422,173,27,4.57,normal,No material exception,SYNTHETIC_DEMO_ONLY,0.0974835320037537,0.06586119657779,0.002700000000000008,5.6,False
2025-04-28,UKI,Commercial,Cloud,275377.69,54766.65,0.23,0.123,164,31,5.03,normal,No material exception,SYNTHETIC_DEMO_ONLY,-0.0448659082874896,-0.12895637756014933,-0.026400000000000007,5.1,False
2025-04-28,UKI,Commercial,Platform,293836.97,60489.88,0.2374,0.1202,198,33,4.86,normal,No material exception,SYNTHETIC_DEMO_ONLY,0.05490915495678128,-0.20619528474601945,-0.053700000000000025,8.4,False
2025-04-28,UKI,Enterprise,AI,285800.65,68855.5,0.2651,0.1546,196,37,4.15,normal,No material exception,SYNTHETIC_DEMO_ONLY,-0.07812516631932453,-0.09541618238841754,-0.0020999999999999908,4.5,False
2025-04-28,UKI,Enterprise,Automation,373349.73,69929.08,0.2212,0.1038,229,50,5.34,normal,No material exception,SYNTHETIC_DEMO_ONLY,-0.12694571576741398,-0.23320871668833043,-0.0069999999999999785,7.7,False
2025-04-28,UKI,Enterprise,Cloud,420745.34,80087.31,0.2079,0.1174,265,46,5.25,normal,No material exception,SYNTHETIC_DEMO_ONLY,-0.08325848252944756,0.056073324464076535,0.0002999999999999947,4.6,False
2025-04-28,UKI,Enterprise,Platform,484189.14,119629.66,0.264,0.1584,320,56,4.05,normal,No material exception,SYNTHETIC_DEMO_ONLY,0.04727372442897981,-0.03885239147509545,-0.02789999999999998,5.4,False
2025-05-05,Benelux,Commercial,AI,131523.78,31921.76,0.2592,0.1713,77,16,4.12,normal,No material exception,SYNTHETIC_DEMO_ONLY,-0.03771983028885861,0.17827037821058211,0.04269999999999999,6.3,False
2025-05-05,Benelux,Commercial,Automation,160773.62,28077.02,0.2089,0.1115,77,11,5.73,normal,No material exception,SYNTHETIC_DEMO_ONLY,-0.056664788683471246,-0.10136397213676596,-0.002799999999999997,3.4,False
2025-05-05,Benelux,Commercial,Cloud,216083.03,40895.69,0.2245,0.1347,113,21,5.28,normal,No material exception,SYNTHETIC_DEMO_ONLY,0.20265063644750625,0.3228219898827416,0.0174,12.9,False
2025-05-05,Benelux,Commercial,Platform,221282.43,49256.58,0.246,0.168,157,25,4.49,normal,No material exception,SYNTHETIC_DEMO_ONLY,-0.010716052113697305,-0.11946393332345351,-0.01990000000000003,2.6,False
2025-05-05,Benelux,Enterprise,AI,221131.41,48515.03,0.2429,0.14,133,21,4.56,normal,No material exception,SYNTHETIC_DEMO_ONLY,0.06543614306577394,0.28607291126274714,0.039599999999999996,7.6,False
2025-05-05,Benelux,Enterprise,Automation,280254.35,66715.08,0.2677,0.1712,197,38,4.2,normal,No material exception,SYNTHETIC_DEMO_ONLY,0.21099642004334962,0.2658096523585982,-0.0031999999999999806,11.9,False
2025-05-05,Benelux,Enterprise,Cloud,309360.1,55429.85,0.2001,0.1165,196,30,5.58,normal,No material exception,SYNTHETIC_DEMO_ONLY,-0.012188843657509496,-0.2844618462096127,-0.06169999999999998,6.8,False
2025-05-05,Benelux,Enterprise,Platform,348701.07,83130.59,0.2714,0.1534,214,42,4.19,normal,No material exception,SYNTHETIC_DEMO_ONLY,-0.02254140976454866,-0.049897024334715434,-0.008900000000000019,2.1,False
2025-05-05,DACH,Commercial,AI,219239.34,38487.16,0.2066,0.1193,171,25,5.7,normal,No material exception,SYNTHETIC_DEMO_ONLY,0.024080012634281944,-0.25345494115844247,-0.05990000000000001,7.3,False
2025-05-05,DACH,Commercial,Automation,260682.95,66985.14,0.2807,0.1559,157,25,3.89,normal,No material exception,SYNTHETIC_DEMO_ONLY,0.045387292801173595,0.353961914506433,0.04869999999999999,7.4,False
2025-05-05,DACH,Commercial,Cloud,322293.96,79785.07,0.2787,0.1639,231,44,4.04,normal,No material exception,SYNTHETIC_DEMO_ONLY,0.11875006443433844,0.2941199464932114,0.047500000000000014,11.3,False
2025-05-05,DACH,Commercial,Platform,352256.23,69576.52,0.2489,0.1432,219,43,5.06,normal,No material exception,SYNTHETIC_DEMO_ONLY,0.09378344849398856,-0.18069557220231158,-0.0368,8.8,False
2025-05-05,DACH,Enterprise,AI,356423.63,83524.47,0.2579,0.1509,242,44,4.27,normal,No material exception,SYNTHETIC_DEMO_ONLY,0.022804062730807928,-0.1106240557142062,-0.04019999999999996,5.3,False
2025-05-05,DACH,Enterprise,Automation,469620.43,102430.01,0.248,0.1545,305,62,4.58,normal,No material exception,SYNTHETIC_DEMO_ONLY,0.08641236253872608,-0.015274823185944753,-0.017500000000000016,6.5,False
2025-05-05,DACH,Enterprise,Cloud,474518.12,104812.17,0.2574,0.1433,300,58,4.53,normal,No material exception,SYNTHETIC_DEMO_ONLY,-0.13420675064874998,-0.23943505293693823,-0.008299999999999974,8.2,False
2025-05-05,DACH,Enterprise,Platform,629412.55,159722.08,0.2638,0.1413,392,55,3.94,normal,No material exception,SYNTHETIC_DEMO_ONLY,0.06951474429387705,-0.0155420537798453,-0.026900000000000035,6.5,False
2025-05-05,France,Commercial,AI,155736.92,34490.24,0.2369,0.1284,81,13,4.52,normal,No material exception,SYNTHETIC_DEMO_ONLY,-0.04748020381415441,-0.0355315641002123,0.0019000000000000128,2.8,False
2025-05-05,France,Commercial,Automation,195718.71,46179.76,0.2438,0.1383,129,25,4.24,normal,No material exception,SYNTHETIC_DEMO_ONLY,0.04491587576267686,0.07824760737760572,-0.0014000000000000123,2.6,False
2025-05-05,France,Commercial,Cloud,235767.64,37127.46,0.1873,0.1058,137,25,6.35,normal,No material exception,SYNTHETIC_DEMO_ONLY,0.11806335091829645,-0.14636781441644975,-0.04400000000000001,10.9,False
2025-05-05,France,Commercial,Platform,258454.68,57140.42,0.2396,0.1413,179,36,4.52,normal,No material exception,SYNTHETIC_DEMO_ONLY,0.03947838877291954,0.005252997660349701,-0.01959999999999998,4.1,False
2025-05-05,France,Enterprise,AI,256945.17,63921.5,0.272,0.1426,154,30,4.02,normal,No material exception,SYNTHETIC_DEMO_ONLY,0.10134974137404495,0.2740437222729586,0.02130000000000004,7.7,False
2025-05-05,France,Enterprise,Automation,312981.52,69537.93,0.2385,0.1268,185,33,4.5,normal,No material exception,SYNTHETIC_DEMO_ONLY,0.06782261252324884,-0.17657624800547078,-0.07200000000000001,10.9,False
2025-05-05,France,Enterprise,Cloud,388364.41,79858.86,0.2653,0.1287,256,51,4.86,normal,No material exception,SYNTHETIC_DEMO_ONLY,-0.01807754935004391,-0.02992009177626287,0.023999999999999994,3.4,False
2025-05-05,France,Enterprise,Platform,424013.28,106586.43,0.2745,0.1324,273,56,3.98,normal,No material exception,SYNTHETIC_DEMO_ONLY,0.020671120312269364,0.12054334137472855,-0.025399999999999978,3.7,False
2025-05-05,Iberia,Commercial,AI,111187.21,20182.12,0.2047,0.1189,62,12,5.51,normal,No material exception,SYNTHETIC_DEMO_ONLY,-0.041888589329736825,-0.10267510780772948,-0.019500000000000017,4.3,False
2025-05-05,Iberia,Commercial,Automation,161359.17,30402.73,0.2182,0.1255,117,22,5.31,normal,No material exception,SYNTHETIC_DEMO_ONLY,0.12630096597417229,0.0927849243727743,0.0022000000000000075,7.2,False
2025-05-05,Iberia,Commercial,Cloud,180238.99,31684.41,0.2116,0.1057,113,23,5.69,normal,No material exception,SYNTHETIC_DEMO_ONLY,0.03876294995807528,-0.21496585155554127,-0.04309999999999997,6.4,False
2025-05-05,Iberia,Commercial,Platform,204429.0,40195.56,0.2178,0.1162,133,21,5.09,normal,No material exception,SYNTHETIC_DEMO_ONLY,0.049672396171498656,0.09661509551017455,-0.01620000000000002,4.4,False
2025-05-05,Iberia,Enterprise,AI,198759.27,52494.75,0.274,0.1572,134,29,3.79,normal,No material exception,SYNTHETIC_DEMO_ONLY,0.028542894629232984,0.3136610640717805,0.05360000000000001,6.9,False
2025-05-05,Iberia,Enterprise,Automation,248639.74,59785.73,0.2571,0.1395,163,40,4.16,normal,No material exception,SYNTHETIC_DEMO_ONLY,-0.08511174184728809,-0.09772928164371997,-0.0040000000000000036,5.1,False
2025-05-05,Iberia,Enterprise,Cloud,318501.55,66254.5,0.2335,0.1381,214,35,4.81,normal,No material exception,SYNTHETIC_DEMO_ONLY,0.18147540892389813,-0.1342957742522164,-0.0733,17.3,False
2025-05-05,Iberia,Enterprise,Platform,340672.85,80936.74,0.2654,0.1446,234,37,4.21,normal,No material exception,SYNTHETIC_DEMO_ONLY,0.07316753930824782,0.0774138523409671,-0.019799999999999984,6.0,False
2025-05-05,Nordics,Commercial,AI,141394.86,27763.29,0.2093,0.1097,58,10,5.09,normal,No material exception,SYNTHETIC_DEMO_ONLY,-0.023842984061690053,0.05670676170318201,0.01770000000000002,3.1,False
2025-05-05,Nordics,Commercial,Automation,183302.81,43167.55,0.2718,0.1451,127,19,4.25,normal,No material exception,SYNTHETIC_DEMO_ONLY,0.08884552186027328,0.07140126986995043,0.0016999999999999793,5.1,False
2025-05-05,Nordics,Commercial,Cloud,210526.89,46367.61,0.2384,0.1276,126,21,4.54,normal,No material exception,SYNTHETIC_DEMO_ONLY,0.07181118860540914,0.21924379848334774,0.015500000000000014,5.5,False
2025-05-05,Nordics,Commercial,Platform,221133.04,44826.21,0.2307,0.1284,123,23,4.93,normal,No material exception,SYNTHETIC_DEMO_ONLY,-0.03919027008101883,-0.032720671296391224,-0.016500000000000015,3.8,False
2025-05-05,Nordics,Enterprise,AI,251867.6,50662.04,0.2627,0.1305,170,26,4.97,normal,No material exception,SYNTHETIC_DEMO_ONLY,0.07763831902223273,0.04395521517675838,0.028799999999999992,7.2,False
2025-05-05,Nordics,Enterprise,Automation,305150.02,57453.93,0.2295,0.1109,221,47,5.31,normal,No material exception,SYNTHETIC_DEMO_ONLY,-0.007753730182389784,-0.30213488390906007,-0.05310000000000001,5.7,False
2025-05-05,Nordics,Enterprise,Cloud,308451.52,87886.93,0.2888,0.177,182,29,3.51,normal,No material exception,SYNTHETIC_DEMO_ONLY,-0.023352849715372548,0.2427220310257261,0.05840000000000001,7.1,False
2025-05-05,Nordics,Enterprise,Platform,367001.81,89494.91,0.2803,0.1477,248,44,4.1,normal,No material exception,SYNTHETIC_DEMO_ONLY,-0.0762272147657933,-0.007342203355351962,0.009299999999999975,5.1,False
2025-05-05,UKI,Commercial,AI,186815.49,40927.89,0.2502,0.1301,120,23,4.56,normal,No material exception,SYNTHETIC_DEMO_ONLY,-0.04442492986849811,-0.05314243133077945,-0.006900000000000017,3.1,False
2025-05-05,UKI,Commercial,Automation,232138.01,56791.81,0.271,0.1419,174,30,4.09,normal,No material exception,SYNTHETIC_DEMO_ONLY,0.0361112457552506,0.2964307857229602,0.05610000000000001,7.6,False
2025-05-05,UKI,Commercial,Cloud,273846.45,58717.86,0.2564,0.1505,182,37,4.66,normal,No material exception,SYNTHETIC_DEMO_ONLY,0.12998611029558416,0.2884346922806522,0.03210000000000002,10.4,False
2025-05-05,UKI,Commercial,Platform,258591.57,57077.64,0.2328,0.136,138,29,4.53,normal,No material exception,SYNTHETIC_DEMO_ONLY,-0.1378805626269508,-0.10899120927599104,-0.019000000000000017,9.5,False
2025-05-05,UKI,Enterprise,AI,309649.0,78620.84,0.268,0.166,181,36,3.94,normal,No material exception,SYNTHETIC_DEMO_ONLY,-0.01532827039029927,-0.00502619656280856,0.017900000000000027,2.6,False
2025-05-05,UKI,Enterprise,Automation,387194.62,83922.48,0.2349,0.1261,241,37,4.61,normal,No material exception,SYNTHETIC_DEMO_ONLY,-0.0051285922564114905,0.02440144412898726,-0.014600000000000002,1.7,False
2025-05-05,UKI,Enterprise,Cloud,427355.03,99385.75,0.2618,0.1443,286,49,4.3,normal,No material exception,SYNTHETIC_DEMO_ONLY,-0.020110058218557825,-0.18026962603718188,-0.03090000000000004,4.2,False
2025-05-05,UKI,Enterprise,Platform,509498.76,155410.71,0.3045,0.1725,325,72,3.28,normal,No material exception,SYNTHETIC_DEMO_ONLY,-0.02744159901435972,0.5478176975677034,0.05939999999999998,7.4,False
2025-05-12,Benelux,Commercial,AI,127879.81,28445.79,0.2519,0.1458,69,11,4.5,normal,No material exception,SYNTHETIC_DEMO_ONLY,0.007272965865620318,0.20814259976402694,0.036500000000000005,4.1,False
2025-05-12,Benelux,Commercial,Automation,178938.0,43145.81,0.2513,0.1282,102,18,4.15,normal,No material exception,SYNTHETIC_DEMO_ONLY,0.04237019479969484,0.1905829676844677,0.02510000000000001,4.8,False
2025-05-12,Benelux,Commercial,Cloud,206447.83,45007.06,0.2562,0.1289,135,25,4.59,normal,No material exception,SYNTHETIC_DEMO_ONLY,0.03348667176148323,0.10667837102826261,0.005299999999999971,2.4,False
2025-05-12,Benelux,Commercial,Platform,222888.13,39378.9,0.2174,0.1426,133,29,5.66,normal,No material exception,SYNTHETIC_DEMO_ONLY,0.0732178170386375,-0.09578993267832525,-0.032299999999999995,7.3,False
2025-05-12,Benelux,Enterprise,AI,216150.77,50990.33,0.2525,0.1332,133,17,4.24,normal,No material exception,SYNTHETIC_DEMO_ONLY,-0.12014545085678774,0.10789848943070801,0.026100000000000012,9.2,False
2025-05-12,Benelux,Enterprise,Automation,293758.06,57432.48,0.2096,0.1198,196,31,5.11,normal,No material exception,SYNTHETIC_DEMO_ONLY,0.09842093842845578,0.06205455688274286,-0.0184,7.3,False
2025-05-12,Benelux,Enterprise,Cloud,326430.74,72060.02,0.2421,0.1463,226,42,4.53,normal,No material exception,SYNTHETIC_DEMO_ONLY,0.02398461206479685,0.021755908167905513,-0.0020999999999999908,1.5,False
2025-05-12,Benelux,Enterprise,Platform,378004.2,83602.16,0.262,0.137,235,53,4.52,normal,No material exception,SYNTHETIC_DEMO_ONLY,0.12198897346421678,0.11781132848443954,0.011199999999999988,7.8,False
2025-05-12,DACH,Commercial,AI,205277.39,36921.21,0.2153,0.1427,131,23,5.56,normal,No material exception,SYNTHETIC_DEMO_ONLY,-0.10703594413074635,-0.11132482155472145,0.0006999999999999784,6.0,False
2025-05-12,DACH,Commercial,Automation,271942.15,43967.66,0.1915,0.1225,172,31,6.19,normal,No material exception,SYNTHETIC_DEMO_ONLY,0.08171674098355419,-0.10597913609848619,-0.0353,8.0,False
2025-05-12,DACH,Commercial,Cloud,306623.13,64522.55,0.2471,0.1456,217,36,4.75,normal,No material exception,SYNTHETIC_DEMO_ONLY,0.05816369164840873,0.0671096463098022,0.005899999999999989,3.8,False
2025-05-12,DACH,Commercial,Platform,328734.35,75161.02,0.2636,0.1608,223,46,4.37,normal,No material exception,SYNTHETIC_DEMO_ONLY,-0.08300953776849995,0.06103913227488755,0.020900000000000002,6.7,False
2025-05-12,DACH,Enterprise,AI,362591.28,80302.26,0.2606,0.1535,247,48,4.52,normal,No material exception,SYNTHETIC_DEMO_ONLY,0.051354357330711364,-0.04978400056419707,-0.0247,5.3,False
2025-05-12,DACH,Enterprise,Automation,476746.62,130215.41,0.3002,0.1823,318,63,3.66,normal,No material exception,SYNTHETIC_DEMO_ONLY,0.05301043405453032,0.21953682190725732,0.030600000000000016,6.0,False
2025-05-12,DACH,Enterprise,Cloud,501437.91,119827.61,0.2638,0.1519,302,65,4.18,normal,No material exception,SYNTHETIC_DEMO_ONLY,-0.05442441514094132,-0.02647009360145003,0.006599999999999995,3.7,False
2025-05-12,DACH,Enterprise,Platform,546560.77,144422.97,0.2976,0.17,349,60,3.78,normal,No material exception,SYNTHETIC_DEMO_ONLY,-0.04516639929639821,0.07332896291368729,0.0348,6.0,False
2025-05-12,France,Commercial,AI,168097.75,36003.81,0.2341,0.117,125,28,4.67,normal,No material exception,SYNTHETIC_DEMO_ONLY,0.0011232860819845314,-0.012727340034194401,0.006399999999999989,0.7,False
2025-05-12,France,Commercial,Automation,179834.46,35899.34,0.2322,0.1145,125,19,5.01,normal,No material exception,SYNTHETIC_DEMO_ONLY,-0.13118727467072488,-0.30829748071145324,-0.029700000000000032,10.2,False
2025-05-12,France,Commercial,Cloud,225799.94,43992.56,0.2357,0.1497,155,31,5.13,normal,No material exception,SYNTHETIC_DEMO_ONLY,0.06544218481199016,0.1010526842698034,0.01899999999999999,5.5,False
2025-05-12,France,Commercial,Platform,260438.47,60418.19,0.2538,0.1308,156,32,4.31,normal,No material exception,SYNTHETIC_DEMO_ONLY,-0.007362120229643554,0.010729071660529499,0.009200000000000014,1.3,False
2025-05-12,France,Enterprise,AI,238362.78,46677.03,0.2651,0.1467,163,27,5.11,normal,No material exception,SYNTHETIC_DEMO_ONLY,-0.06973488221683699,-0.2118987559769835,0.004500000000000004,4.3,False
2025-05-12,France,Enterprise,Automation,337583.49,88414.78,0.2822,0.1689,207,37,3.82,normal,No material exception,SYNTHETIC_DEMO_ONLY,0.010376529720829142,-0.011820628484314644,-0.013899999999999968,2.0,False
2025-05-12,France,Enterprise,Cloud,381933.94,83117.73,0.2586,0.1496,238,50,4.6,normal,No material exception,SYNTHETIC_DEMO_ONLY,0.08137288799943021,0.05206004095450467,0.013300000000000006,5.8,False
2025-05-12,France,Enterprise,Platform,395046.03,102597.96,0.2742,0.1655,270,54,3.85,normal,No material exception,SYNTHETIC_DEMO_ONLY,-0.08171613718389903,-0.06096516578275735,-0.005800000000000027,5.1,False
2025-05-12,Iberia,Commercial,AI,115853.89,25801.06,0.2393,0.1326,63,13,4.49,normal,No material exception,SYNTHETIC_DEMO_ONLY,-0.13842998284949448,0.09833715181375702,0.01670000000000002,9.3,False
2025-05-12,Iberia,Commercial,Automation,155651.92,27682.61,0.2202,0.1224,85,14,5.62,normal,No material exception,SYNTHETIC_DEMO_ONLY,-0.005127699696339194,-0.2244342377759051,-0.031899999999999984,3.5,False
2025-05-12,Iberia,Commercial,Cloud,160021.51,38623.94,0.2523,0.147,102,20,4.14,normal,No material exception,SYNTHETIC_DEMO_ONLY,-0.09243009219784226,0.10191283052586297,0.03840000000000002,8.9,False
2025-05-12,Iberia,Commercial,Platform,192381.44,40220.39,0.233,0.1391,128,26,4.78,normal,No material exception,SYNTHETIC_DEMO_ONLY,-0.06497177585114,-0.17732991123348996,-0.026499999999999996,6.2,False
2025-05-12,Iberia,Enterprise,AI,215364.78,41572.27,0.2362,0.1455,154,33,5.18,normal,No material exception,SYNTHETIC_DEMO_ONLY,0.010645991931529819,-0.08902921937551178,-0.03559999999999999,4.1,False
2025-05-12,Iberia,Enterprise,Automation,269129.7,64311.09,0.2898,0.1666,164,30,4.18,normal,No material exception,SYNTHETIC_DEMO_ONLY,-0.01672073496891391,-0.020986401516950526,0.03539999999999999,4.5,False
2025-05-12,Iberia,Enterprise,Cloud,294654.92,65741.2,0.2468,0.1375,200,39,4.48,normal,No material exception,SYNTHETIC_DEMO_ONLY,0.07826164217695353,-0.08786993212705152,-0.044300000000000034,8.7,False
2025-05-12,Iberia,Enterprise,Platform,298593.51,71930.86,0.2594,0.1455,186,36,4.15,normal,No material exception,SYNTHETIC_DEMO_ONLY,-0.10573478452232254,-0.13114178659174425,-0.019399999999999973,7.8,False
2025-05-12,Nordics,Commercial,AI,127449.14,22433.13,0.2203,0.1298,89,17,5.68,normal,No material exception,SYNTHETIC_DEMO_ONLY,-0.06533708227729274,-0.21845723453289045,0.0013999999999999846,3.7,False
2025-05-12,Nordics,Commercial,Automation,172937.59,38265.81,0.2276,0.1236,103,16,4.52,normal,No material exception,SYNTHETIC_DEMO_ONLY,-0.05060462077730288,0.19038806482741366,0.013600000000000001,4.1,False
2025-05-12,Nordics,Commercial,Cloud,188951.04,40348.5,0.2463,0.1183,124,24,4.68,normal,No material exception,SYNTHETIC_DEMO_ONLY,-0.10345668569001376,0.001150559536183371,0.008899999999999991,6.6,False
2025-05-12,Nordics,Commercial,Platform,228674.09,57663.61,0.2482,0.1334,142,18,3.97,normal,No material exception,SYNTHETIC_DEMO_ONLY,0.042940637730807474,0.12506326377472354,-0.03219999999999998,5.6,False
2025-05-12,Nordics,Enterprise,AI,237601.38,58923.16,0.2627,0.1499,145,31,4.03,normal,No material exception,SYNTHETIC_DEMO_ONLY,-0.043527382895180766,0.020084299594394617,-0.024900000000000033,4.9,False
2025-05-12,Nordics,Enterprise,Automation,295762.08,62252.1,0.2611,0.1716,186,38,4.75,normal,No material exception,SYNTHETIC_DEMO_ONLY,-0.04124401409791878,-0.045711118217151125,0.03040000000000001,5.3,False
2025-05-12,Nordics,Enterprise,Cloud,312372.32,71025.48,0.2542,0.1179,223,34,4.4,normal,No material exception,SYNTHETIC_DEMO_ONLY,-0.06525241947217031,-0.14049062315188587,-0.020199999999999996,5.6,False
2025-05-12,Nordics,Enterprise,Platform,365717.0,94695.12,0.3122,0.1751,246,50,3.86,normal,No material exception,SYNTHETIC_DEMO_ONLY,0.09630151980436441,0.0840707569493433,0.026099999999999957,7.9,False
2025-05-12,UKI,Commercial,AI,186338.67,41855.74,0.2402,0.1499,111,23,4.45,normal,No material exception,SYNTHETIC_DEMO_ONLY,-0.04565459374064984,0.006917549212510643,0.009899999999999992,3.5,False
2025-05-12,UKI,Commercial,Automation,218998.82,43247.42,0.2237,0.1267,137,21,5.06,normal,No material exception,SYNTHETIC_DEMO_ONLY,-0.0663073309040424,0.05212962523704734,0.03160000000000002,6.8,False
2025-05-12,UKI,Commercial,Cloud,272773.24,67170.13,0.2511,0.158,164,27,4.06,normal,No material exception,SYNTHETIC_DEMO_ONLY,-0.0672119224746971,0.08539700293979302,0.026599999999999985,6.4,False
2025-05-12,UKI,Commercial,Platform,322715.29,65384.15,0.2506,0.1519,200,35,4.94,normal,No material exception,SYNTHETIC_DEMO_ONLY,0.04080343121829544,-0.1409583657960739,0.004999999999999977,2.7,False
2025-05-12,UKI,Enterprise,AI,331559.43,77862.55,0.2608,0.1403,207,36,4.26,normal,No material exception,SYNTHETIC_DEMO_ONLY,-0.00012328094626934405,-0.028717994649017697,0.010499999999999954,1.1,False
2025-05-12,UKI,Enterprise,Automation,393661.21,80952.73,0.2327,0.1122,252,52,4.86,normal,No material exception,SYNTHETIC_DEMO_ONLY,0.018584227647156837,-0.194429581339419,-0.046300000000000036,5.7,False
2025-05-12,UKI,Enterprise,Cloud,438908.18,91351.26,0.2355,0.1281,256,36,4.8,normal,No material exception,SYNTHETIC_DEMO_ONLY,0.08056363945761791,-0.05699588944655154,-0.02779999999999999,7.2,False
2025-05-12,UKI,Enterprise,Platform,472777.84,111253.57,0.2687,0.1359,321,63,4.25,normal,No material exception,SYNTHETIC_DEMO_ONLY,-0.04633682884346635,-0.11505245482537452,-0.03150000000000003,5.7,False
2025-05-19,Benelux,Commercial,AI,117192.22,22271.14,0.2009,0.1146,74,12,5.26,normal,No material exception,SYNTHETIC_DEMO_ONLY,-0.1633603762443967,-0.22764266551252488,-0.026300000000000018,11.6,False
2025-05-19,Benelux,Commercial,Automation,173539.34,38372.85,0.2577,0.1497,122,23,4.52,normal,No material exception,SYNTHETIC_DEMO_ONLY,0.007008408267852317,0.47839097358511506,0.09089999999999998,9.5,False
2025-05-19,Benelux,Commercial,Cloud,181774.4,32674.89,0.1996,0.1102,90,16,5.56,normal,No material exception,SYNTHETIC_DEMO_ONLY,-0.07250207951052234,-0.2449234071296571,-0.04150000000000001,8.1,False
2025-05-19,Benelux,Commercial,Platform,211248.55,49586.78,0.2554,0.1317,126,22,4.26,normal,No material exception,SYNTHETIC_DEMO_ONLY,0.06345681565467509,0.23215183362509473,0.03160000000000002,6.7,False
2025-05-19,Benelux,Enterprise,AI,208713.2,42940.4,0.2121,0.1072,155,35,4.86,normal,No material exception,SYNTHETIC_DEMO_ONLY,-0.1692948443855704,-0.20834741388830358,-0.028999999999999998,12.2,False
2025-05-19,Benelux,Enterprise,Automation,269593.82,46952.78,0.2277,0.1365,171,34,5.74,normal,No material exception,SYNTHETIC_DEMO_ONLY,0.017455882312980897,-0.1339635688622357,-0.011699999999999988,2.1,False
2025-05-19,Benelux,Enterprise,Cloud,296569.29,69562.02,0.2677,0.1743,198,35,4.26,normal,No material exception,SYNTHETIC_DEMO_ONLY,-0.12221375751867292,-0.09039612516863338,0.0014000000000000123,6.9,False
2025-05-19,Benelux,Enterprise,Platform,327861.6,58800.78,0.2377,0.1474,235,45,5.58,normal,No material exception,SYNTHETIC_DEMO_ONLY,-0.03752837223991268,-0.32415716447693055,-0.06200000000000003,8.3,False
2025-05-19,DACH,Commercial,AI,226814.44,45755.18,0.2222,0.1547,144,25,4.96,normal,No material exception,SYNTHETIC_DEMO_ONLY,0.04892498046339733,-0.1909482039138467,-0.05080000000000001,7.8,False
2025-05-19,DACH,Commercial,Automation,273783.77,47996.48,0.2042,0.1258,193,33,5.7,normal,No material exception,SYNTHETIC_DEMO_ONLY,0.07315274789054005,0.13294503515337786,0.005299999999999999,4.6,False
2025-05-19,DACH,Commercial,Cloud,306134.51,68573.76,0.2629,0.1719,214,44,4.46,normal,No material exception,SYNTHETIC_DEMO_ONLY,-0.08804973104670222,0.10599699105315707,0.05460000000000001,10.3,False
2025-05-19,DACH,Commercial,Platform,347766.4,85628.3,0.276,0.1556,194,33,4.06,normal,No material exception,SYNTHETIC_DEMO_ONLY,-0.11358187996504543,-0.19820385858593426,-0.015499999999999958,7.8,False
2025-05-19,DACH,Enterprise,AI,357086.54,73973.48,0.2406,0.1487,250,35,4.83,normal,No material exception,SYNTHETIC_DEMO_ONLY,-0.008521676196295958,0.02957398074256945,-0.013700000000000018,1.8,False
2025-05-19,DACH,Enterprise,Automation,435285.34,108640.69,0.2527,0.1361,272,53,4.01,normal,No material exception,SYNTHETIC_DEMO_ONLY,0.08864132211975839,0.40871606408476313,0.007699999999999985,5.6,False
2025-05-19,DACH,Enterprise,Cloud,489822.23,103889.06,0.2601,0.1286,317,68,4.71,normal,No material exception,SYNTHETIC_DEMO_ONLY,0.07459821492722041,-0.10746458971823247,-0.016500000000000015,5.8,False
2025-05-19,DACH,Enterprise,Platform,580666.14,133859.98,0.2759,0.1458,373,60,4.34,normal,No material exception,SYNTHETIC_DEMO_ONLY,0.04162074517197145,-0.13421219927920847,-0.011300000000000032,3.4,False
2025-05-19,France,Commercial,AI,173467.36,39818.98,0.2621,0.1487,109,17,4.36,normal,No material exception,SYNTHETIC_DEMO_ONLY,0.054032072787712604,0.18444288709251389,0.037500000000000006,6.7,False
2025-05-19,France,Commercial,Automation,196057.82,38715.19,0.2052,0.1102,129,28,5.06,normal,No material exception,SYNTHETIC_DEMO_ONLY,0.07013267751362928,0.09499343120298787,-0.008599999999999997,4.7,False
2025-05-19,France,Commercial,Cloud,232390.9,45783.52,0.2291,0.1218,133,25,5.08,normal,No material exception,SYNTHETIC_DEMO_ONLY,0.03965453128176333,0.00593340828550315,-9.999999999998899e-05,2.2,False
2025-05-19,France,Commercial,Platform,247759.88,51170.74,0.23,0.1274,183,31,4.84,normal,No material exception,SYNTHETIC_DEMO_ONLY,0.014619687382647628,0.01947818692899239,-0.012499999999999983,2.1,False
2025-05-19,France,Enterprise,AI,238351.14,65832.56,0.3005,0.1634,142,27,3.62,normal,No material exception,SYNTHETIC_DEMO_ONLY,-0.05810542932937779,0.18235802916142219,0.04149999999999998,7.3,False
2025-05-19,France,Enterprise,Automation,356281.5,77207.88,0.2494,0.1529,214,39,4.61,normal,No material exception,SYNTHETIC_DEMO_ONLY,0.1381270873202194,0.26643519949977645,0.016000000000000014,9.2,False
2025-05-19,France,Enterprise,Cloud,391968.56,90154.77,0.2522,0.142,269,58,4.35,normal,No material exception,SYNTHETIC_DEMO_ONLY,-0.10603560124749045,-0.004250295368026236,-0.003100000000000047,6.1,False
2025-05-19,France,Enterprise,Platform,399715.08,87044.85,0.2461,0.1183,242,49,4.59,normal,No material exception,SYNTHETIC_DEMO_ONLY,-0.0847641720649881,-0.23445006164338866,-0.06809999999999997,11.5,False
2025-05-19,Iberia,Commercial,AI,124592.38,26536.12,0.24,0.1341,86,19,4.7,normal,No material exception,SYNTHETIC_DEMO_ONLY,0.0007692578938494066,-0.01300208400825864,0.008699999999999986,0.9,False
2025-05-19,Iberia,Commercial,Automation,160491.74,34692.09,0.2305,0.1267,99,17,4.63,normal,No material exception,SYNTHETIC_DEMO_ONLY,0.04013393207517524,0.21251326379539548,0.00520000000000001,2.7,False
2025-05-19,Iberia,Commercial,Cloud,168385.28,39203.8,0.2421,0.1409,127,21,4.3,normal,No material exception,SYNTHETIC_DEMO_ONLY,-0.13204586889107783,0.008542971599919014,0.024300000000000016,9.7,False
2025-05-19,Iberia,Commercial,Platform,186626.45,31978.31,0.225,0.1171,132,24,5.84,normal,No material exception,SYNTHETIC_DEMO_ONLY,-0.004827236951020053,-0.3074396349117383,-0.038199999999999984,4.1,False
2025-05-19,Iberia,Enterprise,AI,205382.57,41285.45,0.2213,0.1162,144,23,4.97,normal,No material exception,SYNTHETIC_DEMO_ONLY,-0.0533799806797538,-0.19026973128466718,-0.05059999999999998,8.0,False
2025-05-19,Iberia,Enterprise,Automation,250993.05,48986.66,0.2351,0.1234,171,30,5.12,normal,No material exception,SYNTHETIC_DEMO_ONLY,0.08785344622010727,-0.10777855590151197,-0.02169999999999997,7.0,False
2025-05-19,Iberia,Enterprise,Cloud,286261.21,66342.26,0.2438,0.1369,186,34,4.31,normal,No material exception,SYNTHETIC_DEMO_ONLY,-0.01681430703956388,0.3189948067094268,0.029899999999999982,3.9,False
2025-05-19,Iberia,Enterprise,Platform,292848.72,59361.37,0.2517,0.1364,211,43,4.93,normal,No material exception,SYNTHETIC_DEMO_ONLY,-0.11088965313615051,-0.02366777970795564,0.03469999999999998,9.6,False
2025-05-19,Nordics,Commercial,AI,155509.99,30474.97,0.2151,0.118,81,13,5.1,normal,No material exception,SYNTHETIC_DEMO_ONLY,0.1106007278359582,0.3890388206536033,0.04310000000000003,10.4,False
2025-05-19,Nordics,Commercial,Automation,190606.7,33634.87,0.2029,0.1016,139,25,5.67,normal,No material exception,SYNTHETIC_DEMO_ONLY,0.038792353143849656,-0.19733873867983132,-0.05810000000000001,7.9,False
2025-05-19,Nordics,Commercial,Cloud,191847.38,40134.99,0.2223,0.1214,125,25,4.78,normal,No material exception,SYNTHETIC_DEMO_ONLY,-0.018086444683782954,-0.07101381848482746,-0.01150000000000001,2.1,False
2025-05-19,Nordics,Commercial,Platform,242812.81,44512.19,0.2088,0.1117,149,23,5.45,normal,No material exception,SYNTHETIC_DEMO_ONLY,0.028127630653710156,-0.05814638956246476,0.008800000000000002,2.4,False
2025-05-19,Nordics,Enterprise,AI,223019.16,44743.38,0.2288,0.1292,134,23,4.98,normal,No material exception,SYNTHETIC_DEMO_ONLY,0.011613045802266297,-0.22399858894265923,-0.059699999999999975,6.6,False
2025-05-19,Nordics,Enterprise,Automation,279337.65,68418.74,0.2691,0.1346,177,26,4.08,normal,No material exception,SYNTHETIC_DEMO_ONLY,-0.05479990344219632,-0.03157091658504263,-0.030299999999999994,6.0,False
2025-05-19,Nordics,Enterprise,Cloud,320610.15,61736.79,0.2353,0.1368,209,43,5.19,normal,No material exception,SYNTHETIC_DEMO_ONLY,-0.12612174368681106,-0.15844345656448244,-0.0011999999999999789,7.1,False
2025-05-19,Nordics,Enterprise,Platform,368730.71,79710.55,0.2428,0.1331,222,43,4.63,normal,No material exception,SYNTHETIC_DEMO_ONLY,-0.09205500038671244,-0.11496071367583327,-0.002600000000000019,5.3,False
2025-05-19,UKI,Commercial,AI,173331.66,39863.55,0.2669,0.1478,97,22,4.35,normal,No material exception,SYNTHETIC_DEMO_ONLY,-0.07358169778838664,0.022823403173857226,0.05020000000000002,9.1,False
2025-05-19,UKI,Commercial,Automation,231729.69,42812.81,0.2214,0.1469,140,24,5.41,normal,No material exception,SYNTHETIC_DEMO_ONLY,0.0009670167255406703,-0.17418196625150872,-0.0126,1.3,False
2025-05-19,UKI,Commercial,Cloud,292683.16,55552.59,0.216,0.1083,183,42,5.27,normal,No material exception,SYNTHETIC_DEMO_ONLY,0.03429626189760904,-0.11320259255227072,-0.031200000000000006,5.0,False
2025-05-19,UKI,Commercial,Platform,254648.36,56084.75,0.2624,0.1322,165,25,4.54,normal,No material exception,SYNTHETIC_DEMO_ONLY,-0.1472295195711668,-0.21088917294597775,-0.002899999999999958,8.4,False
2025-05-19,UKI,Enterprise,AI,271181.88,56432.37,0.2463,0.1385,165,20,4.81,normal,No material exception,SYNTHETIC_DEMO_ONLY,-0.07784968333139675,-0.19052757656171548,-0.0189,6.2,False
2025-05-19,UKI,Enterprise,Automation,366875.98,86653.81,0.2502,0.1367,238,49,4.23,normal,No material exception,SYNTHETIC_DEMO_ONLY,-0.01754144765654231,-0.11148474163901867,-0.04310000000000003,5.3,False
2025-05-19,UKI,Enterprise,Cloud,516526.15,125536.35,0.2685,0.1338,320,72,4.11,normal,No material exception,SYNTHETIC_DEMO_ONLY,0.02090863265096221,0.09003438735620595,0.01150000000000001,2.3,False
2025-05-19,UKI,Enterprise,Platform,515340.43,136407.46,0.2972,0.1714,337,53,3.78,normal,No material exception,SYNTHETIC_DEMO_ONLY,0.04895546846404941,0.007015204802697683,-0.01899999999999996,4.6,False
2025-05-26,Benelux,Commercial,AI,150769.45,32633.67,0.2446,0.121,99,18,4.62,normal,No material exception,SYNTHETIC_DEMO_ONLY,0.10014525151731135,0.06862569167967236,-0.0070999999999999674,6.2,False
2025-05-26,Benelux,Commercial,Automation,168565.63,32739.55,0.2279,0.1085,125,22,5.15,normal,No material exception,SYNTHETIC_DEMO_ONLY,0.004855766344739276,-0.09526763754939627,-0.02579999999999999,2.8,False
2025-05-26,Benelux,Commercial,Cloud,184382.0,40058.82,0.2562,0.1371,124,22,4.6,normal,No material exception,SYNTHETIC_DEMO_ONLY,-0.00011876104572627888,0.34909978782878115,0.06449999999999997,6.5,False
2025-05-26,Benelux,Commercial,Platform,207162.65,40100.61,0.2373,0.132,139,24,5.17,normal,No material exception,SYNTHETIC_DEMO_ONLY,0.057138373846416846,-0.09627499685616658,0.001700000000000007,3.3,False
2025-05-26,Benelux,Enterprise,AI,209736.25,48623.51,0.2758,0.1536,128,22,4.31,normal,No material exception,SYNTHETIC_DEMO_ONLY,-0.08258372557363935,0.04360122458686089,0.043999999999999984,8.9,False
2025-05-26,Benelux,Enterprise,Automation,288165.03,59862.34,0.2309,0.1347,179,44,4.81,normal,No material exception,SYNTHETIC_DEMO_ONLY,0.02042669777185724,-0.044265875287160084,-0.02729999999999999,3.9,False
2025-05-26,Benelux,Enterprise,Cloud,311118.56,70336.71,0.2457,0.1161,195,35,4.42,normal,No material exception,SYNTHETIC_DEMO_ONLY,-0.08716221148594205,0.29935930498575347,0.0466,9.5,False
2025-05-26,Benelux,Enterprise,Platform,324969.78,62940.82,0.2313,0.1184,209,31,5.16,normal,No material exception,SYNTHETIC_DEMO_ONLY,-0.049463888729313954,-0.1539634695487272,0.0030000000000000027,3.0,False
2025-05-26,DACH,Commercial,AI,216333.16,46432.9,0.2464,0.1381,135,25,4.66,normal,No material exception,SYNTHETIC_DEMO_ONLY,-0.030738618536184426,0.08777844908833088,0.03420000000000001,5.1,False
2025-05-26,DACH,Commercial,Automation,239467.86,48038.77,0.2316,0.128,156,35,4.98,normal,No material exception,SYNTHETIC_DEMO_ONLY,-0.12361161173206414,-0.33675809993174133,-0.03359999999999999,10.2,False
2025-05-26,DACH,Commercial,Cloud,289725.22,60311.04,0.2422,0.143,195,35,4.8,normal,No material exception,SYNTHETIC_DEMO_ONLY,-0.008396035900810728,-0.07979269678341916,0.0068999999999999895,1.2,False
2025-05-26,DACH,Commercial,Platform,368614.73,70962.78,0.2353,0.1152,232,52,5.19,normal,No material exception,SYNTHETIC_DEMO_ONLY,0.10335585773540079,-0.05519742218532164,-0.018500000000000016,7.5,False
2025-05-26,DACH,Enterprise,AI,357616.32,89153.84,0.2662,0.1727,215,37,4.01,normal,No material exception,SYNTHETIC_DEMO_ONLY,-0.0254148277184556,0.39829091197106603,0.05049999999999999,6.4,False
2025-05-26,DACH,Enterprise,Automation,374924.69,87286.55,0.2431,0.1384,238,39,4.3,normal,No material exception,SYNTHETIC_DEMO_ONLY,-0.1971676165724613,-0.16175816290537703,-0.01849999999999999,12.7,False
2025-05-26,DACH,Enterprise,Cloud,494796.1,100013.51,0.2281,0.1417,330,56,4.95,normal,No material exception,SYNTHETIC_DEMO_ONLY,0.035034521225403514,-0.0976359541332571,-0.034,5.3,False
2025-05-26,DACH,Enterprise,Platform,542580.24,135017.16,0.262,0.1525,331,69,4.02,normal,No material exception,SYNTHETIC_DEMO_ONLY,-0.08173416942005551,-0.15384559945647447,-0.04349999999999998,8.8,False
2025-05-26,France,Commercial,AI,156252.61,34774.63,0.2209,0.1398,89,15,4.49,normal,No material exception,SYNTHETIC_DEMO_ONLY,-0.010324188944926371,0.19719892063321565,0.007400000000000018,1.3,False
2025-05-26,France,Commercial,Automation,197029.34,28513.88,0.1871,0.0915,119,20,6.91,normal,No material exception,SYNTHETIC_DEMO_ONLY,-0.015286180195186239,-0.34965668324424926,-0.06280000000000002,7.1,False
2025-05-26,France,Commercial,Cloud,231111.15,42266.07,0.2046,0.1162,140,19,5.47,normal,No material exception,SYNTHETIC_DEMO_ONLY,-0.013438993430187729,-0.10069799728716189,-0.027700000000000002,3.5,False
2025-05-26,France,Commercial,Platform,253531.72,52129.15,0.234,0.1431,165,37,4.86,normal,No material exception,SYNTHETIC_DEMO_ONLY,0.17944858396418573,0.04574512410627252,-0.025099999999999983,12.4,False
2025-05-26,France,Enterprise,AI,267564.45,64730.0,0.2648,0.1443,176,38,4.13,normal,No material exception,SYNTHETIC_DEMO_ONLY,0.008224641495734986,0.12538585713528172,0.011799999999999977,1.6,False
2025-05-26,France,Enterprise,Automation,359409.24,66525.75,0.2313,0.1163,227,40,5.4,normal,No material exception,SYNTHETIC_DEMO_ONLY,0.1146987802488022,-0.06999045047183561,-0.008199999999999985,7.1,False
2025-05-26,France,Enterprise,Cloud,358773.76,82994.23,0.2675,0.1526,245,54,4.32,normal,No material exception,SYNTHETIC_DEMO_ONLY,-0.04012961017288752,-0.017383574649528,0.003500000000000003,2.6,False
2025-05-26,France,Enterprise,Platform,429233.19,94416.12,0.2605,0.144,289,64,4.55,normal,No material exception,SYNTHETIC_DEMO_ONLY,0.03574039094487369,0.030089403913540425,0.01050000000000001,3.0,False
2025-05-26,Iberia,Commercial,AI,123476.95,23734.85,0.2126,0.1134,88,16,5.2,normal,No material exception,SYNTHETIC_DEMO_ONLY,-0.07865941783238017,-0.24489533613743475,-0.046999999999999986,9.0,False
2025-05-26,Iberia,Commercial,Automation,157221.97,21877.05,0.1773,0.0981,114,19,7.19,normal,No material exception,SYNTHETIC_DEMO_ONLY,0.04042877410610224,-0.29171695679538345,-0.045499999999999985,6.8,False
2025-05-26,Iberia,Commercial,Cloud,174499.81,42776.85,0.247,0.1444,120,27,4.08,normal,No material exception,SYNTHETIC_DEMO_ONLY,-0.09905831097154039,0.043854640224306296,0.018699999999999994,7.3,False
2025-05-26,Iberia,Commercial,Platform,206933.69,53654.36,0.2773,0.1661,137,21,3.86,normal,No material exception,SYNTHETIC_DEMO_ONLY,0.04174486661720067,0.29777077304571353,0.013000000000000012,3.6,False
2025-05-26,Iberia,Enterprise,AI,204258.97,53385.11,0.2967,0.1823,138,25,3.83,normal,No material exception,SYNTHETIC_DEMO_ONLY,0.04082626715096804,0.4390200182003243,0.07020000000000001,9.3,False
2025-05-26,Iberia,Enterprise,Automation,273668.7,57221.01,0.2198,0.1344,188,37,4.78,normal,No material exception,SYNTHETIC_DEMO_ONLY,0.046846678329803604,0.12189061700738124,-0.018199999999999994,4.4,False
2025-05-26,Iberia,Enterprise,Cloud,265855.14,49736.87,0.2291,0.1216,214,32,5.35,normal,No material exception,SYNTHETIC_DEMO_ONLY,-0.1238720750753789,-0.20486705064807254,-0.015600000000000003,8.4,False
2025-05-26,Iberia,Enterprise,Platform,315040.17,67882.23,0.2425,0.136,195,40,4.64,normal,No material exception,SYNTHETIC_DEMO_ONLY,-0.10131285728956296,-0.14419068539904645,-0.02100000000000002,7.7,False
2025-05-26,Nordics,Commercial,AI,134778.8,25252.69,0.1977,0.1135,89,19,5.34,normal,No material exception,SYNTHETIC_DEMO_ONLY,-0.008197930074903215,-0.10362483898025021,-0.0315,3.6,False
2025-05-26,Nordics,Commercial,Automation,170329.38,28528.76,0.2145,0.1252,110,20,5.97,normal,No material exception,SYNTHETIC_DEMO_ONLY,-0.11482078524563588,-0.29262655728721787,-0.00789999999999999,7.1,False
2025-05-26,Nordics,Commercial,Cloud,208044.37,44423.8,0.2399,0.1497,134,25,4.68,normal,No material exception,SYNTHETIC_DEMO_ONLY,0.013479471236328422,0.25906951328456973,0.02510000000000001,3.3,False
2025-05-26,Nordics,Commercial,Platform,240588.1,53643.54,0.2451,0.1589,175,31,4.48,normal,No material exception,SYNTHETIC_DEMO_ONLY,0.1904667889850149,0.5431359147223402,0.03160000000000002,13.6,False
2025-05-26,Nordics,Enterprise,AI,246986.02,59563.47,0.2741,0.1449,161,36,4.15,normal,No material exception,SYNTHETIC_DEMO_ONLY,-0.016657021131843308,0.1866665577557769,0.009500000000000008,1.9,False
2025-05-26,Nordics,Enterprise,Automation,288498.98,77087.54,0.2645,0.1298,199,39,3.74,normal,No material exception,SYNTHETIC_DEMO_ONLY,-0.019671840699542864,0.26120671672497875,0.03370000000000001,4.5,False
2025-05-26,Nordics,Enterprise,Cloud,288909.25,57952.35,0.2641,0.1436,205,45,4.99,normal,No material exception,SYNTHETIC_DEMO_ONLY,-0.15338759977303662,-0.21632988699245548,0.019800000000000012,10.4,False
2025-05-26,Nordics,Enterprise,Platform,408038.95,103182.15,0.2913,0.1499,243,45,3.95,normal,No material exception,SYNTHETIC_DEMO_ONLY,0.047969432005989354,0.1598793741593072,0.03989999999999999,6.6,False
2025-05-26,UKI,Commercial,AI,201325.46,45549.19,0.239,0.1431,148,26,4.42,normal,No material exception,SYNTHETIC_DEMO_ONLY,0.055607432067563245,0.19107823391989642,-0.008800000000000002,3.9,False
2025-05-26,UKI,Commercial,Automation,238167.93,45067.63,0.232,0.1031,184,45,5.28,normal,No material exception,SYNTHETIC_DEMO_ONLY,-0.0626742521301844,-0.1897874046395066,-0.009699999999999986,4.4,False
2025-05-26,UKI,Commercial,Cloud,260178.17,57452.05,0.2428,0.1337,179,27,4.53,normal,No material exception,SYNTHETIC_DEMO_ONLY,-0.05519517576024402,0.04903349027190829,0.012799999999999978,4.3,False
2025-05-26,UKI,Commercial,Platform,310343.87,72987.22,0.2753,0.1507,172,34,4.25,normal,No material exception,SYNTHETIC_DEMO_ONLY,0.05617706989015048,0.20660216221291905,0.03789999999999999,6.9,False
2025-05-26,UKI,Enterprise,AI,290194.81,64678.94,0.2507,0.122,180,42,4.49,normal,No material exception,SYNTHETIC_DEMO_ONLY,0.01537491254830936,-0.060656882892434094,-0.014400000000000024,2.3,False
2025-05-26,UKI,Enterprise,Automation,426069.97,91906.93,0.254,0.1309,263,36,4.64,normal,No material exception,SYNTHETIC_DEMO_ONLY,0.14120872673458207,0.31428770405673845,0.032799999999999996,11.0,False
2025-05-26,UKI,Enterprise,Cloud,452416.59,111988.55,0.2934,0.1937,299,55,4.04,normal,No material exception,SYNTHETIC_DEMO_ONLY,0.075274155145723,0.398330771753977,0.08549999999999999,12.7,False
2025-05-26,UKI,Enterprise,Platform,461381.12,118087.79,0.2987,0.1563,306,57,3.91,normal,No material exception,SYNTHETIC_DEMO_ONLY,-0.047105600096689515,-0.012888693322375189,0.03470000000000001,6.1,False
2025-06-02,Benelux,Commercial,AI,120133.53,25111.33,0.2307,0.1221,81,17,4.78,normal,No material exception,SYNTHETIC_DEMO_ONLY,-0.0866022098817415,-0.21334757231430834,-0.028499999999999998,7.6,False
2025-06-02,Benelux,Commercial,Automation,170627.39,34580.76,0.2332,0.1379,118,18,4.93,normal,No material exception,SYNTHETIC_DEMO_ONLY,0.06128971904719216,0.23163925516311923,0.02429999999999999,5.8,False
2025-06-02,Benelux,Commercial,Cloud,175183.97,40153.93,0.2501,0.1391,117,17,4.36,normal,No material exception,SYNTHETIC_DEMO_ONLY,-0.18927474313924608,-0.018137852668582033,0.025599999999999984,13.0,False
2025-06-02,Benelux,Commercial,Platform,214409.81,47567.04,0.2528,0.1509,139,19,4.51,normal,No material exception,SYNTHETIC_DEMO_ONLY,-0.031058136879642873,-0.034300797984756604,0.006800000000000028,2.4,False
2025-06-02,Benelux,Enterprise,AI,221159.9,51127.77,0.2476,0.1457,142,25,4.33,normal,No material exception,SYNTHETIC_DEMO_ONLY,0.00012883741843805474,0.05385423857307714,0.004699999999999982,0.5,False
2025-06-02,Benelux,Enterprise,Automation,282421.61,61924.03,0.2556,0.1207,179,38,4.56,normal,No material exception,SYNTHETIC_DEMO_ONLY,0.00773318951159907,-0.07181359896443207,-0.0121,1.6,False
2025-06-02,Benelux,Enterprise,Cloud,311647.91,65375.39,0.229,0.1344,188,35,4.77,normal,No material exception,SYNTHETIC_DEMO_ONLY,0.007395297583625116,0.17942570654620216,0.02890000000000001,3.3,False
2025-06-02,Benelux,Enterprise,Platform,331959.16,65665.03,0.2509,0.118,210,34,5.06,normal,No material exception,SYNTHETIC_DEMO_ONLY,-0.04801221286760038,-0.210097871313075,-0.020499999999999963,4.7,False
2025-06-02,DACH,Commercial,AI,228477.46,56043.09,0.2679,0.145,158,22,4.08,normal,No material exception,SYNTHETIC_DEMO_ONLY,0.042137145641836016,0.4561503109088847,0.06130000000000002,8.4,False
2025-06-02,DACH,Commercial,Automation,267900.45,74314.4,0.2808,0.1464,176,28,3.6,normal,No material exception,SYNTHETIC_DEMO_ONLY,0.027686889380375668,0.10941620783355832,9.999999999998899e-05,1.5,False
2025-06-02,DACH,Commercial,Cloud,342918.6,73347.33,0.228,0.1209,213,33,4.68,normal,No material exception,SYNTHETIC_DEMO_ONLY,0.06399325634274988,-0.0806885298214316,-0.050699999999999995,8.6,False
2025-06-02,DACH,Commercial,Platform,340682.05,79285.63,0.247,0.1307,212,44,4.3,normal,No material exception,SYNTHETIC_DEMO_ONLY,-0.03285727551220308,0.13954578354881786,-0.0019000000000000128,2.0,False
2025-06-02,DACH,Enterprise,AI,365575.07,86509.65,0.2491,0.1544,239,40,4.23,normal,No material exception,SYNTHETIC_DEMO_ONLY,0.02567573872697504,0.035740184882346426,-0.00880000000000003,2.3,False
2025-06-02,DACH,Enterprise,Automation,427686.19,93301.9,0.2493,0.1445,254,44,4.58,normal,No material exception,SYNTHETIC_DEMO_ONLY,-0.08929390060819964,-0.08911558243526485,0.0012999999999999956,5.0,False
2025-06-02,DACH,Enterprise,Cloud,508837.2,129666.6,0.2826,0.1423,304,47,3.92,normal,No material exception,SYNTHETIC_DEMO_ONLY,0.07232406636020561,0.23713305430085074,0.0252,6.5,False
2025-06-02,DACH,Enterprise,Platform,595781.42,156987.37,0.2932,0.171,380,78,3.8,normal,No material exception,SYNTHETIC_DEMO_ONLY,-0.05343256978272837,-0.01712167785443308,0.029400000000000037,5.9,False
2025-06-02,France,Commercial,AI,139208.98,28161.89,0.2229,0.123,102,18,4.94,normal,No material exception,SYNTHETIC_DEMO_ONLY,-0.10612730751320887,-0.18348234167115096,-0.014000000000000012,7.2,False
2025-06-02,France,Commercial,Automation,188952.63,43512.58,0.2635,0.1743,134,22,4.34,normal,No material exception,SYNTHETIC_DEMO_ONLY,-0.034570430185238754,-0.0577564716663751,0.019700000000000023,3.9,False
2025-06-02,France,Commercial,Cloud,215101.62,44443.1,0.2156,0.1169,136,27,4.84,normal,No material exception,SYNTHETIC_DEMO_ONLY,-0.08765418358516042,0.19704121962558174,0.02830000000000002,7.7,False
2025-06-02,France,Commercial,Platform,263706.64,65478.35,0.2729,0.1365,180,32,4.03,normal,No material exception,SYNTHETIC_DEMO_ONLY,0.020320622555567658,0.14591999848793558,0.03329999999999997,4.4,False
2025-06-02,France,Enterprise,AI,276005.84,71900.06,0.2785,0.1554,169,30,3.84,normal,No material exception,SYNTHETIC_DEMO_ONLY,0.07418185755350071,0.1248180971973436,0.006500000000000006,4.7,False
2025-06-02,France,Enterprise,Automation,304602.62,52446.98,0.2305,0.136,203,44,5.81,normal,No material exception,SYNTHETIC_DEMO_ONLY,-0.02677122917672592,-0.24577881452611539,-0.00799999999999998,2.3,False
2025-06-02,France,Enterprise,Cloud,350095.54,90926.5,0.2673,0.1468,246,40,3.85,normal,No material exception,SYNTHETIC_DEMO_ONLY,-0.09853856072959932,0.1385900074205917,0.0020000000000000018,5.6,False
2025-06-02,France,Enterprise,Platform,421213.99,102891.19,0.2731,0.1548,284,64,4.09,normal,No material exception,SYNTHETIC_DEMO_ONLY,-0.006601892280355126,-0.034668953636968536,-0.0014000000000000123,0.5,False
2025-06-02,Iberia,Commercial,AI,115232.51,20802.97,0.2072,0.1102,54,8,5.54,normal,No material exception,SYNTHETIC_DEMO_ONLY,0.03638278179657517,0.030762377787863837,0.0025000000000000022,2.3,False
2025-06-02,Iberia,Commercial,Automation,157508.49,32109.62,0.2174,0.1343,102,14,4.91,normal,No material exception,SYNTHETIC_DEMO_ONLY,-0.023864029543533394,0.056142655610203374,-0.0007999999999999952,1.4,False
2025-06-02,Iberia,Commercial,Cloud,174106.67,31855.96,0.214,0.1143,122,24,5.47,normal,No material exception,SYNTHETIC_DEMO_ONLY,-0.034023270991476284,0.005414334683839783,0.0023999999999999855,2.1,False
2025-06-02,Iberia,Commercial,Platform,208687.46,44492.02,0.2477,0.1401,133,20,4.69,normal,No material exception,SYNTHETIC_DEMO_ONLY,0.020830997559054598,0.1068889200697789,0.02990000000000001,4.1,False
2025-06-02,Iberia,Enterprise,AI,201256.09,35802.08,0.23,0.1262,135,28,5.62,normal,No material exception,SYNTHETIC_DEMO_ONLY,0.012562030440139926,-0.317987417789398,-0.04400000000000001,5.1,False
2025-06-02,Iberia,Enterprise,Automation,256615.46,60287.78,0.2586,0.1188,154,31,4.26,normal,No material exception,SYNTHETIC_DEMO_ONLY,0.03207741449536594,0.00839748883220115,0.0015000000000000013,1.9,False
2025-06-02,Iberia,Enterprise,Cloud,280257.33,66666.83,0.2889,0.155,170,34,4.2,normal,No material exception,SYNTHETIC_DEMO_ONLY,-0.12007545960137389,0.006223426333305637,0.05539999999999998,12.1,False
2025-06-02,Iberia,Enterprise,Platform,330424.38,81152.22,0.2664,0.1341,207,41,4.07,normal,No material exception,SYNTHETIC_DEMO_ONLY,-0.030083025401055452,0.0026623261574409973,0.0010000000000000009,1.8,False
2025-06-02,Nordics,Commercial,AI,150267.7,25044.95,0.1877,0.1144,93,19,6.0,normal,No material exception,SYNTHETIC_DEMO_ONLY,0.06275221037030643,-0.09791130662108127,-0.021600000000000008,5.6,False
2025-06-02,Nordics,Commercial,Automation,189285.32,40376.93,0.2527,0.1331,134,23,4.69,normal,No material exception,SYNTHETIC_DEMO_ONLY,0.03263730654210928,-0.06464624469074576,-0.019100000000000006,3.7,False
2025-06-02,Nordics,Commercial,Cloud,205010.43,34454.1,0.1752,0.0918,121,28,5.95,normal,No material exception,SYNTHETIC_DEMO_ONLY,-0.026203113531007904,-0.25693603789369346,-0.0632,7.8,False
2025-06-02,Nordics,Commercial,Platform,258636.55,63925.13,0.2685,0.1542,167,25,4.05,normal,No material exception,SYNTHETIC_DEMO_ONLY,0.16959704438558787,0.4260659109926983,0.03780000000000003,13.1,False
2025-06-02,Nordics,Enterprise,AI,218536.04,52404.9,0.2505,0.1373,153,29,4.17,normal,No material exception,SYNTHETIC_DEMO_ONLY,-0.13233762500615398,0.034401694049430276,-0.012199999999999989,8.5,False
2025-06-02,Nordics,Enterprise,Automation,297940.99,59008.91,0.2207,0.1281,180,29,5.05,normal,No material exception,SYNTHETIC_DEMO_ONLY,-0.02362454375719858,0.027064815235441797,-0.008800000000000002,2.2,False
2025-06-02,Nordics,Enterprise,Cloud,357654.49,76601.3,0.2115,0.1329,234,39,4.67,normal,No material exception,SYNTHETIC_DEMO_ONLY,0.15951605620228415,-0.12841078872592304,-0.07730000000000001,16.5,False
2025-06-02,Nordics,Enterprise,Platform,392676.75,101781.05,0.2908,0.1639,277,47,3.86,normal,No material exception,SYNTHETIC_DEMO_ONLY,0.0699586195501325,0.13728311476038124,0.01050000000000001,4.9,False
2025-06-02,UKI,Commercial,AI,183111.61,36791.72,0.2385,0.1315,113,15,4.98,normal,No material exception,SYNTHETIC_DEMO_ONLY,-0.019826407328428775,-0.10105993736789265,-0.011699999999999988,2.3,False
2025-06-02,UKI,Commercial,Automation,219138.48,38280.21,0.2141,0.1277,138,24,5.72,normal,No material exception,SYNTHETIC_DEMO_ONLY,-0.055999144646755594,-0.3259554502665085,-0.056900000000000006,8.8,False
2025-06-02,UKI,Commercial,Cloud,284759.6,72922.96,0.2654,0.1746,193,32,3.9,normal,No material exception,SYNTHETIC_DEMO_ONLY,0.0398513473517732,0.24192128255355372,0.009000000000000008,3.1,False
2025-06-02,UKI,Commercial,Platform,334541.9,62197.92,0.2073,0.1262,207,35,5.38,normal,No material exception,SYNTHETIC_DEMO_ONLY,0.2937076796432305,0.08970728292199892,-0.025499999999999995,18.7,False
2025-06-02,UKI,Enterprise,AI,313763.16,66590.8,0.2385,0.1328,208,41,4.71,normal,No material exception,SYNTHETIC_DEMO_ONLY,0.013286527649047697,-0.15301337406214421,-0.029500000000000026,3.7,False
2025-06-02,UKI,Enterprise,Automation,393868.92,112237.58,0.3063,0.1671,271,48,3.51,normal,No material exception,SYNTHETIC_DEMO_ONLY,0.017237584551148988,0.33739589201844367,0.07140000000000002,8.1,False
2025-06-02,UKI,Enterprise,Cloud,436553.82,110546.39,0.28,0.1591,272,53,3.95,normal,No material exception,SYNTHETIC_DEMO_ONLY,0.02152493677212597,0.11229617928123492,0.01820000000000005,3.0,False
2025-06-02,UKI,Enterprise,Platform,456445.14,92370.75,0.2455,0.1603,314,51,4.94,normal,No material exception,SYNTHETIC_DEMO_ONLY,-0.10412904635920994,-0.40563459236496635,-0.059,11.6,False
2025-06-09,Benelux,Commercial,AI,134641.77,21018.51,0.1888,0.1021,90,19,6.41,normal,No material exception,SYNTHETIC_DEMO_ONLY,0.05287746361212142,-0.2611029611060196,-0.06310000000000002,9.2,False
2025-06-09,Benelux,Commercial,Automation,159898.58,28327.57,0.1953,0.1206,92,16,5.64,normal,No material exception,SYNTHETIC_DEMO_ONLY,-0.10640232929841631,-0.34344563238006187,-0.05600000000000002,11.5,False
2025-06-09,Benelux,Commercial,Cloud,196652.19,39917.09,0.2242,0.1175,130,27,4.93,normal,No material exception,SYNTHETIC_DEMO_ONLY,-0.04744850066963646,-0.11309270145617156,-0.03199999999999997,5.8,False
2025-06-09,Benelux,Commercial,Platform,219220.16,50710.0,0.265,0.151,133,23,4.32,normal,No material exception,SYNTHETIC_DEMO_ONLY,-0.016456551544490106,0.2877454677504958,0.0476,5.7,False
2025-06-09,Benelux,Enterprise,AI,205562.59,46050.77,0.2492,0.1496,128,23,4.46,normal,No material exception,SYNTHETIC_DEMO_ONLY,-0.04898515975677531,-0.09687248543008065,-0.0032999999999999974,3.0,False
2025-06-09,Benelux,Enterprise,Automation,265627.05,54336.94,0.2475,0.1413,193,35,4.89,normal,No material exception,SYNTHETIC_DEMO_ONLY,-0.0957625128651789,-0.05389876947678385,0.03789999999999999,9.1,False
2025-06-09,Benelux,Enterprise,Cloud,314674.96,75599.83,0.2713,0.162,186,37,4.16,normal,No material exception,SYNTHETIC_DEMO_ONLY,-0.036013091169048494,0.04912307823395001,0.029199999999999976,4.9,False
2025-06-09,Benelux,Enterprise,Platform,365834.18,93060.0,0.2719,0.1372,215,50,3.93,normal,No material exception,SYNTHETIC_DEMO_ONLY,-0.03219546237846038,0.11312913446255446,0.009899999999999964,2.8,False
2025-06-09,DACH,Commercial,AI,220463.63,45928.66,0.2238,0.1257,155,27,4.8,normal,No material exception,SYNTHETIC_DEMO_ONLY,0.07397911674539515,0.24396410626845655,0.008500000000000008,4.9,False
2025-06-09,DACH,Commercial,Automation,275711.85,58838.65,0.2358,0.1208,165,29,4.69,normal,No material exception,SYNTHETIC_DEMO_ONLY,0.013862139429286602,0.3382256413009015,0.044300000000000006,5.2,False
2025-06-09,DACH,Commercial,Cloud,284742.56,75573.85,0.2751,0.1383,171,37,3.77,normal,No material exception,SYNTHETIC_DEMO_ONLY,-0.07135981554946624,0.17127810354674455,0.028000000000000025,6.7,False
2025-06-09,DACH,Commercial,Platform,313875.58,76721.09,0.2854,0.1614,178,34,4.09,normal,No material exception,SYNTHETIC_DEMO_ONLY,-0.045199931190640585,0.020756370789007272,0.021799999999999986,4.7,False
2025-06-09,DACH,Enterprise,AI,359714.87,70048.58,0.2397,0.1346,229,34,5.14,normal,No material exception,SYNTHETIC_DEMO_ONLY,-0.007932926572310373,-0.1276885606955519,-0.020900000000000002,2.5,False
2025-06-09,DACH,Enterprise,Automation,443855.31,101678.16,0.2658,0.1496,304,50,4.37,normal,No material exception,SYNTHETIC_DEMO_ONLY,-0.06899117606748839,-0.2191541692338871,-0.03440000000000004,7.2,False
2025-06-09,DACH,Enterprise,Cloud,531609.43,114687.14,0.2391,0.126,336,65,4.64,normal,No material exception,SYNTHETIC_DEMO_ONLY,0.06017000190512145,-0.042898877812884706,-0.024699999999999972,5.8,False
2025-06-09,DACH,Enterprise,Platform,526443.86,128747.5,0.2806,0.1689,324,51,4.09,normal,No material exception,SYNTHETIC_DEMO_ONLY,-0.03680635549455924,-0.10853862096867284,-0.01699999999999996,3.7,False
2025-06-09,France,Commercial,AI,169219.8,35924.59,0.2525,0.1546,113,16,4.71,normal,No material exception,SYNTHETIC_DEMO_ONLY,0.0066749852392431475,-0.0022003226880711324,0.0184,2.2,False
2025-06-09,France,Commercial,Automation,195502.6,37174.91,0.2232,0.1164,124,18,5.26,normal,No material exception,SYNTHETIC_DEMO_ONLY,0.08712534850106035,0.03553185100338907,-0.00899999999999998,5.7,False
2025-06-09,France,Commercial,Cloud,209714.54,47819.43,0.223,0.1118,138,26,4.39,normal,No material exception,SYNTHETIC_DEMO_ONLY,-0.07123739714014088,0.0869890272355145,-0.012699999999999989,5.2,False
2025-06-09,France,Commercial,Platform,232458.9,51175.46,0.2357,0.1149,148,29,4.54,normal,No material exception,SYNTHETIC_DEMO_ONLY,-0.10743255403090035,-0.15297926005396723,-0.018100000000000033,7.7,False
2025-06-09,France,Enterprise,AI,271847.63,57561.45,0.2591,0.1403,167,34,4.72,normal,No material exception,SYNTHETIC_DEMO_ONLY,0.14047851766118846,0.23318578752761265,-0.006000000000000005,8.3,False
2025-06-09,France,Enterprise,Automation,295999.52,75856.73,0.2882,0.1874,192,46,3.9,normal,No material exception,SYNTHETIC_DEMO_ONLY,-0.12318129064901828,-0.14203564155223825,0.006000000000000005,7.4,False
2025-06-09,France,Enterprise,Cloud,376643.02,92206.85,0.2761,0.1622,244,45,4.08,normal,No material exception,SYNTHETIC_DEMO_ONLY,-0.013852971537433922,0.10935236080196131,0.017500000000000016,2.5,False
2025-06-09,France,Enterprise,Platform,417443.81,97876.01,0.2941,0.162,275,46,4.27,normal,No material exception,SYNTHETIC_DEMO_ONLY,0.05669663355432264,-0.04602381957691959,0.019899999999999973,5.1,False
2025-06-09,Iberia,Commercial,AI,119461.59,27173.37,0.2522,0.1566,96,16,4.4,normal,No material exception,SYNTHETIC_DEMO_ONLY,0.03114008515380884,0.05318812482897983,0.012899999999999967,3.0,False
2025-06-09,Iberia,Commercial,Automation,153076.17,24250.36,0.1854,0.1158,117,21,6.31,normal,No material exception,SYNTHETIC_DEMO_ONLY,-0.016548141519873272,-0.12398578024254214,-0.0348,4.4,False
2025-06-09,Iberia,Commercial,Cloud,180803.34,32897.34,0.2096,0.1156,96,20,5.5,normal,No material exception,SYNTHETIC_DEMO_ONLY,0.12986897823923793,-0.14826555757905602,-0.042700000000000016,11.4,False
2025-06-09,Iberia,Commercial,Platform,198334.56,51740.01,0.2652,0.1483,152,29,3.83,normal,No material exception,SYNTHETIC_DEMO_ONLY,0.030944357210342055,0.2864124390638678,0.03219999999999998,4.9,False
2025-06-09,Iberia,Enterprise,AI,220844.14,47670.63,0.271,0.1637,153,23,4.63,normal,No material exception,SYNTHETIC_DEMO_ONLY,0.02544222876182456,0.14669297587069452,0.034800000000000025,4.9,False
2025-06-09,Iberia,Enterprise,Automation,258381.66,56029.69,0.218,0.1076,142,30,4.61,normal,No material exception,SYNTHETIC_DEMO_ONLY,-0.03993628350940093,-0.12877094759239804,-0.0718,9.4,False
2025-06-09,Iberia,Enterprise,Cloud,280104.01,62032.12,0.2503,0.1325,148,31,4.52,normal,No material exception,SYNTHETIC_DEMO_ONLY,-0.049382884901429724,-0.05641941430944364,0.003500000000000031,3.1,False
2025-06-09,Iberia,Enterprise,Platform,288689.34,66931.73,0.2786,0.1402,190,28,4.31,normal,No material exception,SYNTHETIC_DEMO_ONLY,-0.03316940813616476,-0.06949909955198652,0.019199999999999995,3.7,False
2025-06-09,Nordics,Commercial,AI,155130.62,30351.15,0.2359,0.1209,87,17,5.11,normal,No material exception,SYNTHETIC_DEMO_ONLY,0.21719628708361616,0.35296100009227427,0.015600000000000003,13.5,False
2025-06-09,Nordics,Commercial,Automation,170552.01,38482.09,0.2371,0.129,123,25,4.43,normal,No material exception,SYNTHETIC_DEMO_ONLY,-0.013794456138772282,0.005652042907232202,0.009500000000000008,1.7,False
2025-06-09,Nordics,Commercial,Cloud,200660.62,36405.11,0.2133,0.1333,166,35,5.51,normal,No material exception,SYNTHETIC_DEMO_ONLY,0.0619715033058299,-0.09773324906749936,-0.033,6.7,False
2025-06-09,Nordics,Commercial,Platform,219544.88,42045.78,0.2239,0.1131,119,21,5.22,normal,No material exception,SYNTHETIC_DEMO_ONLY,-0.03992236287023154,-0.27084377825113626,-0.024300000000000016,4.6,False
2025-06-09,Nordics,Enterprise,AI,243737.53,46018.26,0.2219,0.1341,166,33,5.3,normal,No material exception,SYNTHETIC_DEMO_ONLY,0.025825397142053674,-0.2190123543951139,-0.0408,5.5,False
2025-06-09,Nordics,Enterprise,Automation,269628.33,66783.2,0.2609,0.1707,168,32,4.04,normal,No material exception,SYNTHETIC_DEMO_ONLY,-0.08836071885888819,0.0727862995786488,-0.00019999999999997797,4.9,False
2025-06-09,Nordics,Enterprise,Cloud,357692.17,66921.65,0.202,0.1015,228,33,5.34,normal,No material exception,SYNTHETIC_DEMO_ONLY,0.14508279734900964,-0.05777968695178126,-0.05219999999999997,13.2,False
2025-06-09,Nordics,Enterprise,Platform,363123.79,90198.7,0.2794,0.1625,242,53,4.03,normal,No material exception,SYNTHETIC_DEMO_ONLY,-0.007090755967045559,-0.04748312267833865,-0.032799999999999996,3.7,False
2025-06-09,UKI,Commercial,AI,194053.32,40609.86,0.2331,0.1107,116,20,4.78,normal,No material exception,SYNTHETIC_DEMO_ONLY,0.04140122927785206,-0.029766048814332202,-0.007099999999999995,3.0,False
2025-06-09,UKI,Commercial,Automation,213332.47,43467.01,0.2417,0.1457,125,26,4.91,normal,No material exception,SYNTHETIC_DEMO_ONLY,-0.025873883704030987,0.005077528324233027,0.017999999999999988,3.2,False
2025-06-09,UKI,Commercial,Cloud,257531.33,52494.11,0.2318,0.1241,170,37,4.91,normal,No material exception,SYNTHETIC_DEMO_ONLY,-0.055877585352580805,-0.21849027238744367,-0.019299999999999984,5.0,False
2025-06-09,UKI,Commercial,Platform,283168.81,61132.62,0.2611,0.145,175,26,4.63,normal,No material exception,SYNTHETIC_DEMO_ONLY,-0.1225429386999295,-0.06502386281690586,0.01050000000000001,7.8,False
2025-06-09,UKI,Enterprise,AI,317805.27,85408.58,0.2887,0.1674,210,35,3.72,normal,No material exception,SYNTHETIC_DEMO_ONLY,-0.04148324178262697,0.09691475555321527,0.027900000000000036,5.1,False
2025-06-09,UKI,Enterprise,Automation,363067.57,82554.02,0.2679,0.145,243,52,4.4,normal,No material exception,SYNTHETIC_DEMO_ONLY,-0.07771565809087466,0.019780555887368045,0.03520000000000004,7.8,False
2025-06-09,UKI,Enterprise,Cloud,498792.61,112597.79,0.2553,0.1469,312,68,4.43,normal,No material exception,SYNTHETIC_DEMO_ONLY,0.13643953958661692,0.23258059056875635,0.01980000000000004,9.5,False
2025-06-09,UKI,Enterprise,Platform,497186.94,126983.6,0.2908,0.1634,322,51,3.92,normal,No material exception,SYNTHETIC_DEMO_ONLY,0.051629111889000434,0.14138899093305501,0.02210000000000001,5.0,False
2025-06-16,Benelux,Commercial,AI,126967.64,23890.56,0.2186,0.1277,82,14,5.31,normal,No material exception,SYNTHETIC_DEMO_ONLY,0.08341355765766711,0.07271383503493767,0.017699999999999994,6.4,False
2025-06-16,Benelux,Commercial,Automation,158636.34,25127.1,0.2003,0.1099,117,21,6.31,normal,No material exception,SYNTHETIC_DEMO_ONLY,-0.08587678159891587,-0.3451854631594995,-0.05739999999999998,10.5,False
2025-06-16,Benelux,Commercial,Cloud,207142.54,38404.23,0.2217,0.1347,132,29,5.39,normal,No material exception,SYNTHETIC_DEMO_ONLY,0.13955837565685836,0.175343819061059,0.02210000000000001,9.9,False
2025-06-16,Benelux,Commercial,Platform,193773.67,42090.76,0.2208,0.124,127,22,4.6,normal,No material exception,SYNTHETIC_DEMO_ONLY,-0.08272189323903045,-0.15116972709258392,-0.03460000000000002,8.0,False
2025-06-16,Benelux,Enterprise,AI,219047.09,51904.01,0.2756,0.1485,123,27,4.22,normal,No material exception,SYNTHETIC_DEMO_ONLY,0.04951239308294819,0.20874537731367204,0.0635,9.1,False
2025-06-16,Benelux,Enterprise,Automation,266523.98,63118.56,0.2698,0.1558,157,30,4.22,normal,No material exception,SYNTHETIC_DEMO_ONLY,-0.011386907904639698,0.3442986762445164,0.04209999999999997,4.8,False
2025-06-16,Benelux,Enterprise,Cloud,319248.97,73741.23,0.2667,0.1275,213,40,4.33,normal,No material exception,SYNTHETIC_DEMO_ONLY,0.07647346089003348,0.060078905126676796,-0.0010000000000000009,4.3,False
2025-06-16,Benelux,Enterprise,Platform,332738.58,72849.17,0.2378,0.1287,214,42,4.57,normal,No material exception,SYNTHETIC_DEMO_ONLY,0.014875118037611212,0.23891502799792796,0.00010000000000001674,0.8,False
2025-06-16,DACH,Commercial,AI,216015.94,47267.45,0.2658,0.1434,146,29,4.57,normal,No material exception,SYNTHETIC_DEMO_ONLY,-0.047609402646498156,0.033051339760875154,0.04359999999999997,7.0,False
2025-06-16,DACH,Commercial,Automation,255918.0,56437.05,0.2359,0.1173,161,36,4.53,normal,No material exception,SYNTHETIC_DEMO_ONLY,-0.06525503684897038,0.17585810459433682,0.031700000000000006,6.8,False
2025-06-16,DACH,Commercial,Cloud,301903.37,69593.74,0.2361,0.1275,189,33,4.34,normal,No material exception,SYNTHETIC_DEMO_ONLY,-0.013821179454743593,0.014874202610444698,-0.026800000000000018,3.4,False
2025-06-16,DACH,Commercial,Platform,293735.35,67304.07,0.2494,0.1362,174,30,4.36,normal,No material exception,SYNTHETIC_DEMO_ONLY,-0.1553659295435098,-0.21399735834998468,-0.026600000000000013,11.2,False
2025-06-16,DACH,Enterprise,AI,346007.22,88316.5,0.29,0.1695,208,43,3.92,normal,No material exception,SYNTHETIC_DEMO_ONLY,-0.03102698858377584,0.19389408204129377,0.04939999999999997,6.6,False
2025-06-16,DACH,Enterprise,Automation,471740.71,93212.83,0.251,0.1519,296,59,5.06,normal,No material exception,SYNTHETIC_DEMO_ONLY,0.08375051179072557,-0.14200811868923147,-0.0016999999999999793,4.8,False
2025-06-16,DACH,Enterprise,Cloud,536003.32,138441.46,0.2853,0.1428,346,57,3.87,normal,No material exception,SYNTHETIC_DEMO_ONLY,0.09428132732971295,0.33258939872976034,0.0252,7.7,False
2025-06-16,DACH,Enterprise,Platform,547815.69,131504.21,0.2615,0.1652,352,78,4.17,normal,No material exception,SYNTHETIC_DEMO_ONLY,-0.056573730991099414,-0.017598762527829548,-0.014399999999999968,4.6,False
2025-06-16,France,Commercial,AI,168877.53,40209.99,0.257,0.1552,83,18,4.2,normal,No material exception,SYNTHETIC_DEMO_ONLY,-0.026459329293995082,0.009819689002581011,-0.005099999999999993,2.0,False
2025-06-16,France,Commercial,Automation,189846.45,39677.88,0.2046,0.1281,114,26,4.78,normal,No material exception,SYNTHETIC_DEMO_ONLY,-0.03168131727670942,0.024865950548092153,-0.0005999999999999894,1.8,False
2025-06-16,France,Commercial,Cloud,212731.29,49733.85,0.2645,0.158,143,28,4.28,normal,No material exception,SYNTHETIC_DEMO_ONLY,-0.08459715935520706,0.086282793459306,0.035400000000000015,8.2,False
2025-06-16,France,Commercial,Platform,242476.48,47643.43,0.2368,0.1341,146,31,5.09,normal,No material exception,SYNTHETIC_DEMO_ONLY,-0.021324679362938026,-0.06893216709392902,0.0068000000000000005,1.9,False
2025-06-16,France,Enterprise,AI,261153.87,76354.26,0.2974,0.1779,161,26,3.42,normal,No material exception,SYNTHETIC_DEMO_ONLY,0.09566864249107421,0.15982516857919538,-0.0030999999999999917,5.6,False
2025-06-16,France,Enterprise,Automation,330065.7,70504.56,0.2382,0.1234,209,35,4.68,normal,No material exception,SYNTHETIC_DEMO_ONLY,-0.07358170435456235,-0.0868217078360396,-0.011200000000000015,5.2,False
2025-06-16,France,Enterprise,Cloud,396200.8,85710.19,0.2413,0.1204,254,42,4.62,normal,No material exception,SYNTHETIC_DEMO_ONLY,0.01079739660752388,-0.04929944361235683,-0.010899999999999993,1.7,False
2025-06-16,France,Enterprise,Platform,447049.41,97058.77,0.2494,0.1369,285,69,4.61,normal,No material exception,SYNTHETIC_DEMO_ONLY,0.11842017569114471,0.11504322197120209,0.0032999999999999974,6.8,False
2025-06-16,Iberia,Commercial,AI,129564.07,32452.41,0.2498,0.1445,98,19,3.99,normal,No material exception,SYNTHETIC_DEMO_ONLY,0.03990364418754977,0.2229523381715186,0.009800000000000003,3.2,False
2025-06-16,Iberia,Commercial,Automation,145694.26,29223.37,0.2292,0.1319,86,18,4.99,normal,No material exception,SYNTHETIC_DEMO_ONLY,-0.09220088211393296,-0.15763593372437346,-0.0013000000000000234,5.2,False
2025-06-16,Iberia,Commercial,Cloud,147623.59,28554.51,0.226,0.1331,84,15,5.17,normal,No material exception,SYNTHETIC_DEMO_ONLY,-0.12329872302377032,-0.2716392288502646,-0.016100000000000003,8.4,False
2025-06-16,Iberia,Commercial,Platform,199213.35,43141.46,0.2514,0.1447,130,27,4.62,normal,No material exception,SYNTHETIC_DEMO_ONLY,0.06744435207335298,0.3490850517116133,0.026400000000000007,6.3,False
2025-06-16,Iberia,Enterprise,AI,206212.88,38480.09,0.221,0.1279,135,28,5.36,normal,No material exception,SYNTHETIC_DEMO_ONLY,0.004042748126094731,-0.06795033116993998,-0.0002999999999999947,0.3,False
2025-06-16,Iberia,Enterprise,Automation,253298.47,48851.47,0.2237,0.1099,160,26,5.19,normal,No material exception,SYNTHETIC_DEMO_ONLY,0.009185194570128674,-0.002759730914497993,-0.011399999999999993,1.6,False
2025-06-16,Iberia,Enterprise,Cloud,297945.99,65441.67,0.2302,0.132,205,41,4.55,normal,No material exception,SYNTHETIC_DEMO_ONLY,0.04081859361944273,-0.01357490685424334,-0.013600000000000001,3.6,False
2025-06-16,Iberia,Enterprise,Platform,301618.39,74119.13,0.277,0.1528,187,39,4.07,normal,No material exception,SYNTHETIC_DEMO_ONLY,0.02994607591250542,0.24860881748517594,0.025300000000000045,4.2,False
2025-06-16,Nordics,Commercial,AI,140842.04,24231.06,0.2177,0.1283,90,19,5.81,normal,No material exception,SYNTHETIC_DEMO_ONLY,-0.09432159310151056,-0.20488650193913238,0.002599999999999991,5.4,False
2025-06-16,Nordics,Commercial,Automation,183261.33,41141.09,0.2437,0.1193,113,21,4.45,normal,No material exception,SYNTHETIC_DEMO_ONLY,-0.03853678805624372,0.22316780174860185,0.0408,6.2,False
2025-06-16,Nordics,Commercial,Cloud,185730.19,42304.16,0.2349,0.1278,106,25,4.39,normal,No material exception,SYNTHETIC_DEMO_ONLY,-0.03188571040167454,0.0540468553748239,0.0126,3.0,False
2025-06-16,Nordics,Commercial,Platform,217575.76,44672.4,0.238,0.1281,142,26,4.87,normal,No material exception,SYNTHETIC_DEMO_ONLY,-0.10393623796042717,0.0035992387703234208,0.029199999999999976,8.6,False
2025-06-16,Nordics,Enterprise,AI,233798.02,55803.36,0.2495,0.1554,156,20,4.19,normal,No material exception,SYNTHETIC_DEMO_ONLY,0.04833154245581395,0.24718695816006764,0.020699999999999996,4.7,False
2025-06-16,Nordics,Enterprise,Automation,273589.95,67860.2,0.2831,0.1503,164,36,4.03,normal,No material exception,SYNTHETIC_DEMO_ONLY,-0.02057617367368847,-0.008163552851163436,0.014000000000000012,2.5,False
2025-06-16,Nordics,Enterprise,Cloud,331457.89,71753.79,0.2569,0.1436,234,49,4.62,normal,No material exception,SYNTHETIC_DEMO_ONLY,0.03383467429212694,0.16225333387110008,0.021600000000000008,4.0,False
2025-06-16,Nordics,Enterprise,Platform,349938.73,95867.48,0.3002,0.1704,205,44,3.65,normal,No material exception,SYNTHETIC_DEMO_ONLY,-0.050963967715084046,0.20269500084995018,0.057400000000000034,8.5,False
2025-06-16,UKI,Commercial,AI,183105.16,37571.29,0.2455,0.1534,113,17,4.87,normal,No material exception,SYNTHETIC_DEMO_ONLY,0.05638612126601683,-0.057502655935058544,-0.02140000000000003,5.2,False
2025-06-16,UKI,Commercial,Automation,246290.79,65056.57,0.2698,0.1417,181,35,3.79,normal,No material exception,SYNTHETIC_DEMO_ONLY,0.06283657480403138,0.5195585153135243,0.04839999999999997,8.3,False
2025-06-16,UKI,Commercial,Cloud,260118.38,53498.83,0.2369,0.1256,159,33,4.86,normal,No material exception,SYNTHETIC_DEMO_ONLY,-0.11126290969388186,-0.0369696534401005,0.020900000000000002,8.2,False
2025-06-16,UKI,Commercial,Platform,290894.77,75252.67,0.3028,0.185,163,36,3.87,normal,No material exception,SYNTHETIC_DEMO_ONLY,0.1423390670962894,0.3417670578900682,0.04039999999999999,11.9,False
2025-06-16,UKI,Enterprise,AI,311896.34,63340.18,0.2221,0.118,185,41,4.92,normal,No material exception,SYNTHETIC_DEMO_ONLY,0.150137096180615,0.12240864595975665,-0.0242,10.7,False
2025-06-16,UKI,Enterprise,Automation,403143.05,84593.74,0.2406,0.146,262,55,4.77,normal,No material exception,SYNTHETIC_DEMO_ONLY,0.09885375979097888,-0.023773565178495826,-0.00959999999999997,6.4,False
2025-06-16,UKI,Enterprise,Cloud,475721.73,90027.03,0.2302,0.137,312,63,5.28,normal,No material exception,SYNTHETIC_DEMO_ONLY,-0.07899778162247939,-0.282860860619255,-0.03830000000000003,8.2,False
2025-06-16,UKI,Enterprise,Platform,471206.36,116235.65,0.2774,0.1522,303,71,4.05,normal,No material exception,SYNTHETIC_DEMO_ONLY,-0.08564061236181297,-0.14787908227306634,-0.01980000000000004,6.7,False
2025-06-23,Benelux,Commercial,AI,139678.21,26987.38,0.2254,0.1205,93,18,5.18,normal,No material exception,SYNTHETIC_DEMO_ONLY,-0.07356423997036543,-0.17302038048432788,-0.019200000000000023,6.0,False
2025-06-23,Benelux,Commercial,Automation,157878.43,37070.92,0.2407,0.1415,106,18,4.26,normal,No material exception,SYNTHETIC_DEMO_ONLY,-0.0634008249487159,0.13229778662199076,0.012800000000000006,4.8,False
2025-06-23,Benelux,Commercial,Cloud,183326.34,31503.78,0.1901,0.099,97,17,5.82,normal,No material exception,SYNTHETIC_DEMO_ONLY,-0.005725396188348109,-0.21356195714202264,-0.06609999999999999,6.9,False
2025-06-23,Benelux,Commercial,Platform,201165.18,48006.6,0.2589,0.1619,143,28,4.19,normal,No material exception,SYNTHETIC_DEMO_ONLY,-0.028950537174534108,0.19715385875676206,0.021600000000000008,3.8,False
2025-06-23,Benelux,Enterprise,AI,225499.52,54982.63,0.2574,0.1425,148,31,4.1,normal,No material exception,SYNTHETIC_DEMO_ONLY,0.07515758482379642,0.13078282501612892,-0.018399999999999972,6.0,False
2025-06-23,Benelux,Enterprise,Automation,268466.09,60792.41,0.2454,0.1279,179,35,4.42,normal,No material exception,SYNTHETIC_DEMO_ONLY,-0.0683599255607108,0.015536813295303986,0.014500000000000013,5.2,False
2025-06-23,Benelux,Enterprise,Cloud,283821.47,64176.18,0.2343,0.1395,198,48,4.42,normal,No material exception,SYNTHETIC_DEMO_ONLY,-0.08773854571710549,-0.08758626896253752,-0.011399999999999993,6.0,False
2025-06-23,Benelux,Enterprise,Platform,365934.14,81987.34,0.242,0.1467,226,37,4.46,normal,No material exception,SYNTHETIC_DEMO_ONLY,0.12605590587530924,0.30260997552939406,0.010699999999999987,8.0,False
2025-06-23,DACH,Commercial,AI,226115.31,46835.74,0.2338,0.1338,164,29,4.83,normal,No material exception,SYNTHETIC_DEMO_ONLY,0.04521798692350254,0.00867574499977386,-0.0126,3.7,False
2025-06-23,DACH,Commercial,Automation,272527.49,55537.47,0.2406,0.1217,165,31,4.91,normal,No material exception,SYNTHETIC_DEMO_ONLY,0.1380545598060634,0.15609683595146184,0.009000000000000008,8.5,False
2025-06-23,DACH,Commercial,Cloud,312954.49,67001.49,0.2214,0.117,180,28,4.67,normal,No material exception,SYNTHETIC_DEMO_ONLY,0.0801769000296213,0.11093242630205014,-0.020799999999999985,6.5,False
2025-06-23,DACH,Commercial,Platform,338042.98,74616.14,0.2331,0.1284,239,44,4.53,normal,No material exception,SYNTHETIC_DEMO_ONLY,-0.08293686473136874,0.05148276321756273,-0.0022000000000000075,4.8,False
2025-06-23,DACH,Enterprise,AI,339001.37,85792.41,0.2862,0.1678,209,38,3.95,normal,No material exception,SYNTHETIC_DEMO_ONLY,-0.05205285374000834,-0.037703704069280586,0.020000000000000018,4.9,False
2025-06-23,DACH,Enterprise,Automation,394520.74,94129.02,0.2662,0.1253,268,49,4.19,normal,No material exception,SYNTHETIC_DEMO_ONLY,0.05226662986638719,0.07839088611017386,0.02309999999999998,5.2,False
2025-06-23,DACH,Enterprise,Cloud,494273.55,127523.91,0.2852,0.1635,336,65,3.88,normal,No material exception,SYNTHETIC_DEMO_ONLY,-0.0010560915900509338,0.2750668384701227,0.05710000000000001,5.8,False
2025-06-23,DACH,Enterprise,Platform,562881.11,128361.99,0.2598,0.1684,378,81,4.39,normal,No material exception,SYNTHETIC_DEMO_ONLY,0.03741542449094726,-0.04929129008490474,-0.0022000000000000353,2.3,False
2025-06-23,France,Commercial,AI,153554.87,28660.26,0.2096,0.1232,85,19,5.36,normal,No material exception,SYNTHETIC_DEMO_ONLY,-0.01726524760130399,-0.17582847035324312,-0.011300000000000004,2.1,False
2025-06-23,France,Commercial,Automation,186260.3,37711.3,0.2357,0.1315,117,17,4.94,normal,No material exception,SYNTHETIC_DEMO_ONLY,-0.05465703737321559,0.32255939914175147,0.048600000000000004,7.9,False
2025-06-23,France,Commercial,Cloud,216268.68,37747.58,0.2091,0.1264,138,27,5.73,normal,No material exception,SYNTHETIC_DEMO_ONLY,-0.06422221515491577,-0.1069058466992554,0.004500000000000004,4.0,False
2025-06-23,France,Commercial,Platform,244074.88,46918.42,0.2185,0.1131,184,35,5.2,normal,No material exception,SYNTHETIC_DEMO_ONLY,-0.03730042142261325,-0.09995808487189994,-0.015500000000000014,3.6,False
2025-06-23,France,Enterprise,AI,259696.41,67143.67,0.2684,0.1454,153,21,3.87,normal,No material exception,SYNTHETIC_DEMO_ONLY,-0.029406148686793032,0.037288274370461894,0.0036000000000000476,2.0,False
2025-06-23,France,Enterprise,Automation,308342.02,66113.44,0.2541,0.1629,200,45,4.66,normal,No material exception,SYNTHETIC_DEMO_ONLY,-0.14208655292223416,-0.006197750495108956,0.022799999999999987,10.1,False
2025-06-23,France,Enterprise,Cloud,337577.03,83897.77,0.2808,0.1764,224,44,4.02,normal,No material exception,SYNTHETIC_DEMO_ONLY,-0.059081048736674524,0.010886780924408868,0.013299999999999979,4.6,False
2025-06-23,France,Enterprise,Platform,413639.32,98037.57,0.2583,0.127,263,48,4.22,normal,No material exception,SYNTHETIC_DEMO_ONLY,-0.03632959976836836,0.03835626797627367,-0.0022000000000000353,2.2,False
2025-06-23,Iberia,Commercial,AI,127442.04,28226.55,0.2633,0.1619,107,18,4.51,normal,No material exception,SYNTHETIC_DEMO_ONLY,0.032111985273364674,0.18924492887041633,0.05069999999999997,6.8,False
2025-06-23,Iberia,Commercial,Automation,151901.34,36657.34,0.2601,0.134,64,13,4.14,normal,No material exception,SYNTHETIC_DEMO_ONLY,-0.03384151718745165,0.6756070859645151,0.08279999999999998,10.1,False
2025-06-23,Iberia,Commercial,Cloud,169546.58,31816.74,0.2009,0.1081,102,21,5.33,normal,No material exception,SYNTHETIC_DEMO_ONLY,-0.02838530311293752,-0.2562159205271075,-0.0461,6.2,False
2025-06-23,Iberia,Commercial,Platform,188954.45,45736.66,0.2677,0.1561,120,23,4.13,normal,No material exception,SYNTHETIC_DEMO_ONLY,-0.0868840641656754,-0.14756862256860392,-0.009599999999999997,5.7,False
2025-06-23,Iberia,Enterprise,AI,204894.91,43620.4,0.2652,0.1452,137,31,4.7,normal,No material exception,SYNTHETIC_DEMO_ONLY,0.003113400601207461,-0.18291074046677058,-0.03150000000000003,3.3,False
2025-06-23,Iberia,Enterprise,Automation,272102.83,61169.71,0.2589,0.1308,149,27,4.45,normal,No material exception,SYNTHETIC_DEMO_ONLY,-0.005721772347367482,0.06900786966186012,0.039100000000000024,4.2,False
2025-06-23,Iberia,Enterprise,Cloud,295886.54,66159.16,0.2401,0.1331,201,39,4.47,normal,No material exception,SYNTHETIC_DEMO_ONLY,0.11296151731352633,0.33018342328337114,0.01100000000000001,7.3,False
2025-06-23,Iberia,Enterprise,Platform,319715.35,61302.22,0.2386,0.137,205,32,5.22,normal,No material exception,SYNTHETIC_DEMO_ONLY,0.014839948823034188,-0.09693273187990425,-0.003899999999999987,1.2,False
2025-06-23,Nordics,Commercial,AI,151891.22,32258.0,0.2445,0.1362,84,13,4.71,normal,No material exception,SYNTHETIC_DEMO_ONLY,0.12696670396234433,0.27740846618716675,0.04680000000000001,11.7,False
2025-06-23,Nordics,Commercial,Automation,185232.98,37082.66,0.2313,0.1286,111,22,5.0,normal,No material exception,SYNTHETIC_DEMO_ONLY,0.08749870398166193,0.29983427250255557,0.01680000000000001,6.5,False
2025-06-23,Nordics,Commercial,Cloud,219817.24,41873.43,0.2327,0.1475,115,20,5.25,normal,No material exception,SYNTHETIC_DEMO_ONLY,0.05658826528206462,-0.05740999194125673,-0.007200000000000012,3.8,False
2025-06-23,Nordics,Commercial,Platform,221777.92,47739.88,0.2808,0.1305,129,22,4.65,normal,No material exception,SYNTHETIC_DEMO_ONLY,-0.07818416621603475,-0.11005351250122575,0.03569999999999998,7.9,False
2025-06-23,Nordics,Enterprise,AI,234377.31,50499.01,0.2381,0.1152,152,29,4.64,normal,No material exception,SYNTHETIC_DEMO_ONLY,-0.0510502983124308,-0.15218153005525026,-0.036000000000000004,6.4,False
2025-06-23,Nordics,Enterprise,Automation,290673.51,73268.24,0.2745,0.1408,166,34,3.97,normal,No material exception,SYNTHETIC_DEMO_ONLY,0.007537392333241577,-0.04954497185926532,0.010000000000000009,1.4,False
2025-06-23,Nordics,Enterprise,Cloud,340759.45,76579.36,0.2421,0.1536,218,39,4.45,normal,No material exception,SYNTHETIC_DEMO_ONLY,0.17946881243850799,0.32141940749598596,-0.021999999999999992,12.1,False
2025-06-23,Nordics,Enterprise,Platform,350402.86,80190.7,0.2546,0.1324,225,41,4.37,normal,No material exception,SYNTHETIC_DEMO_ONLY,-0.14125144180475913,-0.22282390898038085,-0.03670000000000001,11.4,False
2025-06-23,UKI,Commercial,AI,181338.53,41781.16,0.2435,0.1426,102,20,4.34,normal,No material exception,SYNTHETIC_DEMO_ONLY,-0.0992767134370387,-0.0827244128819854,0.004500000000000004,5.9,False
2025-06-23,UKI,Commercial,Automation,234074.68,50794.81,0.2165,0.1078,171,38,4.61,normal,No material exception,SYNTHETIC_DEMO_ONLY,-0.01718640288807982,0.12707968002754977,-0.015500000000000014,2.5,False
2025-06-23,UKI,Commercial,Cloud,267997.23,66622.97,0.2759,0.1667,208,40,4.02,normal,No material exception,SYNTHETIC_DEMO_ONLY,0.03005271349244998,0.1596273762206919,0.03309999999999999,5.0,False
2025-06-23,UKI,Commercial,Platform,308332.56,67047.97,0.2621,0.1399,210,43,4.6,normal,No material exception,SYNTHETIC_DEMO_ONLY,-0.0064809077749787836,-0.08137383503577744,-0.01319999999999999,1.7,False
2025-06-23,UKI,Enterprise,AI,307213.12,70737.78,0.2674,0.1589,194,39,4.34,normal,No material exception,SYNTHETIC_DEMO_ONLY,0.05864443268299668,0.09367562300804555,0.016700000000000048,4.9,False
2025-06-23,UKI,Enterprise,Automation,368462.82,77140.16,0.2582,0.1492,227,48,4.78,normal,No material exception,SYNTHETIC_DEMO_ONLY,-0.13520584424196802,-0.16067090914689452,0.0041999999999999815,7.9,False
2025-06-23,UKI,Enterprise,Cloud,400270.98,92017.39,0.2681,0.1563,272,46,4.35,normal,No material exception,SYNTHETIC_DEMO_ONLY,-0.11526016320489052,-0.1783321598502704,-0.02529999999999999,8.9,False
2025-06-23,UKI,Enterprise,Platform,487050.8,127796.94,0.3074,0.1731,313,62,3.81,normal,No material exception,SYNTHETIC_DEMO_ONLY,0.05563660689019967,0.08221976209394732,0.008699999999999986,3.9,False
2025-06-30,Benelux,Commercial,AI,137755.2,29765.86,0.2389,0.136,89,15,4.63,normal,No material exception,SYNTHETIC_DEMO_ONLY,0.1466840273485679,0.1853557736686986,0.008200000000000013,8.9,False
2025-06-30,Benelux,Commercial,Automation,159361.4,37503.92,0.2646,0.1402,71,12,4.25,normal,No material exception,SYNTHETIC_DEMO_ONLY,-0.06602685536009212,0.08453139838453505,0.03140000000000001,6.8,False
2025-06-30,Benelux,Commercial,Cloud,188690.51,42073.98,0.2506,0.1142,135,21,4.48,normal,No material exception,SYNTHETIC_DEMO_ONLY,0.07709917751036244,0.0478172373164969,0.0005000000000000004,4.3,False
2025-06-30,Benelux,Commercial,Platform,202218.31,50771.12,0.2556,0.1422,151,28,3.98,normal,No material exception,SYNTHETIC_DEMO_ONLY,-0.05686073785523149,0.06735924707528573,0.002799999999999969,3.4,False
2025-06-30,Benelux,Enterprise,AI,208462.58,45667.4,0.2367,0.123,92,19,4.56,normal,No material exception,SYNTHETIC_DEMO_ONLY,-0.05741239709368651,-0.10679851673562124,-0.010899999999999993,4.2,False
2025-06-30,Benelux,Enterprise,Automation,246143.18,51770.97,0.227,0.1273,174,37,4.75,normal,No material exception,SYNTHETIC_DEMO_ONLY,-0.1284548657590331,-0.16395993607005221,-0.028599999999999987,9.9,False
2025-06-30,Benelux,Enterprise,Cloud,291383.54,61405.52,0.2134,0.109,183,36,4.75,normal,No material exception,SYNTHETIC_DEMO_ONLY,-0.06502328220330433,-0.06072422665470911,-0.015600000000000003,5.1,False
2025-06-30,Benelux,Enterprise,Platform,368773.94,79674.2,0.2438,0.1418,248,43,4.63,normal,No material exception,SYNTHETIC_DEMO_ONLY,0.11090153379108458,0.21334293154210093,-0.007100000000000023,6.8,False
2025-06-30,DACH,Commercial,AI,219807.25,47212.71,0.2392,0.1519,163,24,4.66,normal,No material exception,SYNTHETIC_DEMO_ONLY,-0.03794776955241008,-0.1575641171819755,-0.02870000000000003,5.0,False
2025-06-30,DACH,Commercial,Automation,247195.86,41660.81,0.2068,0.1096,167,36,5.93,normal,No material exception,SYNTHETIC_DEMO_ONLY,-0.07728464061930473,-0.43939788250998457,-0.07399999999999998,11.7,False
2025-06-30,DACH,Commercial,Cloud,297132.91,56997.03,0.229,0.1275,178,35,5.21,normal,No material exception,SYNTHETIC_DEMO_ONLY,-0.13351766279227784,-0.22291608978813549,0.0010000000000000009,7.4,False
2025-06-30,DACH,Commercial,Platform,332348.39,72744.02,0.2299,0.1296,198,33,4.57,normal,No material exception,SYNTHETIC_DEMO_ONLY,-0.024461693828600528,-0.08250688050280985,-0.017100000000000004,3.1,False
2025-06-30,DACH,Enterprise,AI,335080.06,70663.06,0.2366,0.1353,214,52,4.74,normal,No material exception,SYNTHETIC_DEMO_ONLY,-0.08341654697624756,-0.183177136885885,-0.012499999999999983,5.8,False
2025-06-30,DACH,Enterprise,Automation,448392.2,114821.91,0.2614,0.1529,272,59,3.91,normal,No material exception,SYNTHETIC_DEMO_ONLY,0.048414025245940184,0.2306492150749342,0.012100000000000027,3.9,False
2025-06-30,DACH,Enterprise,Cloud,419829.53,93557.31,0.2549,0.133,270,57,4.49,normal,No material exception,SYNTHETIC_DEMO_ONLY,-0.17492366910280932,-0.2784779580863538,-0.027700000000000002,12.4,False
2025-06-30,DACH,Enterprise,Platform,557153.26,139859.36,0.2982,0.1723,365,72,3.98,normal,No material exception,SYNTHETIC_DEMO_ONLY,-0.06483612731662569,-0.10910438209137463,0.0050000000000000044,4.1,False
2025-06-30,France,Commercial,AI,157945.24,29532.25,0.2412,0.135,99,18,5.35,normal,No material exception,SYNTHETIC_DEMO_ONLY,0.13459088630632854,0.04866008637914576,0.01830000000000001,9.2,False
2025-06-30,France,Commercial,Automation,199535.06,35258.41,0.2236,0.1379,132,28,5.66,normal,No material exception,SYNTHETIC_DEMO_ONLY,0.05600573011341514,-0.18969617522105098,-0.03990000000000002,7.1,False
2025-06-30,France,Commercial,Cloud,212282.65,41004.91,0.2127,0.1128,135,17,5.18,normal,No material exception,SYNTHETIC_DEMO_ONLY,-0.013105294139579282,-0.07736161518885931,-0.0029000000000000137,1.0,False
2025-06-30,France,Commercial,Platform,227093.92,49829.35,0.2306,0.1309,152,29,4.56,normal,No material exception,SYNTHETIC_DEMO_ONLY,-0.13883882483960208,-0.2389950266003954,-0.042299999999999977,11.9,False
2025-06-30,France,Enterprise,AI,234248.48,55607.48,0.2731,0.1602,131,26,4.21,normal,No material exception,SYNTHETIC_DEMO_ONLY,-0.1512915813665392,-0.22660036723196053,-0.005400000000000016,8.9,False
2025-06-30,France,Enterprise,Automation,300999.51,72926.76,0.281,0.1577,211,47,4.13,normal,No material exception,SYNTHETIC_DEMO_ONLY,-0.011828887092304008,0.3904854006846532,0.05050000000000002,5.7,False
2025-06-30,France,Enterprise,Cloud,367300.84,85770.9,0.2715,0.1393,227,39,4.28,normal,No material exception,SYNTHETIC_DEMO_ONLY,0.04914458493244456,-0.05670074180794382,0.004200000000000037,3.1,False
2025-06-30,France,Enterprise,Platform,402710.23,93480.51,0.2551,0.1571,264,48,4.31,normal,No material exception,SYNTHETIC_DEMO_ONLY,-0.04392959502603422,-0.09146244688199257,-0.018000000000000016,4.2,False
2025-06-30,Iberia,Commercial,AI,119085.06,24210.04,0.2309,0.1437,78,14,4.92,normal,No material exception,SYNTHETIC_DEMO_ONLY,0.03343283939575725,0.1637780566909437,0.0237,4.2,False
2025-06-30,Iberia,Commercial,Automation,167010.26,32674.23,0.2229,0.1166,109,20,5.11,normal,No material exception,SYNTHETIC_DEMO_ONLY,0.06032544658386363,0.01758382690296556,0.005499999999999977,3.9,False
2025-06-30,Iberia,Commercial,Cloud,158962.8,30150.96,0.2252,0.1263,124,19,5.27,normal,No material exception,SYNTHETIC_DEMO_ONLY,-0.08698041264013623,-0.0535221666526452,0.011200000000000015,5.9,False
2025-06-30,Iberia,Commercial,Platform,174810.23,32997.13,0.2157,0.1253,111,21,5.3,normal,No material exception,SYNTHETIC_DEMO_ONLY,-0.16233476606596287,-0.2583584651809471,-0.032,12.1,False
2025-06-30,Iberia,Enterprise,AI,207247.2,40303.18,0.225,0.122,135,28,5.14,normal,No material exception,SYNTHETIC_DEMO_ONLY,0.02976858985981501,0.1257217457756643,-0.0050000000000000044,2.1,False
2025-06-30,Iberia,Enterprise,Automation,274343.25,60868.59,0.2489,0.1462,170,35,4.51,normal,No material exception,SYNTHETIC_DEMO_ONLY,0.06908309421419889,0.009633958988040314,-0.009699999999999986,4.8,False
2025-06-30,Iberia,Enterprise,Cloud,291045.31,46535.33,0.1927,0.109,196,33,6.25,normal,No material exception,SYNTHETIC_DEMO_ONLY,0.038493123444799826,-0.3019717601691876,-0.09619999999999998,11.7,False
2025-06-30,Iberia,Enterprise,Platform,315835.67,73567.3,0.2591,0.1297,186,25,4.29,normal,No material exception,SYNTHETIC_DEMO_ONLY,-0.04415143337788818,-0.09346534204486334,-0.007300000000000029,3.2,False
2025-06-30,Nordics,Commercial,AI,139068.76,31625.34,0.249,0.1485,74,11,4.4,normal,No material exception,SYNTHETIC_DEMO_ONLY,-0.07452659487035473,0.2627431877484283,0.06129999999999999,10.2,False
2025-06-30,Nordics,Commercial,Automation,170724.78,31086.07,0.2272,0.1263,113,20,5.49,normal,No material exception,SYNTHETIC_DEMO_ONLY,-0.09805588727113124,-0.2301031802071133,-0.025499999999999967,7.9,False
2025-06-30,Nordics,Commercial,Cloud,219271.25,38588.46,0.2001,0.1065,149,35,5.68,normal,No material exception,SYNTHETIC_DEMO_ONLY,0.06956143645959867,0.11999616881590303,0.024900000000000005,6.3,False
2025-06-30,Nordics,Commercial,Platform,234180.64,47390.0,0.236,0.1357,142,27,4.94,normal,No material exception,SYNTHETIC_DEMO_ONLY,-0.0945570531311215,-0.25866400271692835,-0.03250000000000003,8.5,False
2025-06-30,Nordics,Enterprise,AI,229265.73,48804.8,0.2365,0.1332,136,22,4.7,normal,No material exception,SYNTHETIC_DEMO_ONLY,0.04909803435625548,-0.06869777444475611,-0.014000000000000012,4.1,False
2025-06-30,Nordics,Enterprise,Automation,294184.77,53255.38,0.2295,0.1488,195,40,5.52,normal,No material exception,SYNTHETIC_DEMO_ONLY,-0.012607261592303853,-0.09750273306183765,0.008800000000000002,1.6,False
2025-06-30,Nordics,Enterprise,Cloud,362570.26,87775.77,0.2684,0.1477,214,43,4.13,normal,No material exception,SYNTHETIC_DEMO_ONLY,0.013744466062763694,0.1458783336575229,0.056900000000000034,6.4,False
2025-06-30,Nordics,Enterprise,Platform,369124.84,84675.28,0.2464,0.1424,246,48,4.36,normal,No material exception,SYNTHETIC_DEMO_ONLY,-0.0599778571051125,-0.1680643891962208,-0.044399999999999995,7.7,False
2025-06-30,UKI,Commercial,AI,201155.22,38883.27,0.222,0.1354,143,26,5.17,normal,No material exception,SYNTHETIC_DEMO_ONLY,0.09853886381098409,0.05684838871354736,-0.016499999999999987,7.1,False
2025-06-30,UKI,Commercial,Automation,216262.0,48655.28,0.2621,0.1528,160,27,4.44,normal,No material exception,SYNTHETIC_DEMO_ONLY,-0.013126311727634565,0.27102959988986486,0.04799999999999999,5.5,False
2025-06-30,UKI,Commercial,Cloud,279044.98,56258.36,0.2259,0.1277,173,32,4.96,normal,No material exception,SYNTHETIC_DEMO_ONLY,-0.020068225970257036,-0.2285233621893572,-0.039500000000000035,5.1,False
2025-06-30,UKI,Commercial,Platform,323214.97,71153.01,0.2357,0.1358,208,33,4.54,normal,No material exception,SYNTHETIC_DEMO_ONLY,-0.033858030937231054,0.14397732271432861,0.02839999999999998,4.7,False
2025-06-30,UKI,Enterprise,AI,307953.71,61367.23,0.2633,0.1498,193,36,5.02,normal,No material exception,SYNTHETIC_DEMO_ONLY,-0.01851539868479124,-0.07844281792680075,0.02479999999999999,3.5,False
2025-06-30,UKI,Enterprise,Automation,401724.3,109649.6,0.2824,0.1386,266,54,3.66,normal,No material exception,SYNTHETIC_DEMO_ONLY,0.01994414791601229,-0.023058052392077588,-0.023900000000000032,3.5,False
2025-06-30,UKI,Enterprise,Cloud,439243.83,82171.89,0.227,0.1263,304,56,5.35,normal,No material exception,SYNTHETIC_DEMO_ONLY,0.0061619206539069715,-0.2566750483665726,-0.05300000000000002,5.6,False
2025-06-30,UKI,Enterprise,Platform,497961.33,119527.89,0.2681,0.1707,319,55,4.17,normal,No material exception,SYNTHETIC_DEMO_ONLY,0.09095548700551404,0.294001510218332,0.02260000000000001,7.3,False
2025-07-07,Benelux,Commercial,AI,141804.7,29532.54,0.2175,0.1231,97,19,4.8,normal,No material exception,SYNTHETIC_DEMO_ONLY,0.05319990965656518,0.4050729571220797,0.028700000000000003,5.8,False
2025-07-07,Benelux,Commercial,Automation,167394.4,27346.54,0.1875,0.1112,83,14,6.12,normal,No material exception,SYNTHETIC_DEMO_ONLY,0.04687859016634177,-0.03463163271681968,-0.007800000000000001,3.4,False
2025-07-07,Benelux,Commercial,Cloud,199409.86,40365.55,0.2273,0.1096,132,23,4.94,normal,No material exception,SYNTHETIC_DEMO_ONLY,0.014023083088980481,0.011234786904556593,0.0030999999999999917,1.1,False
2025-07-07,Benelux,Commercial,Platform,211259.43,33781.8,0.2122,0.1097,121,25,6.25,normal,No material exception,SYNTHETIC_DEMO_ONLY,-0.03631385909033191,-0.33382370341155587,-0.052800000000000014,7.3,False
2025-07-07,Benelux,Enterprise,AI,214913.61,45028.29,0.2208,0.1181,151,23,4.77,normal,No material exception,SYNTHETIC_DEMO_ONLY,0.04548989191078001,-0.02220332037879058,-0.02840000000000001,5.3,False
2025-07-07,Benelux,Enterprise,Automation,246006.34,50213.21,0.2356,0.1204,142,29,4.9,normal,No material exception,SYNTHETIC_DEMO_ONLY,-0.0738656322840614,-0.07589183343780503,-0.011899999999999994,5.3,False
2025-07-07,Benelux,Enterprise,Cloud,305174.84,64300.11,0.2546,0.1519,193,33,4.75,normal,No material exception,SYNTHETIC_DEMO_ONLY,-0.03019026362949251,-0.14946753187143413,-0.016699999999999993,3.3,False
2025-07-07,Benelux,Enterprise,Platform,322851.23,66436.68,0.2526,0.1443,202,34,4.86,normal,No material exception,SYNTHETIC_DEMO_ONLY,-0.11749298548320453,-0.2860876853642812,-0.019299999999999984,8.4,False
2025-07-07,DACH,Commercial,AI,211004.24,40976.24,0.2365,0.1409,108,19,5.15,normal,No material exception,SYNTHETIC_DEMO_ONLY,-0.04290680508163647,-0.1078285323368895,0.012699999999999989,3.6,False
2025-07-07,DACH,Commercial,Automation,239833.11,50856.42,0.2593,0.1546,164,35,4.72,normal,No material exception,SYNTHETIC_DEMO_ONLY,-0.13013129468319917,-0.13566303781612943,0.023499999999999965,9.5,False
2025-07-07,DACH,Commercial,Cloud,304126.03,52316.57,0.2068,0.1107,190,29,5.81,normal,No material exception,SYNTHETIC_DEMO_ONLY,0.06807366626190348,-0.3077424267785749,-0.0683,10.6,False
2025-07-07,DACH,Commercial,Platform,324844.51,57648.67,0.2196,0.1306,194,45,5.63,normal,No material exception,SYNTHETIC_DEMO_ONLY,0.03494674545882148,-0.24859422617692217,-0.0658,8.5,False
2025-07-07,DACH,Enterprise,AI,363753.36,72828.87,0.2236,0.1266,248,44,4.99,normal,No material exception,SYNTHETIC_DEMO_ONLY,0.011226919810126246,0.03969088309855806,-0.016100000000000003,2.2,False
2025-07-07,DACH,Enterprise,Automation,407685.69,89483.01,0.2497,0.1069,247,41,4.56,normal,No material exception,SYNTHETIC_DEMO_ONLY,-0.0814896638276108,-0.1199387361061609,-0.016099999999999975,6.1,False
2025-07-07,DACH,Enterprise,Cloud,432618.74,88934.86,0.2565,0.1448,267,45,4.86,normal,No material exception,SYNTHETIC_DEMO_ONLY,-0.1862094319884432,-0.22454374570679847,0.0174,12.0,False
2025-07-07,DACH,Enterprise,Platform,552023.13,135058.13,0.271,0.1462,361,87,4.09,normal,No material exception,SYNTHETIC_DEMO_ONLY,0.04858878969544822,0.04901555370007182,-0.009599999999999997,3.6,False
2025-07-07,France,Commercial,AI,160463.75,31880.35,0.2169,0.116,109,23,5.03,normal,No material exception,SYNTHETIC_DEMO_ONLY,-0.051743649383819035,-0.11257581506149406,-0.03559999999999999,6.4,False
2025-07-07,France,Commercial,Automation,180110.18,38817.03,0.2273,0.1286,87,19,4.64,normal,No material exception,SYNTHETIC_DEMO_ONLY,-0.0787325590554806,0.04417280364633025,0.0040999999999999925,4.7,False
2025-07-07,France,Commercial,Cloud,237803.68,39929.47,0.1928,0.1101,132,28,5.96,normal,No material exception,SYNTHETIC_DEMO_ONLY,0.1339398784652699,-0.16499485669318936,-0.030200000000000005,10.4,False
2025-07-07,France,Commercial,Platform,250386.18,43299.07,0.224,0.1107,158,31,5.78,normal,No material exception,SYNTHETIC_DEMO_ONLY,0.07712021350871057,-0.15390951053493218,-0.011699999999999988,5.4,False
2025-07-07,France,Enterprise,AI,256205.31,58624.43,0.2795,0.1708,145,27,4.37,normal,No material exception,SYNTHETIC_DEMO_ONLY,-0.05754076281628795,0.018466873228523584,0.02040000000000003,5.2,False
2025-07-07,France,Enterprise,Automation,295930.66,72861.79,0.2718,0.1575,156,32,4.06,normal,No material exception,SYNTHETIC_DEMO_ONLY,-0.00023263551238206226,-0.03948153314808067,-0.016400000000000026,1.7,False
2025-07-07,France,Enterprise,Cloud,405994.2,82459.05,0.249,0.1406,267,46,4.92,normal,No material exception,SYNTHETIC_DEMO_ONLY,0.07792837897274718,-0.10571665771035454,-0.027100000000000013,7.0,False
2025-07-07,France,Enterprise,Platform,404697.19,82003.39,0.2268,0.1372,252,49,4.94,normal,No material exception,SYNTHETIC_DEMO_ONLY,-0.03053493594742729,-0.1621706892220065,-0.06729999999999997,8.4,False
2025-07-07,Iberia,Commercial,AI,124631.33,27472.63,0.238,0.1298,100,16,4.54,normal,No material exception,SYNTHETIC_DEMO_ONLY,0.04327533226370095,0.011012988083553887,-0.01419999999999999,3.8,False
2025-07-07,Iberia,Commercial,Automation,143683.67,27363.75,0.207,0.1134,90,15,5.25,normal,No material exception,SYNTHETIC_DEMO_ONLY,-0.06135834205938129,0.12838531056858526,0.02159999999999998,5.5,False
2025-07-07,Iberia,Commercial,Cloud,166243.63,36795.1,0.2458,0.1338,99,16,4.52,normal,No material exception,SYNTHETIC_DEMO_ONLY,-0.08052788184112081,0.11848252776668278,0.03619999999999998,8.0,False
2025-07-07,Iberia,Commercial,Platform,187487.84,37071.39,0.2175,0.1126,134,26,5.06,normal,No material exception,SYNTHETIC_DEMO_ONLY,-0.054689006293204834,-0.28350632324964764,-0.04769999999999999,7.8,False
2025-07-07,Iberia,Enterprise,AI,211459.49,40719.59,0.2218,0.1217,144,36,5.19,normal,No material exception,SYNTHETIC_DEMO_ONLY,-0.042494448799954676,-0.14581389001991374,-0.04920000000000002,7.3,False
2025-07-07,Iberia,Enterprise,Automation,221427.84,44530.29,0.2245,0.1217,124,27,4.97,normal,No material exception,SYNTHETIC_DEMO_ONLY,-0.14302029021719265,-0.20523761598538204,0.006500000000000006,8.5,False
2025-07-07,Iberia,Enterprise,Cloud,287427.24,56730.41,0.211,0.0996,184,31,5.07,normal,No material exception,SYNTHETIC_DEMO_ONLY,0.026144681041874396,-0.08546717410270677,-0.03930000000000003,5.4,False
2025-07-07,Iberia,Enterprise,Platform,301208.33,64427.03,0.2234,0.1263,194,47,4.68,normal,No material exception,SYNTHETIC_DEMO_ONLY,0.04336491953599664,-0.037421713139642376,-0.05520000000000003,7.9,False
2025-07-07,Nordics,Commercial,AI,140985.08,28041.42,0.2196,0.127,81,16,5.03,normal,No material exception,SYNTHETIC_DEMO_ONLY,-0.09118470615278929,-0.07610024661339032,-0.01630000000000001,6.6,False
2025-07-07,Nordics,Commercial,Automation,174789.29,39141.08,0.2613,0.1589,124,27,4.47,normal,No material exception,SYNTHETIC_DEMO_ONLY,0.02484450344501954,0.017124589646768218,0.02419999999999997,3.8,False
2025-07-07,Nordics,Commercial,Cloud,195944.14,49026.78,0.2596,0.1478,97,18,4.0,normal,No material exception,SYNTHETIC_DEMO_ONLY,-0.023504761422545095,0.3467005044072109,0.04630000000000001,5.9,False
2025-07-07,Nordics,Commercial,Platform,220397.77,49642.66,0.2335,0.1242,156,21,4.44,normal,No material exception,SYNTHETIC_DEMO_ONLY,0.0038848093383001547,0.1806811527815635,0.009600000000000025,1.2,False
2025-07-07,Nordics,Enterprise,AI,223132.4,51839.75,0.2414,0.1457,143,31,4.3,normal,No material exception,SYNTHETIC_DEMO_ONLY,-0.08453819155384079,0.1265039138811419,0.019500000000000017,6.6,False
2025-07-07,Nordics,Enterprise,Automation,289393.02,68114.29,0.2604,0.1515,174,36,4.25,normal,No material exception,SYNTHETIC_DEMO_ONLY,0.07330346184319736,0.019931509721007545,-0.0005000000000000004,4.1,False
2025-07-07,Nordics,Enterprise,Cloud,332608.15,76400.39,0.2712,0.1422,209,47,4.35,normal,No material exception,SYNTHETIC_DEMO_ONLY,-0.07012739473721208,0.14163936483933082,0.06919999999999998,10.8,False
2025-07-07,Nordics,Enterprise,Platform,342027.73,82121.12,0.268,0.1532,221,40,4.16,normal,No material exception,SYNTHETIC_DEMO_ONLY,-0.05809605589322586,-0.08955317537835916,-0.011399999999999966,4.3,False
2025-07-07,UKI,Commercial,AI,200307.11,40793.98,0.2305,0.1232,133,24,4.91,normal,No material exception,SYNTHETIC_DEMO_ONLY,0.03222717343872272,0.004533874285703066,-0.002599999999999991,2.0,False
2025-07-07,UKI,Commercial,Automation,234544.18,46726.8,0.2224,0.1182,156,27,5.02,normal,No material exception,SYNTHETIC_DEMO_ONLY,0.09943029300696704,0.07499457634652118,-0.01930000000000001,7.4,False
2025-07-07,UKI,Commercial,Cloud,238211.74,41453.18,0.1919,0.1105,153,24,5.75,normal,No material exception,SYNTHETIC_DEMO_ONLY,-0.07501840649834723,-0.21032702526054825,-0.03990000000000002,8.1,False
2025-07-07,UKI,Commercial,Platform,311064.08,81969.62,0.2727,0.1711,191,31,3.79,normal,No material exception,SYNTHETIC_DEMO_ONLY,0.09851109661406565,0.3408491244118115,0.0116,6.6,False
2025-07-07,UKI,Enterprise,AI,302689.18,75492.74,0.2831,0.1971,196,37,4.01,normal,No material exception,SYNTHETIC_DEMO_ONLY,-0.04756400043334719,-0.11609887437538469,-0.005599999999999994,3.2,False
2025-07-07,UKI,Enterprise,Automation,342152.07,74337.89,0.2465,0.143,218,40,4.6,normal,No material exception,SYNTHETIC_DEMO_ONLY,-0.05760773400940211,-0.09952428724851925,-0.02140000000000003,5.3,False
2025-07-07,UKI,Enterprise,Cloud,430732.64,114567.46,0.2649,0.1404,262,42,3.76,normal,No material exception,SYNTHETIC_DEMO_ONLY,-0.13644943536753673,0.017492972108955396,0.009599999999999997,8.5,False
2025-07-07,UKI,Enterprise,Platform,495045.04,113883.12,0.2489,0.1509,284,48,4.35,normal,No material exception,SYNTHETIC_DEMO_ONLY,-0.004308037536142839,-0.10316670814183881,-0.04189999999999999,4.4,False
2025-07-14,Benelux,Commercial,AI,132313.91,19711.43,0.1581,0.0976,93,17,6.71,normal,No material exception,SYNTHETIC_DEMO_ONLY,0.0421073432569119,-0.174928088751373,-0.0605,8.4,False
2025-07-14,Benelux,Commercial,Automation,160521.6,35921.72,0.2252,0.108,105,20,4.47,normal,No material exception,SYNTHETIC_DEMO_ONLY,0.011884162229159001,0.4296007099904089,0.024900000000000005,3.1,False
2025-07-14,Benelux,Commercial,Cloud,183161.66,30346.74,0.185,0.1196,112,19,6.04,normal,No material exception,SYNTHETIC_DEMO_ONLY,-0.11576994276501584,-0.209807357158313,-0.03670000000000001,10.0,False
2025-07-14,Benelux,Commercial,Platform,204760.93,42548.79,0.2295,0.1332,133,24,4.81,normal,No material exception,SYNTHETIC_DEMO_ONLY,0.056701511614039024,0.010881960791394585,0.008700000000000013,4.0,False
2025-07-14,Benelux,Enterprise,AI,223940.52,48547.23,0.2523,0.1338,134,22,4.61,normal,No material exception,SYNTHETIC_DEMO_ONLY,0.022339625694182796,-0.06467284512314175,-0.023299999999999987,3.6,False
2025-07-14,Benelux,Enterprise,Automation,274140.02,50301.48,0.2332,0.136,182,26,5.45,normal,No material exception,SYNTHETIC_DEMO_ONLY,0.02857544000356005,-0.20306356799014413,-0.036599999999999994,5.2,False
2025-07-14,Benelux,Enterprise,Cloud,310605.04,67996.43,0.2568,0.1317,206,39,4.57,normal,No material exception,SYNTHETIC_DEMO_ONLY,-0.027075827370719452,-0.07790485729625074,-0.00990000000000002,2.5,False
2025-07-14,Benelux,Enterprise,Platform,347469.63,71507.57,0.233,0.1148,217,30,4.86,normal,No material exception,SYNTHETIC_DEMO_ONLY,0.04427214301389393,-0.018416132949764408,-0.004799999999999999,2.9,False
2025-07-14,DACH,Commercial,AI,215644.2,49163.52,0.2513,0.1577,138,22,4.39,normal,No material exception,SYNTHETIC_DEMO_ONLY,-0.001720891523097734,0.04011365114894083,-0.014499999999999957,1.5,False
2025-07-14,DACH,Commercial,Automation,238935.87,60723.59,0.2755,0.1485,130,18,3.93,normal,No material exception,SYNTHETIC_DEMO_ONLY,-0.0663577005134457,0.07595258788331405,0.039600000000000024,7.6,False
2025-07-14,DACH,Commercial,Cloud,302209.05,62693.89,0.2317,0.1316,189,33,4.82,normal,No material exception,SYNTHETIC_DEMO_ONLY,0.0010125093999446833,-0.099144693186485,-0.004400000000000015,0.5,False
2025-07-14,DACH,Commercial,Platform,317275.13,52331.81,0.2356,0.1302,192,27,6.06,normal,No material exception,SYNTHETIC_DEMO_ONLY,0.08013941801693258,-0.22245697771323503,-0.013800000000000007,5.8,False
2025-07-14,DACH,Enterprise,AI,370790.31,94564.99,0.2997,0.2029,209,37,3.92,normal,No material exception,SYNTHETIC_DEMO_ONLY,0.07162593312359222,0.07075110539933083,0.009700000000000042,4.9,False
2025-07-14,DACH,Enterprise,Automation,414100.76,101555.48,0.2569,0.1426,254,58,4.08,normal,No material exception,SYNTHETIC_DEMO_ONLY,-0.12218565999953668,0.08950109121244365,0.005900000000000016,7.3,False
2025-07-14,DACH,Enterprise,Cloud,486778.38,101980.34,0.23,0.1428,307,47,4.77,normal,No material exception,SYNTHETIC_DEMO_ONLY,-0.0918370057857103,-0.263368502470286,-0.05529999999999999,10.6,False
2025-07-14,DACH,Enterprise,Platform,509815.39,120770.74,0.2688,0.1619,312,67,4.22,normal,No material exception,SYNTHETIC_DEMO_ONLY,-0.06936694346961825,-0.08162073290277161,0.007299999999999973,4.5,False
2025-07-14,France,Commercial,AI,171715.62,34891.18,0.2252,0.1327,116,23,4.92,normal,No material exception,SYNTHETIC_DEMO_ONLY,0.01680561055103058,-0.13227583493554707,-0.031799999999999995,4.1,False
2025-07-14,France,Commercial,Automation,184187.17,29701.23,0.1936,0.1104,108,20,6.2,normal,No material exception,SYNTHETIC_DEMO_ONLY,-0.029809775215707157,-0.25144110522033936,-0.01100000000000001,2.7,False
2025-07-14,France,Commercial,Cloud,231537.14,50817.76,0.2447,0.1385,139,29,4.56,normal,No material exception,SYNTHETIC_DEMO_ONLY,0.08840189894020756,0.02179421058293296,-0.019800000000000012,6.8,False
2025-07-14,France,Commercial,Platform,243885.16,48971.1,0.2266,0.14,158,32,4.98,normal,No material exception,SYNTHETIC_DEMO_ONLY,0.0058095531574855475,0.027866801361698723,-0.010200000000000015,1.3,False
2025-07-14,France,Enterprise,AI,228964.69,56309.09,0.2742,0.165,136,31,4.07,normal,No material exception,SYNTHETIC_DEMO_ONLY,-0.12325752630049092,-0.2625285085599677,-0.0232,9.1,False
2025-07-14,France,Enterprise,Automation,322052.93,73486.37,0.2839,0.1485,197,29,4.38,normal,No material exception,SYNTHETIC_DEMO_ONLY,-0.024276288023869275,0.04229244179383573,0.04569999999999999,5.9,False
2025-07-14,France,Enterprise,Cloud,363810.66,88358.95,0.2793,0.1627,237,48,4.12,normal,No material exception,SYNTHETIC_DEMO_ONLY,-0.08175182887061316,0.030903676680684056,0.038000000000000006,8.3,False
2025-07-14,France,Enterprise,Platform,393563.8,93143.65,0.2668,0.1659,255,39,4.23,normal,No material exception,SYNTHETIC_DEMO_ONLY,-0.11964138371192568,-0.04033762224680992,0.01739999999999997,8.3,False
2025-07-14,Iberia,Commercial,AI,122327.53,25779.9,0.2373,0.1352,83,17,4.75,normal,No material exception,SYNTHETIC_DEMO_ONLY,-0.055852984550423646,-0.20560907495005754,-0.012499999999999983,4.3,False
2025-07-14,Iberia,Commercial,Automation,158051.23,31766.28,0.2416,0.1154,116,14,4.98,normal,No material exception,SYNTHETIC_DEMO_ONLY,0.08481439145234693,0.08701631605116034,0.012400000000000022,5.9,False
2025-07-14,Iberia,Commercial,Cloud,165087.48,27065.92,0.2086,0.1118,108,15,6.1,normal,No material exception,SYNTHETIC_DEMO_ONLY,0.11830013075823453,-0.052131519679378124,-0.0174,8.2,False
2025-07-14,Iberia,Commercial,Platform,194684.07,49646.33,0.2492,0.1412,137,33,3.92,normal,No material exception,SYNTHETIC_DEMO_ONLY,-0.022735825686380995,0.15078001532632412,-0.0022000000000000075,1.5,False
2025-07-14,Iberia,Enterprise,AI,166593.7,35636.0,0.254,0.1569,112,15,4.67,normal,No material exception,SYNTHETIC_DEMO_ONLY,-0.19212757224475985,-0.0739106899178249,0.033,13.9,False
2025-07-14,Iberia,Enterprise,Automation,253242.01,55360.47,0.2557,0.1275,181,37,4.57,normal,No material exception,SYNTHETIC_DEMO_ONLY,-0.00022289909607420277,0.13324061691490563,0.03199999999999997,3.2,False
2025-07-14,Iberia,Enterprise,Cloud,222171.29,55747.0,0.275,0.1402,127,29,3.99,normal,No material exception,SYNTHETIC_DEMO_ONLY,-0.2543236107993935,-0.1481421546852334,0.044800000000000034,18.5,False
2025-07-14,Iberia,Enterprise,Platform,294510.11,71646.82,0.2764,0.1854,169,26,4.11,normal,No material exception,SYNTHETIC_DEMO_ONLY,-0.023567130638155187,-0.03335589610941192,-0.0006000000000000449,1.4,False
2025-07-14,Nordics,Commercial,AI,141473.82,28522.91,0.2326,0.1328,79,13,4.96,normal,No material exception,SYNTHETIC_DEMO_ONLY,0.004485734515063733,0.1771218427918546,0.014899999999999997,1.7,False
2025-07-14,Nordics,Commercial,Automation,162400.19,30898.98,0.2155,0.1007,112,19,5.26,normal,No material exception,SYNTHETIC_DEMO_ONLY,-0.1138327436562857,-0.24895086639658792,-0.028200000000000003,9.1,False
2025-07-14,Nordics,Commercial,Cloud,208022.39,46043.37,0.2624,0.1544,150,25,4.52,normal,No material exception,SYNTHETIC_DEMO_ONLY,0.12002464435103422,0.08838870692622192,0.027500000000000024,9.4,False
2025-07-14,Nordics,Commercial,Platform,236719.91,47736.61,0.2507,0.1409,154,25,4.96,normal,No material exception,SYNTHETIC_DEMO_ONLY,0.08798843216725971,0.06859291195458495,0.012699999999999989,6.1,False
2025-07-14,Nordics,Enterprise,AI,219595.35,52991.49,0.2465,0.15,151,34,4.14,normal,No material exception,SYNTHETIC_DEMO_ONLY,-0.06074760598913531,-0.05038890131346929,-0.0030000000000000027,3.6,False
2025-07-14,Nordics,Enterprise,Automation,278034.93,56831.89,0.255,0.149,175,29,4.89,normal,No material exception,SYNTHETIC_DEMO_ONLY,0.016246868717217033,-0.1625151414231022,-0.028100000000000014,3.7,False
2025-07-14,Nordics,Enterprise,Cloud,300970.38,77515.18,0.2789,0.1528,203,42,3.88,normal,No material exception,SYNTHETIC_DEMO_ONLY,-0.09198004005878391,0.08029387715965952,0.021999999999999964,7.3,False
2025-07-14,Nordics,Enterprise,Platform,374638.25,75730.99,0.2496,0.1291,254,49,4.95,normal,No material exception,SYNTHETIC_DEMO_ONLY,0.07058241309843027,-0.21004505385976546,-0.050600000000000034,8.9,False
2025-07-14,UKI,Commercial,AI,192438.91,37554.11,0.2293,0.1142,92,11,5.12,normal,No material exception,SYNTHETIC_DEMO_ONLY,0.05097480595303816,-0.00045726404390156183,-0.016199999999999992,4.4,False
2025-07-14,UKI,Commercial,Automation,247654.87,60329.39,0.2614,0.1457,181,34,4.11,normal,No material exception,SYNTHETIC_DEMO_ONLY,0.0055384937455436045,-0.07266260732774565,-0.008399999999999963,1.1,False
2025-07-14,UKI,Commercial,Cloud,261654.27,53839.93,0.2414,0.1422,174,31,4.86,normal,No material exception,SYNTHETIC_DEMO_ONLY,0.005904580829697581,0.00637584036884542,0.004500000000000004,0.8,False
2025-07-14,UKI,Commercial,Platform,287831.13,60421.81,0.2278,0.1268,156,33,4.76,normal,No material exception,SYNTHETIC_DEMO_ONLY,-0.01053178095982965,-0.19708084776261092,-0.07500000000000001,8.1,False
2025-07-14,UKI,Enterprise,AI,296131.14,75588.8,0.3028,0.1714,194,32,3.92,normal,No material exception,SYNTHETIC_DEMO_ONLY,-0.05054628085728741,0.19337835793962066,0.08070000000000002,10.9,False
2025-07-14,UKI,Enterprise,Automation,380586.83,78774.98,0.247,0.138,242,50,4.83,normal,No material exception,SYNTHETIC_DEMO_ONLY,-0.055950908740706184,-0.0687847587776591,0.006399999999999989,3.7,False
2025-07-14,UKI,Enterprise,Cloud,411977.43,82856.54,0.2234,0.1307,267,54,4.97,normal,No material exception,SYNTHETIC_DEMO_ONLY,-0.1339949301874438,-0.07964819010468305,-0.0068000000000000005,8.0,False
2025-07-14,UKI,Enterprise,Platform,470892.59,129470.52,0.2804,0.1417,303,51,3.64,normal,No material exception,SYNTHETIC_DEMO_ONLY,-0.0006658865979651818,0.11386239935854459,0.0030000000000000027,0.3,False
2025-07-21,Benelux,Commercial,AI,118429.53,25609.88,0.25,0.1535,80,15,4.62,normal,No material exception,SYNTHETIC_DEMO_ONLY,-0.1521259472039339,-0.05104237610320084,0.02460000000000001,10.8,False
2025-07-21,Benelux,Commercial,Automation,163469.33,28146.35,0.1906,0.1071,129,26,5.81,normal,No material exception,SYNTHETIC_DEMO_ONLY,0.03541269063798014,-0.2407431485379915,-0.050100000000000006,7.0,False
2025-07-21,Benelux,Commercial,Cloud,192532.28,36867.14,0.2064,0.1025,144,28,5.22,normal,No material exception,SYNTHETIC_DEMO_ONLY,0.050216133699063636,0.1702449674293054,0.01630000000000001,4.4,False
2025-07-21,Benelux,Commercial,Platform,209354.01,47552.99,0.2387,0.1493,115,18,4.4,normal,No material exception,SYNTHETIC_DEMO_ONLY,0.04070699511714704,-0.00944890910833096,-0.020200000000000023,4.3,False
2025-07-21,Benelux,Enterprise,AI,204639.66,44414.48,0.2733,0.1571,136,25,4.61,normal,No material exception,SYNTHETIC_DEMO_ONLY,-0.09250511930136252,-0.19220888487873344,0.01589999999999997,6.7,False
2025-07-21,Benelux,Enterprise,Automation,264895.66,62348.77,0.2517,0.1229,185,41,4.25,normal,No material exception,SYNTHETIC_DEMO_ONLY,-0.013299370508953468,0.025601222257844336,0.006299999999999972,1.4,False
2025-07-21,Benelux,Enterprise,Cloud,314445.99,74776.64,0.2521,0.1268,211,44,4.21,normal,No material exception,SYNTHETIC_DEMO_ONLY,0.10790064613505113,0.16517748485497274,0.017799999999999983,7.7,False
2025-07-21,Benelux,Enterprise,Platform,301194.86,73907.75,0.2661,0.1433,206,42,4.08,normal,No material exception,SYNTHETIC_DEMO_ONLY,-0.1769151137415056,-0.0985468000303461,0.02410000000000001,12.1,False
2025-07-21,DACH,Commercial,AI,210706.52,40417.27,0.2302,0.13,113,23,5.21,normal,No material exception,SYNTHETIC_DEMO_ONLY,-0.06814571733333763,-0.13704213918686892,-0.00360000000000002,4.1,False
2025-07-21,DACH,Commercial,Automation,250547.41,57969.98,0.2576,0.1483,168,29,4.32,normal,No material exception,SYNTHETIC_DEMO_ONLY,-0.08065270773234656,0.043799438469199314,0.016999999999999987,6.1,False
2025-07-21,DACH,Commercial,Cloud,294850.7,79162.96,0.2772,0.1548,199,33,3.72,normal,No material exception,SYNTHETIC_DEMO_ONLY,-0.057847995726151735,0.18151044103646052,0.05579999999999999,8.8,False
2025-07-21,DACH,Commercial,Platform,319648.79,60808.19,0.2311,0.1284,218,32,5.26,normal,No material exception,SYNTHETIC_DEMO_ONLY,-0.054413761232373514,-0.18505312657556394,-0.0020000000000000018,3.2,False
2025-07-21,DACH,Enterprise,AI,342232.76,79929.36,0.2875,0.1681,233,46,4.28,normal,No material exception,SYNTHETIC_DEMO_ONLY,0.009532085371808385,-0.06833996154205257,0.0012999999999999678,0.7,False
2025-07-21,DACH,Enterprise,Automation,408537.84,105095.56,0.2773,0.1511,273,59,3.89,normal,No material exception,SYNTHETIC_DEMO_ONLY,0.035529437565183564,0.11650540927760633,0.011099999999999999,3.1,False
2025-07-21,DACH,Enterprise,Cloud,510538.05,123187.37,0.2646,0.1665,355,46,4.14,normal,No material exception,SYNTHETIC_DEMO_ONLY,0.032905867611163986,-0.03400570136219949,-0.020600000000000007,3.9,False
2025-07-21,DACH,Enterprise,Platform,525903.16,129110.05,0.3138,0.1942,336,68,4.07,normal,No material exception,SYNTHETIC_DEMO_ONLY,-0.06569406814877832,0.005827737634793495,0.05400000000000005,9.0,False
2025-07-21,France,Commercial,AI,172698.33,36638.78,0.2396,0.1374,120,23,4.71,normal,No material exception,SYNTHETIC_DEMO_ONLY,0.12466853053895322,0.27838268040834246,0.03,9.9,False
2025-07-21,France,Commercial,Automation,184731.09,40397.71,0.2395,0.1208,124,17,4.57,normal,No material exception,SYNTHETIC_DEMO_ONLY,-0.008210069456561553,0.07123620771492889,0.003799999999999998,0.8,False
2025-07-21,France,Commercial,Cloud,220660.7,38640.99,0.2007,0.1114,146,26,5.71,normal,No material exception,SYNTHETIC_DEMO_ONLY,0.02030816482534603,0.023668007326562268,-0.008400000000000019,2.0,False
2025-07-21,France,Commercial,Platform,215652.62,54546.5,0.2763,0.1347,137,26,3.95,normal,No material exception,SYNTHETIC_DEMO_ONLY,-0.11644893567088921,0.1625817749191043,0.05779999999999999,12.2,False
2025-07-21,France,Enterprise,AI,237549.95,55231.62,0.2456,0.1401,141,24,4.3,normal,No material exception,SYNTHETIC_DEMO_ONLY,-0.08527826780508818,-0.17741136282839465,-0.022800000000000015,7.0,False
2025-07-21,France,Enterprise,Automation,332458.95,76154.25,0.2579,0.14,230,36,4.37,normal,No material exception,SYNTHETIC_DEMO_ONLY,0.07821486672494382,0.15187244832518165,0.0038000000000000256,4.7,False
2025-07-21,France,Enterprise,Cloud,379093.73,84007.71,0.2507,0.123,249,46,4.51,normal,No material exception,SYNTHETIC_DEMO_ONLY,0.12298437485512559,0.0013104043170635293,-0.030100000000000016,9.8,False
2025-07-21,France,Enterprise,Platform,366093.13,73558.87,0.2368,0.1239,202,30,4.98,normal,No material exception,SYNTHETIC_DEMO_ONLY,-0.11494601141883709,-0.249686931244828,-0.021499999999999964,8.5,False
2025-07-21,Iberia,Commercial,AI,126454.77,28317.16,0.2569,0.1435,76,12,4.47,normal,No material exception,SYNTHETIC_DEMO_ONLY,-0.007746815728938317,0.003210098293982,-0.006399999999999961,1.1,False
2025-07-21,Iberia,Commercial,Automation,149486.59,26824.57,0.1995,0.0976,102,21,5.57,normal,No material exception,SYNTHETIC_DEMO_ONLY,-0.015896831456522986,-0.26823468369499803,-0.06059999999999999,6.9,False
2025-07-21,Iberia,Commercial,Cloud,163105.43,30772.95,0.2012,0.1217,102,21,5.3,normal,No material exception,SYNTHETIC_DEMO_ONLY,-0.03799044486771719,-0.03280631516616728,0.0002999999999999947,2.1,False
2025-07-21,Iberia,Commercial,Platform,196378.77,50673.38,0.2535,0.1479,149,27,3.88,normal,No material exception,SYNTHETIC_DEMO_ONLY,0.039291585882205826,0.10793792113372502,-0.01419999999999999,3.6,False
2025-07-21,Iberia,Enterprise,AI,199047.61,42786.95,0.2442,0.1223,119,23,4.65,normal,No material exception,SYNTHETIC_DEMO_ONLY,-0.028538044210078328,-0.019106885769043958,-0.02099999999999999,3.7,False
2025-07-21,Iberia,Enterprise,Automation,228542.2,46653.46,0.2386,0.1419,143,30,4.9,normal,No material exception,SYNTHETIC_DEMO_ONLY,-0.16008885317363297,-0.23731108092551034,-0.020300000000000012,10.8,False
2025-07-21,Iberia,Enterprise,Cloud,251022.56,52037.18,0.2667,0.1424,152,33,4.82,normal,No material exception,SYNTHETIC_DEMO_ONLY,-0.15162561973924193,-0.21345464482922705,0.026599999999999985,11.0,False
2025-07-21,Iberia,Enterprise,Platform,322719.19,74490.98,0.2721,0.1522,195,34,4.33,normal,No material exception,SYNTHETIC_DEMO_ONLY,0.009395357464069276,0.21514326887346003,0.0335,3.9,False
2025-07-21,Nordics,Commercial,AI,136973.78,26952.19,0.2206,0.1129,75,13,5.08,normal,No material exception,SYNTHETIC_DEMO_ONLY,-0.09821133835122264,-0.16448043896087794,-0.023900000000000005,7.8,False
2025-07-21,Nordics,Commercial,Automation,169755.33,34127.15,0.2128,0.1279,124,21,4.97,normal,No material exception,SYNTHETIC_DEMO_ONLY,-0.08355774441462871,-0.07970059321526557,-0.018500000000000016,6.4,False
2025-07-21,Nordics,Commercial,Cloud,213033.44,47697.34,0.2308,0.1251,109,18,4.47,normal,No material exception,SYNTHETIC_DEMO_ONLY,-0.030861091695992493,0.13908366236059466,-0.001899999999999985,1.9,False
2025-07-21,Nordics,Commercial,Platform,220619.01,48491.19,0.266,0.1344,152,24,4.55,normal,No material exception,SYNTHETIC_DEMO_ONLY,-0.005225542741134959,0.015737576215105742,-0.01479999999999998,1.8,False
2025-07-21,Nordics,Enterprise,AI,243551.31,41164.71,0.2311,0.1392,173,23,5.92,normal,No material exception,SYNTHETIC_DEMO_ONLY,0.03914201421630792,-0.18484124738286956,-0.007000000000000006,2.9,False
2025-07-21,Nordics,Enterprise,Automation,275791.36,66334.8,0.2439,0.1302,179,32,4.16,normal,No material exception,SYNTHETIC_DEMO_ONLY,-0.051198851935286505,-0.09463090692501963,-0.030600000000000016,5.9,False
2025-07-21,Nordics,Enterprise,Cloud,307646.15,71963.1,0.2453,0.1398,196,41,4.28,normal,No material exception,SYNTHETIC_DEMO_ONLY,-0.0971750013095748,-0.06028073360759345,0.0031999999999999806,5.7,False
2025-07-21,Nordics,Enterprise,Platform,359001.66,83820.44,0.2547,0.1425,229,34,4.28,normal,No material exception,SYNTHETIC_DEMO_ONLY,0.024539754041961848,0.04526385229209873,9.999999999998899e-05,1.4,False
2025-07-21,UKI,Commercial,AI,164258.0,31925.02,0.2331,0.1271,124,21,5.15,normal,No material exception,SYNTHETIC_DEMO_ONLY,-0.09419139991925596,-0.23589914688821478,-0.010399999999999993,6.2,False
2025-07-21,UKI,Commercial,Automation,228741.67,45038.78,0.2116,0.1212,161,25,5.08,normal,No material exception,SYNTHETIC_DEMO_ONLY,-0.022783369820264077,-0.11331925446713942,-0.004899999999999988,1.7,False
2025-07-21,UKI,Commercial,Cloud,264519.98,66383.81,0.2633,0.1383,162,24,3.98,normal,No material exception,SYNTHETIC_DEMO_ONLY,-0.012974947539569737,-0.0035897529035406883,-0.0126,2.0,False
2025-07-21,UKI,Commercial,Platform,288109.85,69777.67,0.2648,0.1593,180,28,4.13,normal,No material exception,SYNTHETIC_DEMO_ONLY,-0.06558733206768697,0.040712642008400746,0.00269999999999998,3.9,False
2025-07-21,UKI,Enterprise,AI,265137.27,54376.16,0.2415,0.1313,164,27,4.88,normal,No material exception,SYNTHETIC_DEMO_ONLY,-0.1369598082269402,-0.23129959690564217,-0.025900000000000034,10.1,False
2025-07-21,UKI,Enterprise,Automation,379440.99,85870.7,0.2793,0.1537,259,34,4.42,normal,No material exception,SYNTHETIC_DEMO_ONLY,0.0297945122387111,0.1131776236917319,0.021100000000000008,3.7,False
2025-07-21,UKI,Enterprise,Cloud,446612.69,97773.63,0.2722,0.1812,302,51,4.57,normal,No material exception,SYNTHETIC_DEMO_ONLY,0.1157758426553932,0.06255600164273312,0.0040999999999999925,6.8,False
2025-07-21,UKI,Enterprise,Platform,453710.61,111266.79,0.2912,0.1917,281,51,4.08,normal,No material exception,SYNTHETIC_DEMO_ONLY,-0.06845320857701087,-0.12934699375431058,-0.016199999999999992,5.4,False
2025-07-28,Benelux,Commercial,AI,124073.74,23485.89,0.2317,0.1413,99,22,5.28,normal,No material exception,SYNTHETIC_DEMO_ONLY,-0.09931719455962462,-0.21097895374096365,-0.007200000000000012,6.2,False
2025-07-28,Benelux,Commercial,Automation,155704.75,34332.57,0.2249,0.1317,100,17,4.54,normal,No material exception,SYNTHETIC_DEMO_ONLY,-0.022945644302823642,-0.08456049394303311,-0.03970000000000001,5.2,False
2025-07-28,Benelux,Commercial,Cloud,179159.05,38450.05,0.2349,0.1421,110,20,4.66,normal,No material exception,SYNTHETIC_DEMO_ONLY,-0.05051372217924488,-0.08613233166912182,-0.015699999999999992,4.3,False
2025-07-28,Benelux,Commercial,Platform,203685.63,41832.77,0.2208,0.1205,125,22,4.87,normal,No material exception,SYNTHETIC_DEMO_ONLY,0.007256118399960876,-0.17605185782783606,-0.0348,3.9,False
2025-07-28,Benelux,Enterprise,AI,223659.16,52623.55,0.2565,0.1586,142,25,4.25,normal,No material exception,SYNTHETIC_DEMO_ONLY,0.07289835902443498,0.1523220065079247,0.019800000000000012,6.0,False
2025-07-28,Benelux,Enterprise,Automation,219224.78,51712.32,0.2648,0.1553,132,32,4.24,normal,No material exception,SYNTHETIC_DEMO_ONLY,-0.1093607387375104,-0.0011328742729758146,0.03779999999999997,9.8,False
2025-07-28,Benelux,Enterprise,Cloud,294660.78,57516.87,0.2331,0.132,181,40,5.12,normal,No material exception,SYNTHETIC_DEMO_ONLY,0.01124716928073588,-0.06332736861441768,0.019699999999999995,2.6,False
2025-07-28,Benelux,Enterprise,Platform,370345.91,85394.58,0.2583,0.1371,235,48,4.34,normal,No material exception,SYNTHETIC_DEMO_ONLY,0.004262692748842278,0.07179714386840419,0.014499999999999985,1.7,False
2025-07-28,DACH,Commercial,AI,203205.82,46834.36,0.2573,0.136,126,21,4.34,normal,No material exception,SYNTHETIC_DEMO_ONLY,-0.07552721759632586,-0.008013731895500142,0.018099999999999977,6.0,False
2025-07-28,DACH,Commercial,Automation,250447.98,52330.66,0.2202,0.1182,155,30,4.79,normal,No material exception,SYNTHETIC_DEMO_ONLY,0.013156045574549857,0.2561123991588259,0.013399999999999995,2.1,False
2025-07-28,DACH,Commercial,Cloud,281223.74,61037.86,0.2474,0.1272,200,40,4.61,normal,No material exception,SYNTHETIC_DEMO_ONLY,-0.05354226834045406,0.07089544841196105,0.0184,4.8,False
2025-07-28,DACH,Commercial,Platform,310133.58,71750.63,0.2913,0.1672,222,43,4.32,normal,No material exception,SYNTHETIC_DEMO_ONLY,-0.06684193655940385,-0.013655967871998298,0.06140000000000001,9.8,False
2025-07-28,DACH,Enterprise,AI,320441.77,79779.2,0.279,0.1532,209,44,4.02,normal,No material exception,SYNTHETIC_DEMO_ONLY,-0.043685947770213396,0.12900856543716044,0.04240000000000002,6.6,False
2025-07-28,DACH,Enterprise,Automation,434140.24,97906.89,0.2677,0.1662,268,49,4.43,normal,No material exception,SYNTHETIC_DEMO_ONLY,-0.03178458501285264,-0.14731526413382257,0.006299999999999972,2.4,False
2025-07-28,DACH,Enterprise,Cloud,451593.41,82071.32,0.2254,0.1094,274,56,5.5,normal,No material exception,SYNTHETIC_DEMO_ONLY,0.07565899425893163,-0.12276956231426484,-0.029500000000000026,7.1,False
2025-07-28,DACH,Enterprise,Platform,541723.02,144066.83,0.2926,0.161,368,93,3.76,normal,No material exception,SYNTHETIC_DEMO_ONLY,-0.027694785452749504,0.03008357824603225,-0.005599999999999994,2.1,False
2025-07-28,France,Commercial,AI,145315.32,29861.01,0.2269,0.1249,80,14,4.87,normal,No material exception,SYNTHETIC_DEMO_ONLY,-0.07996391660805979,0.011132236791981498,-0.014300000000000007,5.8,False
2025-07-28,France,Commercial,Automation,192423.66,42708.98,0.2288,0.1312,129,21,4.51,normal,No material exception,SYNTHETIC_DEMO_ONLY,-0.035639851963860325,0.21131327249300225,0.00520000000000001,2.5,False
2025-07-28,France,Commercial,Cloud,204032.23,46957.12,0.2449,0.1278,122,19,4.35,normal,No material exception,SYNTHETIC_DEMO_ONLY,-0.03886525818289899,0.14515847004663573,0.032200000000000006,5.4,False
2025-07-28,France,Commercial,Platform,246293.25,52082.68,0.2526,0.1561,150,34,4.73,normal,No material exception,SYNTHETIC_DEMO_ONLY,0.08454356682028297,0.04522093906502889,0.021999999999999992,6.8,False
2025-07-28,France,Enterprise,AI,253711.93,52192.35,0.2661,0.1391,198,41,4.86,normal,No material exception,SYNTHETIC_DEMO_ONLY,0.0830889062759339,-0.061414939141281044,-0.007000000000000006,5.3,False
2025-07-28,France,Enterprise,Automation,302882.89,52849.68,0.1981,0.1079,207,40,5.73,normal,No material exception,SYNTHETIC_DEMO_ONLY,0.006257086597915018,-0.2753047029650021,-0.08290000000000003,8.6,False
2025-07-28,France,Enterprise,Cloud,337147.0,79256.19,0.2627,0.1519,209,36,4.25,normal,No material exception,SYNTHETIC_DEMO_ONLY,-0.08209575562092375,-0.075954781866577,-0.00880000000000003,5.4,False
2025-07-28,France,Enterprise,Platform,375684.27,112221.9,0.299,0.1896,258,36,3.35,normal,No material exception,SYNTHETIC_DEMO_ONLY,-0.06711018987523598,0.2004844646226256,0.043899999999999995,8.1,False
2025-07-28,Iberia,Commercial,AI,113047.61,18585.9,0.1993,0.1105,58,11,6.08,normal,No material exception,SYNTHETIC_DEMO_ONLY,-0.050698635076473875,-0.23230610110516126,-0.03159999999999999,5.9,False
2025-07-28,Iberia,Commercial,Automation,131365.44,24973.5,0.2233,0.1123,95,19,5.26,normal,No material exception,SYNTHETIC_DEMO_ONLY,-0.21342892346853426,-0.23568206504024736,0.00040000000000001146,11.8,False
2025-07-28,Iberia,Commercial,Cloud,157809.12,29722.87,0.2379,0.141,69,15,5.31,normal,No material exception,SYNTHETIC_DEMO_ONLY,-0.0072575470487434846,-0.014198221217500251,0.012699999999999989,1.7,False
2025-07-28,Iberia,Commercial,Platform,195121.04,45781.8,0.2548,0.1404,99,17,4.26,normal,No material exception,SYNTHETIC_DEMO_ONLY,0.11618776544141607,0.3874479386540588,0.039100000000000024,10.3,False
2025-07-28,Iberia,Enterprise,AI,184451.93,45438.17,0.2612,0.1281,123,21,4.06,normal,No material exception,SYNTHETIC_DEMO_ONLY,-0.1099907260508225,0.12740905308216366,0.03619999999999998,9.7,False
2025-07-28,Iberia,Enterprise,Automation,227101.93,49300.23,0.2356,0.1407,153,34,4.61,normal,No material exception,SYNTHETIC_DEMO_ONLY,-0.1721978579753648,-0.1900546735188049,-0.013300000000000006,10.8,False
2025-07-28,Iberia,Enterprise,Cloud,307002.29,59063.92,0.2372,0.1411,185,31,5.2,normal,No material exception,SYNTHETIC_DEMO_ONLY,0.0548264460952832,0.26922748801824326,0.044499999999999984,7.5,False
2025-07-28,Iberia,Enterprise,Platform,289197.13,59966.01,0.2504,0.122,188,39,4.82,normal,No material exception,SYNTHETIC_DEMO_ONLY,-0.08434303826417067,-0.18488227785986433,-0.008699999999999986,5.5,False
2025-07-28,Nordics,Commercial,AI,132079.08,26549.92,0.2205,0.1099,106,22,4.97,normal,No material exception,SYNTHETIC_DEMO_ONLY,-0.05026060489789386,-0.16048586355119032,-0.028499999999999998,5.6,False
2025-07-28,Nordics,Commercial,Automation,183067.29,36133.27,0.2224,0.135,117,19,5.07,normal,No material exception,SYNTHETIC_DEMO_ONLY,0.07229477759467606,0.16236211267619227,-0.0048000000000000265,4.5,False
2025-07-28,Nordics,Commercial,Cloud,201681.53,40379.94,0.226,0.1315,136,20,4.99,normal,No material exception,SYNTHETIC_DEMO_ONLY,-0.08021899815867328,0.04642527843816535,0.025900000000000006,7.0,False
2025-07-28,Nordics,Commercial,Platform,222167.08,41293.12,0.2276,0.1505,131,23,5.38,normal,No material exception,SYNTHETIC_DEMO_ONLY,-0.051300397846722245,-0.12865330238446926,-0.00839999999999999,3.7,False
2025-07-28,Nordics,Enterprise,AI,238815.53,57260.46,0.2558,0.1451,159,36,4.17,normal,No material exception,SYNTHETIC_DEMO_ONLY,0.04165384857126275,0.17325467986755383,0.01930000000000004,4.2,False
2025-07-28,Nordics,Enterprise,Automation,303310.13,68259.2,0.2641,0.1383,188,37,4.44,normal,No material exception,SYNTHETIC_DEMO_ONLY,0.031019144872795446,0.28173341360065396,0.03459999999999999,5.2,False
2025-07-28,Nordics,Enterprise,Cloud,317298.41,68104.96,0.265,0.1412,200,38,4.66,normal,No material exception,SYNTHETIC_DEMO_ONLY,-0.12486366090809553,-0.2241029614436877,-0.003400000000000014,7.2,False
2025-07-28,Nordics,Enterprise,Platform,352864.63,83361.67,0.2565,0.1296,227,40,4.23,normal,No material exception,SYNTHETIC_DEMO_ONLY,-0.04405070653061449,-0.015513500516325385,0.010099999999999998,3.4,False
2025-07-28,UKI,Commercial,AI,181372.23,40601.14,0.2818,0.1622,117,23,4.47,normal,No material exception,SYNTHETIC_DEMO_ONLY,-0.0983468885371207,0.044180183405356566,0.05979999999999999,11.4,False
2025-07-28,UKI,Commercial,Automation,227120.12,41561.18,0.2167,0.1205,146,28,5.46,normal,No material exception,SYNTHETIC_DEMO_ONLY,0.05020817341927852,-0.14580329205792253,-0.045399999999999996,7.3,False
2025-07-28,UKI,Commercial,Cloud,256574.08,46657.11,0.2137,0.12,141,24,5.5,normal,No material exception,SYNTHETIC_DEMO_ONLY,-0.08052787762030333,-0.17066352449662592,-0.012199999999999989,5.6,False
2025-07-28,UKI,Commercial,Platform,288570.62,65714.92,0.2506,0.1589,204,39,4.39,normal,No material exception,SYNTHETIC_DEMO_ONLY,-0.10718671229862897,-0.07642810894437213,0.014899999999999997,7.4,False
2025-07-28,UKI,Enterprise,AI,287520.8,54926.84,0.2465,0.1309,205,39,5.23,normal,No material exception,SYNTHETIC_DEMO_ONLY,-0.06635058885960499,-0.10494835761692367,-0.01679999999999998,5.3,False
2025-07-28,UKI,Enterprise,Automation,355929.61,109715.49,0.3152,0.1706,245,26,3.24,normal,No material exception,SYNTHETIC_DEMO_ONLY,-0.11399531967570797,0.0006009141848215549,0.032799999999999996,9.5,False
2025-07-28,UKI,Enterprise,Cloud,404004.25,102170.58,0.2911,0.1791,251,53,3.95,normal,No material exception,SYNTHETIC_DEMO_ONLY,-0.08022783154404245,0.24337629327985533,0.06410000000000002,10.8,False
2025-07-28,UKI,Enterprise,Platform,448095.55,105820.62,0.2642,0.1472,263,41,4.23,normal,No material exception,SYNTHETIC_DEMO_ONLY,-0.10013986427419985,-0.11467842358800118,-0.0039000000000000146,5.9,False
2025-08-04,Benelux,Commercial,AI,123966.09,23835.74,0.2228,0.1272,70,11,5.2,normal,No material exception,SYNTHETIC_DEMO_ONLY,-0.12579702929451575,-0.19289908690549473,0.005299999999999999,7.4,False
2025-08-04,Benelux,Commercial,Automation,162738.52,29394.28,0.1985,0.1103,106,20,5.54,normal,No material exception,SYNTHETIC_DEMO_ONLY,-0.02781383367663437,0.07488113669956054,0.01100000000000001,2.6,False
2025-08-04,Benelux,Commercial,Cloud,167485.6,43471.66,0.2845,0.158,112,25,3.85,normal,No material exception,SYNTHETIC_DEMO_ONLY,-0.16009368844649896,0.07694952750550899,0.05719999999999997,14.5,False
2025-08-04,Benelux,Commercial,Platform,199455.99,38534.05,0.2431,0.1303,119,20,5.18,normal,No material exception,SYNTHETIC_DEMO_ONLY,-0.055871778126069915,0.1406748604278043,0.03090000000000001,6.2,False
2025-08-04,Benelux,Enterprise,AI,207389.96,61611.02,0.2895,0.1771,140,26,3.37,normal,No material exception,SYNTHETIC_DEMO_ONLY,-0.035007787547750024,0.3682735897810021,0.06869999999999998,8.8,False
2025-08-04,Benelux,Enterprise,Automation,245510.22,55701.94,0.2475,0.1186,148,27,4.41,normal,No material exception,SYNTHETIC_DEMO_ONLY,-0.0020166959924691197,0.1093084867507974,0.011899999999999994,1.3,False
2025-08-04,Benelux,Enterprise,Cloud,328891.5,67122.18,0.2155,0.12,231,50,4.9,normal,No material exception,SYNTHETIC_DEMO_ONLY,0.07771499118341474,0.04388903844799019,-0.039099999999999996,8.2,False
2025-08-04,Benelux,Enterprise,Platform,334589.26,91105.28,0.2904,0.19,243,45,3.67,normal,No material exception,SYNTHETIC_DEMO_ONLY,0.03635739594363652,0.3713099450484283,0.0378,5.8,False
2025-08-04,DACH,Commercial,AI,189619.87,36262.81,0.2163,0.1135,130,26,5.23,normal,No material exception,SYNTHETIC_DEMO_ONLY,-0.10134568859848503,-0.11502836765891644,-0.020199999999999996,7.6,False
2025-08-04,DACH,Commercial,Automation,261807.15,49319.48,0.2277,0.1224,163,37,5.31,normal,No material exception,SYNTHETIC_DEMO_ONLY,0.09162221179552743,-0.030221159885025273,-0.03159999999999996,8.2,False
2025-08-04,DACH,Commercial,Cloud,296540.95,59459.65,0.2242,0.1102,185,45,4.99,normal,No material exception,SYNTHETIC_DEMO_ONLY,-0.02494058137674049,0.1365357094320212,0.0174,3.1,False
2025-08-04,DACH,Commercial,Platform,312043.94,64728.84,0.2621,0.1492,212,34,4.82,normal,No material exception,SYNTHETIC_DEMO_ONLY,-0.03940522190139528,0.12281584293271641,0.04250000000000001,6.4,False
2025-08-04,DACH,Enterprise,AI,319245.73,85209.93,0.2746,0.1506,220,44,3.75,normal,No material exception,SYNTHETIC_DEMO_ONLY,-0.12235661548253463,0.1700020884575031,0.05100000000000002,11.8,False
2025-08-04,DACH,Enterprise,Automation,399899.83,84955.28,0.2491,0.1564,266,33,4.71,normal,No material exception,SYNTHETIC_DEMO_ONLY,-0.019097702448177656,-0.050598767296719194,-0.0006000000000000172,1.1,False
2025-08-04,DACH,Enterprise,Cloud,477362.21,121102.59,0.2904,0.1785,328,70,3.94,normal,No material exception,SYNTHETIC_DEMO_ONLY,0.10342471525852082,0.36169990035403443,0.033899999999999986,9.1,False
2025-08-04,DACH,Enterprise,Platform,498883.93,113530.2,0.2774,0.1589,315,52,4.39,normal,No material exception,SYNTHETIC_DEMO_ONLY,-0.09626263305307514,-0.15939751275987613,0.006399999999999961,5.9,False
2025-08-04,France,Commercial,AI,152994.74,29442.19,0.2172,0.1205,101,20,5.2,normal,No material exception,SYNTHETIC_DEMO_ONLY,-0.04654640066681737,-0.0764784577333687,0.0002999999999999947,2.6,False
2025-08-04,France,Commercial,Automation,188519.42,46092.18,0.2537,0.141,132,32,4.09,normal,No material exception,SYNTHETIC_DEMO_ONLY,0.046689420886703914,0.18742160335296143,0.02639999999999998,5.2,False
2025-08-04,France,Commercial,Cloud,207622.7,47274.56,0.262,0.1575,124,23,4.39,normal,No material exception,SYNTHETIC_DEMO_ONLY,-0.12691552965034003,0.18395160266339605,0.06920000000000001,13.9,False
2025-08-04,France,Commercial,Platform,243814.51,53291.41,0.2542,0.1391,165,30,4.58,normal,No material exception,SYNTHETIC_DEMO_ONLY,-0.026246137067149622,0.23077493350319078,0.030199999999999977,4.5,False
2025-08-04,France,Enterprise,AI,242940.82,50184.68,0.2287,0.1503,164,27,4.84,normal,No material exception,SYNTHETIC_DEMO_ONLY,-0.051772892607104826,-0.1439630201948232,-0.05080000000000004,7.9,False
2025-08-04,France,Enterprise,Automation,298662.91,79512.25,0.298,0.1777,185,34,3.76,normal,No material exception,SYNTHETIC_DEMO_ONLY,0.009232737155386417,0.09127500161607349,0.0262,3.1,False
2025-08-04,France,Enterprise,Cloud,328024.91,61293.43,0.2185,0.1245,214,35,5.35,normal,No material exception,SYNTHETIC_DEMO_ONLY,-0.19204532971160682,-0.25668037650203346,-0.0305,13.6,False
2025-08-04,France,Enterprise,Platform,365075.99,102486.31,0.3015,0.1475,248,46,3.56,normal,No material exception,SYNTHETIC_DEMO_ONLY,-0.09790332371717236,0.2497813809892493,0.07469999999999999,12.9,False
2025-08-04,Iberia,Commercial,AI,106791.9,20106.09,0.2053,0.1142,50,9,5.31,normal,No material exception,SYNTHETIC_DEMO_ONLY,-0.14313760432469114,-0.2681410552975817,-0.03269999999999998,11.1,False
2025-08-04,Iberia,Commercial,Automation,145078.7,33865.33,0.2564,0.1485,131,24,4.28,normal,No material exception,SYNTHETIC_DEMO_ONLY,0.009709036524470749,0.2375982823991596,0.04940000000000003,5.5,False
2025-08-04,Iberia,Commercial,Cloud,162274.76,34252.53,0.2355,0.1198,100,17,4.74,normal,No material exception,SYNTHETIC_DEMO_ONLY,-0.02387381699978519,-0.06910077700563388,-0.010300000000000004,2.3,False
2025-08-04,Iberia,Commercial,Platform,177531.95,30001.61,0.2006,0.1045,126,22,5.92,normal,No material exception,SYNTHETIC_DEMO_ONLY,-0.053101523810824114,-0.19070717337547904,-0.0169,4.6,False
2025-08-04,Iberia,Enterprise,AI,183936.8,42522.34,0.2381,0.1424,116,23,4.33,normal,No material exception,SYNTHETIC_DEMO_ONLY,-0.13015585160070142,0.04427230234882029,0.01630000000000001,8.8,False
2025-08-04,Iberia,Enterprise,Automation,227757.81,59273.2,0.2857,0.1631,157,26,3.84,normal,No material exception,SYNTHETIC_DEMO_ONLY,0.028587055719822674,0.3310759934417673,0.061200000000000004,7.7,False
2025-08-04,Iberia,Enterprise,Cloud,288715.16,58503.93,0.2245,0.1225,192,37,4.93,normal,No material exception,SYNTHETIC_DEMO_ONLY,0.004480855746309853,0.03126224541652345,0.013500000000000012,1.6,False
2025-08-04,Iberia,Enterprise,Platform,337315.95,75681.77,0.272,0.1529,220,37,4.46,normal,No material exception,SYNTHETIC_DEMO_ONLY,0.11987590117444635,0.17468972262108018,0.04860000000000003,11.5,False
2025-08-04,Nordics,Commercial,AI,138904.68,24710.85,0.2123,0.1294,92,17,5.62,normal,No material exception,SYNTHETIC_DEMO_ONLY,-0.014756171362246273,-0.11877322903048415,-0.007300000000000001,1.5,False
2025-08-04,Nordics,Commercial,Automation,155668.56,34158.86,0.2548,0.1392,79,12,4.56,normal,No material exception,SYNTHETIC_DEMO_ONLY,-0.10939302974455711,-0.12728877179679254,-0.00649999999999995,6.7,False
2025-08-04,Nordics,Commercial,Cloud,215070.61,37566.08,0.1937,0.0937,133,22,5.73,normal,No material exception,SYNTHETIC_DEMO_ONLY,0.0976118499894918,-0.23376407751029127,-0.06589999999999999,12.0,False
2025-08-04,Nordics,Commercial,Platform,231005.41,40118.13,0.2161,0.1246,128,22,5.76,normal,No material exception,SYNTHETIC_DEMO_ONLY,0.04812952508548518,-0.19186179789721192,-0.017400000000000027,4.4,False
2025-08-04,Nordics,Enterprise,AI,214908.8,47292.43,0.244,0.1452,135,23,4.54,normal,No material exception,SYNTHETIC_DEMO_ONLY,-0.0368552482741189,-0.08771878722408966,0.002599999999999991,2.3,False
2025-08-04,Nordics,Enterprise,Automation,245825.36,51542.51,0.2415,0.1127,145,25,4.77,normal,No material exception,SYNTHETIC_DEMO_ONLY,-0.15054841336532587,-0.2432937346920887,-0.018900000000000028,10.2,False
2025-08-04,Nordics,Enterprise,Cloud,330265.23,87093.73,0.2733,0.1395,193,36,3.79,normal,No material exception,SYNTHETIC_DEMO_ONLY,-0.007044084758596636,0.13996446876776414,0.0020999999999999908,0.6,False
2025-08-04,Nordics,Enterprise,Platform,356176.12,81917.37,0.2605,0.146,232,44,4.35,normal,No material exception,SYNTHETIC_DEMO_ONLY,0.0413662073540062,-0.0024810913441024596,-0.007500000000000007,3.0,False
2025-08-04,UKI,Commercial,AI,183207.09,36653.34,0.212,0.1144,115,19,5.0,normal,No material exception,SYNTHETIC_DEMO_ONLY,-0.08536901161421573,-0.10150125091986628,-0.018500000000000016,6.5,False
2025-08-04,UKI,Commercial,Automation,218922.7,48243.78,0.2425,0.1385,141,28,4.54,normal,No material exception,SYNTHETIC_DEMO_ONLY,-0.06660357123335992,0.03246488096766731,0.020100000000000007,5.7,False
2025-08-04,UKI,Commercial,Cloud,242752.94,44013.44,0.1913,0.1168,150,25,5.52,normal,No material exception,SYNTHETIC_DEMO_ONLY,0.019063711973221764,0.061762692271135844,-0.0005999999999999894,1.1,False
2025-08-04,UKI,Commercial,Platform,271296.0,50201.86,0.2229,0.135,196,30,5.4,normal,No material exception,SYNTHETIC_DEMO_ONLY,-0.12784529798490396,-0.3875552918264108,-0.04980000000000001,12.0,False
2025-08-04,UKI,Enterprise,AI,262535.27,56506.31,0.239,0.1339,159,30,4.65,normal,No material exception,SYNTHETIC_DEMO_ONLY,-0.132657236046561,-0.2515000780207475,-0.04410000000000003,11.7,False
2025-08-04,UKI,Enterprise,Automation,375382.27,97888.02,0.2803,0.1558,248,55,3.83,normal,No material exception,SYNTHETIC_DEMO_ONLY,0.0971211426544929,0.316798472488256,0.0338,8.7,False
2025-08-04,UKI,Enterprise,Cloud,430015.0,88630.11,0.2268,0.1276,262,49,4.85,normal,No material exception,SYNTHETIC_DEMO_ONLY,-0.0016660915225742423,-0.2263936897963873,-0.03810000000000002,3.9,False
2025-08-04,UKI,Enterprise,Platform,500401.6,114877.24,0.2812,0.1565,339,65,4.36,normal,No material exception,SYNTHETIC_DEMO_ONLY,0.010820348790889778,0.008729300707602805,0.032299999999999995,3.8,False
2025-08-11,Benelux,Commercial,AI,123507.01,23395.08,0.2383,0.1307,85,14,5.28,normal,No material exception,SYNTHETIC_DEMO_ONLY,-0.06656065110614606,0.18687888194818947,0.08020000000000002,11.7,False
2025-08-11,Benelux,Commercial,Automation,153326.92,33429.09,0.2376,0.1289,100,18,4.59,normal,No material exception,SYNTHETIC_DEMO_ONLY,-0.044820634730777575,-0.06939060824481691,0.012399999999999994,3.7,False
2025-08-11,Benelux,Commercial,Cloud,154063.35,31242.59,0.2468,0.1604,98,20,4.93,normal,No material exception,SYNTHETIC_DEMO_ONLY,-0.1588668174332991,0.029520469084982404,0.061799999999999994,14.9,False
2025-08-11,Benelux,Commercial,Platform,173838.44,34393.96,0.2341,0.1242,109,16,5.05,normal,No material exception,SYNTHETIC_DEMO_ONLY,-0.15101753054159306,-0.19165832917927872,0.004599999999999993,8.8,False
2025-08-11,Benelux,Enterprise,AI,205400.4,46538.99,0.2529,0.1487,123,22,4.41,normal,No material exception,SYNTHETIC_DEMO_ONLY,-0.08279037665894495,-0.04136672679368125,0.0005999999999999894,4.6,False
2025-08-11,Benelux,Enterprise,Automation,251099.04,55853.23,0.2396,0.125,164,31,4.5,normal,No material exception,SYNTHETIC_DEMO_ONLY,-0.08404821740364654,0.11036951596652811,0.006400000000000017,5.3,False
2025-08-11,Benelux,Enterprise,Cloud,271084.06,54989.01,0.2274,0.1268,172,30,4.93,normal,No material exception,SYNTHETIC_DEMO_ONLY,-0.1272386951609027,-0.19129563125593496,-0.02939999999999998,9.9,False
2025-08-11,Benelux,Enterprise,Platform,315458.3,75210.72,0.2543,0.1363,180,49,4.19,normal,No material exception,SYNTHETIC_DEMO_ONLY,-0.09212698675277031,0.0517868248074993,0.021300000000000013,7.2,False
2025-08-11,DACH,Commercial,AI,193322.48,31833.35,0.2077,0.1114,139,32,6.07,normal,No material exception,SYNTHETIC_DEMO_ONLY,-0.10351180323885367,-0.35250059393631694,-0.04360000000000003,10.1,False
2025-08-11,DACH,Commercial,Automation,263516.87,54352.08,0.2374,0.1443,161,29,4.85,normal,No material exception,SYNTHETIC_DEMO_ONLY,0.10287697698968357,-0.10492643797904566,-0.03810000000000002,9.5,False
2025-08-11,DACH,Commercial,Cloud,288162.78,61126.58,0.2288,0.1274,175,36,4.71,normal,No material exception,SYNTHETIC_DEMO_ONLY,-0.04647865442811838,-0.024999405843216915,-0.002899999999999986,2.8,False
2025-08-11,DACH,Commercial,Platform,300959.51,62781.83,0.2368,0.1199,206,37,4.79,normal,No material exception,SYNTHETIC_DEMO_ONLY,-0.051424200819017885,0.19968772339424157,0.0012000000000000066,2.9,False
2025-08-11,DACH,Enterprise,AI,315683.57,76355.02,0.2914,0.1833,180,30,4.13,normal,No material exception,SYNTHETIC_DEMO_ONLY,-0.1486196874993847,-0.19256566304295064,-0.00830000000000003,9.0,False
2025-08-11,DACH,Enterprise,Automation,369119.86,81199.45,0.2691,0.156,234,45,4.55,normal,No material exception,SYNTHETIC_DEMO_ONLY,-0.10862308004457666,-0.20044245765959645,0.012199999999999989,7.2,False
2025-08-11,DACH,Enterprise,Cloud,457276.88,116095.41,0.2868,0.1495,296,54,3.94,normal,No material exception,SYNTHETIC_DEMO_ONLY,-0.06060560865501052,0.13840971701016103,0.05679999999999999,9.0,False
2025-08-11,DACH,Enterprise,Platform,529816.6,150201.79,0.3215,0.1882,326,67,3.53,normal,No material exception,SYNTHETIC_DEMO_ONLY,0.0392322601324373,0.24369354696344492,0.052700000000000025,7.4,False
2025-08-11,France,Commercial,AI,152812.7,40544.12,0.2798,0.1639,101,17,3.77,normal,No material exception,SYNTHETIC_DEMO_ONLY,-0.1100827053473643,0.1620163032605948,0.05459999999999998,11.5,False
2025-08-11,France,Commercial,Automation,203879.2,39397.04,0.2342,0.1221,129,27,5.17,normal,No material exception,SYNTHETIC_DEMO_ONLY,0.10691314709922528,0.32644472973004834,0.0406,9.9,False
2025-08-11,France,Commercial,Cloud,212832.15,46693.53,0.2571,0.1552,168,32,4.56,normal,No material exception,SYNTHETIC_DEMO_ONLY,-0.08078613219460173,-0.0811572568330442,0.012399999999999994,5.7,False
2025-08-11,France,Commercial,Platform,258576.28,54264.62,0.2387,0.1138,173,29,4.77,normal,No material exception,SYNTHETIC_DEMO_ONLY,0.060237859490917645,0.1080947742648215,0.0121,4.5,False
2025-08-11,France,Enterprise,AI,251469.08,67848.33,0.2808,0.1386,175,30,3.71,normal,No material exception,SYNTHETIC_DEMO_ONLY,0.09828760059029173,0.20492677114831737,0.006599999999999995,6.1,False
2025-08-11,France,Enterprise,Automation,271141.86,50442.45,0.2165,0.1265,164,30,5.38,normal,No material exception,SYNTHETIC_DEMO_ONLY,-0.15808292754858655,-0.3135808722080027,-0.06739999999999999,15.4,False
2025-08-11,France,Enterprise,Cloud,323318.9,75764.2,0.2464,0.146,218,42,4.27,normal,No material exception,SYNTHETIC_DEMO_ONLY,-0.11129899272330268,-0.1425407386574874,-0.032899999999999985,9.4,False
2025-08-11,France,Enterprise,Platform,415210.04,68852.15,0.2258,0.1316,276,42,6.03,normal,No material exception,SYNTHETIC_DEMO_ONLY,0.05500058694422605,-0.2607960929166937,-0.04099999999999998,7.1,False
2025-08-11,Iberia,Commercial,AI,105929.15,18494.13,0.2008,0.1033,58,11,5.73,normal,No material exception,SYNTHETIC_DEMO_ONLY,-0.13405306229922243,-0.28261436235206494,-0.036500000000000005,11.0,False
2025-08-11,Iberia,Commercial,Automation,136714.52,25465.95,0.2312,0.1235,80,18,5.37,normal,No material exception,SYNTHETIC_DEMO_ONLY,-0.13499869630878558,-0.19833389367593557,-0.01040000000000002,8.5,False
2025-08-11,Iberia,Commercial,Cloud,163637.88,31794.05,0.2304,0.1342,88,15,5.15,normal,No material exception,SYNTHETIC_DEMO_ONLY,-0.008780799125409189,0.17468942492994888,0.021799999999999986,2.7,False
2025-08-11,Iberia,Commercial,Platform,204738.16,41427.74,0.2321,0.1312,146,23,4.94,normal,No material exception,SYNTHETIC_DEMO_ONLY,0.051643105673720546,-0.16554275008847585,-0.017100000000000004,4.6,False
2025-08-11,Iberia,Enterprise,AI,184274.73,41890.71,0.2417,0.1595,97,16,4.4,normal,No material exception,SYNTHETIC_DEMO_ONLY,0.10613264487192486,0.1755166124144123,-0.012300000000000005,7.1,False
2025-08-11,Iberia,Enterprise,Automation,236497.98,62179.28,0.2723,0.1346,163,31,3.8,normal,No material exception,SYNTHETIC_DEMO_ONLY,-0.06611869018098537,0.12317110024535549,0.016600000000000004,5.3,False
2025-08-11,Iberia,Enterprise,Cloud,272329.43,56887.15,0.2608,0.1493,160,29,4.79,normal,No material exception,SYNTHETIC_DEMO_ONLY,0.22576337383646639,0.020452221644214008,-0.014200000000000046,13.8,False
2025-08-11,Iberia,Enterprise,Platform,292945.48,65894.84,0.2501,0.1403,192,38,4.45,normal,No material exception,SYNTHETIC_DEMO_ONLY,-0.0053126529340538076,-0.08028241867538588,-0.02629999999999999,2.9,False
2025-08-11,Nordics,Commercial,AI,128488.28,22129.0,0.2157,0.1152,96,20,5.81,normal,No material exception,SYNTHETIC_DEMO_ONLY,-0.09178758303126333,-0.22416752007421403,-0.0169,6.7,False
2025-08-11,Nordics,Commercial,Automation,185725.91,42042.36,0.2473,0.1366,125,25,4.42,normal,No material exception,SYNTHETIC_DEMO_ONLY,0.1436311127468508,0.3606390890573088,0.031799999999999995,11.1,False
2025-08-11,Nordics,Commercial,Cloud,203986.98,43164.95,0.2527,0.1367,147,31,4.73,normal,No material exception,SYNTHETIC_DEMO_ONLY,-0.019398921433409155,-0.06251540666984201,-0.009700000000000042,2.0,False
2025-08-11,Nordics,Commercial,Platform,224424.17,54810.92,0.2863,0.1923,161,31,4.09,normal,No material exception,SYNTHETIC_DEMO_ONLY,-0.05194214546634457,0.14819464557705286,0.03560000000000002,6.4,False
2025-08-11,Nordics,Enterprise,AI,212420.3,48784.33,0.2493,0.1351,134,20,4.35,normal,No material exception,SYNTHETIC_DEMO_ONLY,-0.032673961447726496,-0.07939312519802699,0.002799999999999997,2.1,False
2025-08-11,Nordics,Enterprise,Automation,299106.96,61071.11,0.2406,0.1441,176,36,4.9,normal,No material exception,SYNTHETIC_DEMO_ONLY,0.07578914634934542,0.07459227556922698,-0.014399999999999996,5.6,False
2025-08-11,Nordics,Enterprise,Cloud,285331.9,61419.21,0.2365,0.1504,170,31,4.65,normal,No material exception,SYNTHETIC_DEMO_ONLY,-0.051960196215986354,-0.2076492630217719,-0.04239999999999999,7.1,False
2025-08-11,Nordics,Enterprise,Platform,357087.6,81498.95,0.2541,0.1384,231,44,4.38,normal,No material exception,SYNTHETIC_DEMO_ONLY,-0.04684692500031706,0.07616380031477199,0.004500000000000004,3.0,False
2025-08-11,UKI,Commercial,AI,176647.75,33165.4,0.2056,0.0992,128,25,5.33,normal,No material exception,SYNTHETIC_DEMO_ONLY,-0.08205804117265059,-0.11686364022473172,-0.0237,6.9,False
2025-08-11,UKI,Commercial,Automation,208462.28,48474.03,0.261,0.1492,116,21,4.3,normal,No material exception,SYNTHETIC_DEMO_ONLY,-0.15825487300128604,-0.19651052331210384,-0.00040000000000001146,8.7,False
2025-08-11,UKI,Commercial,Cloud,247621.18,54243.95,0.2634,0.1445,163,29,4.56,normal,No material exception,SYNTHETIC_DEMO_ONLY,-0.0536321841795282,0.007504095937717503,0.02200000000000002,5.1,False
2025-08-11,UKI,Commercial,Platform,284341.39,55228.76,0.2423,0.1335,164,31,5.15,normal,No material exception,SYNTHETIC_DEMO_ONLY,-0.012124261889254306,-0.08594661431029615,0.014499999999999985,2.1,False
2025-08-11,UKI,Enterprise,AI,313028.66,78198.01,0.2832,0.155,185,30,4.0,normal,No material exception,SYNTHETIC_DEMO_ONLY,0.057060935908327615,0.03451847363630578,-0.019600000000000006,5.1,False
2025-08-11,UKI,Enterprise,Automation,330052.86,78195.28,0.267,0.1504,237,53,4.22,normal,No material exception,SYNTHETIC_DEMO_ONLY,-0.13277908223991886,-0.007358935540193068,0.020000000000000018,9.3,False
2025-08-11,UKI,Enterprise,Cloud,385819.54,92296.34,0.2548,0.1768,245,44,4.18,normal,No material exception,SYNTHETIC_DEMO_ONLY,-0.06349350254454478,0.11392944962461637,0.03140000000000004,6.6,False
2025-08-11,UKI,Enterprise,Platform,461591.89,116905.99,0.2826,0.1494,278,51,3.95,normal,No material exception,SYNTHETIC_DEMO_ONLY,-0.019751213328712658,-0.09704548958326575,0.0022000000000000353,1.3,False
2025-08-18,Benelux,Commercial,AI,121758.58,25418.07,0.243,0.1294,96,17,4.79,normal,No material exception,SYNTHETIC_DEMO_ONLY,0.028109965479049093,-0.007489687573702053,-0.007000000000000006,2.2,False
2025-08-18,Benelux,Commercial,Automation,157906.2,31001.04,0.2346,0.1467,91,16,5.09,normal,No material exception,SYNTHETIC_DEMO_ONLY,-0.03403164373402634,0.10142309748866207,0.04400000000000001,6.3,False
2025-08-18,Benelux,Commercial,Cloud,174122.89,30950.88,0.2068,0.1223,109,18,5.63,normal,No material exception,SYNTHETIC_DEMO_ONLY,-0.0956171609249108,-0.16047515483978414,0.00040000000000001146,5.3,False
2025-08-18,Benelux,Commercial,Platform,205281.03,38512.4,0.2235,0.1208,128,25,5.33,normal,No material exception,SYNTHETIC_DEMO_ONLY,-0.01945498918315447,-0.1901161209841904,-0.015199999999999991,2.6,False
2025-08-18,Benelux,Enterprise,AI,227974.03,58509.31,0.2616,0.1388,131,19,3.9,normal,No material exception,SYNTHETIC_DEMO_ONLY,0.11402662611929659,0.3173476307726668,-0.011699999999999988,7.4,False
2025-08-18,Benelux,Enterprise,Automation,249968.22,51179.44,0.2338,0.1461,170,29,4.88,normal,No material exception,SYNTHETIC_DEMO_ONLY,-0.05635215012582684,-0.17914274812478248,-0.01789999999999997,4.9,False
2025-08-18,Benelux,Enterprise,Cloud,311121.7,72079.61,0.2711,0.1286,205,35,4.32,normal,No material exception,SYNTHETIC_DEMO_ONLY,-0.010571895033547718,-0.03606781476140142,0.019000000000000017,2.5,False
2025-08-18,Benelux,Enterprise,Platform,329706.52,71773.0,0.2455,0.1224,207,33,4.59,normal,No material exception,SYNTHETIC_DEMO_ONLY,0.0946618411748461,-0.02888398036741746,-0.020600000000000007,7.3,False
2025-08-18,DACH,Commercial,AI,188467.49,44757.35,0.2415,0.1517,120,22,4.21,normal,No material exception,SYNTHETIC_DEMO_ONLY,-0.10554504910431817,0.10738181970232041,0.011300000000000004,6.9,False
2025-08-18,DACH,Commercial,Automation,268580.29,55558.9,0.2735,0.1672,164,29,4.83,normal,No material exception,SYNTHETIC_DEMO_ONLY,0.07197392301920025,-0.04159187220695959,0.015900000000000025,5.5,False
2025-08-18,DACH,Commercial,Cloud,276627.31,61555.78,0.2431,0.1464,190,28,4.49,normal,No material exception,SYNTHETIC_DEMO_ONLY,-0.06180548324965829,-0.22241689800381403,-0.03409999999999999,6.8,False
2025-08-18,DACH,Commercial,Platform,312462.53,73099.66,0.2475,0.1295,200,30,4.27,normal,No material exception,SYNTHETIC_DEMO_ONLY,-0.0224817369088115,0.20213510712948368,0.016399999999999998,2.9,False
2025-08-18,DACH,Enterprise,AI,334820.38,84179.37,0.2714,0.153,208,34,3.98,normal,No material exception,SYNTHETIC_DEMO_ONLY,-0.02165888502316382,0.05317207594305762,-0.016100000000000003,2.8,False
2025-08-18,DACH,Enterprise,Automation,431273.28,88738.15,0.2427,0.1191,285,54,4.86,normal,No material exception,SYNTHETIC_DEMO_ONLY,0.0556507568552278,-0.1556432070013234,-0.03459999999999999,6.5,False
2025-08-18,DACH,Enterprise,Cloud,481285.79,104161.34,0.2478,0.1414,307,57,4.62,normal,No material exception,SYNTHETIC_DEMO_ONLY,-0.05729692429388955,-0.15444789510483092,-0.01680000000000001,4.8,False
2025-08-18,DACH,Enterprise,Platform,498354.02,143358.93,0.2779,0.1467,331,57,3.48,normal,No material exception,SYNTHETIC_DEMO_ONLY,-0.05238443518764935,0.11036228395852987,-0.03590000000000004,6.5,False
2025-08-18,France,Commercial,AI,152302.54,30635.32,0.2386,0.123,101,17,4.97,normal,No material exception,SYNTHETIC_DEMO_ONLY,-0.11810067879637276,-0.16385534671187196,-0.0010000000000000009,6.6,False
2025-08-18,France,Commercial,Automation,175809.18,33434.91,0.2064,0.1358,142,27,5.26,normal,No material exception,SYNTHETIC_DEMO_ONLY,-0.04829674311995891,-0.17235630435487548,-0.03309999999999999,6.0,False
2025-08-18,France,Commercial,Cloud,218325.41,45091.9,0.2531,0.1408,144,27,4.84,normal,No material exception,SYNTHETIC_DEMO_ONLY,-0.01058317135765452,0.16694473925228115,0.0524,5.8,False
2025-08-18,France,Commercial,Platform,220679.43,45877.81,0.2248,0.1234,150,34,4.81,normal,No material exception,SYNTHETIC_DEMO_ONLY,0.023309756218125255,-0.15892293731036822,-0.05149999999999999,6.4,False
2025-08-18,France,Enterprise,AI,244097.81,57115.12,0.241,0.1334,140,20,4.27,normal,No material exception,SYNTHETIC_DEMO_ONLY,0.02756413966830973,0.03410184238666192,-0.004600000000000021,2.0,False
2025-08-18,France,Enterprise,Automation,292188.09,63167.7,0.2421,0.147,193,43,4.63,normal,No material exception,SYNTHETIC_DEMO_ONLY,-0.12113032300679527,-0.17052955022208216,-0.01580000000000001,8.2,False
2025-08-18,France,Enterprise,Cloud,363376.64,90839.96,0.2765,0.1459,238,45,4.0,normal,No material exception,SYNTHETIC_DEMO_ONLY,-0.04145964112885736,0.08132884469770696,0.025800000000000045,4.9,False
2025-08-18,France,Enterprise,Platform,412105.91,73193.95,0.2479,0.1587,265,52,5.63,normal,No material exception,SYNTHETIC_DEMO_ONLY,0.12568599689374116,-0.004960924494897712,0.011099999999999999,8.0,False
2025-08-18,Iberia,Commercial,AI,102722.07,20386.44,0.2342,0.1437,55,9,5.04,normal,No material exception,SYNTHETIC_DEMO_ONLY,-0.18767738061600991,-0.28006763390113987,-0.022700000000000026,12.6,False
2025-08-18,Iberia,Commercial,Automation,146478.8,29366.3,0.2423,0.1508,105,18,4.99,normal,No material exception,SYNTHETIC_DEMO_ONLY,-0.020120801471222305,0.09475380220447138,0.04279999999999998,5.4,False
2025-08-18,Iberia,Commercial,Cloud,158420.43,35896.21,0.2341,0.1446,91,16,4.41,normal,No material exception,SYNTHETIC_DEMO_ONLY,-0.028723752483286402,0.1664858260257791,0.03290000000000001,4.9,False
2025-08-18,Iberia,Commercial,Platform,166164.49,29275.28,0.1957,0.1035,108,17,5.68,normal,No material exception,SYNTHETIC_DEMO_ONLY,-0.15385716083260936,-0.422274969619157,-0.05779999999999999,14.2,False
2025-08-18,Iberia,Enterprise,AI,203844.6,45491.34,0.2573,0.1305,133,23,4.48,normal,No material exception,SYNTHETIC_DEMO_ONLY,0.02409971162175739,0.06320595415190855,0.013099999999999973,2.6,False
2025-08-18,Iberia,Enterprise,Automation,221630.08,50140.55,0.248,0.1366,139,29,4.42,normal,No material exception,SYNTHETIC_DEMO_ONLY,-0.03024439250169131,0.07474450983914172,0.009399999999999992,2.6,False
2025-08-18,Iberia,Enterprise,Cloud,271282.76,62961.32,0.2711,0.1546,176,24,4.31,normal,No material exception,SYNTHETIC_DEMO_ONLY,0.08071067397288911,0.20992951578083208,0.004400000000000015,4.9,False
2025-08-18,Iberia,Enterprise,Platform,280749.47,76770.24,0.283,0.1755,157,30,3.66,normal,No material exception,SYNTHETIC_DEMO_ONLY,-0.13005027683665182,0.030597798552254307,0.010899999999999965,8.2,False
2025-08-18,Nordics,Commercial,AI,133397.56,31224.82,0.2503,0.1385,82,16,4.27,normal,No material exception,SYNTHETIC_DEMO_ONLY,-0.026108792500287303,0.15852626447053098,0.029700000000000032,4.4,False
2025-08-18,Nordics,Commercial,Automation,164890.87,27774.73,0.1873,0.1002,118,22,5.94,normal,No material exception,SYNTHETIC_DEMO_ONLY,-0.02865571290162139,-0.1861397743438875,-0.025499999999999995,4.1,False
2025-08-18,Nordics,Commercial,Cloud,207709.56,50055.86,0.2665,0.139,123,25,4.15,normal,No material exception,SYNTHETIC_DEMO_ONLY,-0.024990818342885524,0.049447621188099866,0.03570000000000001,4.9,False
2025-08-18,Nordics,Commercial,Platform,214130.54,48075.37,0.2459,0.129,135,26,4.45,normal,No material exception,SYNTHETIC_DEMO_ONLY,-0.0294102942443627,-0.008575165921892225,-0.020100000000000007,3.6,False
2025-08-18,Nordics,Enterprise,AI,227395.77,55451.63,0.2562,0.1411,152,28,4.1,normal,No material exception,SYNTHETIC_DEMO_ONLY,-0.0663332092116442,0.34706718448884977,0.025099999999999983,6.2,False
2025-08-18,Nordics,Enterprise,Automation,267497.44,49872.96,0.2182,0.1231,182,34,5.36,normal,No material exception,SYNTHETIC_DEMO_ONLY,-0.03007316835451257,-0.24816295519094056,-0.0257,4.2,False
2025-08-18,Nordics,Enterprise,Cloud,299933.66,63081.04,0.2321,0.1215,203,42,4.75,normal,No material exception,SYNTHETIC_DEMO_ONLY,-0.02506935321634951,-0.12342519985937239,-0.01319999999999999,2.7,False
2025-08-18,Nordics,Enterprise,Platform,322808.37,72543.16,0.232,0.1215,190,38,4.45,normal,No material exception,SYNTHETIC_DEMO_ONLY,-0.10081649761730904,-0.13454093058924532,-0.02269999999999997,7.8,False
2025-08-18,UKI,Commercial,AI,171142.06,35372.97,0.2328,0.1386,119,22,4.84,normal,No material exception,SYNTHETIC_DEMO_ONLY,0.041910043955241116,0.108001498511199,-0.0002999999999999947,2.3,False
2025-08-18,UKI,Commercial,Automation,201260.99,38931.29,0.2307,0.1288,115,19,5.17,normal,No material exception,SYNTHETIC_DEMO_ONLY,-0.12013849509798546,-0.13560513850508382,0.019099999999999978,8.5,False
2025-08-18,UKI,Commercial,Cloud,262862.1,56779.75,0.2509,0.1603,162,26,4.63,normal,No material exception,SYNTHETIC_DEMO_ONLY,-0.0062675038762667334,-0.14467473319172242,-0.012399999999999967,1.6,False
2025-08-18,UKI,Commercial,Platform,260455.56,61331.92,0.2686,0.1157,178,32,4.25,normal,No material exception,SYNTHETIC_DEMO_ONLY,-0.09598522924502573,-0.1210380054249447,0.0038000000000000256,5.7,False
2025-08-18,UKI,Enterprise,AI,274637.62,59650.23,0.2368,0.1219,200,33,4.6,normal,No material exception,SYNTHETIC_DEMO_ONLY,0.03583181647755507,0.09699232163506943,-0.004699999999999982,2.4,False
2025-08-18,UKI,Enterprise,Automation,321657.04,85309.99,0.2871,0.1392,210,42,3.77,normal,No material exception,SYNTHETIC_DEMO_ONLY,-0.1522870525928156,-0.0065297010505328545,0.007800000000000029,9.2,False
2025-08-18,UKI,Enterprise,Cloud,410069.84,87770.7,0.2663,0.1504,276,39,4.67,normal,No material exception,SYNTHETIC_DEMO_ONLY,-0.08182223841422864,-0.1023070330926652,-0.005900000000000016,5.1,False
2025-08-18,UKI,Enterprise,Platform,407363.75,94883.89,0.2883,0.1741,279,55,4.29,normal,No material exception,SYNTHETIC_DEMO_ONLY,-0.10215070791489755,-0.14723980084264132,-0.0029000000000000137,5.9,False
2025-08-25,Benelux,Commercial,AI,115687.18,24225.83,0.2375,0.1533,80,11,4.78,normal,No material exception,SYNTHETIC_DEMO_ONLY,-0.06759335214687667,0.03150572535254148,0.0058,4.3,False
2025-08-25,Benelux,Commercial,Automation,158008.96,28369.79,0.2128,0.1056,107,20,5.57,normal,No material exception,SYNTHETIC_DEMO_ONLY,0.014798585142713927,-0.17367706524737292,-0.0121,2.0,False
2025-08-25,Benelux,Commercial,Cloud,162193.23,35579.63,0.2425,0.1299,99,19,4.56,normal,No material exception,SYNTHETIC_DEMO_ONLY,-0.09469697455975556,-0.07465321891649046,0.007599999999999996,6.0,False
2025-08-25,Benelux,Commercial,Platform,198837.7,43402.68,0.2353,0.1461,127,27,4.58,normal,No material exception,SYNTHETIC_DEMO_ONLY,-0.023801040849077082,0.037528234443954034,0.014500000000000013,2.8,False
2025-08-25,Benelux,Enterprise,AI,192832.41,37190.85,0.2044,0.1325,141,29,5.18,normal,No material exception,SYNTHETIC_DEMO_ONLY,-0.13782914144897973,-0.29326603773405635,-0.05210000000000001,12.8,False
2025-08-25,Benelux,Enterprise,Automation,253095.37,57039.44,0.2513,0.1301,173,27,4.44,normal,No material exception,SYNTHETIC_DEMO_ONLY,0.15450164894680252,0.10301452342497885,-0.013499999999999956,9.8,False
2025-08-25,Benelux,Enterprise,Cloud,301985.26,76131.65,0.2843,0.1537,201,41,3.97,normal,No material exception,SYNTHETIC_DEMO_ONLY,0.02485732916338579,0.3236403510830821,0.051199999999999996,6.5,False
2025-08-25,Benelux,Enterprise,Platform,340109.28,79943.71,0.2734,0.1433,222,46,4.25,normal,No material exception,SYNTHETIC_DEMO_ONLY,-0.08164429303404475,-0.0638315687014328,0.015100000000000002,6.0,False
2025-08-25,DACH,Commercial,AI,194905.13,47481.36,0.277,0.156,147,23,4.1,normal,No material exception,SYNTHETIC_DEMO_ONLY,-0.04084868238517969,0.013814643778627511,0.01970000000000005,4.2,False
2025-08-25,DACH,Commercial,Automation,236164.85,45697.76,0.2254,0.139,143,29,5.17,normal,No material exception,SYNTHETIC_DEMO_ONLY,-0.05703032621784376,-0.12674978683624483,0.005199999999999982,3.7,False
2025-08-25,DACH,Commercial,Cloud,291660.35,74085.86,0.2743,0.1528,197,32,3.94,normal,No material exception,SYNTHETIC_DEMO_ONLY,0.037111411717943854,0.21376896241119847,0.02689999999999998,4.7,False
2025-08-25,DACH,Commercial,Platform,306678.72,75277.26,0.257,0.1486,227,41,4.07,normal,No material exception,SYNTHETIC_DEMO_ONLY,-0.011139909454500385,0.0491512060590964,-0.0343,4.0,False
2025-08-25,DACH,Enterprise,AI,354014.63,95266.47,0.2764,0.1377,222,37,3.72,normal,No material exception,SYNTHETIC_DEMO_ONLY,0.10477054848373846,0.1941266645942803,-0.0026000000000000467,6.0,False
2025-08-25,DACH,Enterprise,Automation,417273.27,96937.91,0.2444,0.1393,275,42,4.3,normal,No material exception,SYNTHETIC_DEMO_ONLY,-0.038851431970461814,-0.009896954136731306,-0.023299999999999987,4.5,False
2025-08-25,DACH,Enterprise,Cloud,478135.36,120845.97,0.2859,0.1516,314,57,3.96,normal,No material exception,SYNTHETIC_DEMO_ONLY,0.05877399760992974,0.47245066851611495,0.0605,9.3,False
2025-08-25,DACH,Enterprise,Platform,500330.08,123580.38,0.2906,0.1613,317,45,4.05,normal,No material exception,SYNTHETIC_DEMO_ONLY,-0.07640978594559267,-0.14220101879107072,-0.0020000000000000018,4.4,False
2025-08-25,France,Commercial,AI,149989.86,37123.62,0.2497,0.1382,84,16,4.04,normal,No material exception,SYNTHETIC_DEMO_ONLY,0.03216825314770655,0.24321380957978334,0.022800000000000015,4.0,False
2025-08-25,France,Commercial,Automation,191604.72,43570.46,0.2497,0.1619,130,27,4.4,normal,No material exception,SYNTHETIC_DEMO_ONLY,-0.004255921543120045,0.02017093360693689,0.020900000000000002,2.3,False
2025-08-25,France,Commercial,Cloud,219082.14,46317.02,0.2383,0.1261,132,16,4.73,normal,No material exception,SYNTHETIC_DEMO_ONLY,0.07376241488905944,-0.013631585582761563,-0.006599999999999995,4.7,False
2025-08-25,France,Commercial,Platform,227861.48,47525.56,0.2471,0.1364,137,22,4.79,normal,No material exception,SYNTHETIC_DEMO_ONLY,-0.07483668350634853,-0.08749780157242293,-0.005500000000000005,4.7,False
2025-08-25,France,Enterprise,AI,265039.81,56864.61,0.2499,0.1451,148,24,4.66,normal,No material exception,SYNTHETIC_DEMO_ONLY,0.04464859023381362,0.08952001586439406,-0.016199999999999992,4.1,False
2025-08-25,France,Enterprise,Automation,289481.71,66268.08,0.2662,0.1663,185,39,4.37,normal,No material exception,SYNTHETIC_DEMO_ONLY,-0.04424541775865909,0.2538974691994351,0.0681,9.2,False
2025-08-25,France,Enterprise,Cloud,360562.78,73959.65,0.2456,0.112,238,51,4.88,normal,No material exception,SYNTHETIC_DEMO_ONLY,0.06945273130118323,-0.06682809254393896,-0.017099999999999976,5.5,False
2025-08-25,France,Enterprise,Platform,348480.81,77498.67,0.2646,0.1571,211,28,4.5,normal,No material exception,SYNTHETIC_DEMO_ONLY,-0.07241043123791158,-0.3094158092137096,-0.034399999999999986,7.4,False
2025-08-25,Iberia,Commercial,AI,120556.14,23179.07,0.2063,0.107,99,19,5.2,normal,No material exception,SYNTHETIC_DEMO_ONLY,0.0664191839172894,0.24713196562985917,0.007000000000000006,4.4,False
2025-08-25,Iberia,Commercial,Automation,140870.61,30577.01,0.2314,0.1378,78,16,4.61,normal,No material exception,SYNTHETIC_DEMO_ONLY,0.07235670203669997,0.22437824093539138,0.008099999999999996,4.8,False
2025-08-25,Iberia,Commercial,Cloud,152492.3,28438.88,0.1875,0.112,121,21,5.36,normal,No material exception,SYNTHETIC_DEMO_ONLY,-0.03369146219179231,-0.043198722061496664,-0.0504,6.9,False
2025-08-25,Iberia,Commercial,Platform,190795.6,37358.04,0.2264,0.1323,137,20,5.11,normal,No material exception,SYNTHETIC_DEMO_ONLY,-0.022167983524483126,-0.1839980079420207,-0.028400000000000036,4.1,False
2025-08-25,Iberia,Enterprise,AI,187496.56,43630.92,0.2726,0.1599,112,20,4.3,normal,No material exception,SYNTHETIC_DEMO_ONLY,0.01650636022079044,-0.03977382891960657,0.011400000000000021,2.0,False
2025-08-25,Iberia,Enterprise,Automation,229989.41,44591.53,0.2486,0.1534,160,30,5.16,normal,No material exception,SYNTHETIC_DEMO_ONLY,0.012714467023684062,-0.09551071059911898,0.012999999999999984,2.0,False
2025-08-25,Iberia,Enterprise,Cloud,273778.48,64853.06,0.2728,0.155,173,30,4.22,normal,No material exception,SYNTHETIC_DEMO_ONLY,-0.10822007223464036,0.09801482868052114,0.03559999999999999,9.5,False
2025-08-25,Iberia,Enterprise,Platform,315863.85,82303.74,0.2838,0.1772,209,41,3.84,normal,No material exception,SYNTHETIC_DEMO_ONLY,0.09220949046071092,0.37250652494638214,0.033399999999999985,8.4,False
2025-08-25,Nordics,Commercial,AI,136736.18,28122.2,0.2091,0.1158,72,11,4.86,normal,No material exception,SYNTHETIC_DEMO_ONLY,0.03525993669852934,0.05921976412734953,-0.011399999999999993,3.1,False
2025-08-25,Nordics,Commercial,Automation,168580.06,30024.01,0.2341,0.1374,112,24,5.61,normal,No material exception,SYNTHETIC_DEMO_ONLY,-0.07913609252641485,-0.16907575760511018,0.011700000000000016,5.5,False
2025-08-25,Nordics,Commercial,Cloud,179085.99,29012.13,0.2072,0.1264,95,18,6.17,normal,No material exception,SYNTHETIC_DEMO_ONLY,-0.11203574268798933,-0.2815212206853205,-0.01880000000000001,8.0,False
2025-08-25,Nordics,Commercial,Platform,228563.24,45058.92,0.2469,0.1149,158,30,5.07,normal,No material exception,SYNTHETIC_DEMO_ONLY,0.028789863916832248,0.09119679016746596,0.01930000000000001,3.5,False
2025-08-25,Nordics,Enterprise,AI,235620.56,56896.34,0.261,0.1393,162,32,4.14,normal,No material exception,SYNTHETIC_DEMO_ONLY,-0.013378401312511001,-0.006359012833637823,0.005199999999999982,1.3,False
2025-08-25,Nordics,Enterprise,Automation,268237.99,68738.22,0.2916,0.1635,189,33,3.9,normal,No material exception,SYNTHETIC_DEMO_ONLY,-0.1156312847183838,0.007017662088040888,0.027500000000000024,9.1,False
2025-08-25,Nordics,Enterprise,Cloud,326741.73,71813.35,0.2546,0.1411,193,39,4.55,normal,No material exception,SYNTHETIC_DEMO_ONLY,0.029761636687684723,0.05445110018418631,-0.01040000000000002,2.7,False
2025-08-25,Nordics,Enterprise,Platform,336912.4,80966.63,0.2996,0.1617,193,36,4.16,normal,No material exception,SYNTHETIC_DEMO_ONLY,-0.04520778974078521,-0.028730710409232363,0.04309999999999997,6.8,False
2025-08-25,UKI,Commercial,AI,180547.04,37264.36,0.2246,0.1055,116,16,4.85,normal,No material exception,SYNTHETIC_DEMO_ONLY,-0.004549704218777095,-0.08218439186682935,-0.0572,6.0,False
2025-08-25,UKI,Commercial,Automation,225010.89,51756.25,0.2615,0.1439,137,26,4.35,normal,No material exception,SYNTHETIC_DEMO_ONLY,-0.009286847858305025,0.24530270795968745,0.044800000000000006,5.0,False
2025-08-25,UKI,Commercial,Cloud,260723.34,59126.8,0.2564,0.1325,144,25,4.41,normal,No material exception,SYNTHETIC_DEMO_ONLY,0.016171781654639616,0.26726237437338063,0.042700000000000016,5.2,False
2025-08-25,UKI,Commercial,Platform,293357.05,69485.56,0.2497,0.1451,180,37,4.22,normal,No material exception,SYNTHETIC_DEMO_ONLY,0.016586685089424513,0.057378750518147115,-0.0008999999999999841,1.0,False
2025-08-25,UKI,Enterprise,AI,291199.07,63913.9,0.2676,0.1762,195,33,4.56,normal,No material exception,SYNTHETIC_DEMO_ONLY,0.012793057058828605,0.16361873357360457,0.021100000000000008,2.8,False
2025-08-25,UKI,Enterprise,Automation,338035.46,77290.91,0.2687,0.1602,226,43,4.37,normal,No material exception,SYNTHETIC_DEMO_ONLY,-0.05027440678509432,-0.2955332925186772,-0.046499999999999986,7.4,False
2025-08-25,UKI,Enterprise,Cloud,440647.14,113930.62,0.2849,0.1541,272,47,3.87,normal,No material exception,SYNTHETIC_DEMO_ONLY,0.0906992686339314,0.11510201860457281,-0.006200000000000039,5.6,False
2025-08-25,UKI,Enterprise,Platform,421911.76,104554.03,0.2579,0.1432,265,54,4.04,normal,No material exception,SYNTHETIC_DEMO_ONLY,-0.05843349705213541,-0.011969217341572858,-0.006299999999999972,3.8,False
2025-09-01,Benelux,Commercial,AI,134707.59,28721.22,0.2351,0.1309,77,13,4.69,normal,No material exception,SYNTHETIC_DEMO_ONLY,0.08664869562313382,0.20496447771287984,0.012300000000000005,6.0,False
2025-09-01,Benelux,Commercial,Automation,148344.62,30256.69,0.2264,0.1136,73,13,4.9,normal,No material exception,SYNTHETIC_DEMO_ONLY,-0.08844802078819447,0.029339381675618448,0.02789999999999998,7.7,False
2025-09-01,Benelux,Commercial,Cloud,180759.78,37294.39,0.2334,0.1268,110,23,4.85,normal,No material exception,SYNTHETIC_DEMO_ONLY,0.07925564944090713,-0.14209878343730153,-0.05109999999999998,9.5,False
2025-09-01,Benelux,Commercial,Platform,202900.72,47396.83,0.2583,0.1482,138,22,4.28,normal,No material exception,SYNTHETIC_DEMO_ONLY,0.017270626968886704,0.22999866351966625,0.015199999999999964,2.5,False
2025-09-01,Benelux,Enterprise,AI,193715.34,37243.69,0.2236,0.1305,135,30,5.2,normal,No material exception,SYNTHETIC_DEMO_ONLY,-0.06593675026505619,-0.3955027850537127,-0.06589999999999999,10.2,False
2025-09-01,Benelux,Enterprise,Automation,242528.1,50880.57,0.2344,0.1223,173,32,4.77,normal,No material exception,SYNTHETIC_DEMO_ONLY,-0.012146622653834926,-0.08655659030906293,-0.0131,2.0,False
2025-09-01,Benelux,Enterprise,Cloud,284195.23,59341.01,0.2588,0.1443,194,31,4.79,normal,No material exception,SYNTHETIC_DEMO_ONLY,-0.13589974201218336,-0.11592546606799703,0.04329999999999998,11.8,False
2025-09-01,Benelux,Enterprise,Platform,289464.53,75137.39,0.2851,0.1498,199,35,3.85,normal,No material exception,SYNTHETIC_DEMO_ONLY,-0.13486604441517336,-0.1752685464552658,-0.005299999999999971,7.9,False
2025-09-01,DACH,Commercial,AI,193686.05,37539.35,0.2103,0.1135,119,23,5.16,normal,No material exception,SYNTHETIC_DEMO_ONLY,0.02144384974000868,0.03520245673184186,-0.006000000000000005,1.8,False
2025-09-01,DACH,Commercial,Automation,253061.21,42907.89,0.184,0.0999,159,26,5.9,normal,No material exception,SYNTHETIC_DEMO_ONLY,-0.03340603952183885,-0.1300011678955253,-0.04370000000000002,6.2,False
2025-09-01,DACH,Commercial,Cloud,260973.21,49663.07,0.2244,0.1306,154,27,5.25,normal,No material exception,SYNTHETIC_DEMO_ONLY,-0.11994208557030661,-0.1647601356550199,0.00019999999999997797,6.6,False
2025-09-01,DACH,Commercial,Platform,273681.38,62486.22,0.2535,0.1362,178,41,4.38,normal,No material exception,SYNTHETIC_DEMO_ONLY,-0.12293960908197732,-0.03464638019158073,-0.008599999999999997,7.6,False
2025-09-01,DACH,Enterprise,AI,308757.45,67692.77,0.2595,0.1413,201,32,4.56,normal,No material exception,SYNTHETIC_DEMO_ONLY,-0.032853313339539336,-0.20557650968613628,-0.015100000000000002,3.3,False
2025-09-01,DACH,Enterprise,Automation,383924.36,79252.37,0.2636,0.1565,253,52,4.84,normal,No material exception,SYNTHETIC_DEMO_ONLY,-0.03994867914797573,-0.06712837624689139,0.014500000000000013,3.6,False
2025-09-01,DACH,Enterprise,Cloud,422450.79,98518.75,0.2738,0.1354,305,73,4.29,normal,No material exception,SYNTHETIC_DEMO_ONLY,-0.11503093217202942,-0.18648519408214137,-0.016600000000000004,8.0,False
2025-09-01,DACH,Enterprise,Platform,530498.28,134140.58,0.2901,0.1796,343,59,3.95,normal,No material exception,SYNTHETIC_DEMO_ONLY,0.0633701510489626,0.18154094681415156,0.012700000000000045,4.8,False
2025-09-01,France,Commercial,AI,139224.49,17284.12,0.153,0.0797,81,14,8.0,normal,No material exception,SYNTHETIC_DEMO_ONLY,-0.09000472826712869,-0.41294720263676044,-0.06420000000000001,11.4,False
2025-09-01,France,Commercial,Automation,186286.63,43942.4,0.2377,0.1194,117,23,4.24,normal,No material exception,SYNTHETIC_DEMO_ONLY,-0.011843819591636828,-0.046640883551179346,-0.015999999999999986,2.3,False
2025-09-01,France,Commercial,Cloud,194206.73,32493.02,0.1977,0.1391,131,21,5.98,normal,No material exception,SYNTHETIC_DEMO_ONLY,-0.06461706740158957,-0.31267430093479454,-0.06430000000000002,10.0,False
2025-09-01,France,Commercial,Platform,193911.08,37727.05,0.2134,0.1298,116,21,5.14,normal,No material exception,SYNTHETIC_DEMO_ONLY,-0.20467785120746107,-0.29206132845800103,-0.040799999999999975,15.3,False
2025-09-01,France,Enterprise,AI,240015.15,40737.62,0.2017,0.0968,149,22,5.89,normal,No material exception,SYNTHETIC_DEMO_ONLY,-0.012042727113541485,-0.188245894962367,-0.026999999999999996,3.4,False
2025-09-01,France,Enterprise,Automation,307760.31,68874.69,0.2428,0.1452,210,48,4.47,normal,No material exception,SYNTHETIC_DEMO_ONLY,0.03046042777792546,-0.13378517146728963,-0.0552,7.2,False
2025-09-01,France,Enterprise,Cloud,338797.01,74487.55,0.2563,0.142,240,55,4.55,normal,No material exception,SYNTHETIC_DEMO_ONLY,0.032839274309990785,0.2152615704489047,0.03779999999999997,5.6,False
2025-09-01,France,Enterprise,Platform,396974.77,86802.77,0.2611,0.1386,240,48,4.57,normal,No material exception,SYNTHETIC_DEMO_ONLY,0.08737572690003526,-0.1530305852557282,-0.04039999999999999,8.8,False
2025-09-01,Iberia,Commercial,AI,110848.96,22354.44,0.2305,0.1447,76,11,4.96,normal,No material exception,SYNTHETIC_DEMO_ONLY,0.037990334472933096,0.1118243278529043,0.0252,4.6,False
2025-09-01,Iberia,Commercial,Automation,139243.54,26612.79,0.235,0.1386,68,11,5.23,normal,No material exception,SYNTHETIC_DEMO_ONLY,-0.040220652652663724,-0.2141582556555628,-0.02140000000000003,4.4,False
2025-09-01,Iberia,Commercial,Cloud,153716.88,25869.12,0.2015,0.1092,120,20,5.94,normal,No material exception,SYNTHETIC_DEMO_ONLY,-0.0527369752387864,-0.2447530153247074,-0.033999999999999975,6.3,False
2025-09-01,Iberia,Commercial,Platform,176916.44,44083.89,0.2608,0.1645,110,22,4.01,normal,No material exception,SYNTHETIC_DEMO_ONLY,-0.00346703790500813,0.4693841430509895,0.060199999999999976,6.2,False
2025-09-01,Iberia,Enterprise,AI,199101.03,42104.61,0.2174,0.1152,130,30,4.73,normal,No material exception,SYNTHETIC_DEMO_ONLY,0.08244261072281356,-0.009823777336806838,-0.020699999999999996,6.6,False
2025-09-01,Iberia,Enterprise,Automation,231695.0,58565.34,0.2644,0.1539,155,37,3.96,normal,No material exception,SYNTHETIC_DEMO_ONLY,0.017286739804883045,-0.011942328067322205,-0.021299999999999986,3.1,False
2025-09-01,Iberia,Enterprise,Cloud,255736.12,46874.3,0.2156,0.1333,169,27,5.46,normal,No material exception,SYNTHETIC_DEMO_ONLY,-0.11422690793237178,-0.19878373982739272,-0.008899999999999991,7.2,False
2025-09-01,Iberia,Enterprise,Platform,288030.07,45891.39,0.2131,0.1157,190,41,6.28,normal,No material exception,SYNTHETIC_DEMO_ONLY,-0.14611191673563018,-0.39362689323994404,-0.05890000000000001,13.9,False
2025-09-01,Nordics,Commercial,AI,137783.83,29496.32,0.2252,0.1053,59,10,4.67,normal,No material exception,SYNTHETIC_DEMO_ONLY,-0.008069202563945277,0.19365865601547494,0.012900000000000023,1.7,False
2025-09-01,Nordics,Commercial,Automation,161074.22,37279.86,0.2644,0.1655,122,19,4.32,normal,No material exception,SYNTHETIC_DEMO_ONLY,0.034725444881098744,0.09136721775843815,0.009599999999999997,2.9,False
2025-09-01,Nordics,Commercial,Cloud,183252.13,38522.14,0.223,0.1282,108,18,4.76,normal,No material exception,SYNTHETIC_DEMO_ONLY,-0.14794434255800915,0.025450086886893653,0.029299999999999993,11.1,False
2025-09-01,Nordics,Commercial,Platform,203341.14,47672.99,0.2369,0.1167,151,34,4.27,normal,No material exception,SYNTHETIC_DEMO_ONLY,-0.11975593991500022,0.18831535766996121,0.020800000000000013,8.7,False
2025-09-01,Nordics,Enterprise,AI,210356.17,44009.59,0.2458,0.1551,140,27,4.78,normal,No material exception,SYNTHETIC_DEMO_ONLY,-0.021184009216932864,-0.06941576061961718,0.001799999999999996,1.3,False
2025-09-01,Nordics,Enterprise,Automation,262240.14,48641.47,0.2215,0.1116,147,23,5.39,normal,No material exception,SYNTHETIC_DEMO_ONLY,0.06677415218673954,-0.056284414554122475,-0.01999999999999999,5.7,False
2025-09-01,Nordics,Enterprise,Cloud,293344.71,57752.54,0.2377,0.1405,198,43,5.08,normal,No material exception,SYNTHETIC_DEMO_ONLY,-0.11179051455098665,-0.3368921046325608,-0.03559999999999999,9.7,False
2025-09-01,Nordics,Enterprise,Platform,333129.06,68836.03,0.2286,0.1327,224,35,4.84,normal,No material exception,SYNTHETIC_DEMO_ONLY,-0.06470692083455787,-0.15968945292066872,-0.03190000000000001,6.7,False
2025-09-01,UKI,Commercial,AI,203643.96,42350.18,0.2298,0.1135,119,26,4.81,normal,No material exception,SYNTHETIC_DEMO_ONLY,0.1115506501413237,0.15542485350584712,0.01780000000000001,7.9,False
2025-09-01,UKI,Commercial,Automation,225021.34,52599.9,0.2706,0.1715,145,24,4.28,normal,No material exception,SYNTHETIC_DEMO_ONLY,0.027857504041380654,0.09029391975504408,0.028100000000000014,4.3,False
2025-09-01,UKI,Commercial,Cloud,238760.8,52234.09,0.2315,0.1214,155,28,4.57,normal,No material exception,SYNTHETIC_DEMO_ONLY,-0.016445279715252892,0.18677590299690272,0.040200000000000014,4.9,False
2025-09-01,UKI,Commercial,Platform,275287.75,60668.52,0.2614,0.1577,175,34,4.54,normal,No material exception,SYNTHETIC_DEMO_ONLY,0.014713633816938021,0.208491478204194,0.038500000000000034,4.7,False
2025-09-01,UKI,Enterprise,AI,276280.21,67416.08,0.2638,0.1375,174,27,4.1,normal,No material exception,SYNTHETIC_DEMO_ONLY,0.05235464172109139,0.19307171181413207,0.02479999999999999,5.4,False
2025-09-01,UKI,Enterprise,Automation,346948.23,73155.51,0.2463,0.147,226,48,4.74,normal,No material exception,SYNTHETIC_DEMO_ONLY,-0.0757468912956385,-0.25266125517708915,-0.034,7.6,False
2025-09-01,UKI,Enterprise,Cloud,431978.22,105568.5,0.2918,0.1734,253,57,4.09,normal,No material exception,SYNTHETIC_DEMO_ONLY,0.004565468646442472,0.19111326839152065,0.065,6.8,False
2025-09-01,UKI,Enterprise,Platform,471076.5,113465.05,0.2734,0.1577,319,58,4.15,normal,No material exception,SYNTHETIC_DEMO_ONLY,-0.05860312996601125,-0.01229303559173256,-0.007800000000000029,4.0,False
2025-09-08,Benelux,Commercial,AI,133163.28,27188.31,0.237,0.1398,86,16,4.9,normal,No material exception,SYNTHETIC_DEMO_ONLY,0.07818398324111331,0.1621379366943818,-0.0013000000000000234,4.4,False
2025-09-08,Benelux,Commercial,Automation,158897.4,30402.46,0.2302,0.1327,108,22,5.23,normal,No material exception,SYNTHETIC_DEMO_ONLY,0.03633073696386768,-0.09053880916291757,-0.007400000000000018,2.7,False
2025-09-08,Benelux,Commercial,Cloud,159023.29,35267.22,0.2383,0.1242,114,20,4.51,normal,No material exception,SYNTHETIC_DEMO_ONLY,0.03219415909104928,0.12881870549144625,-0.00849999999999998,2.6,False
2025-09-08,Benelux,Commercial,Platform,204003.92,46617.2,0.2571,0.1331,140,27,4.38,normal,No material exception,SYNTHETIC_DEMO_ONLY,0.17352594742566718,0.3553891439078256,0.022999999999999993,11.8,False
2025-09-08,Benelux,Enterprise,AI,200534.63,44717.11,0.268,0.1471,155,33,4.48,normal,No material exception,SYNTHETIC_DEMO_ONLY,-0.023689194373526012,-0.0391473901775693,0.015100000000000002,2.8,False
2025-09-08,Benelux,Enterprise,Automation,258925.04,55664.99,0.2456,0.1263,184,36,4.65,normal,No material exception,SYNTHETIC_DEMO_ONLY,0.031166984947453402,-0.0033702616661561713,0.006000000000000005,2.3,False
2025-09-08,Benelux,Enterprise,Cloud,277244.3,59153.34,0.241,0.1272,188,34,4.69,normal,No material exception,SYNTHETIC_DEMO_ONLY,0.02272446413854068,0.07573022318459621,0.013600000000000001,2.6,False
2025-09-08,Benelux,Enterprise,Platform,331971.76,56658.05,0.2494,0.1484,208,51,5.86,normal,No material exception,SYNTHETIC_DEMO_ONLY,0.052347521051118395,-0.24667587280111125,-0.0049000000000000155,3.4,False
2025-09-08,DACH,Commercial,AI,195359.33,41222.34,0.2416,0.1302,138,26,4.74,normal,No material exception,SYNTHETIC_DEMO_ONLY,0.010536022504987308,0.29494193982097383,0.03390000000000001,4.0,False
2025-09-08,DACH,Commercial,Automation,246310.85,58228.34,0.2536,0.1312,188,38,4.23,normal,No material exception,SYNTHETIC_DEMO_ONLY,-0.06529380832430198,0.07131760182866964,0.016199999999999992,5.2,False
2025-09-08,DACH,Commercial,Cloud,282742.48,48725.73,0.1974,0.1202,180,35,5.8,normal,No material exception,SYNTHETIC_DEMO_ONLY,-0.018809854624528666,-0.20287164765311583,-0.03140000000000001,4.2,False
2025-09-08,DACH,Commercial,Platform,317614.66,75526.27,0.2612,0.132,182,34,4.21,normal,No material exception,SYNTHETIC_DEMO_ONLY,0.05534016851635615,0.20299567565966137,0.024399999999999977,5.5,False
2025-09-08,DACH,Enterprise,AI,351594.68,88928.87,0.2893,0.1706,209,31,3.95,normal,No material exception,SYNTHETIC_DEMO_ONLY,0.11375666462464284,0.16467614048166035,-0.0020999999999999908,6.5,False
2025-09-08,DACH,Enterprise,Automation,403290.62,94131.71,0.2371,0.13,283,69,4.28,normal,No material exception,SYNTHETIC_DEMO_ONLY,0.09257361551881815,0.15926536448214867,-0.032,8.3,False
2025-09-08,DACH,Enterprise,Cloud,456208.08,105857.23,0.2914,0.1513,292,50,4.31,normal,No material exception,SYNTHETIC_DEMO_ONLY,-0.002337314757745901,-0.08818763808147112,0.004599999999999993,0.6,False
2025-09-08,DACH,Enterprise,Platform,564296.97,139951.57,0.3082,0.1552,365,78,4.03,normal,No material exception,SYNTHETIC_DEMO_ONLY,0.06507982196103335,-0.06824299497362851,-0.013300000000000034,4.9,False
2025-09-08,France,Commercial,AI,140576.43,27069.78,0.2181,0.1249,101,16,5.19,normal,No material exception,SYNTHETIC_DEMO_ONLY,-0.08007364571138409,-0.33233771012911373,-0.061700000000000005,10.6,False
2025-09-08,France,Commercial,Automation,203608.85,45285.54,0.2393,0.1308,134,31,4.5,normal,No material exception,SYNTHETIC_DEMO_ONLY,-0.0013260303159911002,0.1494655436042911,0.005100000000000021,0.6,False
2025-09-08,France,Commercial,Cloud,195301.11,41154.36,0.2312,0.1228,130,23,4.75,normal,No material exception,SYNTHETIC_DEMO_ONLY,-0.08237026219957844,-0.118628212516809,-0.025900000000000006,7.1,False
2025-09-08,France,Commercial,Platform,226537.08,57674.64,0.2694,0.1437,151,25,3.93,normal,No material exception,SYNTHETIC_DEMO_ONLY,-0.12390618350608185,0.06284057641977392,0.030699999999999977,9.9,False
2025-09-08,France,Enterprise,AI,226597.58,52105.36,0.2445,0.1516,134,22,4.35,normal,No material exception,SYNTHETIC_DEMO_ONLY,-0.09890480372378185,-0.23203179798235274,-0.0363,9.1,False
2025-09-08,France,Enterprise,Automation,296284.19,69880.35,0.2863,0.1663,202,32,4.24,normal,No material exception,SYNTHETIC_DEMO_ONLY,0.09272758547868643,0.3853480550607675,0.0698,12.1,False
2025-09-08,France,Enterprise,Cloud,368665.94,101344.05,0.2918,0.1475,251,50,3.64,normal,No material exception,SYNTHETIC_DEMO_ONLY,0.14025483817988982,0.33762449811388495,0.045399999999999996,12.3,False
2025-09-08,France,Enterprise,Platform,389397.43,106528.13,0.2986,0.1509,239,44,3.66,normal,No material exception,SYNTHETIC_DEMO_ONLY,-0.06216759594734267,0.5472012130340158,0.07279999999999998,10.7,False
2025-09-08,Iberia,Commercial,AI,119590.04,21539.96,0.2117,0.1157,59,10,5.55,normal,No material exception,SYNTHETIC_DEMO_ONLY,0.12896251881564225,0.16469171569573682,0.010899999999999993,8.2,False
2025-09-08,Iberia,Commercial,Automation,149789.19,30066.67,0.2224,0.1263,114,26,4.98,normal,No material exception,SYNTHETIC_DEMO_ONLY,0.09563483088701918,0.18066162856677237,-0.008800000000000002,6.1,False
2025-09-08,Iberia,Commercial,Cloud,166359.92,35554.07,0.2488,0.1312,94,21,4.68,normal,No material exception,SYNTHETIC_DEMO_ONLY,0.016634534742200335,0.11826175023314112,0.0184,2.8,False
2025-09-08,Iberia,Commercial,Platform,182914.54,29606.32,0.1847,0.1013,124,20,6.18,normal,No material exception,SYNTHETIC_DEMO_ONLY,-0.10659283056954305,-0.285350347375937,-0.0474,10.6,False
2025-09-08,Iberia,Enterprise,AI,181691.95,39499.4,0.2257,0.137,117,18,4.6,normal,No material exception,SYNTHETIC_DEMO_ONLY,-0.014015920685381045,-0.057084494390283624,-0.015999999999999986,2.4,False
2025-09-08,Iberia,Enterprise,Automation,222100.29,44406.65,0.2238,0.1296,132,26,5.0,normal,No material exception,SYNTHETIC_DEMO_ONLY,-0.060878701796945545,-0.2858288162873549,-0.04849999999999999,8.2,False
2025-09-08,Iberia,Enterprise,Cloud,276572.63,53713.58,0.2212,0.123,171,32,5.15,normal,No material exception,SYNTHETIC_DEMO_ONLY,0.015581129075913802,-0.055787115367881834,-0.03959999999999997,4.8,False
2025-09-08,Iberia,Enterprise,Platform,325347.81,77195.48,0.2767,0.1559,198,40,4.21,normal,No material exception,SYNTHETIC_DEMO_ONLY,0.11060873852704622,0.17149506698855332,0.026600000000000013,8.7,False
2025-09-08,Nordics,Commercial,AI,135662.34,28276.32,0.221,0.1276,74,14,4.8,normal,No material exception,SYNTHETIC_DEMO_ONLY,0.05583435314100238,0.27779474897193723,0.005299999999999999,3.6,False
2025-09-08,Nordics,Commercial,Automation,170265.4,33925.98,0.2269,0.1284,108,20,5.02,normal,No material exception,SYNTHETIC_DEMO_ONLY,-0.0832436895853681,-0.1930524356862935,-0.0204,6.6,False
2025-09-08,Nordics,Commercial,Cloud,201975.01,37175.93,0.2095,0.1004,113,18,5.43,normal,No material exception,SYNTHETIC_DEMO_ONLY,-0.009863227545208963,-0.13874729381129824,-0.04319999999999999,4.9,False
2025-09-08,Nordics,Commercial,Platform,217716.48,42638.04,0.2228,0.1108,115,22,5.11,normal,No material exception,SYNTHETIC_DEMO_ONLY,-0.029888447398513263,-0.222088591105568,-0.0635,8.0,False
2025-09-08,Nordics,Enterprise,AI,212845.32,50123.26,0.246,0.1233,144,26,4.25,normal,No material exception,SYNTHETIC_DEMO_ONLY,0.002000844552050962,0.027445903223432655,-0.0032999999999999974,0.4,False
2025-09-08,Nordics,Enterprise,Automation,267895.79,59749.58,0.2418,0.1371,157,24,4.48,normal,No material exception,SYNTHETIC_DEMO_ONLY,-0.10434785603116703,-0.02163920059746738,0.0011999999999999789,5.9,False
2025-09-08,Nordics,Enterprise,Cloud,318524.28,78395.86,0.3088,0.1465,204,33,4.06,normal,No material exception,SYNTHETIC_DEMO_ONLY,0.1163290189425017,0.2764061927856123,0.07230000000000003,13.6,False
2025-09-08,Nordics,Enterprise,Platform,355101.3,86591.06,0.262,0.1413,228,57,4.1,normal,No material exception,SYNTHETIC_DEMO_ONLY,-0.0055625006300974444,0.062480682266458754,0.007900000000000018,1.1,False
2025-09-08,UKI,Commercial,AI,179116.97,41072.66,0.239,0.1418,121,20,4.36,normal,No material exception,SYNTHETIC_DEMO_ONLY,0.013978213704957998,0.2384189546937472,0.033399999999999985,4.1,False
2025-09-08,UKI,Commercial,Automation,201709.66,39837.33,0.2418,0.1387,138,27,5.06,normal,No material exception,SYNTHETIC_DEMO_ONLY,-0.0323925268398676,-0.17817169317261217,-0.019200000000000023,3.7,False
2025-09-08,UKI,Commercial,Cloud,275469.95,58872.62,0.2391,0.1402,178,38,4.68,normal,No material exception,SYNTHETIC_DEMO_ONLY,0.11246521803991083,0.08533062212467946,-0.024300000000000016,8.6,False
2025-09-08,UKI,Commercial,Platform,255663.33,58686.88,0.2671,0.1701,173,30,4.36,normal,No material exception,SYNTHETIC_DEMO_ONLY,-0.100857845563743,0.06261447839857337,0.024800000000000016,8.0,False
2025-09-08,UKI,Enterprise,AI,275154.23,55304.77,0.2196,0.1257,178,33,4.98,normal,No material exception,SYNTHETIC_DEMO_ONLY,-0.12099348986127978,-0.2927598796951483,-0.06360000000000002,13.0,False
2025-09-08,UKI,Enterprise,Automation,364889.34,70342.52,0.2442,0.1362,227,37,5.19,normal,No material exception,SYNTHETIC_DEMO_ONLY,0.10554818400907062,-0.10042498728823523,-0.022800000000000015,8.1,False
2025-09-08,UKI,Enterprise,Cloud,414746.43,95208.24,0.2563,0.1264,287,59,4.36,normal,No material exception,SYNTHETIC_DEMO_ONLY,0.07497518140216552,0.031549463391506105,0.0014999999999999458,4.3,False
2025-09-08,UKI,Enterprise,Platform,508400.19,119075.7,0.2601,0.1424,322,70,4.27,normal,No material exception,SYNTHETIC_DEMO_ONLY,0.1014062443774737,0.01855944250589725,-0.02250000000000002,7.8,False
2025-09-15,Benelux,Commercial,AI,112080.36,21344.15,0.2127,0.1331,62,13,5.25,normal,No material exception,SYNTHETIC_DEMO_ONLY,-0.0794869651075103,-0.16027652768286493,-0.030299999999999994,7.4,False
2025-09-15,Benelux,Commercial,Automation,152829.63,28555.35,0.217,0.1232,84,12,5.35,normal,No material exception,SYNTHETIC_DEMO_ONLY,-0.032149275962565116,-0.07889057915476394,-0.017600000000000005,3.5,False
2025-09-15,Benelux,Commercial,Cloud,166802.2,34274.38,0.2254,0.1211,99,21,4.87,normal,No material exception,SYNTHETIC_DEMO_ONLY,-0.04204323739400373,0.10737982248000688,0.018599999999999978,4.2,False
2025-09-15,Benelux,Commercial,Platform,209601.31,40500.64,0.2404,0.1233,136,20,5.18,normal,No material exception,SYNTHETIC_DEMO_ONLY,0.02104568551706887,0.05162596981751322,0.0169,2.8,False
2025-09-15,Benelux,Enterprise,AI,209019.86,48325.5,0.2563,0.1516,138,22,4.33,normal,No material exception,SYNTHETIC_DEMO_ONLY,-0.08314179470354588,-0.17405452226320905,-0.005300000000000027,5.1,False
2025-09-15,Benelux,Enterprise,Automation,261073.51,48327.29,0.2214,0.125,183,37,5.4,normal,No material exception,SYNTHETIC_DEMO_ONLY,0.04442680753577388,-0.05572843313643139,-0.012399999999999994,3.7,False
2025-09-15,Benelux,Enterprise,Cloud,296659.09,68889.38,0.2526,0.1365,190,37,4.31,normal,No material exception,SYNTHETIC_DEMO_ONLY,-0.04648537855122281,-0.04425981217156971,-0.018500000000000016,4.4,False
2025-09-15,Benelux,Enterprise,Platform,338501.76,72734.22,0.2648,0.1546,215,43,4.65,normal,No material exception,SYNTHETIC_DEMO_ONLY,0.026675966250227612,0.013392501358449493,0.019299999999999984,3.4,False
2025-09-15,DACH,Commercial,AI,193217.88,39201.32,0.2378,0.1315,86,14,4.93,normal,No material exception,SYNTHETIC_DEMO_ONLY,0.025205355045583744,-0.12413670603822613,-0.003699999999999981,1.8,False
2025-09-15,DACH,Commercial,Automation,250414.21,54084.98,0.2707,0.1537,154,24,4.63,normal,No material exception,SYNTHETIC_DEMO_ONLY,-0.06763742789912097,-0.026528962956430036,-0.0028000000000000247,4.0,False
2025-09-15,DACH,Commercial,Cloud,272345.57,74160.48,0.2927,0.1492,191,31,3.67,normal,No material exception,SYNTHETIC_DEMO_ONLY,-0.015478370519526718,0.2047687479551068,0.049600000000000005,5.8,False
2025-09-15,DACH,Commercial,Platform,323494.43,70602.19,0.2471,0.1561,223,29,4.58,normal,No material exception,SYNTHETIC_DEMO_ONLY,0.035306313368197895,-0.03416527518732648,-0.00040000000000001146,2.0,False
2025-09-15,DACH,Enterprise,AI,344884.11,99739.05,0.3192,0.1885,244,35,3.46,normal,No material exception,SYNTHETIC_DEMO_ONLY,0.030057101064158598,0.18483958718151494,0.04780000000000001,6.4,False
2025-09-15,DACH,Enterprise,Automation,426751.02,99396.54,0.266,0.1352,275,58,4.29,normal,No material exception,SYNTHETIC_DEMO_ONLY,-0.01048583394732916,0.12011057251024493,0.023300000000000015,2.9,False
2025-09-15,DACH,Enterprise,Cloud,482019.32,121241.9,0.2878,0.1502,290,57,3.98,normal,No material exception,SYNTHETIC_DEMO_ONLY,0.0015241048359229126,0.16398176137134945,0.04000000000000001,4.1,False
2025-09-15,DACH,Enterprise,Platform,471641.04,118395.11,0.2965,0.1609,305,52,3.98,normal,No material exception,SYNTHETIC_DEMO_ONLY,-0.05360241701270918,-0.17413508875938177,0.018600000000000005,4.8,False
2025-09-15,France,Commercial,AI,151614.6,30070.51,0.2185,0.1183,114,23,5.04,normal,No material exception,SYNTHETIC_DEMO_ONLY,-0.004516930577782907,-0.01843656276480876,-0.020100000000000007,2.3,False
2025-09-15,France,Commercial,Automation,186857.0,32506.96,0.2235,0.1251,124,22,5.75,normal,No material exception,SYNTHETIC_DEMO_ONLY,0.06283983578104402,-0.027753925462936868,0.017100000000000004,5.2,False
2025-09-15,France,Commercial,Cloud,208648.05,38572.56,0.2205,0.1322,125,19,5.41,normal,No material exception,SYNTHETIC_DEMO_ONLY,-0.044325394831504106,-0.14457895985753544,-0.03259999999999999,5.7,False
2025-09-15,France,Commercial,Platform,228831.74,53820.42,0.2511,0.1367,143,25,4.25,normal,No material exception,SYNTHETIC_DEMO_ONLY,0.03694186630806495,0.17312530829174277,0.02629999999999999,4.7,False
2025-09-15,France,Enterprise,AI,237793.05,52219.28,0.2656,0.1568,137,19,4.55,normal,No material exception,SYNTHETIC_DEMO_ONLY,-0.025828826567514063,-0.08571880790935926,0.02460000000000001,3.9,False
2025-09-15,France,Enterprise,Automation,292367.22,58965.75,0.2361,0.1428,197,34,4.96,normal,No material exception,SYNTHETIC_DEMO_ONLY,0.0006130640027113277,-0.06652054768497184,-0.006000000000000005,0.6,False
2025-09-15,France,Enterprise,Cloud,325494.23,65952.76,0.2192,0.1087,227,35,4.94,normal,No material exception,SYNTHETIC_DEMO_ONLY,-0.10425108779694814,-0.2739675358729794,-0.05730000000000002,11.5,False
2025-09-15,France,Enterprise,Platform,357784.76,89057.13,0.2822,0.1605,246,49,4.02,normal,No material exception,SYNTHETIC_DEMO_ONLY,-0.13181356705124658,0.21672802191984464,0.0343,10.7,False
2025-09-15,Iberia,Commercial,AI,116108.35,26283.12,0.2457,0.1445,94,18,4.42,normal,No material exception,SYNTHETIC_DEMO_ONLY,0.13031552031613058,0.28924520416512145,0.01150000000000001,8.3,False
2025-09-15,Iberia,Commercial,Automation,140583.88,29857.49,0.2547,0.1673,70,7,4.71,normal,No material exception,SYNTHETIC_DEMO_ONLY,-0.04024418550670805,0.016726315538559522,0.012399999999999994,3.5,False
2025-09-15,Iberia,Commercial,Cloud,145525.47,28445.1,0.2206,0.1157,115,23,5.12,normal,No material exception,SYNTHETIC_DEMO_ONLY,-0.08139707738452673,-0.20757372435697252,-0.013500000000000012,5.8,False
2025-09-15,Iberia,Commercial,Platform,184292.6,42325.92,0.2506,0.1463,120,21,4.35,normal,No material exception,SYNTHETIC_DEMO_ONLY,0.10909737694257071,0.4457904416285685,0.05489999999999998,11.5,False
2025-09-15,Iberia,Enterprise,AI,202768.4,35177.46,0.1929,0.0949,140,22,5.76,normal,No material exception,SYNTHETIC_DEMO_ONLY,-0.005279511941940096,-0.2267218332104528,-0.06439999999999999,6.7,False
2025-09-15,Iberia,Enterprise,Automation,235087.92,49683.27,0.2523,0.1427,150,34,4.73,normal,No material exception,SYNTHETIC_DEMO_ONLY,0.060722082489885976,-0.00911996378180946,0.004300000000000026,3.8,False
2025-09-15,Iberia,Enterprise,Cloud,268428.99,72430.85,0.2823,0.1639,164,30,3.71,normal,No material exception,SYNTHETIC_DEMO_ONLY,-0.010519540570879005,0.15040234226347238,0.011199999999999988,1.7,False
2025-09-15,Iberia,Enterprise,Platform,321187.1,76738.82,0.2725,0.1203,230,39,4.19,normal,No material exception,SYNTHETIC_DEMO_ONLY,0.14403457288806276,-0.0004092731766892621,-0.010499999999999954,9.0,False
2025-09-15,Nordics,Commercial,AI,133614.11,27029.7,0.2246,0.1324,77,13,4.94,normal,No material exception,SYNTHETIC_DEMO_ONLY,0.0016233430356595857,-0.1343520955445059,-0.02570000000000003,2.7,False
2025-09-15,Nordics,Commercial,Automation,170923.48,34945.41,0.2347,0.1344,113,23,4.89,normal,No material exception,SYNTHETIC_DEMO_ONLY,0.036585470135490405,0.2581728067203535,0.0474,6.8,False
2025-09-15,Nordics,Commercial,Cloud,201739.48,43074.44,0.2231,0.124,131,26,4.68,normal,No material exception,SYNTHETIC_DEMO_ONLY,-0.028742442090773257,-0.13947258123224726,-0.04340000000000002,5.9,False
2025-09-15,Nordics,Commercial,Platform,203967.86,46005.32,0.2653,0.1512,125,24,4.43,normal,No material exception,SYNTHETIC_DEMO_ONLY,-0.04746020815153229,-0.04305843095955375,0.019399999999999973,4.6,False
2025-09-15,Nordics,Enterprise,AI,190206.27,42938.02,0.2659,0.1482,114,21,4.43,normal,No material exception,SYNTHETIC_DEMO_ONLY,-0.16354525855955893,-0.22566712646679643,0.009700000000000042,10.0,False
2025-09-15,Nordics,Enterprise,Automation,279718.52,62803.09,0.2805,0.1498,157,33,4.45,normal,No material exception,SYNTHETIC_DEMO_ONLY,0.0456867175999891,0.25926133119028827,0.06230000000000002,8.7,False
2025-09-15,Nordics,Enterprise,Cloud,333173.21,63178.25,0.2485,0.1377,201,35,5.27,normal,No material exception,SYNTHETIC_DEMO_ONLY,0.11082300666087308,0.0015410335657115581,0.016399999999999998,7.7,False
2025-09-15,Nordics,Enterprise,Platform,319495.72,71084.56,0.2748,0.1541,190,38,4.49,normal,No material exception,SYNTHETIC_DEMO_ONLY,-0.010261970592646108,-0.020106650992319675,0.04279999999999998,4.8,False
2025-09-15,UKI,Commercial,AI,178297.7,47004.54,0.2936,0.172,113,22,3.79,normal,No material exception,SYNTHETIC_DEMO_ONLY,0.04181111294324724,0.32882650226995347,0.06080000000000002,8.4,False
2025-09-15,UKI,Commercial,Automation,227618.81,51516.43,0.2584,0.1333,112,21,4.42,normal,No material exception,SYNTHETIC_DEMO_ONLY,0.13096338242199845,0.3232654248035449,0.02770000000000003,10.0,False
2025-09-15,UKI,Commercial,Cloud,256742.23,53797.32,0.2174,0.1169,176,41,4.77,normal,No material exception,SYNTHETIC_DEMO_ONLY,-0.02328167506841028,-0.05252629678714682,-0.0335,4.6,False
2025-09-15,UKI,Commercial,Platform,292472.04,69538.04,0.255,0.1317,201,34,4.21,normal,No material exception,SYNTHETIC_DEMO_ONLY,0.12292492431338387,0.13379851796584874,-0.013600000000000001,8.1,False
2025-09-15,UKI,Enterprise,AI,301391.84,75643.2,0.2675,0.1698,182,30,3.98,normal,No material exception,SYNTHETIC_DEMO_ONLY,0.09741644280197304,0.2681124615948671,0.030700000000000005,8.4,False
2025-09-15,UKI,Enterprise,Automation,343092.34,71897.54,0.2365,0.1232,210,49,4.77,normal,No material exception,SYNTHETIC_DEMO_ONLY,0.06664023271494401,-0.1572201567483481,-0.050600000000000034,8.7,False
2025-09-15,UKI,Enterprise,Cloud,399332.29,97846.68,0.2452,0.1599,260,55,4.08,normal,No material exception,SYNTHETIC_DEMO_ONLY,-0.026184686003730584,0.11479890213932431,-0.02109999999999998,3.6,False
2025-09-15,UKI,Enterprise,Platform,447684.14,116439.8,0.2844,0.1681,300,54,3.84,normal,No material exception,SYNTHETIC_DEMO_ONLY,0.09897883648213668,0.2271819799968151,-0.0039000000000000146,5.8,False
2025-09-22,Benelux,Commercial,AI,130135.31,21492.11,0.1977,0.0973,76,16,6.06,normal,No material exception,SYNTHETIC_DEMO_ONLY,0.12488963772822537,-0.11284319257585818,-0.0398,10.8,False
2025-09-22,Benelux,Commercial,Automation,151908.74,31421.13,0.2261,0.1314,79,11,4.83,normal,No material exception,SYNTHETIC_DEMO_ONLY,-0.03860679799424038,0.10755596005469203,0.013300000000000006,3.5,False
2025-09-22,Benelux,Commercial,Cloud,168086.6,35196.09,0.2158,0.1152,98,23,4.78,normal,No material exception,SYNTHETIC_DEMO_ONLY,0.03633548699905664,-0.0107797635894471,-0.0267,4.7,False
2025-09-22,Benelux,Commercial,Platform,195878.8,39367.3,0.2405,0.1398,121,28,4.98,normal,No material exception,SYNTHETIC_DEMO_ONLY,-0.01488098082003575,-0.09297536465490142,0.005199999999999982,1.3,False
2025-09-22,Benelux,Enterprise,AI,204523.49,45015.37,0.2456,0.1279,132,27,4.54,normal,No material exception,SYNTHETIC_DEMO_ONLY,0.060628190043364505,0.21038830787680318,0.041200000000000014,7.5,False
2025-09-22,Benelux,Enterprise,Automation,247736.59,58493.15,0.2635,0.1404,147,28,4.24,normal,No material exception,SYNTHETIC_DEMO_ONLY,-0.02117296732848173,0.025486049652661436,0.012199999999999989,2.4,False
2025-09-22,Benelux,Enterprise,Cloud,285129.19,58395.52,0.2413,0.1356,167,28,4.88,normal,No material exception,SYNTHETIC_DEMO_ONLY,-0.05581752566333864,-0.23296657828905587,-0.04300000000000001,7.4,False
2025-09-22,Benelux,Enterprise,Platform,322549.36,68708.22,0.256,0.1529,209,32,4.69,normal,No material exception,SYNTHETIC_DEMO_ONLY,-0.051630228966407676,-0.1405425142265727,-0.01739999999999997,4.6,False
2025-09-22,DACH,Commercial,AI,201025.96,42952.45,0.2526,0.1503,129,26,4.68,normal,No material exception,SYNTHETIC_DEMO_ONLY,0.03140415031661803,-0.09538290394377924,-0.024400000000000033,4.2,False
2025-09-22,DACH,Commercial,Automation,268689.64,52463.2,0.2284,0.1269,186,30,5.12,normal,No material exception,SYNTHETIC_DEMO_ONLY,0.13772070653189927,0.1480475191781827,0.0030000000000000027,7.9,False
2025-09-22,DACH,Commercial,Cloud,282230.63,52099.48,0.1935,0.1154,174,36,5.42,normal,No material exception,SYNTHETIC_DEMO_ONLY,-0.03233116877216935,-0.2967689110985551,-0.08079999999999998,9.9,False
2025-09-22,DACH,Commercial,Platform,332625.71,74175.52,0.2589,0.1408,210,35,4.48,normal,No material exception,SYNTHETIC_DEMO_ONLY,0.08460642459965939,-0.014635761184718876,0.0019000000000000128,4.8,False
2025-09-22,DACH,Enterprise,AI,328991.84,82044.18,0.2752,0.1537,223,42,4.01,normal,No material exception,SYNTHETIC_DEMO_ONLY,-0.07068292629601203,-0.13879269379877313,-0.0011999999999999789,4.0,False
2025-09-22,DACH,Enterprise,Automation,374136.44,99229.1,0.2728,0.1737,247,37,3.77,normal,No material exception,SYNTHETIC_DEMO_ONLY,-0.10337788950631799,0.023635644713198456,0.02839999999999998,8.5,False
2025-09-22,DACH,Enterprise,Cloud,464455.52,114156.21,0.2556,0.1385,299,54,4.07,normal,No material exception,SYNTHETIC_DEMO_ONLY,-0.02861081012707356,-0.05535774176002717,-0.030299999999999994,4.6,False
2025-09-22,DACH,Enterprise,Platform,519832.11,121717.95,0.267,0.1488,314,55,4.27,normal,No material exception,SYNTHETIC_DEMO_ONLY,0.038978328066943346,-0.015070596157739646,-0.02360000000000001,4.5,False
2025-09-22,France,Commercial,AI,152941.03,28376.29,0.2184,0.1347,105,21,5.39,normal,No material exception,SYNTHETIC_DEMO_ONLY,0.019675796750526997,-0.23562707516131243,-0.031299999999999994,4.2,False
2025-09-22,France,Commercial,Automation,178840.69,35963.78,0.2324,0.1151,108,14,4.97,normal,No material exception,SYNTHETIC_DEMO_ONLY,-0.06661646957340095,-0.17458342188721443,-0.01730000000000001,5.4,False
2025-09-22,France,Commercial,Cloud,211194.99,38252.57,0.1955,0.1125,131,23,5.52,normal,No material exception,SYNTHETIC_DEMO_ONLY,-0.036000880765543086,-0.17411418092096598,-0.042800000000000005,6.3,False
2025-09-22,France,Commercial,Platform,255442.16,38379.13,0.1768,0.1039,169,35,6.66,normal,No material exception,SYNTHETIC_DEMO_ONLY,0.12104143271605183,-0.19245286115513427,-0.07029999999999997,13.7,False
2025-09-22,France,Enterprise,AI,221301.58,47295.12,0.2429,0.1311,153,29,4.68,normal,No material exception,SYNTHETIC_DEMO_ONLY,-0.16502513339411162,-0.16828551184998886,-0.007000000000000006,9.8,False
2025-09-22,France,Enterprise,Automation,278254.35,49517.59,0.2279,0.1232,209,42,5.62,normal,No material exception,SYNTHETIC_DEMO_ONLY,-0.03878435014080872,-0.25276860292315706,-0.0383,6.0,False
2025-09-22,France,Enterprise,Cloud,332493.07,62470.47,0.2317,0.1028,228,41,5.32,normal,No material exception,SYNTHETIC_DEMO_ONLY,-0.07784971593573808,-0.15534389359603507,-0.013900000000000023,5.7,False
2025-09-22,France,Enterprise,Platform,409970.18,79164.85,0.2414,0.131,257,52,5.18,normal,No material exception,SYNTHETIC_DEMO_ONLY,0.17644980221436013,0.021499465732766954,-0.0232,12.0,False
2025-09-22,Iberia,Commercial,AI,119914.89,22839.54,0.2098,0.1268,58,11,5.25,normal,No material exception,SYNTHETIC_DEMO_ONLY,-0.005319098637365127,-0.014648128678156569,0.0034999999999999754,0.6,False
2025-09-22,Iberia,Commercial,Automation,139585.54,26949.08,0.204,0.1054,98,17,5.18,normal,No material exception,SYNTHETIC_DEMO_ONLY,-0.00912234283645097,-0.11864894572752527,-0.027400000000000008,3.2,False
2025-09-22,Iberia,Commercial,Cloud,160775.35,28870.27,0.1873,0.1,104,24,5.57,normal,No material exception,SYNTHETIC_DEMO_ONLY,0.05431782457212608,0.015169022127453635,-0.00020000000000000573,3.0,False
2025-09-22,Iberia,Commercial,Platform,174152.67,34136.82,0.2216,0.1179,139,24,5.1,normal,No material exception,SYNTHETIC_DEMO_ONLY,-0.08722910800878003,-0.08622561569075893,-0.004799999999999999,5.3,False
2025-09-22,Iberia,Enterprise,AI,180854.43,34305.75,0.2335,0.1432,131,20,5.27,normal,No material exception,SYNTHETIC_DEMO_ONLY,-0.03542534327029789,-0.2137284751272721,-0.039099999999999996,5.9,False
2025-09-22,Iberia,Enterprise,Automation,227505.51,47177.35,0.2374,0.1339,125,22,4.82,normal,No material exception,SYNTHETIC_DEMO_ONLY,-0.010800062489833784,0.05798903962254709,-0.011199999999999988,1.7,False
2025-09-22,Iberia,Enterprise,Cloud,249756.17,58225.06,0.2425,0.1519,154,29,4.29,normal,No material exception,SYNTHETIC_DEMO_ONLY,-0.08774360205374787,-0.10220026626345768,-0.030299999999999994,7.9,False
2025-09-22,Iberia,Enterprise,Platform,307559.81,62975.38,0.265,0.141,209,39,4.88,normal,No material exception,SYNTHETIC_DEMO_ONLY,-0.026289934729789355,-0.23484181885294653,-0.018799999999999983,3.3,False
2025-09-22,Nordics,Commercial,AI,139585.82,30654.14,0.2294,0.1156,92,15,4.55,normal,No material exception,SYNTHETIC_DEMO_ONLY,0.020840424238851796,0.09003349666811267,0.020299999999999985,3.2,False
2025-09-22,Nordics,Commercial,Automation,161914.43,33533.03,0.2196,0.1253,110,20,4.83,normal,No material exception,SYNTHETIC_DEMO_ONLY,-0.03953984830708923,0.11687379533913034,-0.014500000000000013,3.6,False
2025-09-22,Nordics,Commercial,Cloud,177732.22,33620.42,0.2318,0.1095,108,19,5.29,normal,No material exception,SYNTHETIC_DEMO_ONLY,-0.0075593294595517335,0.15884011273905085,0.02460000000000001,2.9,False
2025-09-22,Nordics,Commercial,Platform,220301.68,47696.37,0.2546,0.1483,141,28,4.62,normal,No material exception,SYNTHETIC_DEMO_ONLY,-0.036145619916833516,0.05853336032022072,0.007699999999999985,2.8,False
2025-09-22,Nordics,Enterprise,AI,218464.25,32130.95,0.1886,0.1013,129,24,6.8,normal,No material exception,SYNTHETIC_DEMO_ONLY,-0.07281329778691636,-0.435272110648945,-0.07240000000000002,11.2,False
2025-09-22,Nordics,Enterprise,Automation,248966.97,68911.12,0.2945,0.1777,180,38,3.61,normal,No material exception,SYNTHETIC_DEMO_ONLY,-0.07184299285869233,0.002515340082998918,0.002899999999999958,4.2,False
2025-09-22,Nordics,Enterprise,Cloud,335539.27,63214.22,0.2208,0.1272,209,49,5.31,normal,No material exception,SYNTHETIC_DEMO_ONLY,0.026925057904296557,-0.11974277763117869,-0.0338,4.9,False
2025-09-22,Nordics,Enterprise,Platform,348953.04,90103.59,0.3101,0.1786,209,33,3.87,normal,No material exception,SYNTHETIC_DEMO_ONLY,0.03573819188608063,0.11284846609028909,0.01050000000000001,3.0,False
2025-09-22,UKI,Commercial,AI,169811.94,33206.21,0.2205,0.1318,121,21,5.11,normal,No material exception,SYNTHETIC_DEMO_ONLY,-0.05945874271879503,-0.10890164221255916,-0.0040999999999999925,3.7,False
2025-09-22,UKI,Commercial,Automation,227294.86,44662.89,0.2389,0.1331,152,29,5.09,normal,No material exception,SYNTHETIC_DEMO_ONLY,0.010150486494231226,-0.13705320613452487,-0.02260000000000001,2.8,False
2025-09-22,UKI,Commercial,Cloud,259040.62,65378.07,0.2666,0.1701,177,40,3.96,normal,No material exception,SYNTHETIC_DEMO_ONLY,-0.006454044352147359,0.10572650642348314,0.010199999999999987,1.4,False
2025-09-22,UKI,Commercial,Platform,261307.32,56957.23,0.2418,0.1319,181,38,4.59,normal,No material exception,SYNTHETIC_DEMO_ONLY,-0.10925160994085525,-0.18030120214905077,-0.007900000000000018,6.8,False
2025-09-22,UKI,Enterprise,AI,300235.27,74929.6,0.2586,0.1275,203,31,4.01,normal,No material exception,SYNTHETIC_DEMO_ONLY,0.03103100569654993,0.1723521800422132,-0.009000000000000008,2.6,False
2025-09-22,UKI,Enterprise,Automation,355985.52,90060.58,0.2786,0.1502,218,38,3.95,normal,No material exception,SYNTHETIC_DEMO_ONLY,0.0531011154865233,0.16521567672058723,0.00990000000000002,3.9,False
2025-09-22,UKI,Enterprise,Cloud,443315.93,115195.68,0.2785,0.1364,323,70,3.85,normal,No material exception,SYNTHETIC_DEMO_ONLY,0.006056524047790113,0.011103775262523818,-0.006399999999999961,1.0,False
2025-09-22,UKI,Enterprise,Platform,477950.81,113251.97,0.2694,0.1583,306,62,4.22,normal,No material exception,SYNTHETIC_DEMO_ONLY,0.13282173030682998,0.08319086313554824,0.011499999999999955,8.5,False
2025-09-29,Benelux,Commercial,AI,130774.84,24937.71,0.2205,0.1439,101,20,5.24,normal,No material exception,SYNTHETIC_DEMO_ONLY,-0.02919471723902123,-0.13173221750329556,-0.014600000000000002,3.1,False
2025-09-29,Benelux,Commercial,Automation,165781.07,24478.32,0.1624,0.0837,95,14,6.77,normal,No material exception,SYNTHETIC_DEMO_ONLY,0.1175401575062176,-0.19097825968405657,-0.064,12.9,False
2025-09-29,Benelux,Commercial,Cloud,166858.53,33713.44,0.2615,0.1599,92,21,4.95,normal,No material exception,SYNTHETIC_DEMO_ONLY,-0.07690455255035167,-0.09601846283046855,0.028100000000000014,7.0,False
2025-09-29,Benelux,Commercial,Platform,215212.49,42920.63,0.2175,0.1273,140,29,5.01,normal,No material exception,SYNTHETIC_DEMO_ONLY,0.0606787891142031,-0.09444091514137132,-0.040799999999999975,7.4,False
2025-09-29,Benelux,Enterprise,AI,191982.17,44399.39,0.2744,0.1698,117,17,4.32,normal,No material exception,SYNTHETIC_DEMO_ONLY,-0.00894699407904398,0.19213187522503805,0.050799999999999984,5.6,False
2025-09-29,Benelux,Enterprise,Automation,250795.16,58893.91,0.246,0.1329,156,25,4.26,normal,No material exception,SYNTHETIC_DEMO_ONLY,0.03408701919488921,0.15749312556836537,0.0116,3.0,False
2025-09-29,Benelux,Enterprise,Cloud,323834.59,69707.99,0.2601,0.1526,192,45,4.65,normal,No material exception,SYNTHETIC_DEMO_ONLY,0.13947932905137095,0.1747017787530074,0.0013000000000000234,7.8,False
2025-09-29,Benelux,Enterprise,Platform,333703.76,77526.83,0.2708,0.15,209,46,4.3,normal,No material exception,SYNTHETIC_DEMO_ONLY,0.15283126398940827,0.03180094490905261,-0.014300000000000035,9.8,False
2025-09-29,DACH,Commercial,AI,193738.91,43045.63,0.247,0.146,116,24,4.5,normal,No material exception,SYNTHETIC_DEMO_ONLY,0.0002729158863017389,0.1466802168924075,0.03670000000000001,3.7,False
2025-09-29,DACH,Commercial,Automation,256045.24,59560.28,0.255,0.1418,166,32,4.3,normal,No material exception,SYNTHETIC_DEMO_ONLY,0.011791732126784638,0.38809622193027904,0.07100000000000001,7.7,False
2025-09-29,DACH,Commercial,Cloud,292285.32,60510.1,0.2258,0.1187,192,42,4.83,normal,No material exception,SYNTHETIC_DEMO_ONLY,0.11998208551751355,0.21841239375656807,0.0014000000000000123,6.7,False
2025-09-29,DACH,Commercial,Platform,320817.58,77891.51,0.277,0.1756,200,46,4.12,normal,No material exception,SYNTHETIC_DEMO_ONLY,0.17223020433469016,0.2465389969180405,0.02350000000000002,11.8,False
2025-09-29,DACH,Enterprise,AI,323154.13,75736.27,0.2658,0.1549,228,38,4.27,normal,No material exception,SYNTHETIC_DEMO_ONLY,0.04662779796892358,0.11882362030686577,0.006299999999999972,3.2,False
2025-09-29,DACH,Enterprise,Automation,445760.27,94229.59,0.2347,0.1399,274,51,4.73,normal,No material exception,SYNTHETIC_DEMO_ONLY,0.1610627416296273,0.18898135159869667,-0.02890000000000001,11.7,False
2025-09-29,DACH,Enterprise,Cloud,447374.53,111133.41,0.2795,0.1591,306,53,4.03,normal,No material exception,SYNTHETIC_DEMO_ONLY,0.058997972284535294,0.1280432404999048,0.005700000000000038,3.8,False
2025-09-29,DACH,Enterprise,Platform,508252.86,109084.5,0.2696,0.1397,330,49,4.66,normal,No material exception,SYNTHETIC_DEMO_ONLY,-0.041933067153394066,-0.18678970972095088,-0.020500000000000018,4.4,False
2025-09-29,France,Commercial,AI,161986.56,30819.68,0.2351,0.1363,99,20,5.26,normal,No material exception,SYNTHETIC_DEMO_ONLY,0.16349185405527433,0.7831211539841196,0.0821,17.2,False
2025-09-29,France,Commercial,Automation,180052.17,33606.49,0.2319,0.1294,113,22,5.36,normal,No material exception,SYNTHETIC_DEMO_ONLY,-0.03346702873952889,-0.23521496322458502,-0.0058,2.4,False
2025-09-29,France,Commercial,Cloud,224699.57,52383.12,0.2384,0.1302,133,26,4.29,normal,No material exception,SYNTHETIC_DEMO_ONLY,0.15701227243772653,0.6121345445883455,0.040700000000000014,12.7,False
2025-09-29,France,Commercial,Platform,236068.71,45298.59,0.212,0.1183,137,19,5.21,normal,No material exception,SYNTHETIC_DEMO_ONLY,0.21740701975359022,0.20069260649852017,-0.0014000000000000123,12.1,False
2025-09-29,France,Enterprise,AI,235742.02,47890.36,0.2099,0.1214,156,28,4.92,normal,No material exception,SYNTHETIC_DEMO_ONLY,-0.017803584482062873,0.1755807040273829,0.008200000000000013,1.8,False
2025-09-29,France,Enterprise,Automation,306804.62,58044.18,0.2233,0.1199,231,39,5.29,normal,No material exception,SYNTHETIC_DEMO_ONLY,-0.003105306204039149,-0.1572494917944458,-0.01949999999999999,2.1,False
2025-09-29,France,Enterprise,Cloud,379943.79,80348.32,0.2219,0.1393,238,44,4.73,normal,No material exception,SYNTHETIC_DEMO_ONLY,0.12144965506041494,0.07868120242913079,-0.034399999999999986,10.1,False
2025-09-29,France,Enterprise,Platform,354406.63,69963.19,0.256,0.1487,215,48,5.07,normal,No material exception,SYNTHETIC_DEMO_ONLY,-0.10723134873281748,-0.1939981869242191,-0.005099999999999993,6.4,False
2025-09-29,Iberia,Commercial,AI,119507.63,19265.49,0.1907,0.0986,57,10,6.2,normal,No material exception,SYNTHETIC_DEMO_ONLY,0.07811232509533683,-0.13818060304798496,-0.0398,8.3,False
2025-09-29,Iberia,Commercial,Automation,144136.22,28764.57,0.2315,0.1334,59,11,5.01,normal,No material exception,SYNTHETIC_DEMO_ONLY,0.03513757262994033,0.08085510763809434,-0.0034999999999999754,2.3,False
2025-09-29,Iberia,Commercial,Cloud,160189.79,30589.01,0.2127,0.1157,110,22,5.24,normal,No material exception,SYNTHETIC_DEMO_ONLY,0.04210929860142887,0.1824526694375379,0.011199999999999988,3.4,False
2025-09-29,Iberia,Commercial,Platform,180873.75,38311.79,0.2384,0.1074,100,18,4.72,normal,No material exception,SYNTHETIC_DEMO_ONLY,0.02236824344871513,-0.13093445247232038,-0.022399999999999975,3.5,False
2025-09-29,Iberia,Enterprise,AI,181227.6,39703.51,0.2693,0.15,118,21,4.56,normal,No material exception,SYNTHETIC_DEMO_ONLY,-0.08977065563146502,-0.05702700963148688,0.051899999999999974,10.1,False
2025-09-29,Iberia,Enterprise,Automation,239766.38,51721.79,0.2525,0.1465,169,32,4.64,normal,No material exception,SYNTHETIC_DEMO_ONLY,0.034836228662681545,-0.11685324459825552,-0.011900000000000022,3.1,False
2025-09-29,Iberia,Enterprise,Cloud,267602.98,64389.9,0.2699,0.1476,167,30,4.16,normal,No material exception,SYNTHETIC_DEMO_ONLY,0.04640275296270224,0.3736717134975882,0.05429999999999996,8.0,False
2025-09-29,Iberia,Enterprise,Platform,300489.22,77737.53,0.288,0.1632,176,24,3.87,normal,No material exception,SYNTHETIC_DEMO_ONLY,0.04325642110908756,0.6939458578177737,0.07489999999999997,9.9,False
2025-09-29,Nordics,Commercial,AI,138357.48,27279.88,0.2388,0.1586,101,18,5.07,normal,No material exception,SYNTHETIC_DEMO_ONLY,0.00416340582200414,-0.0751429330845339,0.013600000000000001,1.6,False
2025-09-29,Nordics,Commercial,Automation,174148.7,31934.01,0.2283,0.1233,126,25,5.45,normal,No material exception,SYNTHETIC_DEMO_ONLY,0.08117053119984075,-0.1433978024595587,-0.03610000000000002,8.1,False
2025-09-29,Nordics,Commercial,Cloud,180513.92,40971.43,0.2623,0.1449,118,23,4.41,normal,No material exception,SYNTHETIC_DEMO_ONLY,-0.014942309265381981,0.06358135866802828,0.039299999999999974,4.8,False
2025-09-29,Nordics,Commercial,Platform,214588.83,43300.75,0.2382,0.1549,132,27,4.96,normal,No material exception,SYNTHETIC_DEMO_ONLY,0.05531438448707404,-0.09171314826277932,0.0012999999999999956,3.2,False
2025-09-29,Nordics,Enterprise,AI,219470.8,50960.39,0.2561,0.1643,131,25,4.31,normal,No material exception,SYNTHETIC_DEMO_ONLY,0.04332951108588823,0.15793830390149055,0.010300000000000004,3.4,False
2025-09-29,Nordics,Enterprise,Automation,247233.35,45815.13,0.2214,0.1171,156,33,5.4,normal,No material exception,SYNTHETIC_DEMO_ONLY,-0.05722537365942537,-0.05810556301032854,-9.999999999998899e-05,3.2,False
2025-09-29,Nordics,Enterprise,Cloud,321026.64,70770.51,0.2433,0.1321,206,39,4.54,normal,No material exception,SYNTHETIC_DEMO_ONLY,0.0943665559880047,0.225409479825476,0.005599999999999994,5.8,False
2025-09-29,Nordics,Enterprise,Platform,356565.82,79840.51,0.2631,0.1522,234,42,4.47,normal,No material exception,SYNTHETIC_DEMO_ONLY,0.07035339396689078,0.15986511714867913,0.0345,7.3,False
2025-09-29,UKI,Commercial,AI,160220.39,32630.74,0.2472,0.1294,96,22,4.91,normal,No material exception,SYNTHETIC_DEMO_ONLY,-0.2132327911910571,-0.22950174001621715,0.0174,13.5,False
2025-09-29,UKI,Commercial,Automation,211646.06,47089.33,0.2532,0.1417,157,26,4.49,normal,No material exception,SYNTHETIC_DEMO_ONLY,-0.05944005133024277,-0.10476388738381626,-0.017400000000000027,5.0,False
2025-09-29,UKI,Commercial,Cloud,228506.47,36341.11,0.1794,0.1074,158,31,6.29,normal,No material exception,SYNTHETIC_DEMO_ONLY,-0.042948130513886684,-0.3042645138452684,-0.05210000000000001,7.6,False
2025-09-29,UKI,Commercial,Platform,300362.15,74078.15,0.2605,0.1293,195,41,4.05,normal,No material exception,SYNTHETIC_DEMO_ONLY,0.09108432903389274,0.2210311047640523,-0.0009000000000000119,5.1,False
2025-09-29,UKI,Enterprise,AI,304193.72,76586.23,0.2752,0.1673,199,37,3.97,normal,No material exception,SYNTHETIC_DEMO_ONLY,0.10103333134139403,0.13602318615974096,0.011400000000000021,6.7,False
2025-09-29,UKI,Enterprise,Automation,349258.16,87159.56,0.278,0.1507,230,46,4.01,normal,No material exception,SYNTHETIC_DEMO_ONLY,0.0066578520951094955,0.19142850620547924,0.031700000000000034,3.5,False
2025-09-29,UKI,Enterprise,Cloud,407417.82,99353.05,0.2772,0.1526,266,42,4.1,normal,No material exception,SYNTHETIC_DEMO_ONLY,-0.05685564424984202,-0.05887599047064229,-0.014600000000000002,4.6,False
2025-09-29,UKI,Enterprise,Platform,458781.56,102296.22,0.2452,0.1366,294,56,4.48,normal,No material exception,SYNTHETIC_DEMO_ONLY,-0.02609966746377712,-0.09843409931075697,-0.028199999999999975,4.3,False
2025-10-06,Benelux,Commercial,AI,125466.46,24708.89,0.2158,0.1195,66,11,5.08,normal,No material exception,SYNTHETIC_DEMO_ONLY,-0.057799867951585426,-0.09119434050884379,-0.021199999999999997,5.3,False
2025-10-06,Benelux,Commercial,Automation,157832.89,21987.87,0.1641,0.0805,90,16,7.18,normal,No material exception,SYNTHETIC_DEMO_ONLY,-0.006699354426189408,-0.2767733268952578,-0.06609999999999999,7.0,False
2025-10-06,Benelux,Commercial,Cloud,189069.17,36227.73,0.2028,0.116,130,27,5.22,normal,No material exception,SYNTHETIC_DEMO_ONLY,0.1889401231731529,0.02723520595045481,-0.035500000000000004,13.9,False
2025-10-06,Benelux,Commercial,Platform,200601.38,47029.84,0.2762,0.1754,138,25,4.27,normal,No material exception,SYNTHETIC_DEMO_ONLY,-0.016678797152525293,0.008851668482877662,0.019100000000000006,2.8,False
2025-10-06,Benelux,Enterprise,AI,219451.29,44850.04,0.2359,0.1308,141,28,4.89,normal,No material exception,SYNTHETIC_DEMO_ONLY,0.09433113871653998,0.0029726876356723775,-0.03210000000000002,8.4,False
2025-10-06,Benelux,Enterprise,Automation,245339.33,49043.83,0.2161,0.1273,164,31,5.0,normal,No material exception,SYNTHETIC_DEMO_ONLY,-0.05246966457937019,-0.11894657665437458,-0.029500000000000026,5.8,False
2025-10-06,Benelux,Enterprise,Cloud,283914.73,56233.95,0.2098,0.1079,189,31,5.05,normal,No material exception,SYNTHETIC_DEMO_ONLY,0.024059755241135683,-0.04935291904058159,-0.031200000000000006,4.4,False
2025-10-06,Benelux,Enterprise,Platform,333661.62,80559.21,0.2854,0.1667,225,52,4.14,normal,No material exception,SYNTHETIC_DEMO_ONLY,0.005090372747368566,0.42184932238225636,0.035999999999999976,3.9,False
2025-10-06,DACH,Commercial,AI,215681.46,39249.73,0.196,0.1064,110,21,5.5,normal,No material exception,SYNTHETIC_DEMO_ONLY,0.10402436371992074,-0.047852936053605744,-0.0456,10.3,False
2025-10-06,DACH,Commercial,Automation,241240.91,47303.44,0.2185,0.1096,182,31,5.1,normal,No material exception,SYNTHETIC_DEMO_ONLY,-0.02058350251318608,-0.187621697613224,-0.03509999999999999,4.6,False
2025-10-06,DACH,Commercial,Cloud,282538.45,54191.77,0.2226,0.1142,184,40,5.21,normal,No material exception,SYNTHETIC_DEMO_ONLY,-0.0007216107038460207,0.11217974569082889,0.0252,2.6,False
2025-10-06,DACH,Commercial,Platform,322617.03,97235.71,0.2956,0.14,236,42,3.32,normal,No material exception,SYNTHETIC_DEMO_ONLY,0.01574980827396333,0.2874422369858858,0.034399999999999986,4.3,False
2025-10-06,DACH,Enterprise,AI,305166.45,64826.91,0.2573,0.1523,213,40,4.71,normal,No material exception,SYNTHETIC_DEMO_ONLY,-0.13205043375514092,-0.2710251462770189,-0.03200000000000003,10.5,False
2025-10-06,DACH,Enterprise,Automation,405056.5,121585.57,0.3011,0.1258,264,52,3.33,normal,No material exception,SYNTHETIC_DEMO_ONLY,0.004378678581713702,0.29165368397110814,0.06399999999999997,6.6,False
2025-10-06,DACH,Enterprise,Cloud,408467.85,101038.6,0.2674,0.1553,274,53,4.04,normal,No material exception,SYNTHETIC_DEMO_ONLY,-0.10464573534076826,-0.045520083984816107,-0.023999999999999966,8.2,False
2025-10-06,DACH,Enterprise,Platform,493398.06,148952.47,0.297,0.1758,304,57,3.31,normal,No material exception,SYNTHETIC_DEMO_ONLY,-0.125641131831702,0.06431439104255854,-0.011199999999999988,8.0,False
2025-10-06,France,Commercial,AI,154336.07,38599.99,0.3023,0.1482,106,20,4.0,normal,No material exception,SYNTHETIC_DEMO_ONLY,0.09788013538258156,0.4259439862459171,0.08420000000000002,13.8,False
2025-10-06,France,Commercial,Automation,176260.09,34311.97,0.2249,0.1222,118,21,5.14,normal,No material exception,SYNTHETIC_DEMO_ONLY,-0.1343200946324289,-0.24231951302777888,-0.014400000000000024,8.8,False
2025-10-06,France,Commercial,Cloud,204946.61,45096.2,0.2524,0.13,150,29,4.54,normal,No material exception,SYNTHETIC_DEMO_ONLY,0.04938784014079589,0.09578183210721769,0.021200000000000024,4.8,False
2025-10-06,France,Commercial,Platform,240053.88,48198.32,0.2264,0.1326,161,38,4.98,normal,No material exception,SYNTHETIC_DEMO_ONLY,0.05966705318175736,-0.16430653056525368,-0.04299999999999998,7.6,False
2025-10-06,France,Enterprise,AI,232236.33,52349.84,0.2745,0.1585,152,30,4.44,normal,No material exception,SYNTHETIC_DEMO_ONLY,0.02488442286100323,0.004692031683496634,0.030000000000000027,4.4,False
2025-10-06,France,Enterprise,Automation,295494.66,62705.93,0.2492,0.1217,180,29,4.71,normal,No material exception,SYNTHETIC_DEMO_ONLY,-0.0026647726292787777,-0.10266720186719158,-0.037099999999999994,3.9,False
2025-10-06,France,Enterprise,Cloud,380257.71,104849.46,0.275,0.1761,236,27,3.63,normal,No material exception,SYNTHETIC_DEMO_ONLY,0.03144247608010664,0.03458920380624231,-0.01679999999999998,3.4,False
2025-10-06,France,Enterprise,Platform,392676.32,94676.73,0.2624,0.1423,275,46,4.15,normal,No material exception,SYNTHETIC_DEMO_ONLY,0.008420420237493564,-0.11125136618844256,-0.036199999999999954,4.1,False
2025-10-06,Iberia,Commercial,AI,109883.64,18524.76,0.22,0.1147,82,10,5.93,normal,No material exception,SYNTHETIC_DEMO_ONLY,-0.08116394977374364,-0.13998168984529225,0.008300000000000002,5.3,False
2025-10-06,Iberia,Commercial,Automation,151499.19,29874.29,0.2171,0.1208,101,22,5.07,normal,No material exception,SYNTHETIC_DEMO_ONLY,0.011416044108389922,-0.006398447184207567,-0.005299999999999999,1.2,False
2025-10-06,Iberia,Commercial,Cloud,167566.3,25888.04,0.1769,0.1005,106,17,6.47,normal,No material exception,SYNTHETIC_DEMO_ONLY,0.007251626473491868,-0.27186845275379157,-0.07189999999999999,7.6,False
2025-10-06,Iberia,Commercial,Platform,186293.07,40683.14,0.251,0.1607,139,23,4.58,normal,No material exception,SYNTHETIC_DEMO_ONLY,0.01847053820871758,0.3741370085846536,0.0663,7.6,False
2025-10-06,Iberia,Enterprise,AI,171627.1,42628.26,0.2674,0.1609,107,21,4.03,normal,No material exception,SYNTHETIC_DEMO_ONLY,-0.05539513445697519,0.07921284880276658,0.041700000000000015,7.2,False
2025-10-06,Iberia,Enterprise,Automation,224101.59,49584.33,0.2538,0.1092,148,32,4.52,normal,No material exception,SYNTHETIC_DEMO_ONLY,0.009010794177711334,0.11659695113231905,0.030000000000000027,3.5,False
2025-10-06,Iberia,Enterprise,Cloud,247971.99,60062.57,0.2629,0.1206,161,24,4.13,normal,No material exception,SYNTHETIC_DEMO_ONLY,-0.10341095574063142,0.11820083487267086,0.041700000000000015,9.9,False
2025-10-06,Iberia,Enterprise,Platform,305666.12,76441.65,0.2791,0.1313,182,33,4.0,normal,No material exception,SYNTHETIC_DEMO_ONLY,-0.060494306078162974,-0.009765209051099899,0.0024000000000000132,3.6,False
2025-10-06,Nordics,Commercial,AI,141157.38,30585.57,0.2346,0.1434,102,17,4.62,normal,No material exception,SYNTHETIC_DEMO_ONLY,0.040505272133740444,0.08166727494949844,0.013600000000000001,3.6,False
2025-10-06,Nordics,Commercial,Automation,154081.28,28711.23,0.2272,0.1322,106,20,5.37,normal,No material exception,SYNTHETIC_DEMO_ONLY,-0.09505231244868306,-0.15370963491695755,0.00030000000000002247,5.3,False
2025-10-06,Nordics,Commercial,Cloud,200231.23,41247.82,0.2407,0.1276,116,19,4.85,normal,No material exception,SYNTHETIC_DEMO_ONLY,-0.008633642350110549,0.10953027940390458,0.031200000000000006,3.6,False
2025-10-06,Nordics,Commercial,Platform,206313.2,53250.36,0.2791,0.1412,141,29,3.87,normal,No material exception,SYNTHETIC_DEMO_ONLY,-0.052376742449629865,0.2488932418094265,0.05630000000000002,8.5,False
2025-10-06,Nordics,Enterprise,AI,200386.73,39278.46,0.2211,0.1081,111,19,5.1,normal,No material exception,SYNTHETIC_DEMO_ONLY,-0.05853353975553699,-0.21636262286212038,-0.024900000000000005,5.7,False
2025-10-06,Nordics,Enterprise,Automation,275858.68,59373.5,0.2486,0.1592,191,38,4.65,normal,No material exception,SYNTHETIC_DEMO_ONLY,0.029723834032628904,-0.006294270185664974,0.0068000000000000005,2.3,False
2025-10-06,Nordics,Enterprise,Cloud,310251.55,68826.16,0.2691,0.1605,209,39,4.51,normal,No material exception,SYNTHETIC_DEMO_ONLY,-0.02597205462641672,-0.12206894598770901,-0.03970000000000001,5.4,False
2025-10-06,Nordics,Enterprise,Platform,345298.65,73680.33,0.2514,0.1466,230,48,4.69,normal,No material exception,SYNTHETIC_DEMO_ONLY,-0.027605221383306566,-0.14910003411437622,-0.010599999999999998,2.6,False
2025-10-06,UKI,Commercial,AI,174693.54,33101.83,0.2222,0.1222,126,24,5.28,normal,No material exception,SYNTHETIC_DEMO_ONLY,-0.024695761657870796,-0.19406656398684674,-0.01679999999999998,3.0,False
2025-10-06,UKI,Commercial,Automation,222796.71,42048.87,0.2112,0.1006,165,34,5.3,normal,No material exception,SYNTHETIC_DEMO_ONLY,0.10454159706580235,0.05551426262754067,-0.03059999999999999,8.8,False
2025-10-06,UKI,Commercial,Cloud,226236.81,59435.81,0.275,0.1614,144,23,3.81,normal,No material exception,SYNTHETIC_DEMO_ONLY,-0.17872417662979212,0.009566246584575167,0.035900000000000015,13.4,False
2025-10-06,UKI,Commercial,Platform,259548.49,60039.49,0.2559,0.1286,172,39,4.32,normal,No material exception,SYNTHETIC_DEMO_ONLY,0.015196391285367428,0.02304791121967975,-0.011199999999999988,2.0,False
2025-10-06,UKI,Enterprise,AI,261555.5,51033.99,0.2143,0.1219,177,31,5.13,normal,No material exception,SYNTHETIC_DEMO_ONLY,-0.04942220950046805,-0.0772226337800519,-0.005299999999999999,3.2,False
2025-10-06,UKI,Enterprise,Automation,368646.19,90176.85,0.2732,0.1551,235,40,4.09,normal,No material exception,SYNTHETIC_DEMO_ONLY,0.010295861205482204,0.281967862396741,0.028999999999999998,3.5,False
2025-10-06,UKI,Enterprise,Cloud,416573.46,118335.75,0.2777,0.1601,281,49,3.52,normal,No material exception,SYNTHETIC_DEMO_ONLY,0.004405173541819352,0.2429150039954524,0.02140000000000003,2.4,False
2025-10-06,UKI,Enterprise,Platform,478218.86,107678.62,0.2408,0.138,326,66,4.44,normal,No material exception,SYNTHETIC_DEMO_ONLY,-0.05936530039455734,-0.09571289524227022,-0.01930000000000001,5.2,False
2025-10-13,Benelux,Commercial,AI,137634.98,27130.77,0.2085,0.1199,93,16,5.07,normal,No material exception,SYNTHETIC_DEMO_ONLY,0.2280026580928185,0.2711103510798041,-0.004200000000000009,13.0,False
2025-10-13,Benelux,Commercial,Automation,158181.95,31297.75,0.2403,0.1242,96,17,5.05,normal,No material exception,SYNTHETIC_DEMO_ONLY,0.03502148110938963,0.09603804541005467,0.023300000000000015,4.3,False
2025-10-13,Benelux,Commercial,Cloud,172494.64,33977.57,0.2374,0.1205,130,29,5.08,normal,No material exception,SYNTHETIC_DEMO_ONLY,0.03412688801466657,-0.008659821125867162,0.01200000000000001,3.1,False
2025-10-13,Benelux,Commercial,Platform,190841.12,43241.65,0.2436,0.1371,124,22,4.41,normal,No material exception,SYNTHETIC_DEMO_ONLY,-0.08950416388141846,0.06767818977675422,0.0032000000000000084,5.2,False
2025-10-13,Benelux,Enterprise,AI,221191.86,43475.9,0.2552,0.1345,140,30,5.09,normal,No material exception,SYNTHETIC_DEMO_ONLY,0.05823370085502888,-0.1003528158011815,-0.0010999999999999899,3.3,False
2025-10-13,Benelux,Enterprise,Automation,261361.45,62502.69,0.2785,0.1649,190,32,4.18,normal,No material exception,SYNTHETIC_DEMO_ONLY,0.0011029077595807735,0.2933208131471887,0.05710000000000001,5.8,False
2025-10-13,Benelux,Enterprise,Cloud,294767.91,59430.65,0.2255,0.1185,189,32,4.96,normal,No material exception,SYNTHETIC_DEMO_ONLY,-0.0063749268562781625,-0.13730316632258854,-0.027099999999999985,3.1,False
2025-10-13,Benelux,Enterprise,Platform,340374.84,76503.28,0.2401,0.1349,221,50,4.45,normal,No material exception,SYNTHETIC_DEMO_ONLY,0.005533442425823765,0.051819624930328434,-0.024699999999999972,2.8,False
2025-10-13,DACH,Commercial,AI,214043.53,51553.08,0.2731,0.1637,128,31,4.15,normal,No material exception,SYNTHETIC_DEMO_ONLY,0.10778324449062371,0.31508530835186166,0.0353,9.5,False
2025-10-13,DACH,Commercial,Automation,233607.31,55156.98,0.2671,0.1546,158,26,4.24,normal,No material exception,SYNTHETIC_DEMO_ONLY,-0.06711639886570331,0.019820660005790858,-0.003599999999999992,4.1,False
2025-10-13,DACH,Commercial,Cloud,257724.64,53590.29,0.2481,0.1499,171,38,4.81,normal,No material exception,SYNTHETIC_DEMO_ONLY,-0.053685213238460205,-0.2773740137604287,-0.04460000000000003,7.4,False
2025-10-13,DACH,Commercial,Platform,334078.54,82058.78,0.2768,0.162,214,41,4.07,normal,No material exception,SYNTHETIC_DEMO_ONLY,0.03271805947323414,0.16226961231655834,0.029700000000000004,4.8,False
2025-10-13,DACH,Enterprise,AI,323521.5,76432.67,0.2958,0.1418,235,48,4.23,normal,No material exception,SYNTHETIC_DEMO_ONLY,-0.061941415625092144,-0.23367357118400467,-0.023399999999999976,5.7,False
2025-10-13,DACH,Enterprise,Automation,409299.58,100889.41,0.2636,0.1535,281,41,4.06,normal,No material exception,SYNTHETIC_DEMO_ONLY,-0.04089372768224431,0.015019335683113422,-0.0024000000000000132,2.5,False
2025-10-13,DACH,Enterprise,Cloud,458115.66,100056.74,0.2592,0.1453,307,52,4.58,normal,No material exception,SYNTHETIC_DEMO_ONLY,-0.04959066785953736,-0.1747346420668101,-0.028600000000000014,5.6,False
2025-10-13,DACH,Enterprise,Platform,548211.39,146068.18,0.289,0.1792,355,70,3.75,normal,No material exception,SYNTHETIC_DEMO_ONLY,0.1623487854237622,0.23373490678795772,-0.007500000000000007,9.7,False
2025-10-13,France,Commercial,AI,148206.62,31921.8,0.241,0.1281,107,20,4.64,normal,No material exception,SYNTHETIC_DEMO_ONLY,-0.022477914396107024,0.061564968469108194,0.022499999999999992,3.5,False
2025-10-13,France,Commercial,Automation,179524.75,33719.65,0.2337,0.1251,101,20,5.32,normal,No material exception,SYNTHETIC_DEMO_ONLY,-0.03923990003050459,0.03730554933466568,0.010199999999999987,3.2,False
2025-10-13,France,Commercial,Cloud,192830.57,35358.06,0.226,0.1267,132,26,5.45,normal,No material exception,SYNTHETIC_DEMO_ONLY,-0.07580938331319165,-0.08333644435318788,0.005500000000000005,4.7,False
2025-10-13,France,Commercial,Platform,247752.54,60353.48,0.2618,0.1512,137,29,4.11,normal,No material exception,SYNTHETIC_DEMO_ONLY,0.08268433391276941,0.12138626937508112,0.010699999999999987,5.6,False
2025-10-13,France,Enterprise,AI,271129.14,61214.2,0.23,0.1221,163,31,4.43,normal,No material exception,SYNTHETIC_DEMO_ONLY,0.14018950511800088,0.1722528537352488,-0.03559999999999999,11.3,False
2025-10-13,France,Enterprise,Automation,284078.02,67534.4,0.281,0.1746,190,41,4.21,normal,No material exception,SYNTHETIC_DEMO_ONLY,-0.02835201566030543,0.14531571293505108,0.04490000000000002,6.0,False
2025-10-13,France,Enterprise,Cloud,323998.95,69020.85,0.2468,0.1241,211,38,4.69,normal,No material exception,SYNTHETIC_DEMO_ONLY,-0.004593875596504371,0.046519508812065125,0.027599999999999986,3.0,False
2025-10-13,France,Enterprise,Platform,384725.83,80301.78,0.25,0.1183,255,50,4.79,normal,No material exception,SYNTHETIC_DEMO_ONLY,0.07529965781661585,-0.0983116118832934,-0.032200000000000006,7.4,False
2025-10-13,Iberia,Commercial,AI,114193.27,22291.27,0.2119,0.1201,83,16,5.12,normal,No material exception,SYNTHETIC_DEMO_ONLY,-0.016493904185185704,-0.1518788484776541,-0.0338,4.3,False
2025-10-13,Iberia,Commercial,Automation,154863.01,35400.55,0.2529,0.1401,108,20,4.37,normal,No material exception,SYNTHETIC_DEMO_ONLY,0.10157018002348495,0.18565056875176045,-0.0017999999999999683,5.8,False
2025-10-13,Iberia,Commercial,Cloud,164410.97,29974.2,0.2024,0.1085,99,19,5.49,normal,No material exception,SYNTHETIC_DEMO_ONLY,0.12977453362631297,0.05375618296297091,-0.018199999999999994,9.0,False
2025-10-13,Iberia,Commercial,Platform,184936.31,46897.97,0.2595,0.1529,115,22,3.94,normal,No material exception,SYNTHETIC_DEMO_ONLY,0.0034928694912328417,0.10802009737768259,0.008900000000000019,1.1,False
2025-10-13,Iberia,Enterprise,AI,176479.44,40923.35,0.254,0.1443,125,23,4.31,normal,No material exception,SYNTHETIC_DEMO_ONLY,-0.12965018217828805,0.16334010471478044,0.061100000000000015,13.2,False
2025-10-13,Iberia,Enterprise,Automation,223033.14,49863.33,0.2547,0.1425,148,25,4.47,normal,No material exception,SYNTHETIC_DEMO_ONLY,-0.051277751744964184,0.003624157588661303,0.0023999999999999577,3.1,False
2025-10-13,Iberia,Enterprise,Cloud,269281.59,58138.88,0.2577,0.1304,180,33,4.63,normal,No material exception,SYNTHETIC_DEMO_ONLY,0.003176259017328986,-0.1973188220212797,-0.02460000000000001,2.6,False
2025-10-13,Iberia,Enterprise,Platform,322353.57,72765.76,0.2592,0.1469,209,34,4.43,normal,No material exception,SYNTHETIC_DEMO_ONLY,0.003631746106864231,-0.05177379584413744,-0.013300000000000034,1.5,False
2025-10-13,Nordics,Commercial,AI,129299.73,27523.37,0.2383,0.1332,91,17,4.7,normal,No material exception,SYNTHETIC_DEMO_ONLY,-0.032289853219843234,0.018263983692012875,0.013700000000000018,3.1,False
2025-10-13,Nordics,Commercial,Automation,163310.54,31195.81,0.2194,0.1148,100,23,5.24,normal,No material exception,SYNTHETIC_DEMO_ONLY,-0.04454004797936484,-0.10729878401770077,-0.01529999999999998,4.0,False
2025-10-13,Nordics,Commercial,Cloud,207560.44,44849.7,0.2462,0.1555,160,29,4.63,normal,No material exception,SYNTHETIC_DEMO_ONLY,0.028853846554972806,0.04121376853651482,0.02310000000000001,3.9,False
2025-10-13,Nordics,Commercial,Platform,219221.92,51434.76,0.2577,0.139,120,23,4.26,normal,No material exception,SYNTHETIC_DEMO_ONLY,0.07478658647494774,0.11801765534942477,-0.007599999999999996,4.9,False
2025-10-13,Nordics,Enterprise,AI,236276.82,47717.05,0.249,0.145,179,35,4.95,normal,No material exception,SYNTHETIC_DEMO_ONLY,0.24221362418809855,0.11130066081295809,-0.016900000000000026,15.0,False
2025-10-13,Nordics,Enterprise,Automation,287639.94,61728.28,0.2447,0.1434,173,34,4.66,normal,No material exception,SYNTHETIC_DEMO_ONLY,0.028319254656431037,-0.01711396684462496,-0.035800000000000026,5.1,False
2025-10-13,Nordics,Enterprise,Cloud,309068.21,75344.51,0.2581,0.1404,186,32,4.1,normal,No material exception,SYNTHETIC_DEMO_ONLY,-0.07234975465164195,0.19257038616929067,0.009599999999999997,4.9,False
2025-10-13,Nordics,Enterprise,Platform,347433.8,89241.67,0.306,0.1744,238,41,3.89,normal,No material exception,SYNTHETIC_DEMO_ONLY,0.08744430128829284,0.255429730450607,0.031200000000000006,7.9,False
2025-10-13,UKI,Commercial,AI,172083.61,36599.23,0.2492,0.1317,94,18,4.7,normal,No material exception,SYNTHETIC_DEMO_ONLY,-0.034852328437214974,-0.22136819124280327,-0.04440000000000002,6.4,False
2025-10-13,UKI,Commercial,Automation,188526.43,43355.22,0.2479,0.1533,130,24,4.35,normal,No material exception,SYNTHETIC_DEMO_ONLY,-0.17174494498060155,-0.15841955663465035,-0.01050000000000001,10.5,False
2025-10-13,UKI,Commercial,Cloud,239016.69,49092.15,0.2393,0.1368,163,29,4.87,normal,No material exception,SYNTHETIC_DEMO_ONLY,-0.06904021983450093,-0.08746104824552592,0.021900000000000003,6.0,False
2025-10-13,UKI,Commercial,Platform,295964.72,69611.4,0.2713,0.1303,183,31,4.25,normal,No material exception,SYNTHETIC_DEMO_ONLY,0.011941927850607437,0.001054962147337024,0.01629999999999998,2.3,False
2025-10-13,UKI,Enterprise,AI,282015.86,55512.84,0.2271,0.1282,201,38,5.08,normal,No material exception,SYNTHETIC_DEMO_ONLY,-0.06428833640618814,-0.26612253315565715,-0.04040000000000002,7.6,False
2025-10-13,UKI,Enterprise,Automation,357908.77,61304.8,0.2255,0.122,223,38,5.84,normal,No material exception,SYNTHETIC_DEMO_ONLY,0.04318496297527363,-0.14733104915689732,-0.010999999999999982,3.5,False
2025-10-13,UKI,Enterprise,Cloud,408975.07,109312.88,0.285,0.1617,251,47,3.74,normal,No material exception,SYNTHETIC_DEMO_ONLY,0.024147258414790373,0.1171853761415309,0.039799999999999974,5.3,False
2025-10-13,UKI,Enterprise,Platform,448098.48,117228.93,0.2869,0.1622,278,62,3.82,normal,No material exception,SYNTHETIC_DEMO_ONLY,0.0009255186033616525,0.006777150080985894,0.0025000000000000022,0.3,False
2025-10-20,Benelux,Commercial,AI,126361.3,26961.26,0.2366,0.1362,67,14,4.69,normal,No material exception,SYNTHETIC_DEMO_ONLY,-0.029000660927460786,0.25447245524055107,0.03890000000000002,5.5,False
2025-10-20,Benelux,Commercial,Automation,148260.08,32490.6,0.2322,0.1206,72,15,4.56,normal,No material exception,SYNTHETIC_DEMO_ONLY,-0.024018762844060237,0.034036649859505275,0.006099999999999994,1.9,False
2025-10-20,Benelux,Commercial,Cloud,178691.77,34766.83,0.2237,0.1136,105,17,5.14,normal,No material exception,SYNTHETIC_DEMO_ONLY,0.06309348871355591,-0.012196241116555706,0.007900000000000018,4.3,False
2025-10-20,Benelux,Commercial,Platform,202285.83,35270.57,0.203,0.1181,111,19,5.74,normal,No material exception,SYNTHETIC_DEMO_ONLY,0.03270915484473047,-0.10406428685736646,-0.03749999999999998,5.5,False
2025-10-20,Benelux,Enterprise,AI,192871.08,39054.92,0.2305,0.1246,121,21,4.94,normal,No material exception,SYNTHETIC_DEMO_ONLY,-0.056973455714060095,-0.13240921933997218,-0.015100000000000002,4.6,False
2025-10-20,Benelux,Enterprise,Automation,254612.17,51426.79,0.2415,0.1438,130,24,4.95,normal,No material exception,SYNTHETIC_DEMO_ONLY,0.027753591021818735,-0.12080662436541711,-0.02200000000000002,3.7,False
2025-10-20,Benelux,Enterprise,Cloud,284946.49,53221.91,0.2228,0.1299,205,42,5.35,normal,No material exception,SYNTHETIC_DEMO_ONLY,-0.0006407621752091419,-0.08859600873491658,-0.01849999999999999,1.9,False
2025-10-20,Benelux,Enterprise,Platform,292852.37,63959.77,0.2475,0.1365,200,38,4.58,normal,No material exception,SYNTHETIC_DEMO_ONLY,-0.09206959827791938,-0.0691103626320112,-0.008500000000000008,5.9,False
2025-10-20,DACH,Commercial,AI,200322.8,46754.94,0.2549,0.1459,146,28,4.28,normal,No material exception,SYNTHETIC_DEMO_ONLY,-0.0034978566947273526,0.08852789538198658,0.0023000000000000242,0.4,False
2025-10-20,DACH,Commercial,Automation,233536.7,53459.68,0.2482,0.1485,169,38,4.37,normal,No material exception,SYNTHETIC_DEMO_ONLY,-0.13083102124815826,0.01899388523765233,0.019800000000000012,9.2,False
2025-10-20,DACH,Commercial,Cloud,323632.26,74180.98,0.2585,0.1387,218,43,4.36,normal,No material exception,SYNTHETIC_DEMO_ONLY,0.1466943187562597,0.4238334048631578,0.065,14.6,False
2025-10-20,DACH,Commercial,Platform,326949.46,79806.74,0.2648,0.1449,187,40,4.1,normal,No material exception,SYNTHETIC_DEMO_ONLY,-0.0170649767271448,0.07591749946613113,0.005899999999999961,1.5,False
2025-10-20,DACH,Enterprise,AI,344792.63,77573.1,0.2544,0.1129,226,35,4.44,normal,No material exception,SYNTHETIC_DEMO_ONLY,0.048027908534144625,-0.05449600446978675,-0.020799999999999985,4.7,False
2025-10-20,DACH,Enterprise,Automation,388209.55,81225.02,0.2594,0.1503,245,38,4.78,normal,No material exception,SYNTHETIC_DEMO_ONLY,0.037614913960265284,-0.1814395172383908,-0.013399999999999967,3.4,False
2025-10-20,DACH,Enterprise,Cloud,438615.28,104367.91,0.2851,0.1672,289,53,4.2,normal,No material exception,SYNTHETIC_DEMO_ONLY,-0.05563555364784978,-0.08574478777808059,0.029500000000000026,6.0,False
2025-10-20,DACH,Enterprise,Platform,494470.16,125989.28,0.3175,0.1796,342,68,3.92,normal,No material exception,SYNTHETIC_DEMO_ONLY,-0.0487887329622636,0.03509203038664399,0.05049999999999999,7.7,False
2025-10-20,France,Commercial,AI,152560.9,27601.94,0.2131,0.1058,114,16,5.53,normal,No material exception,SYNTHETIC_DEMO_ONLY,-0.0024854677649287504,-0.027288627230691587,-0.005299999999999999,0.7,False
2025-10-20,France,Commercial,Automation,178486.15,31042.64,0.2253,0.127,106,25,5.75,normal,No material exception,SYNTHETIC_DEMO_ONLY,-0.0019824347579960877,-0.13683600555892617,-0.007099999999999995,0.8,False
2025-10-20,France,Commercial,Cloud,209512.89,37862.67,0.1953,0.1019,132,20,5.53,normal,No material exception,SYNTHETIC_DEMO_ONLY,-0.007964677571186574,-0.010192779204116209,-0.00020000000000000573,0.5,False
2025-10-20,France,Commercial,Platform,234070.51,62974.47,0.2607,0.1307,164,30,3.72,normal,No material exception,SYNTHETIC_DEMO_ONLY,-0.08366531977336866,0.6408519421883718,0.08389999999999997,13.0,False
2025-10-20,France,Enterprise,AI,272129.28,58688.28,0.2522,0.1439,172,31,4.64,normal,No material exception,SYNTHETIC_DEMO_ONLY,0.22967617312086097,0.2408950437169839,0.009299999999999975,13.6,False
2025-10-20,France,Enterprise,Automation,313244.58,66344.18,0.2368,0.1162,217,38,4.72,normal,No material exception,SYNTHETIC_DEMO_ONLY,0.12574908532427265,0.3398103582989398,0.008900000000000019,7.8,False
2025-10-20,France,Enterprise,Cloud,326126.83,78869.58,0.2566,0.1337,213,46,4.14,normal,No material exception,SYNTHETIC_DEMO_ONLY,-0.019146985529653215,0.2625097906258749,0.024900000000000005,3.5,False
2025-10-20,France,Enterprise,Platform,364811.49,92637.46,0.2994,0.1683,225,39,3.94,normal,No material exception,SYNTHETIC_DEMO_ONLY,-0.11015115782323481,0.17018424212260874,0.057999999999999996,11.9,False
2025-10-20,Iberia,Commercial,AI,120284.05,33350.3,0.3023,0.1618,48,8,3.61,normal,No material exception,SYNTHETIC_DEMO_ONLY,0.003078516771353401,0.4602001616494904,0.09250000000000003,9.4,False
2025-10-20,Iberia,Commercial,Automation,141262.9,29413.96,0.237,0.1196,89,17,4.8,normal,No material exception,SYNTHETIC_DEMO_ONLY,0.0120167174909378,0.0914643468348455,0.033,4.0,False
2025-10-20,Iberia,Commercial,Cloud,168304.78,33831.89,0.2227,0.1151,106,18,4.97,normal,No material exception,SYNTHETIC_DEMO_ONLY,0.04683199259090398,0.17185914783616507,0.035400000000000015,6.1,False
2025-10-20,Iberia,Commercial,Platform,170573.81,37062.87,0.2458,0.1096,106,17,4.6,normal,No material exception,SYNTHETIC_DEMO_ONLY,-0.020550129952070284,0.08571536540310443,0.0242,3.6,False
2025-10-20,Iberia,Enterprise,AI,179928.61,46454.3,0.2795,0.1574,89,16,3.87,normal,No material exception,SYNTHETIC_DEMO_ONLY,-0.0051191447176605065,0.35412576608877533,0.04600000000000001,4.9,False
2025-10-20,Iberia,Enterprise,Automation,200460.71,41240.19,0.2282,0.1314,128,20,4.86,normal,No material exception,SYNTHETIC_DEMO_ONLY,-0.11887536262308551,-0.12584767902393834,-0.009200000000000014,7.5,False
2025-10-20,Iberia,Enterprise,Cloud,281463.07,58165.69,0.2607,0.1572,187,34,4.84,normal,No material exception,SYNTHETIC_DEMO_ONLY,0.12695141825725464,-0.0010196640415655045,0.018199999999999994,8.8,False
2025-10-20,Iberia,Enterprise,Platform,317269.99,64187.55,0.25,0.1395,216,31,4.94,normal,No material exception,SYNTHETIC_DEMO_ONLY,0.031571680318049244,0.019248315770385327,-0.015000000000000013,3.2,False
2025-10-20,Nordics,Commercial,AI,134086.57,28157.39,0.23,0.1393,78,13,4.76,normal,No material exception,SYNTHETIC_DEMO_ONLY,-0.03939691008728541,-0.08144903102810908,0.0006000000000000172,2.2,False
2025-10-20,Nordics,Commercial,Automation,168869.09,31429.91,0.2123,0.1278,129,26,5.37,normal,No material exception,SYNTHETIC_DEMO_ONLY,0.04295268803404362,-0.06271786355125075,-0.007300000000000001,3.1,False
2025-10-20,Nordics,Commercial,Cloud,197693.33,37555.03,0.2336,0.1338,141,31,5.26,normal,No material exception,SYNTHETIC_DEMO_ONLY,0.11231002459767847,0.1170303642845627,0.001799999999999996,6.4,False
2025-10-20,Nordics,Commercial,Platform,210728.26,44480.37,0.2403,0.1378,133,27,4.74,normal,No material exception,SYNTHETIC_DEMO_ONLY,-0.04345595548794723,-0.06742651484798523,-0.01429999999999998,3.8,False
2025-10-20,Nordics,Enterprise,AI,218707.82,51689.21,0.2729,0.163,123,25,4.23,normal,No material exception,SYNTHETIC_DEMO_ONLY,0.0011149192602450952,0.6087046912711886,0.08429999999999999,8.5,False
2025-10-20,Nordics,Enterprise,Automation,259101.03,66529.28,0.2743,0.1572,163,30,3.89,normal,No material exception,SYNTHETIC_DEMO_ONLY,0.04070443561248305,-0.03456394265540885,-0.020199999999999996,4.3,False
2025-10-20,Nordics,Enterprise,Cloud,321397.97,82696.66,0.2613,0.1368,195,31,3.89,normal,No material exception,SYNTHETIC_DEMO_ONLY,-0.04214499244753089,0.3081971113461497,0.04049999999999998,6.4,False
2025-10-20,Nordics,Enterprise,Platform,365077.87,82709.72,0.2565,0.1511,242,51,4.41,normal,No material exception,SYNTHETIC_DEMO_ONLY,0.046209169004517214,-0.08205966044194235,-0.05359999999999998,7.9,False
2025-10-20,UKI,Commercial,AI,154940.43,30885.27,0.2387,0.1245,109,16,5.02,normal,No material exception,SYNTHETIC_DEMO_ONLY,-0.08757635063824143,-0.06989475763720099,0.018199999999999994,6.6,False
2025-10-20,UKI,Commercial,Automation,237135.64,58004.81,0.2746,0.1525,144,19,4.09,normal,No material exception,SYNTHETIC_DEMO_ONLY,0.043295215738710535,0.2987249593566381,0.03570000000000001,6.0,False
2025-10-20,UKI,Commercial,Cloud,264816.84,43356.36,0.2047,0.1244,159,38,6.11,normal,No material exception,SYNTHETIC_DEMO_ONLY,0.02229851055791965,-0.3368363428287191,-0.06190000000000001,7.4,False
2025-10-20,UKI,Commercial,Platform,270883.48,51325.07,0.2389,0.1362,159,21,5.28,normal,No material exception,SYNTHETIC_DEMO_ONLY,0.036647117271724206,-0.09888402227425741,-0.002899999999999986,2.3,False
2025-10-20,UKI,Enterprise,AI,284769.09,62883.58,0.2408,0.1269,180,35,4.53,normal,No material exception,SYNTHETIC_DEMO_ONLY,-0.05151353470230191,-0.16076450428135214,-0.01780000000000001,4.6,False
2025-10-20,UKI,Enterprise,Automation,313156.65,80501.96,0.2634,0.1564,175,31,3.89,normal,No material exception,SYNTHETIC_DEMO_ONLY,-0.12031070814340983,-0.10613544793959795,-0.015199999999999991,8.1,False
2025-10-20,UKI,Enterprise,Cloud,419282.34,83117.62,0.2092,0.0989,291,48,5.04,normal,No material exception,SYNTHETIC_DEMO_ONLY,-0.05421323343828399,-0.27846582441285994,-0.06930000000000003,9.9,False
2025-10-20,UKI,Enterprise,Platform,492813.85,115573.88,0.2614,0.1488,306,40,4.26,normal,No material exception,SYNTHETIC_DEMO_ONLY,0.03109742611378774,0.02050215991827775,-0.007999999999999952,2.5,False
2025-10-27,Benelux,Commercial,AI,122834.37,23011.84,0.2112,0.1192,99,20,5.34,normal,No material exception,SYNTHETIC_DEMO_ONLY,-0.06071863670412447,-0.07722721933970678,-0.009300000000000003,4.3,False
2025-10-27,Benelux,Commercial,Automation,168355.25,31698.21,0.2192,0.134,107,19,5.31,normal,No material exception,SYNTHETIC_DEMO_ONLY,0.015527587076135996,0.29495038875216917,0.05680000000000002,6.5,False
2025-10-27,Benelux,Commercial,Cloud,181594.78,43555.93,0.2596,0.1172,111,21,4.17,normal,No material exception,SYNTHETIC_DEMO_ONLY,0.08831583257985076,0.2919455860926681,-0.0019000000000000128,5.0,False
2025-10-27,Benelux,Commercial,Platform,202120.96,41223.68,0.2567,0.1298,128,26,4.9,normal,No material exception,SYNTHETIC_DEMO_ONLY,-0.06083071665589668,-0.03953693130785818,0.039199999999999985,7.3,False
2025-10-27,Benelux,Enterprise,AI,196155.75,37838.44,0.2125,0.1211,118,20,5.18,normal,No material exception,SYNTHETIC_DEMO_ONLY,0.021739414655017164,-0.14777117433370135,-0.06189999999999998,7.4,False
2025-10-27,Benelux,Enterprise,Automation,260128.2,54140.16,0.2452,0.1405,157,22,4.8,normal,No material exception,SYNTHETIC_DEMO_ONLY,0.037213796310901825,-0.08071717432243841,-0.0007999999999999952,2.1,False
2025-10-27,Benelux,Enterprise,Cloud,272868.98,67621.37,0.2637,0.1555,175,33,4.04,normal,No material exception,SYNTHETIC_DEMO_ONLY,-0.1573816126313129,-0.029933727826609413,0.003599999999999992,9.0,False
2025-10-27,Benelux,Enterprise,Platform,332014.55,86246.99,0.2804,0.146,203,38,3.85,normal,No material exception,SYNTHETIC_DEMO_ONLY,-0.005062004695422173,0.11247925395633995,0.009599999999999997,1.2,False
2025-10-27,DACH,Commercial,AI,201699.8,34463.64,0.2058,0.112,123,19,5.85,normal,No material exception,SYNTHETIC_DEMO_ONLY,0.04109081650144519,-0.1993695991904404,-0.04119999999999999,6.4,False
2025-10-27,DACH,Commercial,Automation,240316.23,46594.12,0.2438,0.1366,145,26,5.16,normal,No material exception,SYNTHETIC_DEMO_ONLY,-0.061430589375533695,-0.21769810350119234,-0.011200000000000015,4.5,False
2025-10-27,DACH,Commercial,Cloud,295765.13,63336.03,0.238,0.1422,204,39,4.67,normal,No material exception,SYNTHETIC_DEMO_ONLY,0.011905524369133502,0.046701790279639166,0.012199999999999989,1.9,False
2025-10-27,DACH,Commercial,Platform,336423.26,76535.3,0.2649,0.1363,212,39,4.4,normal,No material exception,SYNTHETIC_DEMO_ONLY,0.048643468976980575,-0.01741152533825563,-0.0121,3.9,False
2025-10-27,DACH,Enterprise,AI,320962.75,72477.05,0.2627,0.1441,192,32,4.43,normal,No material exception,SYNTHETIC_DEMO_ONLY,-0.006781222322611247,-0.0430338066556486,-0.0030999999999999917,0.7,False
2025-10-27,DACH,Enterprise,Automation,436670.46,104039.85,0.2308,0.1367,280,57,4.2,normal,No material exception,SYNTHETIC_DEMO_ONLY,-0.020391700678034863,0.10411018449724763,-0.003899999999999987,1.5,False
2025-10-27,DACH,Enterprise,Cloud,513501.09,133018.8,0.3313,0.1921,325,49,3.86,normal,No material exception,SYNTHETIC_DEMO_ONLY,0.1478102921952218,0.19692898832133365,0.05179999999999996,13.3,False
2025-10-27,DACH,Enterprise,Platform,527286.02,125446.37,0.2762,0.1569,326,61,4.2,normal,No material exception,SYNTHETIC_DEMO_ONLY,0.03744821032586021,0.14999262039978167,0.006599999999999995,2.7,False
2025-10-27,France,Commercial,AI,135945.5,28583.9,0.2269,0.1296,70,15,4.76,normal,No material exception,SYNTHETIC_DEMO_ONLY,-0.16076062112807388,-0.0725439070100663,-0.008200000000000013,9.7,False
2025-10-27,France,Commercial,Automation,191149.59,43292.36,0.2297,0.111,122,20,4.42,normal,No material exception,SYNTHETIC_DEMO_ONLY,0.061634469609558096,0.2882142705173911,-0.0022000000000000075,3.6,False
2025-10-27,France,Commercial,Cloud,235875.23,45847.68,0.2301,0.1204,136,26,5.14,normal,No material exception,SYNTHETIC_DEMO_ONLY,0.04973600973068182,-0.12476232801711695,-0.008300000000000002,3.6,False
2025-10-27,France,Commercial,Platform,222834.57,52874.34,0.2826,0.1508,157,29,4.21,normal,No material exception,SYNTHETIC_DEMO_ONLY,-0.05606054271233141,0.1672403048306801,0.07060000000000002,10.1,False
2025-10-27,France,Enterprise,AI,240343.13,57431.61,0.2731,0.1614,134,26,4.18,normal,No material exception,SYNTHETIC_DEMO_ONLY,0.01951756415763306,0.19923111874707145,0.0632,7.4,False
2025-10-27,France,Enterprise,Automation,280988.91,73850.48,0.2669,0.1467,197,35,3.8,normal,No material exception,SYNTHETIC_DEMO_ONLY,-0.08414381113296154,0.2723149848959878,0.04360000000000003,9.0,False
2025-10-27,France,Enterprise,Cloud,349400.3,71303.47,0.2573,0.1465,242,45,4.9,normal,No material exception,SYNTHETIC_DEMO_ONLY,-0.08038949656210992,-0.11257049307315947,0.03539999999999999,8.0,False
2025-10-27,France,Enterprise,Platform,374541.84,103019.47,0.2899,0.1728,250,41,3.64,normal,No material exception,SYNTHETIC_DEMO_ONLY,0.056813863781272955,0.47248102895251054,0.033899999999999986,6.5,False
2025-10-27,Iberia,Commercial,AI,124063.03,29886.88,0.2634,0.1423,95,19,4.15,normal,No material exception,SYNTHETIC_DEMO_ONLY,0.03811806827731412,0.5513168883843598,0.07270000000000001,9.4,False
2025-10-27,Iberia,Commercial,Automation,140042.27,27706.94,0.2331,0.1387,71,12,5.05,normal,No material exception,SYNTHETIC_DEMO_ONLY,-0.02840333956308838,-0.03676849680005645,0.0015999999999999903,1.7,False
2025-10-27,Iberia,Commercial,Cloud,172958.35,30047.69,0.1958,0.1118,117,23,5.76,normal,No material exception,SYNTHETIC_DEMO_ONLY,0.07970895023958757,-0.01769655180079377,-0.0169,6.1,False
2025-10-27,Iberia,Commercial,Platform,177967.55,34960.6,0.2159,0.111,139,29,5.09,normal,No material exception,SYNTHETIC_DEMO_ONLY,-0.016067560936841363,-0.08747150681291582,-0.022499999999999992,3.1,False
2025-10-27,Iberia,Enterprise,AI,178442.95,35968.91,0.2466,0.1491,111,19,4.96,normal,No material exception,SYNTHETIC_DEMO_ONLY,-0.015365485168925663,-0.09406221263560821,-0.02269999999999997,3.1,False
2025-10-27,Iberia,Enterprise,Automation,244365.31,61146.77,0.2697,0.1276,146,26,4.0,normal,No material exception,SYNTHETIC_DEMO_ONLY,0.019180879320945587,0.18222455177982044,0.017199999999999993,2.8,False
2025-10-27,Iberia,Enterprise,Cloud,282939.15,57031.23,0.2398,0.1503,172,38,4.96,normal,No material exception,SYNTHETIC_DEMO_ONLY,0.057309414117884705,-0.11428298537503545,-0.03009999999999996,6.2,False
2025-10-27,Iberia,Enterprise,Platform,283503.25,71728.34,0.2767,0.1757,198,40,3.95,normal,No material exception,SYNTHETIC_DEMO_ONLY,-0.056527718365404156,-0.07730101535255884,-0.011299999999999977,4.2,False
2025-10-27,Nordics,Commercial,AI,131333.65,22197.15,0.1903,0.1095,92,20,5.92,normal,No material exception,SYNTHETIC_DEMO_ONLY,-0.05076581331200902,-0.18631790169164963,-0.048500000000000015,7.6,False
2025-10-27,Nordics,Commercial,Automation,160125.41,34032.49,0.232,0.1444,92,17,4.71,normal,No material exception,SYNTHETIC_DEMO_ONLY,-0.0805248043769492,0.06571301255307427,0.003700000000000009,4.8,False
2025-10-27,Nordics,Commercial,Cloud,177156.41,42679.76,0.2526,0.1305,91,17,4.15,normal,No material exception,SYNTHETIC_DEMO_ONLY,-0.01859972904028684,0.04169564010824134,-0.009699999999999986,2.0,False
2025-10-27,Nordics,Commercial,Platform,219896.77,42974.24,0.2453,0.1469,136,19,5.12,normal,No material exception,SYNTHETIC_DEMO_ONLY,0.024735397457547048,-0.007540516041870005,0.007099999999999995,2.1,False
2025-10-27,Nordics,Enterprise,AI,212351.87,46938.49,0.2413,0.1402,133,23,4.52,normal,No material exception,SYNTHETIC_DEMO_ONLY,-0.03243679797039056,-0.07892208046288507,-0.014800000000000008,3.3,False
2025-10-27,Nordics,Enterprise,Automation,282175.63,58751.42,0.2539,0.1458,184,36,4.8,normal,No material exception,SYNTHETIC_DEMO_ONLY,0.14133319796863963,0.28235846978934687,0.0325,11.0,False
2025-10-27,Nordics,Enterprise,Cloud,332295.24,79180.77,0.2802,0.1732,194,42,4.2,normal,No material exception,SYNTHETIC_DEMO_ONLY,0.03510175977918828,0.11883848230004301,0.036900000000000016,5.6,False
2025-10-27,Nordics,Enterprise,Platform,362430.0,96057.7,0.2859,0.169,258,44,3.77,normal,No material exception,SYNTHETIC_DEMO_ONLY,0.01644627631442641,0.20311981975065052,0.022799999999999987,3.2,False
2025-10-27,UKI,Commercial,AI,177263.87,31791.93,0.2154,0.1154,87,14,5.58,normal,No material exception,SYNTHETIC_DEMO_ONLY,0.10637522477632211,-0.025706128638210535,-0.031799999999999995,9.0,False
2025-10-27,UKI,Commercial,Automation,218796.55,60194.8,0.2903,0.1489,135,23,3.63,normal,No material exception,SYNTHETIC_DEMO_ONLY,0.03378513164856445,0.27831081903267685,0.03710000000000002,5.6,False
2025-10-27,UKI,Commercial,Cloud,249891.79,58529.84,0.2646,0.1681,167,26,4.27,normal,No material exception,SYNTHETIC_DEMO_ONLY,0.09358737194618616,0.6105683068018559,0.0852,13.7,False
2025-10-27,UKI,Commercial,Platform,272527.35,51096.69,0.2315,0.1266,189,40,5.33,normal,No material exception,SYNTHETIC_DEMO_ONLY,-0.09267079756886831,-0.31023263944901425,-0.028999999999999998,8.0,False
2025-10-27,UKI,Enterprise,AI,286202.34,61867.14,0.2443,0.1293,201,37,4.63,normal,No material exception,SYNTHETIC_DEMO_ONLY,-0.05914448200968758,-0.19218977092879486,-0.03090000000000001,6.3,False
2025-10-27,UKI,Enterprise,Automation,365051.1,90362.65,0.259,0.1457,207,35,4.04,normal,No material exception,SYNTHETIC_DEMO_ONLY,0.045218528323003326,0.036749726593388043,-0.019000000000000017,4.4,False
2025-10-27,UKI,Enterprise,Cloud,390750.67,76963.44,0.2319,0.1245,247,46,5.08,normal,No material exception,SYNTHETIC_DEMO_ONLY,-0.04090923170714533,-0.22535402788339165,-0.04530000000000001,6.8,False
2025-10-27,UKI,Enterprise,Platform,453029.61,117956.31,0.2957,0.1735,305,59,3.84,normal,No material exception,SYNTHETIC_DEMO_ONLY,-0.012537448104932625,0.15308571519064929,0.05050000000000002,5.7,False
2025-11-03,Benelux,Commercial,AI,123887.67,25561.43,0.2448,0.1292,86,17,4.85,normal,No material exception,SYNTHETIC_DEMO_ONLY,-0.012583362916272711,0.0345033710539,0.028999999999999998,3.6,False
2025-11-03,Benelux,Commercial,Automation,147599.38,29079.24,0.2197,0.0972,102,14,5.08,normal,No material exception,SYNTHETIC_DEMO_ONLY,-0.06483762668224602,0.32251282184222485,0.05560000000000001,9.1,False
2025-11-03,Benelux,Commercial,Cloud,182611.15,36640.44,0.212,0.1298,107,23,4.98,normal,No material exception,SYNTHETIC_DEMO_ONLY,-0.034156917280591115,0.011392102127293136,0.009199999999999986,2.8,False
2025-11-03,Benelux,Commercial,Platform,199116.01,44982.17,0.2658,0.1522,124,22,4.43,normal,No material exception,SYNTHETIC_DEMO_ONLY,-0.007404585152903764,-0.04353980366507726,-0.01040000000000002,1.4,False
2025-11-03,Benelux,Enterprise,AI,193981.21,38630.46,0.2564,0.1259,113,21,5.02,normal,No material exception,SYNTHETIC_DEMO_ONLY,-0.11606256677734739,-0.1386750156744565,0.020500000000000018,8.4,False
2025-11-03,Benelux,Enterprise,Automation,251830.79,39502.68,0.1928,0.1191,170,31,6.38,normal,No material exception,SYNTHETIC_DEMO_ONLY,0.026459108696514466,-0.19454332991530232,-0.023299999999999987,3.8,False
2025-11-03,Benelux,Enterprise,Cloud,315518.89,71180.77,0.2654,0.1502,212,41,4.43,normal,No material exception,SYNTHETIC_DEMO_ONLY,0.11131567566078737,0.2657970852127587,0.05560000000000004,11.7,False
2025-11-03,Benelux,Enterprise,Platform,310094.11,66194.79,0.2363,0.1341,179,31,4.68,normal,No material exception,SYNTHETIC_DEMO_ONLY,-0.07063296641669492,-0.17830884885787746,-0.04909999999999998,8.8,False
2025-11-03,DACH,Commercial,AI,210688.09,51805.66,0.2825,0.177,136,26,4.07,normal,No material exception,SYNTHETIC_DEMO_ONLY,-0.023151595876622855,0.3198985063081963,0.08649999999999997,9.9,False
2025-11-03,DACH,Commercial,Automation,220810.39,57254.23,0.2628,0.1358,144,24,3.86,normal,No material exception,SYNTHETIC_DEMO_ONLY,-0.08468928425116617,0.21036081096850467,0.04429999999999998,9.1,False
2025-11-03,DACH,Commercial,Cloud,317441.6,67815.15,0.2499,0.1222,194,37,4.68,normal,No material exception,SYNTHETIC_DEMO_ONLY,0.12353415968693815,0.2513920471687858,0.02730000000000002,9.5,False
2025-11-03,DACH,Commercial,Platform,330973.6,72567.62,0.2645,0.132,206,34,4.56,normal,No material exception,SYNTHETIC_DEMO_ONLY,0.02590244538547748,-0.2536937304206449,-0.03109999999999996,4.5,False
2025-11-03,DACH,Enterprise,AI,368865.27,92342.13,0.3025,0.1844,224,30,3.99,normal,No material exception,SYNTHETIC_DEMO_ONLY,0.20873467578103688,0.4244413315396338,0.04520000000000002,16.0,False
2025-11-03,DACH,Enterprise,Automation,460978.25,108279.0,0.262,0.1518,293,59,4.26,normal,No material exception,SYNTHETIC_DEMO_ONLY,0.13805913496018452,-0.10944201684459764,-0.03909999999999997,11.5,False
2025-11-03,DACH,Enterprise,Cloud,452327.29,99684.71,0.2512,0.1598,282,62,4.54,normal,No material exception,SYNTHETIC_DEMO_ONLY,0.10737550091151604,-0.013399730400064924,-0.016200000000000048,7.5,False
2025-11-03,DACH,Enterprise,Platform,471679.24,118808.44,0.286,0.1736,304,53,3.97,normal,No material exception,SYNTHETIC_DEMO_ONLY,-0.04401885974176711,-0.20237348195702964,-0.01100000000000001,3.5,False
2025-11-03,France,Commercial,AI,153307.44,35458.03,0.2489,0.1465,96,15,4.32,normal,No material exception,SYNTHETIC_DEMO_ONLY,-0.006664871018161933,-0.08139794854869131,-0.0534,5.7,False
2025-11-03,France,Commercial,Automation,188145.42,39510.35,0.2297,0.1429,150,22,4.76,normal,No material exception,SYNTHETIC_DEMO_ONLY,0.06743063616953804,0.15150339662805723,0.004799999999999999,4.2,False
2025-11-03,France,Commercial,Cloud,212420.68,34991.26,0.202,0.1278,140,25,6.07,normal,No material exception,SYNTHETIC_DEMO_ONLY,0.036468375837004574,-0.22407519924073416,-0.0504,7.0,False
2025-11-03,France,Commercial,Platform,227173.73,44890.13,0.2149,0.1218,145,28,5.06,normal,No material exception,SYNTHETIC_DEMO_ONLY,-0.053655246063925244,-0.06863703963125689,-0.011499999999999982,4.1,False
2025-11-03,France,Enterprise,AI,244822.52,46825.1,0.2183,0.1324,157,26,5.23,normal,No material exception,SYNTHETIC_DEMO_ONLY,0.0541956118579725,-0.10553499303913816,-0.05620000000000003,8.6,False
2025-11-03,France,Enterprise,Automation,294388.21,49117.84,0.2115,0.0955,205,44,5.99,normal,No material exception,SYNTHETIC_DEMO_ONLY,-0.0037443993065727765,-0.21669545448093985,-0.03770000000000001,4.0,False
2025-11-03,France,Enterprise,Cloud,348588.41,73945.7,0.2572,0.1347,219,28,4.71,normal,No material exception,SYNTHETIC_DEMO_ONLY,-0.08328378141234805,-0.2947441026401091,-0.017800000000000038,6.4,False
2025-11-03,France,Enterprise,Platform,416917.81,97797.02,0.2442,0.1443,283,53,4.26,normal,No material exception,SYNTHETIC_DEMO_ONLY,0.061734025621916766,0.03295730640464667,-0.01820000000000002,5.2,False
2025-11-03,Iberia,Commercial,AI,120121.5,23772.47,0.2238,0.11,69,12,5.05,normal,No material exception,SYNTHETIC_DEMO_ONLY,0.09317001147759574,0.28328086301792865,0.003799999999999998,5.5,False
2025-11-03,Iberia,Commercial,Automation,146474.61,26899.92,0.2071,0.1211,87,10,5.45,normal,No material exception,SYNTHETIC_DEMO_ONLY,-0.03316572187613687,-0.09956286827235061,-0.009999999999999981,2.8,False
2025-11-03,Iberia,Commercial,Cloud,167559.78,30726.3,0.2065,0.1176,94,17,5.45,normal,No material exception,SYNTHETIC_DEMO_ONLY,-3.890997175437505e-05,0.1868917075220835,0.029599999999999987,3.0,False
2025-11-03,Iberia,Commercial,Platform,185222.14,49187.59,0.2703,0.1587,121,22,3.77,normal,No material exception,SYNTHETIC_DEMO_ONLY,-0.0057486303704157304,0.2090411408755568,0.019299999999999984,2.2,False
2025-11-03,Iberia,Enterprise,AI,200262.94,42786.37,0.2419,0.1509,130,23,4.68,normal,No material exception,SYNTHETIC_DEMO_ONLY,0.1668491747515397,0.0037090418421956706,-0.025500000000000023,11.7,False
2025-11-03,Iberia,Enterprise,Automation,249390.98,54606.18,0.2492,0.1485,158,30,4.57,normal,No material exception,SYNTHETIC_DEMO_ONLY,0.11284788296236559,0.10127897261090335,-0.004600000000000021,6.7,False
2025-11-03,Iberia,Enterprise,Cloud,289132.34,61095.01,0.2579,0.1591,204,37,4.73,normal,No material exception,SYNTHETIC_DEMO_ONLY,0.16598790048827716,0.017189407646059696,-0.0050000000000000044,9.6,False
2025-11-03,Iberia,Enterprise,Platform,300859.75,75531.13,0.2826,0.1369,193,38,3.98,normal,No material exception,SYNTHETIC_DEMO_ONLY,-0.015724248405416974,-0.011911307513639335,0.003500000000000003,1.2,False
2025-11-03,Nordics,Commercial,AI,137354.83,29939.41,0.231,0.1363,83,15,4.59,normal,No material exception,SYNTHETIC_DEMO_ONLY,-0.026938371908008074,-0.02112630237069313,-0.003599999999999992,1.8,False
2025-11-03,Nordics,Commercial,Automation,168863.94,26610.83,0.1847,0.0933,112,24,6.35,normal,No material exception,SYNTHETIC_DEMO_ONLY,0.09594066196750184,-0.07315604381978746,-0.04250000000000001,9.5,False
2025-11-03,Nordics,Commercial,Cloud,206649.28,39743.34,0.2255,0.1261,145,27,5.2,normal,No material exception,SYNTHETIC_DEMO_ONLY,0.032053191702413164,-0.03647417002886466,-0.015199999999999991,3.3,False
2025-11-03,Nordics,Commercial,Platform,223918.42,45723.5,0.2299,0.1297,132,27,4.9,normal,No material exception,SYNTHETIC_DEMO_ONLY,0.0853324944792675,-0.14134852797239306,-0.04920000000000002,9.6,False
2025-11-03,Nordics,Enterprise,AI,216653.33,42988.78,0.2262,0.1225,138,22,5.04,normal,No material exception,SYNTHETIC_DEMO_ONLY,0.0811760339619294,0.09446195191970364,0.005100000000000021,5.0,False
2025-11-03,Nordics,Enterprise,Automation,265570.05,71727.21,0.2792,0.1452,161,34,3.7,normal,No material exception,SYNTHETIC_DEMO_ONLY,-0.03729674194047472,0.20806774065871148,0.030600000000000016,5.1,False
2025-11-03,Nordics,Enterprise,Cloud,310769.73,73359.64,0.2661,0.1565,180,37,4.24,normal,No material exception,SYNTHETIC_DEMO_ONLY,0.0016701931062068631,0.0658685592803665,-0.0030000000000000027,0.4,False
2025-11-03,Nordics,Enterprise,Platform,364670.39,91640.47,0.297,0.1567,231,51,3.98,normal,No material exception,SYNTHETIC_DEMO_ONLY,0.056101406709814894,0.24375759446245682,0.045599999999999974,7.6,False
2025-11-03,UKI,Commercial,AI,178451.97,39948.74,0.2555,0.1386,99,23,4.47,normal,No material exception,SYNTHETIC_DEMO_ONLY,0.021514418907533583,0.20684385123118565,0.033299999999999996,4.5,False
2025-11-03,UKI,Commercial,Automation,211283.25,45002.67,0.2373,0.1486,119,22,4.69,normal,No material exception,SYNTHETIC_DEMO_ONLY,-0.0516769749427628,0.0702468342193261,0.026100000000000012,5.5,False
2025-11-03,UKI,Commercial,Cloud,252407.69,53135.57,0.2383,0.1488,177,32,4.75,normal,No material exception,SYNTHETIC_DEMO_ONLY,0.11567914169228244,-0.10600074264992765,-0.03670000000000001,10.0,False
2025-11-03,UKI,Commercial,Platform,305416.99,70113.31,0.2775,0.1505,182,34,4.36,normal,No material exception,SYNTHETIC_DEMO_ONLY,0.17672420286475177,0.16778656847351625,0.021600000000000008,11.9,False
2025-11-03,UKI,Enterprise,AI,295404.82,63800.36,0.2484,0.1364,198,44,4.63,normal,No material exception,SYNTHETIC_DEMO_ONLY,0.12941543955298207,0.2501542599353883,0.03410000000000002,10.5,False
2025-11-03,UKI,Enterprise,Automation,382680.59,92618.07,0.2991,0.1499,255,48,4.13,normal,No material exception,SYNTHETIC_DEMO_ONLY,0.03807010727548832,0.027071471225708077,0.02589999999999998,4.7,False
2025-11-03,UKI,Enterprise,Cloud,456988.52,88548.33,0.2474,0.1343,278,50,5.16,normal,No material exception,SYNTHETIC_DEMO_ONLY,0.09701784650419154,-0.2517195353052649,-0.030299999999999994,8.4,False
2025-11-03,UKI,Enterprise,Platform,431591.26,77838.27,0.2233,0.1162,248,50,5.54,normal,No material exception,SYNTHETIC_DEMO_ONLY,-0.0975026371816452,-0.2771241867698526,-0.017499999999999988,7.1,False
2025-11-10,Benelux,Commercial,AI,127474.28,22286.8,0.2079,0.1191,77,12,5.72,normal,No material exception,SYNTHETIC_DEMO_ONLY,-0.07382352945450354,-0.17854156000732746,-0.0005999999999999894,4.1,False
2025-11-10,Benelux,Commercial,Automation,161431.29,32296.5,0.243,0.1243,100,21,5.0,normal,No material exception,SYNTHETIC_DEMO_ONLY,0.020541787479544826,0.03191123962585163,0.00269999999999998,1.4,False
2025-11-10,Benelux,Commercial,Cloud,187604.39,34215.92,0.2137,0.1179,117,21,5.48,normal,No material exception,SYNTHETIC_DEMO_ONLY,0.0875954754304249,0.007014921902890547,-0.0237,7.2,False
2025-11-10,Benelux,Commercial,Platform,200027.76,39529.97,0.2395,0.139,138,27,5.06,normal,No material exception,SYNTHETIC_DEMO_ONLY,0.04813763406963867,-0.08583576251137504,-0.00410000000000002,3.1,False
2025-11-10,Benelux,Enterprise,AI,203754.89,49176.08,0.2638,0.1274,119,22,4.14,normal,No material exception,SYNTHETIC_DEMO_ONLY,-0.07883187925631607,0.13111125934138235,0.008599999999999997,5.2,False
2025-11-10,Benelux,Enterprise,Automation,243570.92,53164.54,0.2546,0.1708,147,29,4.58,normal,No material exception,SYNTHETIC_DEMO_ONLY,-0.06806868419194945,-0.14940396965314617,-0.023900000000000032,6.1,False
2025-11-10,Benelux,Enterprise,Cloud,300943.83,53657.8,0.2198,0.133,201,32,5.61,normal,No material exception,SYNTHETIC_DEMO_ONLY,0.02095180577831579,-0.09713590546292183,-0.005700000000000011,1.7,False
2025-11-10,Benelux,Enterprise,Platform,311590.46,78541.17,0.2793,0.1779,228,42,3.97,normal,No material exception,SYNTHETIC_DEMO_ONLY,-0.08456670886720064,0.026637942843757756,0.039199999999999985,8.6,False
2025-11-10,DACH,Commercial,AI,207912.49,44724.04,0.246,0.1722,125,26,4.65,normal,No material exception,SYNTHETIC_DEMO_ONLY,-0.02864389313706428,-0.13246618824714262,-0.027100000000000013,4.3,False
2025-11-10,DACH,Commercial,Automation,224120.76,51476.38,0.2375,0.1451,118,16,4.35,normal,No material exception,SYNTHETIC_DEMO_ONLY,-0.04060896039597384,-0.06672954175518686,-0.029600000000000015,5.2,False
2025-11-10,DACH,Commercial,Cloud,298090.49,73720.61,0.2684,0.1717,169,34,4.04,normal,No material exception,SYNTHETIC_DEMO_ONLY,0.15662394561885895,0.3756337202131206,0.02030000000000004,10.6,False
2025-11-10,DACH,Commercial,Platform,323378.14,77221.58,0.2717,0.1459,226,41,4.19,normal,No material exception,SYNTHETIC_DEMO_ONLY,-0.03202959399906369,-0.05894798825914782,-0.005099999999999993,2.3,False
2025-11-10,DACH,Enterprise,AI,319729.58,78582.32,0.297,0.168,214,44,4.07,normal,No material exception,SYNTHETIC_DEMO_ONLY,-0.011720766626020174,0.028124753459482843,0.0011999999999999789,0.8,False
2025-11-10,DACH,Enterprise,Automation,438422.83,98756.22,0.2521,0.1257,266,56,4.44,normal,No material exception,SYNTHETIC_DEMO_ONLY,0.07115387218330405,-0.021143844532344858,-0.01150000000000001,5.1,False
2025-11-10,DACH,Enterprise,Cloud,487067.81,103345.02,0.2443,0.1338,321,49,4.71,normal,No material exception,SYNTHETIC_DEMO_ONLY,0.0631983416589601,0.03286415287965605,-0.014899999999999997,5.0,False
2025-11-10,DACH,Enterprise,Platform,546977.34,144191.4,0.2965,0.1875,369,62,3.79,normal,No material exception,SYNTHETIC_DEMO_ONLY,-0.002251047720843724,-0.012848657387255713,0.007500000000000007,0.9,False
2025-11-10,France,Commercial,AI,151397.1,27419.51,0.1927,0.1067,90,14,5.52,normal,No material exception,SYNTHETIC_DEMO_ONLY,0.021527243519891437,-0.14104123201072627,-0.04829999999999998,6.0,False
2025-11-10,France,Commercial,Automation,200692.1,42017.41,0.2339,0.1518,137,25,4.78,normal,No material exception,SYNTHETIC_DEMO_ONLY,0.1179076979636513,0.2460808460348789,0.00020000000000000573,6.5,False
2025-11-10,France,Commercial,Cloud,211392.96,39303.03,0.2114,0.1275,119,24,5.38,normal,No material exception,SYNTHETIC_DEMO_ONLY,0.09626269320263892,0.11157201498045999,-0.014600000000000002,6.8,False
2025-11-10,France,Commercial,Platform,222913.57,50196.36,0.2553,0.1451,135,34,4.44,normal,No material exception,SYNTHETIC_DEMO_ONLY,-0.10025717597082962,-0.1682938581172122,-0.00649999999999995,6.2,False
2025-11-10,France,Enterprise,AI,250003.61,55291.46,0.2436,0.1187,153,29,4.52,normal,No material exception,SYNTHETIC_DEMO_ONLY,-0.077916855414361,-0.0967543478473949,0.013600000000000001,5.6,False
2025-11-10,France,Enterprise,Automation,311908.83,67085.98,0.2564,0.1468,191,30,4.65,normal,No material exception,SYNTHETIC_DEMO_ONLY,0.09796889600962433,-0.0066398753820274825,-0.02460000000000001,7.8,False
2025-11-10,France,Enterprise,Cloud,341837.74,71395.87,0.2457,0.131,215,47,4.79,normal,No material exception,SYNTHETIC_DEMO_ONLY,0.05505817225642229,0.03441018185084643,-0.0010999999999999899,3.1,False
2025-11-10,France,Enterprise,Platform,431131.4,87099.09,0.2533,0.1454,291,55,4.95,normal,No material exception,SYNTHETIC_DEMO_ONLY,0.12061984504653611,0.08464706510864395,0.003300000000000025,7.0,False
2025-11-10,Iberia,Commercial,AI,119895.74,22434.57,0.2442,0.1254,59,9,5.34,normal,No material exception,SYNTHETIC_DEMO_ONLY,0.04993700591987604,0.006428525606661184,0.032299999999999995,6.0,False
2025-11-10,Iberia,Commercial,Automation,143222.06,28301.18,0.2312,0.1278,75,14,5.06,normal,No material exception,SYNTHETIC_DEMO_ONLY,-0.07516933837202322,-0.20054405934371078,-0.021700000000000025,6.3,False
2025-11-10,Iberia,Commercial,Cloud,180675.04,30583.41,0.1906,0.1179,107,17,5.91,normal,No material exception,SYNTHETIC_DEMO_ONLY,0.09892326527846662,0.020324479051984756,-0.011800000000000005,6.6,False
2025-11-10,Iberia,Commercial,Platform,189780.16,46928.76,0.2721,0.1518,106,15,4.04,normal,No material exception,SYNTHETIC_DEMO_ONLY,0.02619199009648243,0.0006565316153344103,0.0126,2.7,False
2025-11-10,Iberia,Enterprise,AI,186190.62,49430.6,0.2858,0.1861,127,22,3.77,normal,No material exception,SYNTHETIC_DEMO_ONLY,0.05502725983264667,0.20788254138529716,0.031799999999999995,6.2,False
2025-11-10,Iberia,Enterprise,Automation,243627.43,52507.03,0.2607,0.149,146,32,4.64,normal,No material exception,SYNTHETIC_DEMO_ONLY,0.09233735399142917,0.053018921921179185,0.006000000000000005,5.7,False
2025-11-10,Iberia,Enterprise,Cloud,282719.94,62000.12,0.2499,0.1608,169,33,4.56,normal,No material exception,SYNTHETIC_DEMO_ONLY,0.049904451321755694,0.06641407608815308,-0.007799999999999974,3.5,False
2025-11-10,Iberia,Enterprise,Platform,316330.36,71281.02,0.2526,0.1348,203,46,4.44,normal,No material exception,SYNTHETIC_DEMO_ONLY,-0.01868510406135726,-0.020404377003689467,-0.006599999999999995,1.7,False
2025-11-10,Nordics,Commercial,AI,140813.55,25624.05,0.2109,0.1173,79,13,5.5,normal,No material exception,SYNTHETIC_DEMO_ONLY,0.08904751773263553,-0.06900753795774284,-0.027400000000000008,7.6,False
2025-11-10,Nordics,Commercial,Automation,156334.37,33802.97,0.2346,0.1359,112,23,4.62,normal,No material exception,SYNTHETIC_DEMO_ONLY,-0.04271720612766339,0.08357404407835545,0.015199999999999991,3.9,False
2025-11-10,Nordics,Commercial,Cloud,204718.31,42100.78,0.2351,0.1285,138,26,4.86,normal,No material exception,SYNTHETIC_DEMO_ONLY,-0.013693023583877584,-0.06129182580931414,-0.011099999999999999,1.9,False
2025-11-10,Nordics,Commercial,Platform,198498.8,40706.76,0.2411,0.1344,125,25,4.88,normal,No material exception,SYNTHETIC_DEMO_ONLY,-0.094530327989099,-0.20857490148685442,-0.016599999999999976,6.9,False
2025-11-10,Nordics,Enterprise,AI,215810.72,54460.91,0.2682,0.1413,128,24,3.96,normal,No material exception,SYNTHETIC_DEMO_ONLY,-0.08661916137181802,0.1413301953913748,0.019199999999999995,6.7,False
2025-11-10,Nordics,Enterprise,Automation,290977.0,63875.37,0.2694,0.1453,201,28,4.56,normal,No material exception,SYNTHETIC_DEMO_ONLY,0.011601518203626426,0.03478292283536821,0.024699999999999972,3.1,False
2025-11-10,Nordics,Enterprise,Cloud,330819.44,69613.07,0.2469,0.1332,230,41,4.75,normal,No material exception,SYNTHETIC_DEMO_ONLY,0.07037679481820525,-0.07606977601951337,-0.011199999999999988,5.0,False
2025-11-10,Nordics,Enterprise,Platform,354045.26,72104.88,0.219,0.1206,227,48,4.91,normal,No material exception,SYNTHETIC_DEMO_ONLY,0.019029409343592985,-0.1920267740395265,-0.087,9.7,False
2025-11-10,UKI,Commercial,AI,169941.95,36629.99,0.2692,0.1657,109,24,4.64,normal,No material exception,SYNTHETIC_DEMO_ONLY,-0.012445461831024907,0.0008404548401699241,0.01999999999999999,2.7,False
2025-11-10,UKI,Commercial,Automation,234224.19,40070.49,0.1975,0.1193,151,32,5.85,normal,No material exception,SYNTHETIC_DEMO_ONLY,0.24239444835400548,-0.07576319529689857,-0.0504,18.4,False
2025-11-10,UKI,Commercial,Cloud,268709.86,57109.8,0.243,0.1447,179,35,4.71,normal,No material exception,SYNTHETIC_DEMO_ONLY,0.1242305296755637,0.1633183716744937,0.003699999999999981,7.2,False
2025-11-10,UKI,Commercial,Platform,261925.32,52482.75,0.232,0.1384,156,29,4.99,normal,No material exception,SYNTHETIC_DEMO_ONLY,-0.11501168112199311,-0.24606099001025683,-0.039299999999999974,10.3,False
2025-11-10,UKI,Enterprise,AI,299853.8,64222.61,0.252,0.1378,179,32,4.67,normal,No material exception,SYNTHETIC_DEMO_ONLY,0.0632515490440857,0.15689649457675015,0.024900000000000005,6.0,False
2025-11-10,UKI,Enterprise,Automation,370707.07,84254.71,0.2742,0.1488,234,44,4.4,normal,No material exception,SYNTHETIC_DEMO_ONLY,0.03575855377894199,0.374357472824314,0.04869999999999999,6.8,False
2025-11-10,UKI,Enterprise,Cloud,395536.58,84544.57,0.2546,0.1563,288,52,4.68,normal,No material exception,SYNTHETIC_DEMO_ONLY,-0.03285894663457112,-0.22658180810898032,-0.030399999999999983,4.8,False
2025-11-10,UKI,Enterprise,Platform,484710.48,119967.01,0.2523,0.1517,315,51,4.04,normal,No material exception,SYNTHETIC_DEMO_ONLY,0.08170525372011972,0.023356691901905036,-0.034599999999999964,8.0,False
2025-11-17,Benelux,Commercial,AI,137685.19,26187.59,0.228,0.1316,102,22,5.26,normal,No material exception,SYNTHETIC_DEMO_ONLY,0.08961517489927684,-0.028695617341325974,-0.008599999999999997,5.8,False
2025-11-17,Benelux,Commercial,Automation,148155.73,30317.13,0.2251,0.1183,112,16,4.89,normal,No material exception,SYNTHETIC_DEMO_ONLY,-0.0007038307277318356,-0.06689534819301579,-0.007099999999999995,0.7,False
2025-11-17,Benelux,Commercial,Cloud,166394.28,34683.6,0.2361,0.1285,85,15,4.8,normal,No material exception,SYNTHETIC_DEMO_ONLY,-0.06881956566886094,-0.0023939484848058967,0.012399999999999994,5.0,False
2025-11-17,Benelux,Commercial,Platform,194283.21,36799.85,0.2328,0.1158,132,23,5.28,normal,No material exception,SYNTHETIC_DEMO_ONLY,-0.03956095194606557,0.043358528087297676,0.029799999999999993,5.2,False
2025-11-17,Benelux,Enterprise,AI,211609.32,49981.04,0.2556,0.1533,125,27,4.23,normal,No material exception,SYNTHETIC_DEMO_ONLY,0.09715422343256441,0.279762959442754,0.025099999999999983,7.9,False
2025-11-17,Benelux,Enterprise,Automation,269481.89,60904.55,0.2635,0.1235,147,33,4.42,normal,No material exception,SYNTHETIC_DEMO_ONLY,0.05840145033130195,0.18429616159204176,0.02200000000000002,5.4,False
2025-11-17,Benelux,Enterprise,Cloud,306866.69,84272.39,0.2868,0.1697,200,35,3.64,normal,No material exception,SYNTHETIC_DEMO_ONLY,0.07692742591775747,0.5834153640859563,0.064,10.6,False
2025-11-17,Benelux,Enterprise,Platform,358756.9,78267.08,0.2573,0.1558,228,49,4.58,normal,No material exception,SYNTHETIC_DEMO_ONLY,0.22504352619717594,0.22369233035078162,0.009799999999999975,13.4,False
2025-11-17,DACH,Commercial,AI,193108.38,42851.89,0.2488,0.1347,138,26,4.51,normal,No material exception,SYNTHETIC_DEMO_ONLY,-0.03601397344685664,-0.08347887945102705,-0.006100000000000022,2.6,False
2025-11-17,DACH,Commercial,Automation,251910.07,59937.72,0.2804,0.1523,188,32,4.2,normal,No material exception,SYNTHETIC_DEMO_ONLY,0.0786744438882625,0.12117618362100191,0.03219999999999998,7.5,False
2025-11-17,DACH,Commercial,Cloud,274755.52,56915.11,0.2437,0.1411,175,34,4.83,normal,No material exception,SYNTHETIC_DEMO_ONLY,-0.15102554980149385,-0.23275332841383323,-0.014800000000000008,9.8,False
2025-11-17,DACH,Commercial,Platform,314637.14,74478.14,0.2682,0.1692,206,38,4.22,normal,No material exception,SYNTHETIC_DEMO_ONLY,-0.03765817505861613,-0.06676879672067804,0.003400000000000014,2.4,False
2025-11-17,DACH,Enterprise,AI,355965.73,74486.67,0.2384,0.1147,228,47,4.78,normal,No material exception,SYNTHETIC_DEMO_ONLY,0.03240527501994461,-0.03978737474717409,-0.016000000000000014,3.4,False
2025-11-17,DACH,Enterprise,Automation,360671.58,98034.72,0.2836,0.1615,236,49,3.68,normal,No material exception,SYNTHETIC_DEMO_ONLY,-0.07093583864693687,0.20695224205546503,0.0242,6.3,False
2025-11-17,DACH,Enterprise,Cloud,501162.34,110611.92,0.26,0.1337,308,55,4.53,normal,No material exception,SYNTHETIC_DEMO_ONLY,0.14260118799326826,0.059826914230628914,-0.02510000000000001,10.4,False
2025-11-17,DACH,Enterprise,Platform,484441.23,112814.04,0.2743,0.1651,305,53,4.29,normal,No material exception,SYNTHETIC_DEMO_ONLY,-0.020282174358104865,-0.1045742939399289,-0.043200000000000016,5.4,False
2025-11-17,France,Commercial,AI,162758.8,36723.86,0.2302,0.1403,117,25,4.43,normal,No material exception,SYNTHETIC_DEMO_ONLY,0.06684478132994753,0.33048111835617355,0.017099999999999976,5.4,False
2025-11-17,France,Commercial,Automation,190485.93,42653.72,0.2488,0.1354,117,19,4.47,normal,No material exception,SYNTHETIC_DEMO_ONLY,0.0672308747765582,0.374036486587481,0.023499999999999993,6.0,False
2025-11-17,France,Commercial,Cloud,213526.76,39209.2,0.2077,0.1242,145,28,5.45,normal,No material exception,SYNTHETIC_DEMO_ONLY,0.019158105260253855,0.03556352470652491,0.012399999999999994,2.3,False
2025-11-17,France,Commercial,Platform,244895.52,57119.01,0.2526,0.143,159,28,4.29,normal,No material exception,SYNTHETIC_DEMO_ONLY,0.04624679119125252,-0.0929814891653713,-0.008099999999999996,3.4,False
2025-11-17,France,Enterprise,AI,262061.43,59663.16,0.2424,0.1299,164,30,4.39,normal,No material exception,SYNTHETIC_DEMO_ONLY,-0.0369965701595949,0.016611153027487058,-0.009799999999999975,3.0,False
2025-11-17,France,Enterprise,Automation,329945.3,67418.03,0.2293,0.1274,207,24,4.89,normal,No material exception,SYNTHETIC_DEMO_ONLY,0.05331527204716502,0.016186046764011586,-0.007500000000000007,3.7,False
2025-11-17,France,Enterprise,Cloud,388099.7,83380.38,0.2431,0.1503,234,51,4.65,normal,No material exception,SYNTHETIC_DEMO_ONLY,0.1900268984308957,0.05719315355806387,-0.013499999999999984,11.8,False
2025-11-17,France,Enterprise,Platform,408487.33,97111.01,0.2587,0.1392,243,32,4.21,normal,No material exception,SYNTHETIC_DEMO_ONLY,0.11972166775777815,0.04829093975590415,-0.040700000000000014,10.7,False
2025-11-17,Iberia,Commercial,AI,118681.99,19234.6,0.2134,0.1226,82,19,6.17,normal,No material exception,SYNTHETIC_DEMO_ONLY,-0.013318972881275593,-0.42325556291847455,-0.0889,9.6,False
2025-11-17,Iberia,Commercial,Automation,138983.26,26835.46,0.2171,0.1237,86,15,5.18,normal,No material exception,SYNTHETIC_DEMO_ONLY,-0.016137570444893723,-0.08766245687421892,-0.0199,2.9,False
2025-11-17,Iberia,Commercial,Cloud,172156.81,36826.43,0.224,0.1334,108,17,4.67,normal,No material exception,SYNTHETIC_DEMO_ONLY,0.022887228752504818,0.0885123473740308,0.0012999999999999956,1.4,False
2025-11-17,Iberia,Commercial,Platform,211495.08,46513.58,0.2376,0.1295,164,29,4.55,normal,No material exception,SYNTHETIC_DEMO_ONLY,0.2399035936407823,0.2549913161069286,-0.008199999999999985,14.0,False
2025-11-17,Iberia,Enterprise,AI,201550.6,41762.28,0.2443,0.1128,106,21,4.83,normal,No material exception,SYNTHETIC_DEMO_ONLY,0.12016982735541615,-0.10100292115046405,-0.03520000000000004,10.1,False
2025-11-17,Iberia,Enterprise,Automation,230901.47,59325.24,0.294,0.1642,135,26,3.89,normal,No material exception,SYNTHETIC_DEMO_ONLY,0.15185399672584232,0.43852974489205776,0.0658,14.9,False
2025-11-17,Iberia,Enterprise,Cloud,288360.71,58740.7,0.2416,0.1212,187,31,4.91,normal,No material exception,SYNTHETIC_DEMO_ONLY,0.024506376626958648,0.00988572472878757,-0.019099999999999978,3.3,False
2025-11-17,Iberia,Enterprise,Platform,319574.81,89567.54,0.272,0.1439,216,47,3.57,normal,No material exception,SYNTHETIC_DEMO_ONLY,0.007264538319555536,0.39540362578101185,0.02200000000000002,2.6,False
2025-11-17,Nordics,Commercial,AI,139450.74,27092.08,0.2188,0.1255,75,12,5.15,normal,No material exception,SYNTHETIC_DEMO_ONLY,0.04000527420456779,-0.03783411743773124,-0.011200000000000015,3.3,False
2025-11-17,Nordics,Commercial,Automation,189686.38,34265.64,0.2082,0.0958,113,15,5.54,normal,No material exception,SYNTHETIC_DEMO_ONLY,0.12327472126485683,0.09022393000807183,-0.0040999999999999925,7.2,False
2025-11-17,Nordics,Commercial,Cloud,202679.83,34960.01,0.1965,0.1107,139,23,5.8,normal,No material exception,SYNTHETIC_DEMO_ONLY,0.025223410420574188,-0.06909913265945988,-0.037099999999999994,5.1,False
2025-11-17,Nordics,Commercial,Platform,202634.01,43827.4,0.2479,0.1321,145,31,4.62,normal,No material exception,SYNTHETIC_DEMO_ONLY,-0.03841084247551796,-0.01467995882228501,0.007599999999999996,2.9,False
2025-11-17,Nordics,Enterprise,AI,246260.04,37199.69,0.2112,0.1208,178,34,6.62,normal,No material exception,SYNTHETIC_DEMO_ONLY,0.12597729701663152,-0.28032001262932815,-0.06169999999999998,13.1,False
2025-11-17,Nordics,Enterprise,Automation,283253.17,62536.09,0.281,0.1557,172,29,4.53,normal,No material exception,SYNTHETIC_DEMO_ONLY,0.0932151446869971,-0.06002154239456681,0.006700000000000039,5.8,False
2025-11-17,Nordics,Enterprise,Cloud,289031.78,60612.54,0.2198,0.1522,170,30,4.77,normal,No material exception,SYNTHETIC_DEMO_ONLY,-0.1007044008398682,-0.2670497212342071,-0.04149999999999998,9.7,False
2025-11-17,Nordics,Enterprise,Platform,360199.93,69670.35,0.233,0.1285,226,40,5.17,normal,No material exception,SYNTHETIC_DEMO_ONLY,-0.013361368630752657,-0.1576522082289723,-0.023499999999999993,3.1,False
2025-11-17,UKI,Commercial,AI,190840.82,37315.87,0.2115,0.1317,127,26,5.11,normal,No material exception,SYNTHETIC_DEMO_ONLY,0.2317044686141636,0.20820928552672524,-0.027200000000000002,15.5,False
2025-11-17,UKI,Commercial,Automation,228721.16,39287.71,0.1927,0.1036,154,27,5.82,normal,No material exception,SYNTHETIC_DEMO_ONLY,-0.03548382689333418,-0.32268186034916757,-0.0819,10.1,False
2025-11-17,UKI,Commercial,Cloud,281302.92,56540.08,0.2227,0.1107,185,37,4.98,normal,No material exception,SYNTHETIC_DEMO_ONLY,0.06225465117701723,0.3040781098782277,0.018000000000000016,5.2,False
2025-11-17,UKI,Commercial,Platform,238977.19,52375.86,0.2541,0.147,149,32,4.56,normal,No material exception,SYNTHETIC_DEMO_ONLY,-0.1177860311008998,0.02047323072330931,0.015199999999999991,8.0,False
2025-11-17,UKI,Enterprise,AI,326140.4,70595.89,0.2525,0.1471,226,43,4.62,normal,No material exception,SYNTHETIC_DEMO_ONLY,0.14528019877438236,0.12264425784918731,0.011700000000000016,9.2,False
2025-11-17,UKI,Enterprise,Automation,389563.4,97789.62,0.2687,0.1511,246,56,3.98,normal,No material exception,SYNTHETIC_DEMO_ONLY,0.2439889109811335,0.21474831171812436,0.005299999999999971,13.9,False
2025-11-17,UKI,Enterprise,Cloud,381133.41,82154.58,0.258,0.1531,247,50,4.64,normal,No material exception,SYNTHETIC_DEMO_ONLY,-0.0909862552283982,-0.011586472278681592,0.04880000000000001,9.9,False
2025-11-17,UKI,Enterprise,Platform,493652.03,124422.18,0.2774,0.1251,328,53,3.97,normal,No material exception,SYNTHETIC_DEMO_ONLY,0.0017008044721147364,0.07655968632358778,0.01599999999999996,1.7,False
2025-11-24,Benelux,Commercial,AI,134405.28,26870.16,0.1989,0.1026,87,19,5.0,normal,No material exception,SYNTHETIC_DEMO_ONLY,0.09419928640493702,0.16766673156079648,-0.012300000000000005,6.4,False
2025-11-24,Benelux,Commercial,Automation,157455.68,31709.42,0.2475,0.1402,91,15,4.97,normal,No material exception,SYNTHETIC_DEMO_ONLY,-0.06474149157807674,0.00035364772963508706,0.028299999999999992,6.4,False
2025-11-24,Benelux,Commercial,Cloud,189333.08,28241.1,0.1768,0.113,115,21,6.7,normal,No material exception,SYNTHETIC_DEMO_ONLY,0.04261300903032561,-0.35161297210276543,-0.08279999999999998,10.6,False
2025-11-24,Benelux,Commercial,Platform,206331.22,38095.28,0.227,0.1279,119,23,5.42,normal,No material exception,SYNTHETIC_DEMO_ONLY,0.020830397797437783,-0.07588842141215923,-0.029699999999999976,4.1,False
2025-11-24,Benelux,Enterprise,AI,220849.91,41101.27,0.2348,0.1273,144,32,5.37,normal,No material exception,SYNTHETIC_DEMO_ONLY,0.1258905741993288,0.08623056341646196,0.022300000000000014,9.2,False
2025-11-24,Benelux,Enterprise,Automation,281496.75,65798.68,0.2612,0.1488,196,38,4.28,normal,No material exception,SYNTHETIC_DEMO_ONLY,0.08214622636069446,0.2153395926425039,0.015999999999999986,6.1,False
2025-11-24,Benelux,Enterprise,Cloud,283575.1,52546.93,0.2158,0.1248,175,32,5.4,normal,No material exception,SYNTHETIC_DEMO_ONLY,0.039235386887875645,-0.22292420280748526,-0.0479,6.9,False
2025-11-24,Benelux,Enterprise,Platform,336722.49,84332.15,0.2786,0.1615,218,40,3.99,normal,No material exception,SYNTHETIC_DEMO_ONLY,0.01417992072937757,-0.022201818289542707,-0.0017999999999999683,1.0,False
2025-11-24,DACH,Commercial,AI,215890.17,52750.63,0.2627,0.1551,115,21,4.09,normal,No material exception,SYNTHETIC_DEMO_ONLY,0.07035391210105324,0.5306169052369396,0.05689999999999998,9.6,False
2025-11-24,DACH,Commercial,Automation,286116.9,60946.33,0.2495,0.1445,186,33,4.69,normal,No material exception,SYNTHETIC_DEMO_ONLY,0.19058500543221735,0.3080262058817722,0.005700000000000011,11.1,False
2025-11-24,DACH,Commercial,Cloud,282236.5,67458.66,0.2489,0.1453,173,32,4.18,normal,No material exception,SYNTHETIC_DEMO_ONLY,-0.0457411257371686,0.06509138637202239,0.01090000000000002,3.6,False
2025-11-24,DACH,Commercial,Platform,342312.21,80706.54,0.2549,0.1315,210,42,4.24,normal,No material exception,SYNTHETIC_DEMO_ONLY,0.017504586335677308,0.05450086430705814,-0.010000000000000009,2.0,False
2025-11-24,DACH,Enterprise,AI,340972.27,82980.41,0.2828,0.141,205,35,4.11,normal,No material exception,SYNTHETIC_DEMO_ONLY,0.06234218768377331,0.14491980564882256,0.020100000000000007,5.4,False
2025-11-24,DACH,Enterprise,Automation,389632.87,99992.3,0.2762,0.1377,229,40,3.9,normal,No material exception,SYNTHETIC_DEMO_ONLY,-0.10771873600059878,-0.03890384309473727,0.045399999999999996,10.5,False
2025-11-24,DACH,Enterprise,Cloud,470522.54,96877.38,0.2419,0.1319,305,59,4.86,normal,No material exception,SYNTHETIC_DEMO_ONLY,-0.08369709594968933,-0.2717015940603884,-0.08939999999999998,13.5,False
2025-11-24,DACH,Enterprise,Platform,530009.79,139856.82,0.3122,0.1752,346,61,3.79,normal,No material exception,SYNTHETIC_DEMO_ONLY,0.005165640462077903,0.11487339171312816,0.035999999999999976,3.9,False
2025-11-24,France,Commercial,AI,161529.57,37044.71,0.2508,0.1568,101,18,4.36,normal,No material exception,SYNTHETIC_DEMO_ONLY,0.18819357757336586,0.29599914637260816,0.023900000000000032,12.7,False
2025-11-24,France,Commercial,Automation,185742.18,39198.94,0.2291,0.1318,133,22,4.74,normal,No material exception,SYNTHETIC_DEMO_ONLY,-0.02828889143837554,-0.09455294190476093,-0.0005999999999999894,1.6,False
2025-11-24,France,Commercial,Cloud,223228.28,41982.66,0.2382,0.1316,115,23,5.32,normal,No material exception,SYNTHETIC_DEMO_ONLY,-0.05361711782962553,-0.08430132124460821,0.008099999999999996,3.8,False
2025-11-24,France,Commercial,Platform,238605.92,50521.46,0.2592,0.1514,152,22,4.72,normal,No material exception,SYNTHETIC_DEMO_ONLY,0.07077604700204287,-0.04449946798390292,-0.023400000000000032,6.2,False
2025-11-24,France,Enterprise,AI,248963.68,48343.23,0.2411,0.1302,172,35,5.15,normal,No material exception,SYNTHETIC_DEMO_ONLY,0.03586767801517765,-0.15824700021469007,-0.032,5.2,False
2025-11-24,France,Enterprise,Automation,312866.48,77950.5,0.2792,0.1603,211,33,4.01,normal,No material exception,SYNTHETIC_DEMO_ONLY,0.11344778696070246,0.05551785174585189,0.012299999999999978,7.5,False
2025-11-24,France,Enterprise,Cloud,376505.88,77312.47,0.2428,0.131,268,53,4.87,normal,No material exception,SYNTHETIC_DEMO_ONLY,0.07757743768394021,0.08427359846582494,-0.014499999999999985,5.7,False
2025-11-24,France,Enterprise,Platform,408102.98,123548.38,0.2935,0.1682,261,53,3.3,normal,No material exception,SYNTHETIC_DEMO_ONLY,0.0896058501768453,0.19927213758719597,0.003599999999999992,5.3,False
2025-11-24,Iberia,Commercial,AI,111527.14,21317.69,0.2175,0.1271,61,11,5.23,normal,No material exception,SYNTHETIC_DEMO_ONLY,-0.10104452551255594,-0.28672079521181204,-0.045900000000000024,10.1,False
2025-11-24,Iberia,Commercial,Automation,136366.21,29302.58,0.2346,0.131,105,16,4.65,normal,No material exception,SYNTHETIC_DEMO_ONLY,-0.02624964591048118,0.057589903468228565,0.0015000000000000013,1.6,False
2025-11-24,Iberia,Commercial,Cloud,178199.61,31234.86,0.2276,0.1243,119,26,5.71,normal,No material exception,SYNTHETIC_DEMO_ONLY,0.030303596212614137,0.03950952635626903,0.031799999999999995,4.8,False
2025-11-24,Iberia,Commercial,Platform,179451.92,41576.79,0.2721,0.1681,122,17,4.32,normal,No material exception,SYNTHETIC_DEMO_ONLY,0.008340677837055166,0.18924703809431187,0.0562,6.1,False
2025-11-24,Iberia,Enterprise,AI,195121.21,36642.25,0.2265,0.1295,131,25,5.33,normal,No material exception,SYNTHETIC_DEMO_ONLY,0.0934655025597817,0.018720055737023955,-0.020100000000000007,7.2,False
2025-11-24,Iberia,Enterprise,Automation,255028.24,60230.96,0.2645,0.1581,175,30,4.23,normal,No material exception,SYNTHETIC_DEMO_ONLY,0.0436352033764531,-0.014977242461049034,-0.005199999999999982,2.9,False
2025-11-24,Iberia,Enterprise,Cloud,301302.8,74316.3,0.2653,0.1617,207,40,4.05,normal,No material exception,SYNTHETIC_DEMO_ONLY,0.06490317794479816,0.3030807857379194,0.025499999999999967,6.1,False
2025-11-24,Iberia,Enterprise,Platform,316409.54,79240.63,0.2709,0.1264,200,35,3.99,normal,No material exception,SYNTHETIC_DEMO_ONLY,0.11607023905369673,0.10473252273787481,-0.005800000000000027,7.0,False
2025-11-24,Nordics,Commercial,AI,142116.25,32832.7,0.2543,0.1384,102,17,4.33,normal,No material exception,SYNTHETIC_DEMO_ONLY,0.08210081726960317,0.4791403400887049,0.06400000000000003,10.9,False
2025-11-24,Nordics,Commercial,Automation,173105.61,41178.4,0.2505,0.1289,114,21,4.2,normal,No material exception,SYNTHETIC_DEMO_ONLY,0.08106271203302451,0.20997317563304962,0.01849999999999999,6.3,False
2025-11-24,Nordics,Commercial,Cloud,182074.45,29800.9,0.1896,0.1113,104,18,6.11,normal,No material exception,SYNTHETIC_DEMO_ONLY,0.0277610050914896,-0.3017556799757074,-0.063,7.8,False
2025-11-24,Nordics,Commercial,Platform,208492.97,38140.17,0.2345,0.1213,140,27,5.47,normal,No material exception,SYNTHETIC_DEMO_ONLY,-0.05185978857261064,-0.11248762049078709,-0.010800000000000004,3.9,False
2025-11-24,Nordics,Enterprise,AI,216253.41,50016.98,0.252,0.1607,147,25,4.32,normal,No material exception,SYNTHETIC_DEMO_ONLY,0.01837299572638562,0.0655856206707972,0.010700000000000015,2.1,False
2025-11-24,Nordics,Enterprise,Automation,273117.19,51264.84,0.2021,0.137,173,25,5.33,normal,No material exception,SYNTHETIC_DEMO_ONLY,-0.03210213440473231,-0.12742806897263081,-0.05180000000000001,6.9,False
2025-11-24,Nordics,Enterprise,Cloud,325592.2,76182.65,0.2671,0.1438,220,51,4.27,normal,No material exception,SYNTHETIC_DEMO_ONLY,-0.02017194107264364,-0.037864244058248064,-0.0131,2.4,False
2025-11-24,Nordics,Enterprise,Platform,369328.22,72185.06,0.2346,0.1293,238,37,5.12,normal,No material exception,SYNTHETIC_DEMO_ONLY,0.019033247799574937,-0.24852396007816135,-0.051299999999999985,6.2,False
2025-11-24,UKI,Commercial,AI,200393.82,44745.44,0.2321,0.1382,100,21,4.48,normal,No material exception,SYNTHETIC_DEMO_ONLY,0.13048316049965525,0.4074464809151255,0.016699999999999993,8.8,False
2025-11-24,UKI,Commercial,Automation,230827.19,44008.03,0.218,0.1195,144,27,5.25,normal,No material exception,SYNTHETIC_DEMO_ONLY,0.054985510511934566,-0.26890645039106376,-0.0723,10.3,False
2025-11-24,UKI,Commercial,Cloud,266770.26,58502.21,0.2465,0.1136,155,23,4.56,normal,No material exception,SYNTHETIC_DEMO_ONLY,0.06754311536205337,-0.0004720668978421827,-0.018100000000000005,5.5,False
2025-11-24,UKI,Commercial,Platform,312131.74,67416.76,0.2344,0.1305,229,49,4.63,normal,No material exception,SYNTHETIC_DEMO_ONLY,0.14532262541722885,0.3193958356206634,0.002899999999999986,8.3,False
2025-11-24,UKI,Enterprise,AI,293277.95,69005.58,0.2463,0.1245,195,42,4.25,normal,No material exception,SYNTHETIC_DEMO_ONLY,0.024722404435966405,0.11538338445901974,0.0020000000000000018,1.6,False
2025-11-24,UKI,Enterprise,Automation,357579.57,95251.84,0.2852,0.1571,224,40,3.75,normal,No material exception,SYNTHETIC_DEMO_ONLY,-0.0204670798143054,0.05410631494317619,0.0262,3.7,False
2025-11-24,UKI,Enterprise,Cloud,426324.12,101136.3,0.2587,0.1364,297,48,4.22,normal,No material exception,SYNTHETIC_DEMO_ONLY,0.09103874345244245,0.31408237469634925,0.02679999999999999,7.7,False
2025-11-24,UKI,Enterprise,Platform,465438.89,119039.71,0.2711,0.1591,279,48,3.91,normal,No material exception,SYNTHETIC_DEMO_ONLY,0.02739176364211615,0.009184756627263146,-0.02460000000000001,4.0,False
2025-12-01,Benelux,Commercial,AI,127194.86,21745.12,0.2017,0.1202,79,13,5.85,normal,No material exception,SYNTHETIC_DEMO_ONLY,0.026695069816068173,-0.14929955014253904,-0.0431,5.8,False
2025-12-01,Benelux,Commercial,Automation,166722.06,31594.19,0.2072,0.1149,97,16,5.28,normal,No material exception,SYNTHETIC_DEMO_ONLY,0.12955799678833335,0.08648609798605444,-0.012500000000000011,8.4,False
2025-12-01,Benelux,Commercial,Cloud,177402.1,35257.7,0.2313,0.1387,105,23,5.03,normal,No material exception,SYNTHETIC_DEMO_ONLY,-0.02852536660548921,-0.03773808393130662,0.01930000000000001,3.5,False
2025-12-01,Benelux,Commercial,Platform,218468.17,50282.92,0.2461,0.1417,133,20,4.34,normal,No material exception,SYNTHETIC_DEMO_ONLY,0.09719037660507568,0.1178411357211091,-0.019699999999999968,7.3,False
2025-12-01,Benelux,Enterprise,AI,195897.0,49981.62,0.2719,0.1415,135,29,3.92,normal,No material exception,SYNTHETIC_DEMO_ONLY,0.009876162747928019,0.29383962810693953,0.015499999999999958,2.1,False
2025-12-01,Benelux,Enterprise,Automation,227426.15,55358.79,0.2547,0.1326,138,21,4.11,normal,No material exception,SYNTHETIC_DEMO_ONLY,-0.09690888076076798,0.40139327255771007,0.06189999999999998,11.5,False
2025-12-01,Benelux,Enterprise,Cloud,303436.68,69380.66,0.2436,0.1363,203,48,4.37,normal,No material exception,SYNTHETIC_DEMO_ONLY,-0.038293143082495096,-0.025289274055338318,-0.021800000000000014,4.3,False
2025-12-01,Benelux,Enterprise,Platform,353604.87,80218.05,0.2681,0.1516,214,42,4.41,normal,No material exception,SYNTHETIC_DEMO_ONLY,0.1403146934974031,0.21184839471505246,0.031799999999999995,10.9,False
2025-12-01,DACH,Commercial,AI,220894.57,41965.69,0.2203,0.1046,141,30,5.26,normal,No material exception,SYNTHETIC_DEMO_ONLY,0.0484435546404165,-0.18994005674283465,-0.06219999999999998,8.9,False
2025-12-01,DACH,Commercial,Automation,261510.27,41041.19,0.1996,0.1181,164,25,6.37,normal,No material exception,SYNTHETIC_DEMO_ONLY,0.1843204932521516,-0.2831762823463,-0.06319999999999998,16.5,False
2025-12-01,DACH,Commercial,Cloud,326985.39,71373.23,0.2488,0.1452,210,47,4.58,normal,No material exception,SYNTHETIC_DEMO_ONLY,0.03006471111536757,0.052467332152181356,-0.0011000000000000176,1.8,False
2025-12-01,DACH,Commercial,Platform,317727.93,83167.46,0.2855,0.1809,207,29,3.82,normal,No material exception,SYNTHETIC_DEMO_ONLY,-0.04002032186252913,0.1460684531200005,0.020999999999999963,4.3,False
2025-12-01,DACH,Enterprise,AI,315615.98,79076.49,0.2663,0.1697,183,29,3.99,normal,No material exception,SYNTHETIC_DEMO_ONLY,-0.14435972787570928,-0.1436575049763309,-0.03620000000000001,11.6,False
2025-12-01,DACH,Enterprise,Automation,451943.52,112942.06,0.2696,0.1405,297,51,4.0,normal,No material exception,SYNTHETIC_DEMO_ONLY,-0.01959903748170322,0.043065229638249214,0.007599999999999996,1.8,False
2025-12-01,DACH,Enterprise,Cloud,496417.21,107118.3,0.2467,0.1408,320,46,4.63,normal,No material exception,SYNTHETIC_DEMO_ONLY,0.0974734909317545,0.07457101495304541,-0.004499999999999976,5.8,False
2025-12-01,DACH,Enterprise,Platform,559275.1,175656.33,0.2933,0.1903,368,76,3.18,normal,No material exception,SYNTHETIC_DEMO_ONLY,0.1857106537061075,0.47848359931331474,0.007300000000000029,10.9,False
2025-12-01,France,Commercial,AI,147616.05,33205.02,0.2495,0.1598,88,15,4.45,normal,No material exception,SYNTHETIC_DEMO_ONLY,-0.03712402998836861,-0.06354019103712194,0.0005999999999999894,2.1,False
2025-12-01,France,Commercial,Automation,199353.11,36556.43,0.231,0.1327,112,23,5.45,normal,No material exception,SYNTHETIC_DEMO_ONLY,0.05956929485713758,-0.07476319496030781,0.0013000000000000234,3.4,False
2025-12-01,France,Commercial,Cloud,205084.81,46698.74,0.235,0.136,143,28,4.39,normal,No material exception,SYNTHETIC_DEMO_ONLY,-0.03453463193884887,0.334582978720972,0.032999999999999974,5.2,False
2025-12-01,France,Commercial,Platform,236406.93,43027.92,0.2242,0.1259,155,30,5.49,normal,No material exception,SYNTHETIC_DEMO_ONLY,0.04064378394456081,-0.04148372927411881,0.009300000000000003,3.2,False
2025-12-01,France,Enterprise,AI,237696.38,58271.42,0.2606,0.1543,176,30,4.08,normal,No material exception,SYNTHETIC_DEMO_ONLY,-0.029107371331689502,0.24444838345246467,0.042300000000000004,5.8,False
2025-12-01,France,Enterprise,Automation,332153.74,84616.55,0.2843,0.1508,201,45,3.93,normal,No material exception,SYNTHETIC_DEMO_ONLY,0.1282847910247491,0.7227253885757192,0.0728,14.3,False
2025-12-01,France,Enterprise,Cloud,363596.05,60665.89,0.2067,0.1126,225,37,5.99,normal,No material exception,SYNTHETIC_DEMO_ONLY,0.043052607514977304,-0.17958867114653043,-0.05049999999999999,7.4,False
2025-12-01,France,Enterprise,Platform,422695.73,109326.01,0.2726,0.1524,251,41,3.87,normal,No material exception,SYNTHETIC_DEMO_ONLY,0.013858654778983848,0.11788692538893297,0.02840000000000001,3.6,False
2025-12-01,Iberia,Commercial,AI,128375.64,24272.69,0.2444,0.1294,87,20,5.29,normal,No material exception,SYNTHETIC_DEMO_ONLY,0.06871492613728591,0.021041986802381007,0.020600000000000007,5.8,False
2025-12-01,Iberia,Commercial,Automation,161307.66,22688.68,0.1822,0.0917,97,19,7.11,normal,No material exception,SYNTHETIC_DEMO_ONLY,0.10126703870384102,-0.15655213844502136,-0.024900000000000005,8.1,False
2025-12-01,Iberia,Commercial,Cloud,178835.98,39483.73,0.2312,0.1212,121,24,4.53,normal,No material exception,SYNTHETIC_DEMO_ONLY,0.0672965791671487,0.2850141409802027,0.0247,6.2,False
2025-12-01,Iberia,Commercial,Platform,182879.8,44797.13,0.263,0.1608,119,25,4.08,normal,No material exception,SYNTHETIC_DEMO_ONLY,-0.012646112392395548,-0.08925950631043322,-0.007299999999999973,1.4,False
2025-12-01,Iberia,Enterprise,AI,213651.05,48476.83,0.2622,0.1619,146,37,4.41,normal,No material exception,SYNTHETIC_DEMO_ONLY,0.06685265880946312,0.13299702685691717,0.020299999999999985,5.7,False
2025-12-01,Iberia,Enterprise,Automation,216580.13,51372.85,0.2594,0.1393,150,29,4.22,normal,No material exception,SYNTHETIC_DEMO_ONLY,-0.1315639001859651,-0.0592117961739862,0.010200000000000015,8.3,False
2025-12-01,Iberia,Enterprise,Cloud,271369.66,62551.4,0.2565,0.1273,196,29,4.34,normal,No material exception,SYNTHETIC_DEMO_ONLY,-0.061434428262158614,0.023838117057350505,-0.0014000000000000123,3.5,False
2025-12-01,Iberia,Enterprise,Platform,310644.17,79623.52,0.2798,0.1623,221,44,3.9,normal,No material exception,SYNTHETIC_DEMO_ONLY,0.0325215320427541,0.05418150105790809,-0.0028000000000000247,2.1,False
2025-12-01,Nordics,Commercial,AI,144878.24,27826.48,0.2112,0.1389,75,16,5.21,normal,No material exception,SYNTHETIC_DEMO_ONLY,0.054773537996443356,-0.0705735350162211,-0.019800000000000012,5.0,False
2025-12-01,Nordics,Commercial,Automation,178308.93,37678.87,0.2229,0.1456,99,15,4.73,normal,No material exception,SYNTHETIC_DEMO_ONLY,0.05593254545641879,0.4159223894933002,0.038199999999999984,6.9,False
2025-12-01,Nordics,Commercial,Cloud,198285.41,45194.19,0.2564,0.1532,131,15,4.39,normal,No material exception,SYNTHETIC_DEMO_ONLY,-0.04047374372656898,0.1371512811957929,0.03090000000000001,5.3,False
2025-12-01,Nordics,Commercial,Platform,208715.87,43602.28,0.2358,0.1449,133,24,4.79,normal,No material exception,SYNTHETIC_DEMO_ONLY,-0.06789325326607798,-0.046392336544665236,0.005900000000000016,4.3,False
2025-12-01,Nordics,Enterprise,AI,224109.34,56430.46,0.2582,0.1525,141,26,3.97,normal,No material exception,SYNTHETIC_DEMO_ONLY,0.03441447218928051,0.31267879665345233,0.03199999999999997,5.1,False
2025-12-01,Nordics,Enterprise,Automation,290853.95,56193.78,0.2305,0.1278,173,31,5.18,normal,No material exception,SYNTHETIC_DEMO_ONLY,0.09520614240950742,-0.21656258482659518,-0.04869999999999999,10.1,False
2025-12-01,Nordics,Enterprise,Cloud,339728.64,71146.5,0.257,0.1399,211,41,4.78,normal,No material exception,SYNTHETIC_DEMO_ONLY,0.09318446169129802,-0.030168359604818118,-0.009099999999999997,6.0,False
2025-12-01,Nordics,Enterprise,Platform,372291.79,81653.35,0.2437,0.1241,232,31,4.56,normal,No material exception,SYNTHETIC_DEMO_ONLY,0.020899420981231653,-0.10898154494406231,-0.053299999999999986,6.5,False
2025-12-01,UKI,Commercial,AI,189108.13,39276.04,0.2204,0.1224,152,35,4.81,normal,No material exception,SYNTHETIC_DEMO_ONLY,0.05971444305153928,-0.016839079280097424,-0.03509999999999999,6.8,False
2025-12-01,UKI,Commercial,Automation,235252.04,49938.6,0.2336,0.1234,164,33,4.71,normal,No material exception,SYNTHETIC_DEMO_ONLY,0.11344387214793406,0.10968082560434755,-0.003700000000000009,6.6,False
2025-12-01,UKI,Commercial,Cloud,266922.93,55330.33,0.2218,0.122,183,28,4.82,normal,No material exception,SYNTHETIC_DEMO_ONLY,0.057507122702957325,0.041304911192257876,-0.016500000000000015,4.8,False
2025-12-01,UKI,Commercial,Platform,326021.04,63448.72,0.2298,0.1275,203,48,5.14,normal,No material exception,SYNTHETIC_DEMO_ONLY,0.06746202953542291,-0.09505456239336008,-0.04770000000000002,8.5,False
2025-12-01,UKI,Enterprise,AI,340542.71,83360.29,0.2759,0.146,254,43,4.09,normal,No material exception,SYNTHETIC_DEMO_ONLY,0.1528001134172421,0.3065802450017523,0.02749999999999997,11.2,False
2025-12-01,UKI,Enterprise,Automation,355437.34,83820.64,0.2566,0.1466,230,51,4.24,normal,No material exception,SYNTHETIC_DEMO_ONLY,-0.07119057175071253,-0.09498610800246654,-0.04249999999999998,8.2,False
2025-12-01,UKI,Enterprise,Cloud,433826.14,100509.89,0.2758,0.1346,291,60,4.32,normal,No material exception,SYNTHETIC_DEMO_ONLY,-0.0506848180781434,0.13508509985450878,0.02839999999999998,5.6,False
2025-12-01,UKI,Enterprise,Platform,489390.62,121694.37,0.2953,0.1474,333,57,4.02,normal,No material exception,SYNTHETIC_DEMO_ONLY,0.1339215256583277,0.5634259343122603,0.07200000000000001,14.6,False
2025-12-08,Benelux,Commercial,AI,127459.32,25498.39,0.2279,0.1385,69,15,5.0,normal,No material exception,SYNTHETIC_DEMO_ONLY,-0.00011735700723303211,0.14410278730010595,0.01999999999999999,2.0,False
2025-12-08,Benelux,Commercial,Automation,153604.63,28319.12,0.2184,0.1363,105,19,5.42,normal,No material exception,SYNTHETIC_DEMO_ONLY,-0.048482918026610644,-0.12315204433916993,-0.024599999999999983,5.1,False
2025-12-08,Benelux,Commercial,Cloud,202810.76,35711.63,0.2068,0.1171,128,28,5.68,normal,No material exception,SYNTHETIC_DEMO_ONLY,0.0810555126135375,0.043713861851442326,-0.0068999999999999895,5.1,False
2025-12-08,Benelux,Commercial,Platform,216596.99,48304.82,0.2437,0.1464,138,25,4.48,normal,No material exception,SYNTHETIC_DEMO_ONLY,0.08283465255022593,0.22197967769770632,0.004200000000000009,5.0,False
2025-12-08,Benelux,Enterprise,AI,216941.64,53552.21,0.2638,0.1428,139,26,4.05,normal,No material exception,SYNTHETIC_DEMO_ONLY,0.06471869215016146,0.08898899627623824,0.0,3.6,False
2025-12-08,Benelux,Enterprise,Automation,283093.53,61865.02,0.2472,0.1252,175,30,4.58,normal,No material exception,SYNTHETIC_DEMO_ONLY,0.16226325375787898,0.1636519379270467,-0.00739999999999999,9.7,False
2025-12-08,Benelux,Enterprise,Cloud,298633.57,63080.3,0.2594,0.1463,198,39,4.73,normal,No material exception,SYNTHETIC_DEMO_ONLY,-0.007676714953750663,0.17560354692141678,0.039600000000000024,4.4,False
2025-12-08,Benelux,Enterprise,Platform,355679.36,79834.24,0.2513,0.15,236,46,4.46,normal,No material exception,SYNTHETIC_DEMO_ONLY,0.14149630896915122,0.01646359482549098,-0.02799999999999997,10.6,False
2025-12-08,DACH,Commercial,AI,202663.41,52075.87,0.268,0.1568,113,22,3.89,normal,No material exception,SYNTHETIC_DEMO_ONLY,-0.025246583310122417,0.1643820638743727,0.02200000000000002,3.6,False
2025-12-08,DACH,Commercial,Automation,265928.96,52636.82,0.2123,0.1196,177,37,5.05,normal,No material exception,SYNTHETIC_DEMO_ONLY,0.18654318323746533,0.022543154743981608,-0.0252,12.8,False
2025-12-08,DACH,Commercial,Cloud,305207.01,72929.24,0.2745,0.1654,203,45,4.18,normal,No material exception,SYNTHETIC_DEMO_ONLY,0.02387369016703622,-0.010734718554282097,0.006099999999999994,1.9,False
2025-12-08,DACH,Commercial,Platform,352590.88,81540.59,0.2607,0.1507,211,38,4.32,normal,No material exception,SYNTHETIC_DEMO_ONLY,0.09033616186919735,0.0559300910444982,-0.01100000000000001,6.1,False
2025-12-08,DACH,Enterprise,AI,354598.98,83671.09,0.2772,0.1412,238,44,4.24,normal,No material exception,SYNTHETIC_DEMO_ONLY,0.10905903670220307,0.0647571871128263,-0.019799999999999984,8.0,False
2025-12-08,DACH,Enterprise,Automation,427439.17,103641.68,0.2733,0.1492,264,43,4.12,normal,No material exception,SYNTHETIC_DEMO_ONLY,-0.025052664342320008,0.04946989668093815,0.021199999999999997,3.5,False
2025-12-08,DACH,Enterprise,Cloud,516848.73,146044.03,0.2939,0.1846,347,72,3.54,normal,No material exception,SYNTHETIC_DEMO_ONLY,0.06114327284326171,0.4131694976690701,0.049600000000000005,8.3,False
2025-12-08,DACH,Enterprise,Platform,525041.13,117701.31,0.2402,0.1288,346,76,4.46,normal,No material exception,SYNTHETIC_DEMO_ONLY,-0.04010442187605057,-0.18371477078383314,-0.05629999999999999,7.8,False
2025-12-08,France,Commercial,AI,155142.2,31764.16,0.2269,0.1314,118,20,4.88,normal,No material exception,SYNTHETIC_DEMO_ONLY,0.0247369335343941,0.1584510445299716,0.03419999999999998,4.8,False
2025-12-08,France,Commercial,Automation,206303.53,45553.77,0.2415,0.1329,133,23,4.53,normal,No material exception,SYNTHETIC_DEMO_ONLY,0.027960393059816457,0.08416415957099677,0.007599999999999996,2.3,False
2025-12-08,France,Commercial,Cloud,237601.49,39508.29,0.2007,0.11,158,32,6.01,normal,No material exception,SYNTHETIC_DEMO_ONLY,0.12398014579104233,0.005222498112740892,-0.010700000000000015,7.9,False
2025-12-08,France,Commercial,Platform,244492.81,52175.64,0.2532,0.1506,167,35,4.69,normal,No material exception,SYNTHETIC_DEMO_ONLY,0.09680541207069626,0.03943074756815035,-0.0021000000000000463,5.5,False
2025-12-08,France,Enterprise,AI,258993.23,63512.31,0.2761,0.1287,165,36,4.08,normal,No material exception,SYNTHETIC_DEMO_ONLY,0.035957960767046604,0.1486820930393229,0.0325,5.2,False
2025-12-08,France,Enterprise,Automation,326563.28,66695.47,0.2338,0.1466,221,47,4.9,normal,No material exception,SYNTHETIC_DEMO_ONLY,0.04698312003542826,-0.005821037420933428,-0.02260000000000001,4.8,False
2025-12-08,France,Enterprise,Cloud,380686.39,66690.27,0.2144,0.122,228,43,5.71,normal,No material exception,SYNTHETIC_DEMO_ONLY,0.11364646279255197,-0.06590857426346919,-0.031299999999999994,9.4,False
2025-12-08,France,Enterprise,Platform,414820.81,105785.02,0.2532,0.1323,267,43,3.92,normal,No material exception,SYNTHETIC_DEMO_ONLY,-0.03783206233644787,0.21453645497329554,-0.0001000000000000445,2.1,False
2025-12-08,Iberia,Commercial,AI,125903.42,21644.47,0.2058,0.1171,70,13,5.82,normal,No material exception,SYNTHETIC_DEMO_ONLY,0.05010753509674326,-0.03521796941060151,-0.03839999999999999,6.6,False
2025-12-08,Iberia,Commercial,Automation,161166.15,28900.11,0.2059,0.1178,118,22,5.58,normal,No material exception,SYNTHETIC_DEMO_ONLY,0.125288590319117,0.021162721837040044,-0.02529999999999999,9.4,False
2025-12-08,Iberia,Commercial,Cloud,173141.55,37869.92,0.2207,0.1089,117,21,4.57,normal,No material exception,SYNTHETIC_DEMO_ONLY,-0.04169635163772489,0.23825041092540045,0.030100000000000016,5.3,False
2025-12-08,Iberia,Commercial,Platform,202123.23,45778.94,0.2451,0.1336,111,18,4.42,normal,No material exception,SYNTHETIC_DEMO_ONLY,0.06503877960688831,-0.02450139317552813,-0.026999999999999996,6.3,False
2025-12-08,Iberia,Enterprise,AI,208253.6,51289.32,0.2609,0.1402,115,17,4.06,normal,No material exception,SYNTHETIC_DEMO_ONLY,0.11849673200508182,0.03760261862085423,-0.024899999999999978,9.0,False
2025-12-08,Iberia,Enterprise,Automation,260631.02,57017.48,0.2464,0.132,171,30,4.57,normal,No material exception,SYNTHETIC_DEMO_ONLY,0.06979341365625369,0.08590183066915058,-0.01429999999999998,5.3,False
2025-12-08,Iberia,Enterprise,Cloud,308063.78,60631.5,0.2049,0.1024,219,41,5.08,normal,No material exception,SYNTHETIC_DEMO_ONLY,0.08964291659088497,-0.022074473404245065,-0.04500000000000001,9.4,False
2025-12-08,Iberia,Enterprise,Platform,352637.58,79970.91,0.2538,0.1191,238,40,4.41,normal,No material exception,SYNTHETIC_DEMO_ONLY,0.11477627376645105,0.12191029252948393,0.0012000000000000344,6.4,False
2025-12-08,Nordics,Commercial,AI,142139.82,36471.48,0.249,0.1272,85,15,3.9,normal,No material exception,SYNTHETIC_DEMO_ONLY,0.009418624841146528,0.4233300356501024,0.038099999999999995,4.3,False
2025-12-08,Nordics,Commercial,Automation,178213.03,28185.66,0.1844,0.1179,88,16,6.32,normal,No material exception,SYNTHETIC_DEMO_ONLY,0.13994785663574816,-0.16617800151880147,-0.050199999999999995,12.7,False
2025-12-08,Nordics,Commercial,Cloud,213775.0,28452.08,0.154,0.0879,135,18,7.51,normal,No material exception,SYNTHETIC_DEMO_ONLY,0.0442397653634401,-0.32419114325197773,-0.0811,10.5,False
2025-12-08,Nordics,Commercial,Platform,232141.12,48772.49,0.232,0.1263,164,30,4.76,normal,No material exception,SYNTHETIC_DEMO_ONLY,0.16948374498989427,0.19814227415790397,-0.009099999999999997,10.2,False
2025-12-08,Nordics,Enterprise,AI,247925.8,60233.08,0.2754,0.163,168,37,4.12,normal,No material exception,SYNTHETIC_DEMO_ONLY,0.14881132874214953,0.10598739536302282,0.007199999999999984,8.9,False
2025-12-08,Nordics,Enterprise,Automation,287255.84,61901.78,0.2541,0.1394,200,29,4.64,normal,No material exception,SYNTHETIC_DEMO_ONLY,-0.012788502184021278,-0.030897511826545987,-0.01529999999999998,2.2,False
2025-12-08,Nordics,Enterprise,Cloud,340776.31,71866.33,0.2459,0.1579,201,36,4.74,normal,No material exception,SYNTHETIC_DEMO_ONLY,0.030097596441128083,0.03236834692105939,-0.0010000000000000009,1.8,False
2025-12-08,Nordics,Enterprise,Platform,368775.44,71983.75,0.2493,0.1162,218,28,5.12,normal,No material exception,SYNTHETIC_DEMO_ONLY,0.04160535859172354,-0.001679914036331609,0.030299999999999994,5.3,False
2025-12-08,UKI,Commercial,AI,186068.44,34390.36,0.2224,0.1491,118,16,5.41,normal,No material exception,SYNTHETIC_DEMO_ONLY,0.09489410942971999,-0.061141976833736456,-0.04680000000000001,9.9,False
2025-12-08,UKI,Commercial,Automation,255380.65,61386.73,0.2491,0.1332,162,30,4.16,normal,No material exception,SYNTHETIC_DEMO_ONLY,0.09032568326952051,0.5319685384431287,0.05159999999999998,10.1,False
2025-12-08,UKI,Commercial,Cloud,283176.15,59134.71,0.2473,0.1257,164,32,4.79,normal,No material exception,SYNTHETIC_DEMO_ONLY,0.05383609667319256,0.035456436548543246,0.004299999999999998,3.4,False
2025-12-08,UKI,Commercial,Platform,310842.0,60650.66,0.2322,0.1313,202,41,5.13,normal,No material exception,SYNTHETIC_DEMO_ONLY,0.1867581186881817,0.1556303737894833,0.00019999999999997797,10.3,False
2025-12-08,UKI,Enterprise,AI,307065.6,78889.28,0.2877,0.1641,183,28,3.89,normal,No material exception,SYNTHETIC_DEMO_ONLY,0.02405105421375353,0.22837237539863287,0.03570000000000001,4.9,False
2025-12-08,UKI,Enterprise,Automation,373429.63,84483.0,0.2551,0.1381,241,43,4.42,normal,No material exception,SYNTHETIC_DEMO_ONLY,0.007344235436351321,0.0027095221145498893,-0.019100000000000006,2.3,False
2025-12-08,UKI,Enterprise,Cloud,439814.05,103905.15,0.2638,0.1388,286,69,4.23,normal,No material exception,SYNTHETIC_DEMO_ONLY,0.11194279426696752,0.22899850339294403,0.009199999999999986,7.1,False
2025-12-08,UKI,Enterprise,Platform,484931.74,106684.07,0.2356,0.1258,320,60,4.55,normal,No material exception,SYNTHETIC_DEMO_ONLY,0.0004564786798091358,-0.1107216058814835,-0.01670000000000002,1.7,False
2025-12-15,Benelux,Commercial,AI,141039.9,31683.35,0.2444,0.1312,78,14,4.45,normal,No material exception,SYNTHETIC_DEMO_ONLY,0.024365075139889614,0.2098612357990941,0.016399999999999998,3.0,False
2025-12-15,Benelux,Commercial,Automation,174803.28,43193.09,0.2837,0.1788,112,21,4.05,normal,No material exception,SYNTHETIC_DEMO_ONLY,0.1798617576248991,0.42470906711816037,0.05860000000000001,15.8,False
2025-12-15,Benelux,Commercial,Cloud,188701.01,40241.56,0.2388,0.155,117,20,4.69,normal,No material exception,SYNTHETIC_DEMO_ONLY,0.13405947608295188,0.16024749449307452,0.002700000000000008,7.6,False
2025-12-15,Benelux,Commercial,Platform,235983.6,52030.84,0.2343,0.1205,146,24,4.54,normal,No material exception,SYNTHETIC_DEMO_ONLY,0.21463712690355496,0.41388728486665016,0.0015000000000000013,12.0,False
2025-12-15,Benelux,Enterprise,AI,221953.23,41815.39,0.2023,0.1231,126,20,5.31,normal,No material exception,SYNTHETIC_DEMO_ONLY,0.04888210972938234,-0.16337495178171568,-0.053299999999999986,8.0,False
2025-12-15,Benelux,Enterprise,Automation,269359.16,61316.25,0.2669,0.1445,174,25,4.39,normal,No material exception,SYNTHETIC_DEMO_ONLY,-0.0004554294910134038,0.00675975768641246,0.003400000000000014,0.4,False
2025-12-15,Benelux,Enterprise,Cloud,290951.64,66987.94,0.2622,0.1311,192,31,4.34,normal,No material exception,SYNTHETIC_DEMO_ONLY,-0.05186307448358107,-0.20510216928699898,-0.02460000000000001,5.3,False
2025-12-15,Benelux,Enterprise,Platform,362371.44,98861.5,0.296,0.1562,250,36,3.67,normal,No material exception,SYNTHETIC_DEMO_ONLY,0.010075179041852511,0.26313004139160423,0.03870000000000001,4.4,False
2025-12-15,DACH,Commercial,AI,221664.64,42546.91,0.2228,0.1375,128,25,5.21,normal,No material exception,SYNTHETIC_DEMO_ONLY,0.14787685547359475,-0.007117072315830031,-0.025999999999999995,10.7,False
2025-12-15,DACH,Commercial,Automation,260783.95,57580.26,0.2404,0.1338,141,30,4.53,normal,No material exception,SYNTHETIC_DEMO_ONLY,0.03522638058891414,-0.039331826435840433,-0.03999999999999998,5.9,False
2025-12-15,DACH,Commercial,Cloud,313010.86,63799.05,0.2187,0.1281,182,36,4.91,normal,No material exception,SYNTHETIC_DEMO_ONLY,0.13923410892709254,0.12095100931896652,-0.024999999999999994,10.2,False
2025-12-15,DACH,Commercial,Platform,332279.02,87085.67,0.2955,0.1746,200,33,3.82,normal,No material exception,SYNTHETIC_DEMO_ONLY,0.056070557976722,0.1692782607084442,0.02729999999999999,5.8,False
2025-12-15,DACH,Enterprise,AI,355404.69,79766.88,0.2672,0.1605,236,48,4.46,normal,No material exception,SYNTHETIC_DEMO_ONLY,-0.0015761067785934335,0.07088798572952726,0.028799999999999992,3.0,False
2025-12-15,DACH,Enterprise,Automation,424487.64,102981.01,0.2619,0.1379,266,50,4.12,normal,No material exception,SYNTHETIC_DEMO_ONLY,0.17693675781163565,0.05045447164025152,-0.021699999999999997,11.9,False
2025-12-15,DACH,Enterprise,Cloud,482085.25,115332.25,0.2896,0.1816,320,62,4.18,normal,No material exception,SYNTHETIC_DEMO_ONLY,-0.03806568945304234,0.04267469545777702,0.029600000000000015,5.1,False
2025-12-15,DACH,Enterprise,Platform,629104.66,188581.16,0.308,0.1758,392,69,3.34,normal,No material exception,SYNTHETIC_DEMO_ONLY,0.2986191534523188,0.6716107321393685,0.03370000000000001,19.8,False
2025-12-15,France,Commercial,AI,143632.1,28855.05,0.2213,0.1192,101,20,4.98,normal,No material exception,SYNTHETIC_DEMO_ONLY,-0.11751561205907135,-0.21426968733678875,-0.008899999999999991,7.4,False
2025-12-15,France,Commercial,Automation,213642.15,39062.73,0.2275,0.1189,141,29,5.47,normal,No material exception,SYNTHETIC_DEMO_ONLY,0.12156393913188235,-0.08418937433827567,-0.021299999999999986,8.8,False
2025-12-15,France,Commercial,Cloud,232770.03,55408.84,0.2458,0.1281,174,24,4.2,normal,No material exception,SYNTHETIC_DEMO_ONLY,0.09012111643524201,0.4131591565244892,0.038099999999999995,8.8,False
2025-12-15,France,Commercial,Platform,238058.46,48351.66,0.2277,0.139,157,35,4.92,normal,No material exception,SYNTHETIC_DEMO_ONLY,-0.0279182730659997,-0.15349268133323735,-0.024899999999999978,4.0,False
2025-12-15,France,Enterprise,AI,251723.35,55241.88,0.2744,0.1675,179,38,4.56,normal,No material exception,SYNTHETIC_DEMO_ONLY,-0.03944907115862106,-0.07410401996810101,0.03199999999999997,5.4,False
2025-12-15,France,Enterprise,Automation,312855.68,68080.0,0.2353,0.1327,195,29,4.6,normal,No material exception,SYNTHETIC_DEMO_ONLY,-0.05179531273820237,0.009818886728075515,0.006000000000000005,3.4,False
2025-12-15,France,Enterprise,Cloud,368195.37,85149.04,0.265,0.1413,228,51,4.32,normal,No material exception,SYNTHETIC_DEMO_ONLY,-0.05128664103579572,0.0212119445845651,0.021900000000000003,5.0,False
2025-12-15,France,Enterprise,Platform,427563.83,104145.25,0.2713,0.144,294,48,4.11,normal,No material exception,SYNTHETIC_DEMO_ONLY,0.04670034686265545,0.0724350410936927,0.0126,3.8,False
2025-12-15,Iberia,Commercial,AI,127856.94,25949.62,0.2158,0.1072,104,20,4.93,normal,No material exception,SYNTHETIC_DEMO_ONLY,0.07730701178839339,0.3491114969897997,0.0023999999999999855,4.5,False
2025-12-15,Iberia,Commercial,Automation,138279.42,29235.58,0.2419,0.1284,85,15,4.73,normal,No material exception,SYNTHETIC_DEMO_ONLY,-0.005064207013132371,0.08943837743045968,0.024800000000000016,2.8,False
2025-12-15,Iberia,Commercial,Cloud,156933.04,32968.38,0.238,0.1443,108,20,4.76,normal,No material exception,SYNTHETIC_DEMO_ONLY,-0.08842967060088991,-0.10476307369462645,0.013999999999999985,6.3,False
2025-12-15,Iberia,Commercial,Platform,211506.82,38383.54,0.2089,0.1094,144,29,5.51,normal,No material exception,SYNTHETIC_DEMO_ONLY,5.550956551814146e-05,-0.1747885241256425,-0.028700000000000003,2.9,False
2025-12-15,Iberia,Enterprise,AI,195203.18,45455.65,0.2747,0.1368,138,24,4.29,normal,No material exception,SYNTHETIC_DEMO_ONLY,-0.031492935272829814,0.0884379396910322,0.03040000000000001,4.8,False
2025-12-15,Iberia,Enterprise,Automation,255942.31,54540.99,0.2468,0.1405,170,34,4.69,normal,No material exception,SYNTHETIC_DEMO_ONLY,0.10844816189346917,-0.08064442722861298,-0.04719999999999999,10.7,False
2025-12-15,Iberia,Enterprise,Cloud,252270.48,50542.6,0.2393,0.1206,183,37,4.99,normal,No material exception,SYNTHETIC_DEMO_ONLY,-0.12515654438498225,-0.1395642203787153,-0.0022999999999999965,7.1,False
2025-12-15,Iberia,Enterprise,Platform,329389.84,72267.79,0.244,0.1296,197,38,4.56,normal,No material exception,SYNTHETIC_DEMO_ONLY,0.030712777393187007,-0.19314753983418553,-0.028000000000000025,4.5,False
2025-12-15,Nordics,Commercial,AI,141729.77,29642.17,0.2353,0.1351,70,13,4.78,normal,No material exception,SYNTHETIC_DEMO_ONLY,0.01634290359448798,0.09412677062816877,0.016500000000000015,2.5,False
2025-12-15,Nordics,Commercial,Automation,189495.81,40194.1,0.2359,0.1417,143,27,4.71,normal,No material exception,SYNTHETIC_DEMO_ONLY,-0.0010046583207503623,0.17301471678334335,0.027700000000000002,2.8,False
2025-12-15,Nordics,Commercial,Cloud,212506.77,36597.14,0.2027,0.11,162,32,5.81,normal,No material exception,SYNTHETIC_DEMO_ONLY,0.048485041654120264,0.04682864793230879,0.006199999999999983,3.3,False
2025-12-15,Nordics,Commercial,Platform,236476.77,49685.5,0.234,0.135,165,30,4.76,normal,No material exception,SYNTHETIC_DEMO_ONLY,0.16701421444504794,0.13366295970100883,-0.013899999999999996,10.6,False
2025-12-15,Nordics,Enterprise,AI,243020.14,57719.69,0.2503,0.1592,155,26,4.21,normal,No material exception,SYNTHETIC_DEMO_ONLY,-0.01315641790685973,0.5516175000383068,0.039100000000000024,4.6,False
2025-12-15,Nordics,Enterprise,Automation,297076.32,52439.25,0.2032,0.1026,180,39,5.67,normal,No material exception,SYNTHETIC_DEMO_ONLY,0.0488013955854405,-0.16145620872683275,-0.07780000000000004,10.5,False
2025-12-15,Nordics,Enterprise,Cloud,358179.89,78732.73,0.2508,0.1377,239,41,4.55,normal,No material exception,SYNTHETIC_DEMO_ONLY,0.2392405084312874,0.29895117412997374,0.031000000000000028,16.3,False
2025-12-15,Nordics,Enterprise,Platform,352936.29,76850.67,0.259,0.1377,234,49,4.59,normal,No material exception,SYNTHETIC_DEMO_ONLY,-0.02016557859964052,0.10306134532121614,0.025999999999999995,3.7,False
2025-12-15,UKI,Commercial,AI,191551.24,40162.17,0.2257,0.1201,114,20,4.77,normal,No material exception,SYNTHETIC_DEMO_ONLY,0.003722578848696978,0.07627585796606096,0.014200000000000018,1.6,False
2025-12-15,UKI,Commercial,Automation,215737.12,43703.92,0.2476,0.1311,134,28,4.94,normal,No material exception,SYNTHETIC_DEMO_ONLY,-0.05676798771045066,0.11240690791089625,0.05489999999999998,8.6,False
2025-12-15,UKI,Commercial,Cloud,297881.57,62878.18,0.2437,0.1309,177,32,4.74,normal,No material exception,SYNTHETIC_DEMO_ONLY,0.058935221859766074,0.11209924004352301,0.02099999999999999,5.3,False
2025-12-15,UKI,Commercial,Platform,328368.99,73878.91,0.2606,0.1555,210,40,4.44,normal,No material exception,SYNTHETIC_DEMO_ONLY,0.37405996781533823,0.4105526859129378,0.006500000000000006,21.2,False
2025-12-15,UKI,Enterprise,AI,318817.69,78083.33,0.2647,0.1423,217,45,4.08,normal,No material exception,SYNTHETIC_DEMO_ONLY,-0.022452630830157916,0.10606056528219998,0.012199999999999989,2.5,False
2025-12-15,UKI,Enterprise,Automation,348739.12,77813.28,0.253,0.1375,253,30,4.48,normal,No material exception,SYNTHETIC_DEMO_ONLY,-0.10479495763719082,-0.20427873633213833,-0.015699999999999992,7.3,False
2025-12-15,UKI,Enterprise,Cloud,405876.19,95873.32,0.2635,0.1204,254,45,4.23,normal,No material exception,SYNTHETIC_DEMO_ONLY,0.06491894793479269,0.16698691661499576,0.005500000000000005,4.1,False
2025-12-15,UKI,Enterprise,Platform,520367.11,119581.66,0.2793,0.1541,349,60,4.35,normal,No material exception,SYNTHETIC_DEMO_ONLY,0.054117229093537667,-0.03890399605600858,0.0019000000000000128,3.2,False
2025-12-22,Benelux,Commercial,AI,133047.05,24726.88,0.1974,0.1048,102,26,5.38,normal,No material exception,SYNTHETIC_DEMO_ONLY,-0.010105480975152292,-0.07976431848563603,-0.0015000000000000013,0.7,False
2025-12-22,Benelux,Commercial,Automation,180205.05,33744.54,0.2207,0.1255,112,18,5.34,normal,No material exception,SYNTHETIC_DEMO_ONLY,0.1444811009675866,0.06418029721136498,-0.02679999999999999,10.6,False
2025-12-22,Benelux,Commercial,Cloud,204218.58,45817.22,0.2325,0.1384,129,23,4.46,normal,No material exception,SYNTHETIC_DEMO_ONLY,0.07862070378826558,0.622359610638396,0.0557,9.9,False
2025-12-22,Benelux,Commercial,Platform,210206.82,45821.26,0.2359,0.1459,146,26,4.59,normal,No material exception,SYNTHETIC_DEMO_ONLY,0.01878339109321403,0.2028067519125729,0.008899999999999991,1.9,False
2025-12-22,Benelux,Enterprise,AI,224953.65,57645.05,0.2912,0.1556,156,31,3.9,normal,No material exception,SYNTHETIC_DEMO_ONLY,0.01858157877447164,0.4025126230892624,0.056400000000000006,6.7,False
2025-12-22,Benelux,Enterprise,Automation,279545.09,69538.95,0.2776,0.1592,185,31,4.02,normal,No material exception,SYNTHETIC_DEMO_ONLY,-0.006933152869437964,0.0568441494571017,0.016400000000000026,2.0,False
2025-12-22,Benelux,Enterprise,Cloud,327457.67,79720.92,0.2543,0.1405,204,31,4.11,normal,No material exception,SYNTHETIC_DEMO_ONLY,0.1547476135951289,0.517137537816196,0.038500000000000034,12.4,False
2025-12-22,Benelux,Enterprise,Platform,319555.68,72025.06,0.2448,0.1333,209,40,4.44,normal,No material exception,SYNTHETIC_DEMO_ONLY,-0.050982071319322864,-0.14593592123525845,-0.033800000000000024,6.2,False
2025-12-22,DACH,Commercial,AI,234293.22,53523.34,0.2572,0.1309,152,23,4.38,normal,No material exception,SYNTHETIC_DEMO_ONLY,0.08524264907475865,0.014648355858498663,-0.005500000000000005,5.2,False
2025-12-22,DACH,Commercial,Automation,270430.01,59280.5,0.2391,0.1359,173,31,4.56,normal,No material exception,SYNTHETIC_DEMO_ONLY,-0.054826855736239355,-0.027332736852243578,-0.010399999999999993,4.1,False
2025-12-22,DACH,Commercial,Cloud,288838.9,70969.85,0.248,0.1392,183,45,4.07,normal,No material exception,SYNTHETIC_DEMO_ONLY,0.02339314723644903,0.05204950706106537,-0.0009000000000000119,1.4,False
2025-12-22,DACH,Commercial,Platform,374265.22,102745.23,0.2882,0.1604,244,42,3.64,normal,No material exception,SYNTHETIC_DEMO_ONLY,0.09334463997062792,0.2730719220524136,0.033299999999999996,8.5,False
2025-12-22,DACH,Enterprise,AI,373743.57,93362.95,0.2882,0.1532,248,56,4.0,normal,No material exception,SYNTHETIC_DEMO_ONLY,0.09611133480150746,0.12512037479689475,0.005400000000000016,5.8,False
2025-12-22,DACH,Enterprise,Automation,484109.96,113145.92,0.2778,0.172,320,64,4.28,normal,No material exception,SYNTHETIC_DEMO_ONLY,0.24247720681265927,0.1315463290673382,0.0015999999999999903,13.5,False
2025-12-22,DACH,Enterprise,Cloud,478176.21,121258.27,0.2769,0.1695,298,56,3.94,normal,No material exception,SYNTHETIC_DEMO_ONLY,0.016266319568877696,0.25166752032311357,0.034999999999999976,4.4,False
2025-12-22,DACH,Enterprise,Platform,614864.64,169620.16,0.3171,0.1643,391,58,3.62,normal,No material exception,SYNTHETIC_DEMO_ONLY,0.16010053323732,0.21281293254057965,0.0049000000000000155,9.3,False
2025-12-22,France,Commercial,AI,165856.76,33785.92,0.2584,0.1693,119,21,4.91,normal,No material exception,SYNTHETIC_DEMO_ONLY,0.02678884120102598,-0.08796910544042591,0.007599999999999996,2.2,False
2025-12-22,France,Commercial,Automation,196581.82,38053.61,0.2172,0.1082,116,22,5.17,normal,No material exception,SYNTHETIC_DEMO_ONLY,0.058358526856958415,-0.029218392129991333,-0.011899999999999994,4.4,False
2025-12-22,France,Commercial,Cloud,209892.85,33950.72,0.1966,0.1144,119,15,6.18,normal,No material exception,SYNTHETIC_DEMO_ONLY,-0.059738981100423305,-0.1913156527004245,-0.0416,7.4,False
2025-12-22,France,Commercial,Platform,260422.39,54568.67,0.2216,0.1112,164,39,4.77,normal,No material exception,SYNTHETIC_DEMO_ONLY,0.09143306251580019,0.08010873003274255,-0.037599999999999995,8.8,False
2025-12-22,France,Enterprise,AI,269655.48,55305.82,0.2482,0.1406,201,33,4.88,normal,No material exception,SYNTHETIC_DEMO_ONLY,0.08311172135630374,0.144024096031647,0.007099999999999995,5.3,False
2025-12-22,France,Enterprise,Automation,339206.33,81919.14,0.2854,0.1732,230,44,4.14,normal,No material exception,SYNTHETIC_DEMO_ONLY,0.0841887887766053,0.05091230973502414,0.006199999999999983,5.3,False
2025-12-22,France,Enterprise,Cloud,359370.83,89997.53,0.2933,0.1676,216,37,3.99,normal,No material exception,SYNTHETIC_DEMO_ONLY,-0.04551071021785902,0.16407521322239482,0.05050000000000002,7.6,False
2025-12-22,France,Enterprise,Platform,422816.22,102862.89,0.2838,0.1657,299,69,4.11,normal,No material exception,SYNTHETIC_DEMO_ONLY,0.036052762957035966,-0.16742825765906444,-0.009699999999999986,3.0,False
2025-12-22,Iberia,Commercial,AI,129795.56,23238.19,0.2079,0.1108,88,16,5.59,normal,No material exception,SYNTHETIC_DEMO_ONLY,0.16380246099738582,0.090089498440028,-0.009599999999999997,10.0,False
2025-12-22,Iberia,Commercial,Automation,158446.16,27616.57,0.2177,0.1133,111,18,5.74,normal,No material exception,SYNTHETIC_DEMO_ONLY,0.16191657742779553,-0.057537936932515854,-0.0169,10.6,False
2025-12-22,Iberia,Commercial,Cloud,186761.32,34952.94,0.2135,0.1226,113,18,5.34,normal,No material exception,SYNTHETIC_DEMO_ONLY,0.0480456158125151,0.11903623067303659,-0.014100000000000001,4.1,False
2025-12-22,Iberia,Commercial,Platform,190794.11,40022.95,0.2144,0.1148,112,18,4.77,normal,No material exception,SYNTHETIC_DEMO_ONLY,0.06320461770484243,-0.03737277456965782,-0.0577,9.2,False
2025-12-22,Iberia,Enterprise,AI,195420.6,43415.64,0.2344,0.1338,129,23,4.5,normal,No material exception,SYNTHETIC_DEMO_ONLY,0.0015343795787245984,0.1848519127509909,0.00789999999999999,0.9,False
2025-12-22,Iberia,Enterprise,Automation,273661.43,58061.81,0.2647,0.1697,167,34,4.71,normal,No material exception,SYNTHETIC_DEMO_ONLY,0.07306324193744196,-0.03601387060740857,0.00019999999999997797,4.0,False
2025-12-22,Iberia,Enterprise,Cloud,284453.2,50376.1,0.1889,0.1084,176,37,5.65,normal,No material exception,SYNTHETIC_DEMO_ONLY,-0.05592248064073746,-0.3221392884199026,-0.07639999999999997,10.7,False
2025-12-22,Iberia,Enterprise,Platform,298760.53,61326.94,0.244,0.1248,185,36,4.87,normal,No material exception,SYNTHETIC_DEMO_ONLY,-0.05577900716899986,-0.2260669810424274,-0.02689999999999998,5.8,False
2025-12-22,Nordics,Commercial,AI,136405.72,21859.67,0.1852,0.1058,81,16,6.24,normal,No material exception,SYNTHETIC_DEMO_ONLY,-0.04018210443914749,-0.3342104060890515,-0.06910000000000002,9.1,False
2025-12-22,Nordics,Commercial,Automation,180192.81,37982.58,0.2428,0.1318,124,22,4.74,normal,No material exception,SYNTHETIC_DEMO_ONLY,0.04094148075270354,-0.07760913488625099,-0.007700000000000012,3.0,False
2025-12-22,Nordics,Commercial,Cloud,209127.53,49154.6,0.2563,0.1383,117,24,4.25,normal,No material exception,SYNTHETIC_DEMO_ONLY,0.14858251665733424,0.6494334063736329,0.06669999999999998,14.8,False
2025-12-22,Nordics,Commercial,Platform,238869.68,52509.07,0.2539,0.1314,168,30,4.55,normal,No material exception,SYNTHETIC_DEMO_ONLY,0.14569656713125623,0.37673927515268035,0.01940000000000003,10.0,False
2025-12-22,Nordics,Enterprise,AI,260608.79,64502.52,0.2655,0.1362,169,27,4.04,normal,No material exception,SYNTHETIC_DEMO_ONLY,0.20510834950533274,0.2896124476127906,0.013500000000000012,12.6,False
2025-12-22,Nordics,Enterprise,Automation,324579.21,65473.75,0.2391,0.1408,204,38,4.96,normal,No material exception,SYNTHETIC_DEMO_ONLY,0.18842468319185635,0.27716676771057913,0.037000000000000005,14.1,False
2025-12-22,Nordics,Enterprise,Cloud,363327.67,74711.95,0.2266,0.1257,271,54,4.86,normal,No material exception,SYNTHETIC_DEMO_ONLY,0.11589795455787932,-0.019304920477300258,-0.04050000000000001,10.4,False
2025-12-22,Nordics,Enterprise,Platform,401269.12,91623.98,0.2754,0.1502,257,44,4.38,normal,No material exception,SYNTHETIC_DEMO_ONLY,0.08648377857505718,0.26929284259097375,0.040799999999999975,8.8,False
2025-12-22,UKI,Commercial,AI,185359.72,35667.36,0.235,0.1222,138,26,5.2,normal,No material exception,SYNTHETIC_DEMO_ONLY,-0.07502277265835844,-0.20288279654865393,0.002899999999999986,4.4,False
2025-12-22,UKI,Commercial,Automation,223047.86,46580.05,0.2434,0.1413,153,31,4.79,normal,No material exception,SYNTHETIC_DEMO_ONLY,-0.03370196552667826,0.058444333909061674,0.025400000000000006,4.4,False
2025-12-22,UKI,Commercial,Cloud,277686.98,57492.66,0.236,0.1168,187,33,4.83,normal,No material exception,SYNTHETIC_DEMO_ONLY,0.040921802902617266,-0.017256613040772195,-0.01050000000000001,3.3,False
2025-12-22,UKI,Commercial,Platform,310991.86,59741.85,0.2355,0.1513,204,35,5.21,normal,No material exception,SYNTHETIC_DEMO_ONLY,-0.003651919538846027,-0.11384275957491874,0.0010999999999999899,0.3,False
2025-12-22,UKI,Enterprise,AI,305811.23,58394.24,0.2465,0.1392,232,39,5.24,normal,No material exception,SYNTHETIC_DEMO_ONLY,0.04273515959859919,-0.1537751005063649,0.00020000000000000573,2.4,False
2025-12-22,UKI,Enterprise,Automation,397721.1,70494.1,0.2243,0.1313,253,41,5.64,normal,No material exception,SYNTHETIC_DEMO_ONLY,0.11225901412656203,-0.25991875852476964,-0.06090000000000001,12.3,False
2025-12-22,UKI,Enterprise,Cloud,462934.02,100895.97,0.2473,0.1408,276,40,4.59,normal,No material exception,SYNTHETIC_DEMO_ONLY,0.08587339604430544,-0.0023762981244123127,-0.011399999999999993,5.9,False
2025-12-22,UKI,Enterprise,Platform,499115.49,112508.39,0.2691,0.1578,319,56,4.44,normal,No material exception,SYNTHETIC_DEMO_ONLY,0.07235450393928189,-0.054866733126281986,-0.0020000000000000018,4.2,False
2025-12-29,Benelux,Commercial,AI,139113.42,27031.91,0.2297,0.1378,61,9,5.15,normal,No material exception,SYNTHETIC_DEMO_ONLY,0.0937031575018048,0.24312535410243785,0.027999999999999997,8.0,False
2025-12-29,Benelux,Commercial,Automation,176191.06,31180.92,0.1975,0.1091,120,24,5.65,normal,No material exception,SYNTHETIC_DEMO_ONLY,0.05679512357272931,-0.013080569560416033,-0.009699999999999986,4.1,False
2025-12-29,Benelux,Commercial,Cloud,191931.61,33100.08,0.2401,0.127,81,14,5.8,normal,No material exception,SYNTHETIC_DEMO_ONLY,0.08190156711786378,-0.06119571044055616,0.008800000000000002,5.4,False
2025-12-29,Benelux,Commercial,Platform,211012.86,39851.54,0.2101,0.1351,127,27,5.29,normal,No material exception,SYNTHETIC_DEMO_ONLY,-0.03412538311645141,-0.20745374373644165,-0.036000000000000004,5.5,False
2025-12-29,Benelux,Enterprise,AI,248009.86,55714.39,0.2561,0.1147,142,23,4.45,normal,No material exception,SYNTHETIC_DEMO_ONLY,0.26602173591223943,0.11469756282409405,-0.01579999999999998,16.2,False
2025-12-29,Benelux,Enterprise,Automation,292056.23,49481.67,0.2276,0.1385,203,32,5.9,normal,No material exception,SYNTHETIC_DEMO_ONLY,0.28418051310282477,-0.10616417013449897,-0.027099999999999985,18.3,False
2025-12-29,Benelux,Enterprise,Cloud,321776.13,66108.3,0.2012,0.1061,207,32,4.87,normal,No material exception,SYNTHETIC_DEMO_ONLY,0.060439133462704575,-0.047165305144113656,-0.04240000000000002,7.6,False
2025-12-29,Benelux,Enterprise,Platform,341251.98,96051.32,0.3002,0.1545,233,46,3.55,normal,No material exception,SYNTHETIC_DEMO_ONLY,-0.03493416253005799,0.19737789686984408,0.03210000000000002,5.1,False
2025-12-29,DACH,Commercial,AI,225135.66,49994.62,0.24,0.1515,138,33,4.5,normal,No material exception,SYNTHETIC_DEMO_ONLY,0.01919961183292096,0.1913212912738953,0.019699999999999995,3.0,False
2025-12-29,DACH,Commercial,Automation,298826.89,55233.52,0.2275,0.1216,181,34,5.41,normal,No material exception,SYNTHETIC_DEMO_ONLY,0.14269657554940385,0.34580698074300464,0.027900000000000008,10.6,False
2025-12-29,DACH,Commercial,Cloud,304205.3,62740.38,0.2435,0.147,209,32,4.85,normal,No material exception,SYNTHETIC_DEMO_ONLY,-0.06966699643675223,-0.12095361243984615,-0.005299999999999999,4.4,False
2025-12-29,DACH,Commercial,Platform,356945.36,72604.95,0.2334,0.1395,233,39,4.92,normal,No material exception,SYNTHETIC_DEMO_ONLY,0.12343085481971938,-0.12700291676576403,-0.05209999999999998,12.0,False
2025-12-29,DACH,Enterprise,AI,325413.47,74046.25,0.2335,0.1397,193,37,4.39,normal,No material exception,SYNTHETIC_DEMO_ONLY,0.031042439612848582,-0.06361233281851542,-0.03279999999999997,5.0,False
2025-12-29,DACH,Enterprise,Automation,434009.85,111115.62,0.2807,0.1356,277,48,3.91,normal,No material exception,SYNTHETIC_DEMO_ONLY,-0.03968121945857317,-0.016171477658544542,0.011099999999999999,3.3,False
2025-12-29,DACH,Enterprise,Cloud,573702.2,145437.24,0.299,0.153,372,86,3.94,normal,No material exception,SYNTHETIC_DEMO_ONLY,0.1556855573157907,0.3577254306687092,0.052299999999999985,13.8,False
2025-12-29,DACH,Enterprise,Platform,538932.58,137856.29,0.2981,0.1824,344,71,3.91,normal,No material exception,SYNTHETIC_DEMO_ONLY,-0.03637301213660327,-0.21519315586292842,0.004799999999999971,2.5,False
2025-12-29,France,Commercial,AI,172150.4,35039.05,0.232,0.1297,113,21,4.91,normal,No material exception,SYNTHETIC_DEMO_ONLY,0.16620381049350663,0.0552335158960906,-0.017499999999999988,10.9,False
2025-12-29,France,Commercial,Automation,209742.99,38856.05,0.2045,0.116,131,28,5.4,normal,No material exception,SYNTHETIC_DEMO_ONLY,0.05211797297769771,0.06290603322042121,-0.026500000000000024,5.5,False
2025-12-29,France,Commercial,Cloud,226082.0,46165.99,0.2188,0.1284,141,24,4.9,normal,No material exception,SYNTHETIC_DEMO_ONLY,0.10238296049327111,-0.011408230714575973,-0.016199999999999992,7.3,False
2025-12-29,France,Commercial,Platform,279881.98,64269.05,0.2491,0.1509,195,40,4.35,normal,No material exception,SYNTHETIC_DEMO_ONLY,0.18389921987481506,0.4936592333535994,0.024899999999999978,12.6,False
2025-12-29,France,Enterprise,AI,304608.86,72690.18,0.2617,0.1651,172,32,4.19,normal,No material exception,SYNTHETIC_DEMO_ONLY,0.2815039926144436,0.2474413700575684,0.0010999999999999899,15.6,False
2025-12-29,France,Enterprise,Automation,346040.25,71425.38,0.2486,0.1276,218,39,4.84,normal,No material exception,SYNTHETIC_DEMO_ONLY,0.04180747746510405,-0.1558934983759087,-0.03570000000000001,5.9,False
2025-12-29,France,Enterprise,Cloud,366971.51,75982.23,0.2275,0.1298,224,43,4.83,normal,No material exception,SYNTHETIC_DEMO_ONLY,0.00928354419691857,0.2524703750328232,0.020800000000000013,2.6,False
2025-12-29,France,Enterprise,Platform,399887.27,92772.58,0.2888,0.1511,255,48,4.31,normal,No material exception,SYNTHETIC_DEMO_ONLY,-0.05395952308295138,-0.15141346510313503,0.016199999999999992,4.6,False
2025-12-29,Iberia,Commercial,AI,135809.74,25800.88,0.2198,0.1146,51,8,5.26,normal,No material exception,SYNTHETIC_DEMO_ONLY,0.05790896154441749,0.06295923525575464,-0.02460000000000001,5.6,False
2025-12-29,Iberia,Commercial,Automation,160532.89,34108.39,0.2202,0.1178,107,17,4.71,normal,No material exception,SYNTHETIC_DEMO_ONLY,-0.0048030577097205596,0.5033219208874204,0.038000000000000006,4.1,False
2025-12-29,Iberia,Commercial,Cloud,163554.8,29816.69,0.2106,0.1214,101,16,5.49,normal,No material exception,SYNTHETIC_DEMO_ONLY,-0.08544801778702482,-0.24483603752735628,-0.02059999999999998,6.8,False
2025-12-29,Iberia,Commercial,Platform,214193.81,47842.86,0.2536,0.1314,120,22,4.48,normal,No material exception,SYNTHETIC_DEMO_ONLY,0.17122727605782595,0.06798940021380839,-0.00940000000000002,10.4,False
2025-12-29,Iberia,Enterprise,AI,218471.81,47342.23,0.2407,0.1534,159,28,4.61,normal,No material exception,SYNTHETIC_DEMO_ONLY,0.022563708439532704,-0.023404995747452917,-0.02149999999999999,3.4,False
2025-12-29,Iberia,Enterprise,Automation,290524.9,72461.16,0.261,0.1208,174,35,4.01,normal,No material exception,SYNTHETIC_DEMO_ONLY,0.34141991696098817,0.41049523240388663,0.0015999999999999903,18.9,False
2025-12-29,Iberia,Enterprise,Cloud,296758.99,64267.59,0.2366,0.1332,179,30,4.62,normal,No material exception,SYNTHETIC_DEMO_ONLY,0.09355994328916517,0.027436476241938568,-0.0199,7.1,False
2025-12-29,Iberia,Enterprise,Platform,365618.19,76764.04,0.2477,0.1153,250,41,4.76,normal,No material exception,SYNTHETIC_DEMO_ONLY,0.1769678149762155,-0.03591250424497694,-0.03209999999999999,12.9,False
2025-12-29,Nordics,Commercial,AI,149163.32,28968.22,0.2266,0.15,105,25,5.15,normal,No material exception,SYNTHETIC_DEMO_ONLY,0.029577112477346512,0.04103070169133871,0.015399999999999997,3.2,False
2025-12-29,Nordics,Commercial,Automation,184478.62,29727.7,0.1752,0.0887,122,29,6.21,normal,No material exception,SYNTHETIC_DEMO_ONLY,0.0346011273804403,-0.21102464060095227,-0.04769999999999999,6.7,False
2025-12-29,Nordics,Commercial,Cloud,194759.89,40425.42,0.2427,0.1363,140,26,4.82,normal,No material exception,SYNTHETIC_DEMO_ONLY,-0.017780027284912125,-0.10551732424012916,-0.013700000000000018,2.3,False
2025-12-29,Nordics,Commercial,Platform,248955.04,50708.61,0.2285,0.1409,140,25,4.91,normal,No material exception,SYNTHETIC_DEMO_ONLY,0.1927940122617413,0.16298069733968035,-0.007300000000000001,11.3,False
2025-12-29,Nordics,Enterprise,AI,250368.42,55907.62,0.2586,0.1402,167,32,4.48,normal,No material exception,SYNTHETIC_DEMO_ONLY,0.11717084169718239,-0.00926520889604654,0.00040000000000001146,6.5,False
2025-12-29,Nordics,Enterprise,Automation,285872.0,63808.39,0.2516,0.138,167,33,4.48,normal,No material exception,SYNTHETIC_DEMO_ONLY,-0.017128699816523096,0.1355062784528822,0.02109999999999998,3.1,False
2025-12-29,Nordics,Enterprise,Cloud,307532.74,73296.86,0.2626,0.1606,206,42,4.2,normal,No material exception,SYNTHETIC_DEMO_ONLY,-0.09476946070840542,0.030224396140358323,0.005599999999999994,5.8,False
2025-12-29,Nordics,Enterprise,Platform,412275.35,110313.7,0.3076,0.181,259,46,3.74,normal,No material exception,SYNTHETIC_DEMO_ONLY,0.10739844679357557,0.3510002957625129,0.06389999999999998,12.3,False
2025-12-29,UKI,Commercial,AI,198716.53,45599.28,0.2563,0.1351,129,23,4.36,normal,No material exception,SYNTHETIC_DEMO_ONLY,0.05080902656062425,0.1609948457125514,0.03589999999999996,6.4,False
2025-12-29,UKI,Commercial,Automation,265473.64,48502.98,0.2105,0.1171,184,43,5.47,normal,No material exception,SYNTHETIC_DEMO_ONLY,0.12846477335541917,-0.028747702178274825,-0.02310000000000001,9.4,False
2025-12-29,UKI,Commercial,Cloud,308210.67,61365.29,0.2261,0.1214,212,39,5.02,normal,No material exception,SYNTHETIC_DEMO_ONLY,0.15468037908919996,0.10907146225225839,0.004299999999999998,8.9,False
2025-12-29,UKI,Commercial,Platform,313111.37,69120.52,0.2724,0.1397,195,34,4.53,normal,No material exception,SYNTHETIC_DEMO_ONLY,-0.03959765909586688,0.08939187425688022,0.04259999999999997,6.4,False
2025-12-29,UKI,Enterprise,AI,322555.16,77299.42,0.2591,0.1533,212,38,4.17,normal,No material exception,SYNTHETIC_DEMO_ONLY,-0.05282024683482445,-0.07270692076527085,-0.01679999999999998,4.6,False
2025-12-29,UKI,Enterprise,Automation,461007.28,98096.56,0.2559,0.147,297,60,4.7,normal,No material exception,SYNTHETIC_DEMO_ONLY,0.2970142079051121,0.17031509184372728,-0.0006999999999999784,16.4,False
2025-12-29,UKI,Enterprise,Cloud,459803.72,112090.53,0.3033,0.1649,314,57,4.1,normal,No material exception,SYNTHETIC_DEMO_ONLY,0.05988016305333743,0.11521891029828013,0.027500000000000024,6.0,False
2025-12-29,UKI,Enterprise,Platform,528079.71,125167.72,0.3071,0.1624,330,68,4.22,normal,No material exception,SYNTHETIC_DEMO_ONLY,0.0790556427092941,0.028541583312358787,0.011799999999999977,5.5,False
2026-01-05,Benelux,Commercial,AI,141028.84,24399.98,0.2008,0.102,96,17,5.78,normal,No material exception,SYNTHETIC_DEMO_ONLY,0.10646157534811884,-0.04307762176357022,-0.027099999999999985,8.6,False
2026-01-05,Benelux,Commercial,Automation,202867.0,38457.61,0.2272,0.1303,105,19,5.28,normal,No material exception,SYNTHETIC_DEMO_ONLY,0.3207088874860087,0.3580086528112456,0.008800000000000002,18.5,False
2026-01-05,Benelux,Commercial,Cloud,204142.13,38099.6,0.2136,0.1361,139,25,5.36,normal,No material exception,SYNTHETIC_DEMO_ONLY,0.006564592529508806,0.06686813231431898,0.0068000000000000005,1.0,False
2026-01-05,Benelux,Commercial,Platform,220755.99,38593.91,0.2029,0.1198,110,24,5.72,normal,No material exception,SYNTHETIC_DEMO_ONLY,0.01920155954152447,-0.20103397549147262,-0.0408,5.1,False
2026-01-05,Benelux,Enterprise,AI,233671.94,50773.92,0.2381,0.1265,163,30,4.6,normal,No material exception,SYNTHETIC_DEMO_ONLY,0.07711889704530672,-0.05188002511941148,-0.025699999999999973,6.8,False
2026-01-05,Benelux,Enterprise,Automation,275967.43,67381.09,0.2721,0.1571,195,30,4.1,normal,No material exception,SYNTHETIC_DEMO_ONLY,-0.02517224607711821,0.08916298742003148,0.024900000000000005,3.9,False
2026-01-05,Benelux,Enterprise,Cloud,343289.9,70447.41,0.229,0.1362,189,32,4.87,normal,No material exception,SYNTHETIC_DEMO_ONLY,0.1495355327935839,0.11678939383611042,-0.03040000000000001,11.3,False
2026-01-05,Benelux,Enterprise,Platform,331202.11,79963.52,0.2816,0.1484,219,33,4.14,normal,No material exception,SYNTHETIC_DEMO_ONLY,-0.06881830309186343,0.0016193553041903286,0.030299999999999994,6.8,False
2026-01-05,DACH,Commercial,AI,234441.96,39565.26,0.2138,0.1194,161,23,5.93,normal,No material exception,SYNTHETIC_DEMO_ONLY,0.15680457562615757,-0.24023813716410303,-0.054200000000000026,14.0,False
2026-01-05,DACH,Commercial,Automation,260224.51,50046.51,0.2334,0.1401,166,43,5.2,normal,No material exception,SYNTHETIC_DEMO_ONLY,-0.021451029628363982,-0.049210989569658636,0.021100000000000008,3.3,False
2026-01-05,DACH,Commercial,Cloud,342223.04,73581.6,0.2323,0.1179,212,41,4.65,normal,No material exception,SYNTHETIC_DEMO_ONLY,0.1212817163013391,0.008945108985092931,-0.042200000000000015,10.9,False
2026-01-05,DACH,Commercial,Platform,343252.33,82722.39,0.2742,0.1559,241,49,4.15,normal,No material exception,SYNTHETIC_DEMO_ONLY,-0.026485512047277004,0.01449339525259763,0.013500000000000012,2.8,False
2026-01-05,DACH,Enterprise,AI,357653.09,89580.31,0.2604,0.1421,257,56,3.99,normal,No material exception,SYNTHETIC_DEMO_ONLY,0.00861285613399132,0.07062439368245355,-0.01679999999999998,2.2,False
2026-01-05,DACH,Enterprise,Automation,452355.68,97148.19,0.2588,0.1413,290,56,4.66,normal,No material exception,SYNTHETIC_DEMO_ONLY,0.0582925285017748,-0.06265326845338659,-0.014500000000000013,4.7,False
2026-01-05,DACH,Enterprise,Cloud,540627.5,127182.0,0.2644,0.1358,352,61,4.25,normal,No material exception,SYNTHETIC_DEMO_ONLY,0.04600721375478667,-0.12915303693002722,-0.02949999999999997,5.5,False
2026-01-05,DACH,Enterprise,Platform,586781.13,160724.05,0.3213,0.1678,377,72,3.65,normal,No material exception,SYNTHETIC_DEMO_ONLY,0.1175907876017257,0.3655247337519012,0.08109999999999998,14.6,False
2026-01-05,France,Commercial,AI,164220.01,29181.7,0.2243,0.1132,135,21,5.63,normal,No material exception,SYNTHETIC_DEMO_ONLY,0.058512835321401946,-0.0813010638405045,-0.002599999999999991,3.5,False
2026-01-05,France,Commercial,Automation,204190.71,33318.49,0.2098,0.1122,115,23,6.13,normal,No material exception,SYNTHETIC_DEMO_ONLY,-0.010241317732178401,-0.2685898444848802,-0.031700000000000006,3.7,False
2026-01-05,France,Commercial,Cloud,235819.88,53492.31,0.2735,0.136,140,29,4.41,normal,No material exception,SYNTHETIC_DEMO_ONLY,-0.007498311563618465,0.3539515377658713,0.07280000000000003,7.7,False
2026-01-05,France,Commercial,Platform,284968.03,65337.94,0.2549,0.1347,165,28,4.36,normal,No material exception,SYNTHETIC_DEMO_ONLY,0.16554769033903294,0.2522690665605636,0.0017000000000000348,9.3,False
2026-01-05,France,Enterprise,AI,265919.94,63902.4,0.2788,0.145,171,35,4.16,normal,No material exception,SYNTHETIC_DEMO_ONLY,0.026744753135052868,0.00614195893677949,0.00269999999999998,1.7,False
2026-01-05,France,Enterprise,Automation,328582.12,68193.68,0.2432,0.1217,201,47,4.82,normal,No material exception,SYNTHETIC_DEMO_ONLY,0.006182079013904884,0.022463444668730848,0.009399999999999992,1.3,False
2026-01-05,France,Enterprise,Cloud,391118.19,87283.54,0.255,0.1567,278,56,4.48,normal,No material exception,SYNTHETIC_DEMO_ONLY,0.02740260822037799,0.3087897229985721,0.0406,5.6,False
2026-01-05,France,Enterprise,Platform,445818.09,88982.78,0.2535,0.1435,285,58,5.01,normal,No material exception,SYNTHETIC_DEMO_ONLY,0.07472450574502276,-0.15883383110387472,0.00030000000000002247,4.1,False
2026-01-05,Iberia,Commercial,AI,126137.23,28172.92,0.2353,0.1171,96,19,4.48,normal,No material exception,SYNTHETIC_DEMO_ONLY,0.0018570583706145616,0.3016220771402578,0.0295,3.1,False
2026-01-05,Iberia,Commercial,Automation,164929.78,32242.75,0.2379,0.1482,114,24,5.12,normal,No material exception,SYNTHETIC_DEMO_ONLY,0.023352484377147542,0.11566184350163367,0.032,4.5,False
2026-01-05,Iberia,Commercial,Cloud,172494.94,35027.02,0.2498,0.1493,108,19,4.92,normal,No material exception,SYNTHETIC_DEMO_ONLY,-0.00373457439880831,-0.07507013481940283,0.029099999999999987,3.1,False
2026-01-05,Iberia,Commercial,Platform,201838.3,44873.71,0.244,0.1292,125,21,4.5,normal,No material exception,SYNTHETIC_DEMO_ONLY,-0.0014096845770771305,-0.01977393971987995,-0.0011000000000000176,0.2,False
2026-01-05,Iberia,Enterprise,AI,214824.02,49743.06,0.2673,0.1198,141,20,4.32,normal,No material exception,SYNTHETIC_DEMO_ONLY,0.03155009085077043,-0.030147796851274333,0.006399999999999961,2.4,False
2026-01-05,Iberia,Enterprise,Automation,249830.11,48183.92,0.2272,0.132,160,27,5.18,normal,No material exception,SYNTHETIC_DEMO_ONLY,-0.041441383301189516,-0.15492722582618534,-0.019199999999999995,4.2,False
2026-01-05,Iberia,Enterprise,Cloud,281492.31,52161.12,0.2193,0.0984,174,30,5.4,normal,No material exception,SYNTHETIC_DEMO_ONLY,-0.0862531453713904,-0.13970262982113257,0.014399999999999996,6.2,False
2026-01-05,Iberia,Enterprise,Platform,378475.59,92088.61,0.2773,0.1509,261,49,4.11,normal,No material exception,SYNTHETIC_DEMO_ONLY,0.07327072174213534,0.15152634876857096,0.023499999999999965,6.4,False
2026-01-05,Nordics,Commercial,AI,150765.08,29736.3,0.2373,0.1465,95,14,5.07,normal,No material exception,SYNTHETIC_DEMO_ONLY,0.06068151767745289,-0.18466977484873126,-0.011699999999999988,4.5,False
2026-01-05,Nordics,Commercial,Automation,204012.97,42875.65,0.2484,0.1491,96,17,4.76,normal,No material exception,SYNTHETIC_DEMO_ONLY,0.14477022246914273,0.5211866601669077,0.064,14.4,False
2026-01-05,Nordics,Commercial,Cloud,220422.81,43478.08,0.236,0.1621,158,24,5.07,normal,No material exception,SYNTHETIC_DEMO_ONLY,0.031097228394339815,0.5281160463488082,0.08199999999999999,9.9,False
2026-01-05,Nordics,Commercial,Platform,250592.67,54717.49,0.2364,0.1489,183,26,4.58,normal,No material exception,SYNTHETIC_DEMO_ONLY,0.07948419478634383,0.12189248488235882,0.004399999999999987,4.8,False
2026-01-05,Nordics,Enterprise,AI,245374.49,55468.66,0.2483,0.1343,161,32,4.42,normal,No material exception,SYNTHETIC_DEMO_ONLY,-0.010290619209457064,-0.07909972393907128,-0.027099999999999985,3.3,False
2026-01-05,Nordics,Enterprise,Automation,321259.29,60929.64,0.201,0.1051,233,48,5.27,normal,No material exception,SYNTHETIC_DEMO_ONLY,0.11837339843116834,-0.015704556476405007,-0.05309999999999998,11.8,False
2026-01-05,Nordics,Enterprise,Cloud,362506.13,76216.21,0.2224,0.1164,236,45,4.76,normal,No material exception,SYNTHETIC_DEMO_ONLY,0.06376564145553432,0.06052737074510417,-0.02350000000000002,5.9,False
2026-01-05,Nordics,Enterprise,Platform,380057.59,86963.56,0.274,0.1657,241,42,4.37,normal,No material exception,SYNTHETIC_DEMO_ONLY,0.030593550373094303,0.20809988365429688,0.024700000000000027,4.2,False
2026-01-05,UKI,Commercial,AI,216643.59,42297.03,0.226,0.1261,150,26,5.12,normal,No material exception,SYNTHETIC_DEMO_ONLY,0.16432206342999378,0.2299094862630109,0.00360000000000002,9.4,False
2026-01-05,UKI,Commercial,Automation,200932.88,43687.69,0.2399,0.1413,127,23,4.6,stalled_pipeline,Synthetic late-stage progression slowdown,SYNTHETIC_DEMO_ONLY,-0.21320240981452587,-0.28832029332723863,-0.009199999999999986,32.6,True
2026-01-05,UKI,Commercial,Cloud,264254.1,60345.04,0.2564,0.1495,180,30,4.38,normal,No material exception,SYNTHETIC_DEMO_ONLY,-0.06682077569032574,0.020467336357952837,0.009100000000000025,4.6,False
2026-01-05,UKI,Commercial,Platform,298835.54,61686.21,0.2575,0.1366,174,26,4.84,normal,No material exception,SYNTHETIC_DEMO_ONLY,-0.038625604004606906,0.017074010406481932,0.025300000000000017,4.7,False
2026-01-05,UKI,Enterprise,AI,285615.57,60711.44,0.2291,0.1288,178,32,4.7,normal,No material exception,SYNTHETIC_DEMO_ONLY,-0.06985487791533784,-0.2304221815689026,-0.05860000000000001,9.7,False
2026-01-05,UKI,Enterprise,Automation,357450.55,69462.58,0.2451,0.1241,245,43,5.15,stalled_pipeline,Synthetic late-stage progression slowdown,SYNTHETIC_DEMO_ONLY,-0.04279006997918189,-0.17779221855284488,-0.009999999999999981,23.4,True
2026-01-05,UKI,Enterprise,Cloud,448452.36,108107.75,0.2747,0.1435,292,59,4.15,normal,No material exception,SYNTHETIC_DEMO_ONLY,0.019640823206989344,0.040446503373509524,0.01090000000000002,2.2,False
2026-01-05,UKI,Enterprise,Platform,529023.27,106878.24,0.2635,0.143,327,62,4.95,normal,No material exception,SYNTHETIC_DEMO_ONLY,0.09092316786688381,0.0018200467979896384,0.027900000000000008,7.8,False
2026-01-12,Benelux,Commercial,AI,135495.68,25590.77,0.2254,0.1186,70,11,5.29,normal,No material exception,SYNTHETIC_DEMO_ONLY,-0.03930958544355179,-0.1922959535528913,-0.019000000000000017,4.1,False
2026-01-12,Benelux,Commercial,Automation,177579.38,35262.78,0.2207,0.107,124,21,5.04,normal,No material exception,SYNTHETIC_DEMO_ONLY,0.01588128094621566,-0.18360135845803105,-0.063,7.2,False
2026-01-12,Benelux,Commercial,Cloud,192859.47,28367.01,0.1875,0.1138,132,23,6.8,normal,No material exception,SYNTHETIC_DEMO_ONLY,0.02203729593180226,-0.2950817513038759,-0.05130000000000001,6.3,False
2026-01-12,Benelux,Commercial,Platform,214016.15,44580.09,0.2261,0.1319,130,18,4.8,normal,No material exception,SYNTHETIC_DEMO_ONLY,-0.09308888414279637,-0.1431987259863573,-0.008200000000000013,5.9,False
2026-01-12,Benelux,Enterprise,AI,237610.11,46143.05,0.2361,0.143,171,33,5.15,normal,No material exception,SYNTHETIC_DEMO_ONLY,0.07054134783260402,0.10349443111734713,0.0338,7.3,False
2026-01-12,Benelux,Enterprise,Automation,321093.34,54634.07,0.2023,0.1125,198,38,5.88,normal,No material exception,SYNTHETIC_DEMO_ONLY,0.19206393426531343,-0.10897894114529183,-0.06460000000000002,17.0,False
2026-01-12,Benelux,Enterprise,Cloud,316674.39,59833.05,0.2451,0.1137,207,45,5.29,normal,No material exception,SYNTHETIC_DEMO_ONLY,0.08840902220039037,-0.10680862853821149,-0.017099999999999976,6.6,False
2026-01-12,Benelux,Enterprise,Platform,344274.21,100358.31,0.3224,0.1993,219,44,3.43,normal,No material exception,SYNTHETIC_DEMO_ONLY,-0.04994110463009993,0.015140474299904394,0.026400000000000035,5.4,False
2026-01-12,DACH,Commercial,AI,226823.25,53389.36,0.2795,0.1704,160,31,4.25,normal,No material exception,SYNTHETIC_DEMO_ONLY,0.02327213758585933,0.2548351924969403,0.05670000000000003,6.9,False
2026-01-12,DACH,Commercial,Automation,290582.6,53464.55,0.2206,0.1251,202,40,5.44,normal,No material exception,SYNTHETIC_DEMO_ONLY,0.11426565937052469,-0.0714777946469849,-0.019800000000000012,8.3,False
2026-01-12,DACH,Commercial,Cloud,316184.25,52551.74,0.1944,0.0939,217,37,6.02,normal,No material exception,SYNTHETIC_DEMO_ONLY,0.010138274435590011,-0.1762927504406414,-0.024300000000000016,3.0,False
2026-01-12,DACH,Commercial,Platform,378544.05,93468.65,0.2955,0.171,239,45,4.05,normal,No material exception,SYNTHETIC_DEMO_ONLY,0.1392354834801186,0.073295411288677,0.0,7.7,False
2026-01-12,DACH,Enterprise,AI,397616.9,97961.56,0.2812,0.1688,256,36,4.06,normal,No material exception,SYNTHETIC_DEMO_ONLY,0.1187722367985633,0.228098178090957,0.014000000000000012,7.9,False
2026-01-12,DACH,Enterprise,Automation,488787.77,101458.1,0.2205,0.1377,310,65,4.82,normal,No material exception,SYNTHETIC_DEMO_ONLY,0.15147703711702887,-0.01478826047637316,-0.04140000000000002,12.5,False
2026-01-12,DACH,Enterprise,Cloud,549322.45,112825.56,0.259,0.1293,339,76,4.87,normal,No material exception,SYNTHETIC_DEMO_ONLY,0.1394715976064398,-0.02173451051202069,-0.030600000000000016,10.7,False
2026-01-12,DACH,Enterprise,Platform,568297.58,128124.99,0.2866,0.1441,361,82,4.44,normal,No material exception,SYNTHETIC_DEMO_ONLY,-0.09665654042365557,-0.3205843574193732,-0.021399999999999975,7.5,False
2026-01-12,France,Commercial,AI,158967.62,30220.27,0.2124,0.1055,89,16,5.26,normal,No material exception,SYNTHETIC_DEMO_ONLY,0.10676944777664588,0.04731303532657205,-0.008899999999999991,6.8,False
2026-01-12,France,Commercial,Automation,190329.0,32518.19,0.1909,0.0974,124,24,5.85,normal,No material exception,SYNTHETIC_DEMO_ONLY,-0.10912242738616884,-0.1675392375289695,-0.03660000000000002,9.7,False
2026-01-12,France,Commercial,Cloud,244492.22,41346.88,0.228,0.1317,167,36,5.91,normal,No material exception,SYNTHETIC_DEMO_ONLY,0.05035953296908535,-0.253785497043432,-0.017799999999999983,4.5,False
2026-01-12,France,Commercial,Platform,260251.93,46240.3,0.2072,0.1076,172,38,5.63,normal,No material exception,SYNTHETIC_DEMO_ONLY,0.09322697458431017,-0.04366675311664581,-0.020500000000000018,7.2,False
2026-01-12,France,Enterprise,AI,281992.85,66825.62,0.2522,0.1394,203,40,4.22,normal,No material exception,SYNTHETIC_DEMO_ONLY,0.12024907502621418,0.2096912704636409,-0.022199999999999998,8.8,False
2026-01-12,France,Enterprise,Automation,351476.0,89257.56,0.2742,0.1689,223,45,3.94,normal,No material exception,SYNTHETIC_DEMO_ONLY,0.12344452240726467,0.31106874265569906,0.03889999999999999,10.7,False
2026-01-12,France,Enterprise,Cloud,366473.59,76488.08,0.2444,0.1277,207,39,4.79,normal,No material exception,SYNTHETIC_DEMO_ONLY,-0.004676267384894017,-0.10171529825820691,-0.020600000000000007,2.3,False
2026-01-12,France,Enterprise,Platform,436344.45,89183.87,0.2561,0.1507,285,52,4.89,normal,No material exception,SYNTHETIC_DEMO_ONLY,0.02053639570026311,-0.14365878424604106,-0.015199999999999991,2.6,False
2026-01-12,Iberia,Commercial,AI,130677.97,25895.2,0.2302,0.1165,90,16,5.05,normal,No material exception,SYNTHETIC_DEMO_ONLY,0.022063956794210693,-0.0020971405361619455,0.014399999999999996,2.7,False
2026-01-12,Iberia,Commercial,Automation,173662.86,38614.51,0.2537,0.1503,120,20,4.5,normal,No material exception,SYNTHETIC_DEMO_ONLY,0.255883630405739,0.32080533377480447,0.011799999999999977,15.3,False
2026-01-12,Iberia,Commercial,Cloud,193105.27,32637.49,0.2056,0.1148,118,19,5.92,normal,No material exception,SYNTHETIC_DEMO_ONLY,0.23049467467143936,-0.010036586571739226,-0.032399999999999984,15.9,False
2026-01-12,Iberia,Commercial,Platform,196897.14,41313.19,0.2615,0.1669,128,25,4.77,normal,No material exception,SYNTHETIC_DEMO_ONLY,-0.06907427382247056,0.07632568543703888,0.05260000000000001,9.1,False
2026-01-12,Iberia,Enterprise,AI,219759.88,53654.92,0.284,0.1534,169,29,4.1,normal,No material exception,SYNTHETIC_DEMO_ONLY,0.12580071697602468,0.1803795567767703,0.009299999999999975,7.8,False
2026-01-12,Iberia,Enterprise,Automation,278608.89,65705.93,0.2507,0.1471,175,31,4.24,normal,No material exception,SYNTHETIC_DEMO_ONLY,0.08856128554907561,0.2047073219609692,0.003899999999999987,5.3,False
2026-01-12,Iberia,Enterprise,Cloud,319913.81,63673.24,0.2362,0.1349,191,33,5.02,normal,No material exception,SYNTHETIC_DEMO_ONLY,0.2681381111258043,0.25979352071322004,-0.0031000000000000194,15.1,False
2026-01-12,Iberia,Enterprise,Platform,333299.52,74160.74,0.2641,0.1503,213,45,4.49,normal,No material exception,SYNTHETIC_DEMO_ONLY,0.011869461426011085,0.02619355040468263,0.020100000000000007,2.7,False
2026-01-12,Nordics,Commercial,AI,169661.08,32704.83,0.2172,0.125,106,17,5.19,normal,No material exception,SYNTHETIC_DEMO_ONLY,0.19707440434003387,0.10332104565893796,-0.018100000000000005,12.6,False
2026-01-12,Nordics,Commercial,Automation,172775.03,28660.52,0.2097,0.1176,95,16,6.03,normal,No material exception,SYNTHETIC_DEMO_ONLY,-0.08823825708863953,-0.28694708924941714,-0.0262,7.5,False
2026-01-12,Nordics,Commercial,Cloud,223509.8,33678.11,0.1717,0.0877,154,33,6.64,normal,No material exception,SYNTHETIC_DEMO_ONLY,0.051777315141536384,-0.07976115073472956,-0.031,5.9,False
2026-01-12,Nordics,Commercial,Platform,243627.64,51658.33,0.244,0.1469,180,32,4.72,normal,No material exception,SYNTHETIC_DEMO_ONLY,0.030239207005406943,0.03970635296011915,0.009999999999999981,2.7,False
2026-01-12,Nordics,Enterprise,AI,221624.56,37894.83,0.2297,0.129,132,25,5.85,normal,No material exception,SYNTHETIC_DEMO_ONLY,-0.08804035747819094,-0.34346788764804526,-0.020600000000000035,6.9,False
2026-01-12,Nordics,Enterprise,Automation,287587.59,54734.34,0.2148,0.1253,198,40,5.25,normal,No material exception,SYNTHETIC_DEMO_ONLY,-0.031940378149291626,0.04376664425978616,0.0116,2.9,False
2026-01-12,Nordics,Enterprise,Cloud,343098.85,82023.76,0.2863,0.1467,213,34,4.18,normal,No material exception,SYNTHETIC_DEMO_ONLY,-0.04210465305575928,0.041800023954459586,0.035499999999999976,5.9,False
2026-01-12,Nordics,Enterprise,Platform,383882.53,93849.54,0.275,0.1569,285,44,4.09,normal,No material exception,SYNTHETIC_DEMO_ONLY,0.08768222729377029,0.22119351724584835,0.016000000000000014,6.4,False
2026-01-12,UKI,Commercial,AI,187215.45,38200.79,0.2386,0.1245,119,24,4.9,normal,No material exception,SYNTHETIC_DEMO_ONLY,-0.02263514451798887,-0.048836504601220465,0.012899999999999995,2.5,False
2026-01-12,UKI,Commercial,Automation,222037.46,52289.31,0.2339,0.1144,128,29,4.25,stalled_pipeline,Synthetic late-stage progression slowdown,SYNTHETIC_DEMO_ONLY,0.02920378282606162,0.1964443921735166,-0.01369999999999999,23.0,True
2026-01-12,UKI,Commercial,Cloud,293256.45,67134.13,0.2493,0.1337,191,39,4.37,normal,No material exception,SYNTHETIC_DEMO_ONLY,-0.015526707476397394,0.0676856423007155,0.005599999999999994,1.4,False
2026-01-12,UKI,Commercial,Platform,274398.27,54329.73,0.2489,0.1444,173,27,5.05,normal,No material exception,SYNTHETIC_DEMO_ONLY,-0.16435997808441039,-0.26461110484710726,-0.011699999999999988,10.2,False
2026-01-12,UKI,Enterprise,AI,333536.76,76041.49,0.2542,0.1604,213,43,4.39,normal,No material exception,SYNTHETIC_DEMO_ONLY,0.04616767030712765,-0.026149499515453534,-0.01050000000000001,3.6,False
2026-01-12,UKI,Enterprise,Automation,322577.97,68391.81,0.2382,0.1297,202,30,4.72,stalled_pipeline,Synthetic late-stage progression slowdown,SYNTHETIC_DEMO_ONLY,-0.07501639047549358,-0.12107791883339192,-0.014800000000000008,25.6,True
2026-01-12,UKI,Enterprise,Cloud,475144.96,111820.1,0.2471,0.1465,312,63,4.25,normal,No material exception,SYNTHETIC_DEMO_ONLY,0.1706647783404096,0.16633178031176965,-0.016400000000000026,11.0,False
2026-01-12,UKI,Enterprise,Platform,507673.12,116011.25,0.2556,0.1645,332,61,4.38,normal,No material exception,SYNTHETIC_DEMO_ONLY,-0.024394297325978198,-0.029857504905016374,-0.0237,3.7,False
2026-01-19,Benelux,Commercial,AI,133238.19,26669.77,0.2176,0.1168,74,16,5.0,normal,No material exception,SYNTHETIC_DEMO_ONLY,0.0014366346341390113,0.07857400529302527,0.020199999999999996,2.1,False
2026-01-19,Benelux,Commercial,Automation,176744.05,36119.72,0.2276,0.1366,110,20,4.89,normal,No material exception,SYNTHETIC_DEMO_ONLY,-0.019205899057767817,0.07038709077083283,0.0068999999999999895,1.7,False
2026-01-19,Benelux,Commercial,Cloud,214670.23,38495.28,0.1894,0.1006,144,25,5.58,normal,No material exception,SYNTHETIC_DEMO_ONLY,0.05117874191466831,-0.159807600723047,-0.0431,7.1,False
2026-01-19,Benelux,Commercial,Platform,230633.24,47831.85,0.2473,0.1324,146,31,4.82,normal,No material exception,SYNTHETIC_DEMO_ONLY,0.0971729651778186,0.043878976702081074,0.011399999999999993,6.5,False
2026-01-19,Benelux,Enterprise,AI,251929.46,50817.48,0.2382,0.1471,179,39,4.96,normal,No material exception,SYNTHETIC_DEMO_ONLY,0.11991719183040606,-0.11844156610151257,-0.05300000000000002,11.9,False
2026-01-19,Benelux,Enterprise,Automation,306564.91,59779.43,0.236,0.1286,199,37,5.13,normal,No material exception,SYNTHETIC_DEMO_ONLY,0.09665639271288917,-0.14034609380785867,-0.041600000000000026,9.5,False
2026-01-19,Benelux,Enterprise,Cloud,344673.67,74637.24,0.2474,0.1322,207,40,4.62,normal,No material exception,SYNTHETIC_DEMO_ONLY,0.05257473431604143,-0.06376845625966177,-0.006900000000000017,3.6,False
2026-01-19,Benelux,Enterprise,Platform,393313.85,100740.4,0.2862,0.1418,291,50,3.9,normal,No material exception,SYNTHETIC_DEMO_ONLY,0.23081476755474983,0.3986854019975825,0.04140000000000002,16.8,False
2026-01-19,DACH,Commercial,AI,246396.87,54993.87,0.2532,0.1253,166,39,4.48,normal,No material exception,SYNTHETIC_DEMO_ONLY,0.05166026571319482,0.027474555960072866,-0.0040000000000000036,3.2,False
2026-01-19,DACH,Commercial,Automation,278714.92,59971.23,0.22,0.1216,189,33,4.65,normal,No material exception,SYNTHETIC_DEMO_ONLY,0.030636059955032158,0.01165189227486274,-0.019100000000000006,3.6,False
2026-01-19,DACH,Commercial,Cloud,317134.16,61257.14,0.2176,0.1261,205,47,5.18,normal,No material exception,SYNTHETIC_DEMO_ONLY,0.09796208197718492,-0.13685684836589063,-0.03040000000000001,8.4,False
2026-01-19,DACH,Commercial,Platform,361495.94,81255.47,0.2527,0.1306,213,37,4.45,normal,No material exception,SYNTHETIC_DEMO_ONLY,-0.034118265116913515,-0.20915579243922078,-0.03550000000000003,5.4,False
2026-01-19,DACH,Enterprise,AI,398709.92,90150.1,0.2481,0.1399,269,39,4.42,normal,No material exception,SYNTHETIC_DEMO_ONLY,0.06680074790316781,-0.03441247304203643,-0.040100000000000025,7.7,False
2026-01-19,DACH,Enterprise,Automation,475650.1,101493.27,0.2541,0.1368,329,52,4.69,normal,No material exception,SYNTHETIC_DEMO_ONLY,-0.017475079422038853,-0.10298780548162934,-0.0237,3.3,False
2026-01-19,DACH,Enterprise,Cloud,533345.96,124084.84,0.2891,0.1489,334,73,4.3,normal,No material exception,SYNTHETIC_DEMO_ONLY,0.11537535503909724,0.023310327617241944,0.012200000000000044,7.6,False
2026-01-19,DACH,Enterprise,Platform,654570.41,200777.2,0.317,0.1726,429,75,3.26,normal,No material exception,SYNTHETIC_DEMO_ONLY,0.06457644075938407,0.18368712775651197,-9.999999999998899e-05,3.6,False
2026-01-19,France,Commercial,AI,170800.16,32215.62,0.2179,0.1204,111,19,5.3,normal,No material exception,SYNTHETIC_DEMO_ONLY,0.02980523675971969,-0.0464779411068279,-0.04050000000000001,5.7,False
2026-01-19,France,Commercial,Automation,214301.68,34083.12,0.2055,0.1042,135,23,6.29,normal,No material exception,SYNTHETIC_DEMO_ONLY,0.09013987153033787,-0.10433937805112303,-0.011700000000000016,6.1,False
2026-01-19,France,Commercial,Cloud,252958.98,48707.64,0.2371,0.1201,157,28,5.19,normal,No material exception,SYNTHETIC_DEMO_ONLY,0.20518150094202836,0.43465705587392534,0.04050000000000001,15.3,False
2026-01-19,France,Commercial,Platform,260601.63,57818.64,0.2455,0.1371,169,26,4.51,normal,No material exception,SYNTHETIC_DEMO_ONLY,0.0006882664735547994,0.059557434696502654,0.023900000000000005,2.4,False
2026-01-19,France,Enterprise,AI,267519.07,53746.84,0.2348,0.1249,162,36,4.98,normal,No material exception,SYNTHETIC_DEMO_ONLY,-0.007922739044650462,-0.028188353413799883,-0.013399999999999995,1.8,False
2026-01-19,France,Enterprise,Automation,360486.09,82538.51,0.2849,0.1236,233,50,4.37,normal,No material exception,SYNTHETIC_DEMO_ONLY,0.06273397079588694,0.00756074831840281,-0.0005000000000000004,3.5,False
2026-01-19,France,Enterprise,Cloud,375546.7,72482.63,0.2133,0.1284,238,46,5.18,normal,No material exception,SYNTHETIC_DEMO_ONLY,0.045011638813311494,-0.19461534110991707,-0.08000000000000002,10.5,False
2026-01-19,France,Enterprise,Platform,444507.21,128213.29,0.2849,0.1658,279,45,3.47,normal,No material exception,SYNTHETIC_DEMO_ONLY,0.05130122491516542,0.24644845191497144,0.0010999999999999899,2.9,False
2026-01-19,Iberia,Commercial,AI,140267.52,22333.28,0.1804,0.0981,98,20,6.28,normal,No material exception,SYNTHETIC_DEMO_ONLY,0.08068041772769408,-0.03894064038550338,-0.027499999999999997,7.2,False
2026-01-19,Iberia,Commercial,Automation,159607.98,33415.83,0.2238,0.1233,108,18,4.78,normal,No material exception,SYNTHETIC_DEMO_ONLY,0.007332585403142744,0.20999204463117627,0.006099999999999994,1.0,False
2026-01-19,Iberia,Commercial,Cloud,197841.35,35328.71,0.2126,0.1124,113,20,5.6,normal,No material exception,SYNTHETIC_DEMO_ONLY,0.05932722043301042,0.010750740853272989,-0.0008999999999999841,3.4,False
2026-01-19,Iberia,Commercial,Platform,216375.08,38241.83,0.1958,0.0991,143,31,5.66,normal,No material exception,SYNTHETIC_DEMO_ONLY,0.1340763087497827,-0.04450246670972513,-0.018600000000000005,9.2,False
2026-01-19,Iberia,Enterprise,AI,219807.4,41210.62,0.2041,0.1159,155,32,5.33,normal,No material exception,SYNTHETIC_DEMO_ONLY,0.12479134748332554,-0.05078860981894995,-0.030299999999999994,9.9,False
2026-01-19,Iberia,Enterprise,Automation,273962.83,59937.35,0.236,0.1336,158,32,4.57,normal,No material exception,SYNTHETIC_DEMO_ONLY,0.001101360904238513,0.032302472141326755,-0.028700000000000003,2.9,False
2026-01-19,Iberia,Enterprise,Cloud,311402.53,73332.16,0.2568,0.1489,187,39,4.25,normal,No material exception,SYNTHETIC_DEMO_ONLY,0.09474082204032164,0.4556934736908971,0.06789999999999996,12.0,False
2026-01-19,Iberia,Enterprise,Platform,320970.0,56824.48,0.2121,0.0948,192,48,5.65,normal,No material exception,SYNTHETIC_DEMO_ONLY,0.0743387019697681,-0.07341732687135538,-0.031899999999999984,7.3,False
2026-01-19,Nordics,Commercial,AI,158909.14,36861.29,0.2412,0.1505,105,17,4.31,normal,No material exception,SYNTHETIC_DEMO_ONLY,0.16497416677247845,0.6862692803688255,0.055999999999999994,14.7,False
2026-01-19,Nordics,Commercial,Automation,184470.23,31614.19,0.185,0.1049,107,19,5.84,normal,No material exception,SYNTHETIC_DEMO_ONLY,0.023738017071824435,-0.16766607218361684,-0.05779999999999999,7.1,False
2026-01-19,Nordics,Commercial,Cloud,211300.15,36246.36,0.2028,0.1027,141,22,5.83,normal,No material exception,SYNTHETIC_DEMO_ONLY,0.010388971743701125,-0.2626049240559377,-0.053499999999999964,5.9,False
2026-01-19,Nordics,Commercial,Platform,232272.44,45270.24,0.2268,0.1299,143,30,5.13,normal,No material exception,SYNTHETIC_DEMO_ONLY,-0.02761857427866099,-0.13785865946587894,-0.027100000000000013,4.2,False
2026-01-19,Nordics,Enterprise,AI,258360.82,51172.35,0.2231,0.1214,177,28,5.05,normal,No material exception,SYNTHETIC_DEMO_ONLY,-0.008625841054708872,-0.20666122811945953,-0.04240000000000002,4.7,False
2026-01-19,Nordics,Enterprise,Automation,331709.52,87706.78,0.2794,0.1462,216,48,3.78,normal,No material exception,SYNTHETIC_DEMO_ONLY,0.02196785801530532,0.33957166039825126,0.040299999999999975,5.2,False
2026-01-19,Nordics,Enterprise,Cloud,329533.5,64587.41,0.239,0.1282,203,36,5.1,normal,No material exception,SYNTHETIC_DEMO_ONLY,-0.09301292687121787,-0.13551433204460595,0.012399999999999994,6.4,False
2026-01-19,Nordics,Enterprise,Platform,420837.14,98763.38,0.2735,0.1482,242,52,4.26,normal,No material exception,SYNTHETIC_DEMO_ONLY,0.04876532736932271,0.07792064915756791,-0.0018999999999999573,2.9,False
2026-01-19,UKI,Commercial,AI,200741.54,40078.53,0.2328,0.1332,143,28,5.01,normal,No material exception,SYNTHETIC_DEMO_ONLY,0.08298361693684053,0.12367525939682666,-0.0021999999999999797,4.8,False
2026-01-19,UKI,Commercial,Automation,206241.52,36654.78,0.2045,0.1153,130,26,5.63,stalled_pipeline,Synthetic late-stage progression slowdown,SYNTHETIC_DEMO_ONLY,-0.07534858213838047,-0.21307984856177709,-0.03890000000000002,28.0,True
2026-01-19,UKI,Commercial,Cloud,269231.43,52874.69,0.2348,0.1377,186,31,5.09,normal,No material exception,SYNTHETIC_DEMO_ONLY,-0.030449933230574877,-0.08032277511598873,-0.0011999999999999789,1.8,False
2026-01-19,UKI,Commercial,Platform,312688.52,57991.57,0.2213,0.1266,204,40,5.39,normal,No material exception,SYNTHETIC_DEMO_ONLY,0.005455641186235649,-0.029297385333731718,-0.01419999999999999,1.7,False
2026-01-19,UKI,Enterprise,AI,315662.35,65639.35,0.2432,0.1378,189,33,4.81,normal,No material exception,SYNTHETIC_DEMO_ONLY,0.032213074712789336,0.12407234001161771,-0.0032999999999999974,2.1,False
2026-01-19,UKI,Enterprise,Automation,365050.86,88356.55,0.2773,0.1709,226,47,4.13,stalled_pipeline,Synthetic late-stage progression slowdown,SYNTHETIC_DEMO_ONLY,-0.08214359258284254,0.2533892907349693,0.05299999999999999,29.8,True
2026-01-19,UKI,Enterprise,Cloud,512793.97,123062.47,0.2689,0.1422,342,58,4.17,normal,No material exception,SYNTHETIC_DEMO_ONLY,0.10770422532351365,0.21969658451175,0.02159999999999998,8.1,False
2026-01-19,UKI,Enterprise,Platform,508944.56,127985.89,0.2765,0.1575,310,72,3.98,normal,No material exception,SYNTHETIC_DEMO_ONLY,0.019692977270651335,0.13756751829796876,0.007400000000000018,1.8,False
2026-01-26,Benelux,Commercial,AI,142731.38,26356.49,0.1934,0.1119,96,16,5.42,normal,No material exception,SYNTHETIC_DEMO_ONLY,0.02600726802633413,-0.024986025774723197,-0.0363,5.1,False
2026-01-26,Benelux,Commercial,Automation,182523.9,34800.13,0.2241,0.1215,99,18,5.24,normal,No material exception,SYNTHETIC_DEMO_ONLY,0.0359430268482408,0.11607130257862819,0.026599999999999985,4.6,False
2026-01-26,Benelux,Commercial,Cloud,226163.93,41056.27,0.2084,0.1305,163,28,5.51,normal,No material exception,SYNTHETIC_DEMO_ONLY,0.1783568636765982,0.2403676969965025,-0.031700000000000006,13.0,False
2026-01-26,Benelux,Commercial,Platform,241638.61,42403.89,0.2101,0.1206,152,31,5.7,normal,No material exception,SYNTHETIC_DEMO_ONLY,0.14513688881331688,0.06404645843046453,0.0,8.0,False
2026-01-26,Benelux,Enterprise,AI,258157.1,56171.93,0.2536,0.136,178,33,4.6,normal,No material exception,SYNTHETIC_DEMO_ONLY,0.040914663634744386,0.008212241038625834,-0.0025000000000000022,2.5,False
2026-01-26,Benelux,Enterprise,Automation,295601.06,82196.17,0.276,0.1585,182,33,3.6,normal,No material exception,SYNTHETIC_DEMO_ONLY,0.012137491468680484,0.661143813456579,0.048400000000000026,5.5,False
2026-01-26,Benelux,Enterprise,Cloud,375531.26,81878.51,0.2592,0.1268,239,40,4.59,normal,No material exception,SYNTHETIC_DEMO_ONLY,0.1670575440135973,0.23855113503145575,0.057999999999999996,15.0,False
2026-01-26,Benelux,Enterprise,Platform,381941.95,96283.35,0.3036,0.1635,261,45,3.97,normal,No material exception,SYNTHETIC_DEMO_ONLY,0.11923731548751748,0.002415687780240816,0.0033999999999999586,6.9,False
2026-01-26,DACH,Commercial,AI,221155.91,54889.44,0.2609,0.1362,118,26,4.03,normal,No material exception,SYNTHETIC_DEMO_ONLY,-0.01767711965310159,0.09790693478618295,0.02090000000000003,3.1,False
2026-01-26,DACH,Commercial,Automation,298621.43,69990.17,0.2505,0.1377,193,26,4.27,normal,No material exception,SYNTHETIC_DEMO_ONLY,-0.0006875552598363255,0.2671683789119361,0.022999999999999993,2.3,False
2026-01-26,DACH,Commercial,Cloud,294016.26,60714.04,0.2162,0.1077,200,40,4.84,normal,No material exception,SYNTHETIC_DEMO_ONLY,-0.03349395950695133,-0.03229722229925924,-0.02729999999999999,4.6,False
2026-01-26,DACH,Commercial,Platform,368229.8,81486.8,0.2553,0.1404,226,48,4.52,normal,No material exception,SYNTHETIC_DEMO_ONLY,0.031613914241664265,0.12233119091742384,0.02190000000000003,3.9,False
2026-01-26,DACH,Enterprise,AI,378604.21,89108.38,0.2629,0.1632,237,37,4.25,normal,No material exception,SYNTHETIC_DEMO_ONLY,0.1634558643193229,0.2034151628205345,0.02940000000000001,11.9,False
2026-01-26,DACH,Enterprise,Automation,448629.29,103172.98,0.2814,0.1618,283,65,4.35,normal,No material exception,SYNTHETIC_DEMO_ONLY,0.033684581121834034,-0.07148085930672932,0.0006999999999999784,1.9,False
2026-01-26,DACH,Enterprise,Cloud,587233.65,109684.06,0.2404,0.1379,371,73,5.35,normal,No material exception,SYNTHETIC_DEMO_ONLY,0.02358619158162556,-0.24583236040507916,-0.058599999999999985,7.2,False
2026-01-26,DACH,Enterprise,Platform,532714.77,153888.39,0.2872,0.1502,353,59,3.46,normal,No material exception,SYNTHETIC_DEMO_ONLY,-0.01153726872478178,0.1162957453736786,-0.010899999999999965,1.7,False
2026-01-26,France,Commercial,AI,168862.27,37881.96,0.2598,0.1392,92,20,4.46,normal,No material exception,SYNTHETIC_DEMO_ONLY,-0.019100333197018426,0.08113547599035931,0.027799999999999964,3.8,False
2026-01-26,France,Commercial,Automation,204367.94,47962.1,0.2708,0.153,127,27,4.26,normal,No material exception,SYNTHETIC_DEMO_ONLY,-0.025626839781391464,0.23435346619123654,0.0663,8.0,False
2026-01-26,France,Commercial,Cloud,242646.22,34187.77,0.1895,0.0999,167,31,7.1,normal,No material exception,SYNTHETIC_DEMO_ONLY,0.07326642545625028,-0.2594598317939245,-0.029299999999999993,7.0,False
2026-01-26,France,Commercial,Platform,271661.19,71307.23,0.3002,0.1475,198,36,3.81,normal,No material exception,SYNTHETIC_DEMO_ONLY,-0.029372344729017508,0.10951118773344226,0.051100000000000034,6.7,False
2026-01-26,France,Enterprise,AI,270372.97,63017.71,0.2467,0.1429,158,26,4.29,normal,No material exception,SYNTHETIC_DEMO_ONLY,-0.11239295534607896,-0.13306432863421158,-0.014999999999999986,7.7,False
2026-01-26,France,Enterprise,Automation,343528.08,75943.8,0.2547,0.1538,223,36,4.52,normal,No material exception,SYNTHETIC_DEMO_ONLY,-0.007259762412031523,0.0632607064883659,0.006099999999999994,1.0,False
2026-01-26,France,Enterprise,Cloud,397239.57,91354.35,0.2456,0.1429,241,44,4.35,normal,No material exception,SYNTHETIC_DEMO_ONLY,0.08248068085721427,0.20231204059159635,0.018100000000000005,6.3,False
2026-01-26,France,Enterprise,Platform,403171.6,81873.56,0.2375,0.1299,263,53,4.92,normal,No material exception,SYNTHETIC_DEMO_ONLY,0.0082131396680869,-0.1174810488185195,-0.05130000000000001,5.6,False
2026-01-26,Iberia,Commercial,AI,134116.95,21615.89,0.1963,0.1133,89,18,6.2,normal,No material exception,SYNTHETIC_DEMO_ONLY,-0.012464422654810958,-0.16220338221021924,-0.023499999999999993,3.0,False
2026-01-26,Iberia,Commercial,Automation,163467.99,32818.04,0.2245,0.1281,103,20,4.98,normal,No material exception,SYNTHETIC_DEMO_ONLY,0.018283480724728518,-0.03783086800637614,0.004299999999999998,1.4,False
2026-01-26,Iberia,Commercial,Cloud,179680.83,42217.51,0.2604,0.1377,113,19,4.26,normal,No material exception,SYNTHETIC_DEMO_ONLY,0.09859710629098006,0.41590196631483933,0.04980000000000001,10.4,False
2026-01-26,Iberia,Commercial,Platform,208706.34,44376.38,0.2444,0.1401,128,26,4.7,normal,No material exception,SYNTHETIC_DEMO_ONLY,-0.02561918105850025,-0.07245553463986065,-0.009199999999999986,2.3,False
2026-01-26,Iberia,Enterprise,AI,226128.93,48275.02,0.242,0.1159,157,30,4.68,normal,No material exception,SYNTHETIC_DEMO_ONLY,0.03504854928423029,0.019703127630447348,0.0012999999999999956,2.1,False
2026-01-26,Iberia,Enterprise,Automation,263424.01,63377.97,0.2515,0.1181,180,31,4.16,normal,No material exception,SYNTHETIC_DEMO_ONLY,-0.093282503496258,-0.1253525336883925,-0.009500000000000008,6.1,False
2026-01-26,Iberia,Enterprise,Cloud,308735.86,50750.04,0.203,0.1157,192,40,6.08,normal,No material exception,SYNTHETIC_DEMO_ONLY,0.04035891212596465,-0.21033229968635814,-0.03359999999999999,5.6,False
2026-01-26,Iberia,Enterprise,Platform,347869.02,80700.2,0.2405,0.1386,211,25,4.31,normal,No material exception,SYNTHETIC_DEMO_ONLY,-0.04854564265525185,0.051276092295298836,-0.007200000000000012,3.4,False
2026-01-26,Nordics,Commercial,AI,162963.74,29504.76,0.2138,0.1156,92,18,5.52,normal,No material exception,SYNTHETIC_DEMO_ONLY,0.09251885785325764,0.018521676513089114,-0.012800000000000006,6.4,False
2026-01-26,Nordics,Commercial,Automation,204981.89,43773.61,0.2334,0.1375,124,22,4.68,normal,No material exception,SYNTHETIC_DEMO_ONLY,0.1111417138744859,0.47248559424375247,0.0582,11.9,False
2026-01-26,Nordics,Commercial,Cloud,221829.44,46585.74,0.2432,0.1351,129,19,4.76,normal,No material exception,SYNTHETIC_DEMO_ONLY,0.1389893473445687,0.1523872850300627,0.0005000000000000004,7.7,False
2026-01-26,Nordics,Commercial,Platform,267311.86,60820.59,0.2665,0.1395,160,32,4.4,normal,No material exception,SYNTHETIC_DEMO_ONLY,0.0737354825192531,0.19941347238664187,0.038000000000000006,7.9,False
2026-01-26,Nordics,Enterprise,AI,258619.63,61169.07,0.2359,0.1543,151,28,4.23,normal,No material exception,SYNTHETIC_DEMO_ONLY,0.032956272999605796,0.09410971169940696,-0.022699999999999998,4.1,False
2026-01-26,Nordics,Enterprise,Automation,330977.52,74756.93,0.278,0.1412,205,37,4.43,normal,No material exception,SYNTHETIC_DEMO_ONLY,0.15778222421223487,0.171584645843595,0.026400000000000035,11.3,False
2026-01-26,Nordics,Enterprise,Cloud,349812.95,81419.64,0.261,0.1284,200,38,4.3,normal,No material exception,SYNTHETIC_DEMO_ONLY,0.1374819799674012,0.11082029980547592,-0.0015999999999999903,7.7,False
2026-01-26,Nordics,Enterprise,Platform,459153.53,123188.82,0.2916,0.1563,289,47,3.73,normal,No material exception,SYNTHETIC_DEMO_ONLY,0.11370599770274903,0.11671369920508523,-0.01599999999999996,7.9,False
2026-01-26,UKI,Commercial,AI,184595.59,42379.89,0.2344,0.1444,102,16,4.36,normal,No material exception,SYNTHETIC_DEMO_ONLY,-0.07106072152125442,-0.07060177265956835,-0.021899999999999975,6.1,False
2026-01-26,UKI,Commercial,Automation,224745.23,55902.85,0.2443,0.1255,137,26,4.02,stalled_pipeline,Synthetic late-stage progression slowdown,SYNTHETIC_DEMO_ONLY,-0.15341790619965134,0.15256526506206414,0.0338,31.8,True
2026-01-26,UKI,Commercial,Cloud,277409.98,43816.98,0.1855,0.108,191,40,6.33,normal,No material exception,SYNTHETIC_DEMO_ONLY,-0.09993388613054832,-0.28596475303872915,-0.0406,9.6,False
2026-01-26,UKI,Commercial,Platform,341195.64,74974.03,0.2578,0.1467,221,37,4.55,normal,No material exception,SYNTHETIC_DEMO_ONLY,0.08969418772623938,0.08468556081464662,-0.014600000000000002,6.4,False
2026-01-26,UKI,Enterprise,AI,362374.84,71961.1,0.225,0.1124,214,35,5.04,normal,No material exception,SYNTHETIC_DEMO_ONLY,0.12345076110393038,-0.06906028531650032,-0.03409999999999999,10.2,False
2026-01-26,UKI,Enterprise,Automation,323921.35,65219.89,0.2507,0.1379,216,29,4.97,stalled_pipeline,Synthetic late-stage progression slowdown,SYNTHETIC_DEMO_ONLY,-0.29736174665181003,-0.3351460030810458,-0.005200000000000038,36.9,True
2026-01-26,UKI,Enterprise,Cloud,448848.13,97195.22,0.263,0.15,282,49,4.62,normal,No material exception,SYNTHETIC_DEMO_ONLY,-0.023826666735101587,-0.13288642671240825,-0.0403,5.3,False
2026-01-26,UKI,Enterprise,Platform,539331.37,122074.7,0.2655,0.1426,343,66,4.42,normal,No material exception,SYNTHETIC_DEMO_ONLY,0.02130674552900369,-0.024711003763590145,-0.04159999999999997,5.3,False
2026-02-02,Benelux,Commercial,AI,138807.13,26661.07,0.227,0.1142,78,17,5.21,normal,No material exception,SYNTHETIC_DEMO_ONLY,-0.015753586287740817,0.09266769890795001,0.0262,3.5,False
2026-02-02,Benelux,Commercial,Automation,175874.04,38680.26,0.2489,0.1494,120,22,4.55,normal,No material exception,SYNTHETIC_DEMO_ONLY,-0.13305742185767022,0.0057894913386453695,0.021699999999999997,9.5,False
2026-02-02,Benelux,Commercial,Cloud,224632.51,45501.98,0.2353,0.147,142,28,4.94,normal,No material exception,SYNTHETIC_DEMO_ONLY,0.10037310769707353,0.1942902287688062,0.021699999999999997,7.7,False
2026-02-02,Benelux,Commercial,Platform,226534.16,44377.29,0.2423,0.1197,130,25,5.1,normal,No material exception,SYNTHETIC_DEMO_ONLY,0.02617446529989964,0.14985213988424584,0.03939999999999999,5.4,False
2026-02-02,Benelux,Enterprise,AI,245962.25,46948.42,0.2279,0.1334,157,25,5.24,normal,No material exception,SYNTHETIC_DEMO_ONLY,0.052596430705372565,-0.07534379854854623,-0.010200000000000015,3.9,False
2026-02-02,Benelux,Enterprise,Automation,279828.39,55427.38,0.2229,0.1086,152,30,5.05,normal,No material exception,SYNTHETIC_DEMO_ONLY,0.013990636503735221,-0.1774045210607308,-0.04920000000000002,5.7,False
2026-02-02,Benelux,Enterprise,Cloud,327431.12,76457.06,0.2487,0.1274,209,47,4.28,normal,No material exception,SYNTHETIC_DEMO_ONLY,-0.046196465436355805,0.08530689772697109,0.019699999999999995,4.5,False
2026-02-02,Benelux,Enterprise,Platform,375760.5,103024.57,0.2881,0.1551,246,46,3.65,normal,No material exception,SYNTHETIC_DEMO_ONLY,0.13453534459668748,0.28839463295262635,0.006500000000000006,8.0,False
2026-02-02,DACH,Commercial,AI,230516.11,51914.05,0.2217,0.1157,136,23,4.44,normal,No material exception,SYNTHETIC_DEMO_ONLY,-0.01674550920833462,0.3121119386047255,0.007900000000000018,1.7,False
2026-02-02,DACH,Commercial,Automation,299198.38,60074.83,0.2232,0.1243,190,38,4.98,normal,No material exception,SYNTHETIC_DEMO_ONLY,0.14977017345522148,0.20038000651793708,-0.010199999999999987,9.3,False
2026-02-02,DACH,Commercial,Cloud,305968.27,58412.02,0.2191,0.1277,218,45,5.24,normal,No material exception,SYNTHETIC_DEMO_ONLY,-0.10593900983405435,-0.20615996390401958,-0.013200000000000017,7.1,False
2026-02-02,DACH,Commercial,Platform,357466.21,73062.07,0.2327,0.1055,224,46,4.89,normal,No material exception,SYNTHETIC_DEMO_ONLY,0.041409420294393984,-0.11677999148718976,-0.04150000000000001,6.4,False
2026-02-02,DACH,Enterprise,AI,387922.39,88543.92,0.2648,0.1377,250,34,4.38,normal,No material exception,SYNTHETIC_DEMO_ONLY,0.08463312871140016,-0.011569395104794822,0.0043999999999999595,5.1,False
2026-02-02,DACH,Enterprise,Automation,498747.67,123257.56,0.2599,0.1584,323,57,4.05,normal,No material exception,SYNTHETIC_DEMO_ONLY,0.1025564440795792,0.26875817243738664,0.0011000000000000454,5.8,False
2026-02-02,DACH,Enterprise,Cloud,507279.36,129780.34,0.2654,0.1598,318,55,3.91,normal,No material exception,SYNTHETIC_DEMO_ONLY,-0.0616841355646911,0.020430092308659997,0.0010000000000000009,3.5,False
2026-02-02,DACH,Enterprise,Platform,605507.78,158492.89,0.2797,0.1412,373,78,3.82,normal,No material exception,SYNTHETIC_DEMO_ONLY,0.03191419942219342,-0.013881929928968195,-0.04159999999999997,5.9,False
2026-02-02,France,Commercial,AI,187174.49,41248.15,0.235,0.1267,100,19,4.54,normal,No material exception,SYNTHETIC_DEMO_ONLY,0.1397788247607583,0.4134937306599684,0.010699999999999987,8.8,False
2026-02-02,France,Commercial,Automation,213623.05,45872.04,0.2313,0.1344,145,25,4.66,normal,No material exception,SYNTHETIC_DEMO_ONLY,0.046193776396585395,0.37677427758580917,0.02150000000000002,4.7,False
2026-02-02,France,Commercial,Cloud,248679.38,51159.72,0.2202,0.1236,161,28,4.86,normal,No material exception,SYNTHETIC_DEMO_ONLY,0.05453102596778514,-0.04360608094883167,-0.053300000000000014,8.3,False
2026-02-02,France,Commercial,Platform,256485.37,58620.5,0.2668,0.1469,175,28,4.38,normal,No material exception,SYNTHETIC_DEMO_ONLY,-0.09995036987131511,-0.10281070997953101,0.011899999999999966,6.7,False
2026-02-02,France,Enterprise,AI,313774.75,69070.61,0.2255,0.1086,183,40,4.54,normal,No material exception,SYNTHETIC_DEMO_ONLY,0.1799594644914555,0.08087661809259128,-0.053299999999999986,15.2,False
2026-02-02,France,Enterprise,Automation,329928.54,76982.99,0.2661,0.139,179,29,4.29,normal,No material exception,SYNTHETIC_DEMO_ONLY,0.004097666665489941,0.12888745701947757,0.022900000000000004,2.5,False
2026-02-02,France,Enterprise,Cloud,413065.45,90371.6,0.2317,0.1065,272,54,4.57,normal,No material exception,SYNTHETIC_DEMO_ONLY,0.05611413777508023,0.035379637443669454,-0.023300000000000015,5.4,False
2026-02-02,France,Enterprise,Platform,439006.0,84334.27,0.2327,0.1489,289,62,5.21,normal,No material exception,SYNTHETIC_DEMO_ONLY,-0.015279976638005066,-0.05224055710554332,-0.020800000000000013,2.9,False
2026-02-02,Iberia,Commercial,AI,136808.47,26045.43,0.2138,0.1127,82,16,5.25,normal,No material exception,SYNTHETIC_DEMO_ONLY,0.08460024054753701,-0.07551542403130374,-0.02150000000000002,6.8,False
2026-02-02,Iberia,Commercial,Automation,168369.59,38349.08,0.2539,0.1498,109,20,4.39,normal,No material exception,SYNTHETIC_DEMO_ONLY,0.020856209230376788,0.18938614107047336,0.016000000000000014,2.7,False
2026-02-02,Iberia,Commercial,Cloud,213080.16,35094.3,0.2109,0.1367,128,31,6.07,normal,No material exception,SYNTHETIC_DEMO_ONLY,0.23528353933164659,0.001920802854482151,-0.03889999999999999,16.8,False
2026-02-02,Iberia,Commercial,Platform,229206.01,62702.38,0.2945,0.1898,124,28,3.66,normal,No material exception,SYNTHETIC_DEMO_ONLY,0.1355922537992047,0.3973076886221354,0.05049999999999999,12.5,False
2026-02-02,Iberia,Enterprise,AI,232211.12,45889.02,0.2396,0.1232,138,28,5.06,normal,No material exception,SYNTHETIC_DEMO_ONLY,0.08093648000814802,-0.07747894882220763,-0.027699999999999975,7.2,False
2026-02-02,Iberia,Enterprise,Automation,258699.97,61279.49,0.2655,0.1394,170,30,4.22,normal,No material exception,SYNTHETIC_DEMO_ONLY,0.035503566803857245,0.2717829931645246,0.0383,5.8,False
2026-02-02,Iberia,Enterprise,Cloud,320759.59,67448.89,0.2254,0.1181,209,38,4.76,normal,No material exception,SYNTHETIC_DEMO_ONLY,0.13949681254169977,0.2930874567110522,0.006099999999999994,8.3,False
2026-02-02,Iberia,Enterprise,Platform,350861.78,76997.83,0.2471,0.1606,200,41,4.56,normal,No material exception,SYNTHETIC_DEMO_ONLY,-0.07296061022059575,-0.16387238334903742,-0.030200000000000005,7.0,False
2026-02-02,Nordics,Commercial,AI,163323.34,35086.08,0.259,0.1588,108,21,4.65,normal,No material exception,SYNTHETIC_DEMO_ONLY,0.08329687484661585,0.17990738592225664,0.021699999999999997,6.8,False
2026-02-02,Nordics,Commercial,Automation,224766.38,43223.12,0.2285,0.128,159,32,5.2,normal,No material exception,SYNTHETIC_DEMO_ONLY,0.10172593438544619,0.00810413369826457,-0.0199,7.6,False
2026-02-02,Nordics,Commercial,Cloud,227758.02,49917.73,0.2522,0.1429,174,33,4.56,normal,No material exception,SYNTHETIC_DEMO_ONLY,0.033277908035016956,0.14811256614827517,0.016199999999999992,3.5,False
2026-02-02,Nordics,Commercial,Platform,232935.94,50997.6,0.2424,0.1325,166,38,4.57,normal,No material exception,SYNTHETIC_DEMO_ONLY,-0.07045988216654542,-0.06798356430457608,0.006000000000000005,4.5,False
2026-02-02,Nordics,Enterprise,AI,247274.23,60853.53,0.2684,0.1519,160,31,4.06,normal,No material exception,SYNTHETIC_DEMO_ONLY,0.00774220661650693,0.09707950399378662,0.020100000000000035,2.4,False
2026-02-02,Nordics,Enterprise,Automation,341806.91,65201.12,0.2263,0.1223,262,53,5.24,normal,No material exception,SYNTHETIC_DEMO_ONLY,0.06395961343250178,0.07010512453380668,0.02529999999999999,6.0,False
2026-02-02,Nordics,Enterprise,Cloud,359796.11,63843.78,0.2256,0.1207,233,45,5.64,normal,No material exception,SYNTHETIC_DEMO_ONLY,-0.0074757908231787296,-0.16233331465839096,0.0032000000000000084,0.7,False
2026-02-02,Nordics,Enterprise,Platform,457739.0,99127.24,0.2451,0.1383,320,55,4.62,normal,No material exception,SYNTHETIC_DEMO_ONLY,0.20439378674163566,0.1398709988413538,-0.02890000000000001,14.1,False
2026-02-02,UKI,Commercial,AI,203991.29,37689.45,0.202,0.1035,133,27,5.41,normal,No material exception,SYNTHETIC_DEMO_ONLY,-0.05840145097300131,-0.10893388968445306,-0.023999999999999994,5.6,False
2026-02-02,UKI,Commercial,Automation,218539.56,44998.48,0.2449,0.1497,151,25,4.86,stalled_pipeline,Synthetic late-stage progression slowdown,SYNTHETIC_DEMO_ONLY,0.08762468342662477,0.03000364633607311,0.0050000000000000044,25.3,True
2026-02-02,UKI,Commercial,Cloud,297640.46,60993.77,0.2165,0.121,179,41,4.88,normal,No material exception,SYNTHETIC_DEMO_ONLY,0.1263418807882264,0.010750345015928309,-0.03990000000000002,10.9,False
2026-02-02,UKI,Commercial,Platform,332114.98,66197.36,0.2296,0.1323,204,44,5.02,normal,No material exception,SYNTHETIC_DEMO_ONLY,0.11136372869170774,0.07313060731077492,-0.027900000000000008,8.9,False
2026-02-02,UKI,Enterprise,AI,324806.55,77812.17,0.2717,0.161,202,38,4.17,normal,No material exception,SYNTHETIC_DEMO_ONLY,0.13721583875837018,0.28167228449860504,0.0426,11.8,False
2026-02-02,UKI,Enterprise,Automation,327878.59,78527.53,0.2826,0.1538,202,45,4.18,stalled_pipeline,Synthetic late-stage progression slowdown,SYNTHETIC_DEMO_ONLY,-0.08273021261262559,0.1305011993507872,0.037500000000000006,28.3,True
2026-02-02,UKI,Enterprise,Cloud,478377.15,126654.88,0.2885,0.1618,317,67,3.78,normal,No material exception,SYNTHETIC_DEMO_ONLY,0.06672902780576306,0.17156152079753761,0.013799999999999979,5.1,False
2026-02-02,UKI,Enterprise,Platform,577649.15,137329.6,0.2883,0.1595,378,70,4.21,normal,No material exception,SYNTHETIC_DEMO_ONLY,0.091916334795632,0.2849163683833118,0.02479999999999999,7.5,False
2026-02-09,Benelux,Commercial,AI,147317.98,30446.53,0.2215,0.105,65,8,4.84,normal,No material exception,SYNTHETIC_DEMO_ONLY,0.08725222826292334,0.18974653752114534,-0.003899999999999987,5.2,False
2026-02-09,Benelux,Commercial,Automation,182439.51,40099.45,0.2335,0.142,93,17,4.55,normal,No material exception,SYNTHETIC_DEMO_ONLY,0.027368774460187817,0.13716076837957747,0.012800000000000006,2.8,False
2026-02-09,Benelux,Commercial,Cloud,218523.15,33041.82,0.19,0.0995,135,24,6.61,normal,No material exception,SYNTHETIC_DEMO_ONLY,0.13306932763011314,0.1647974178455891,0.0025000000000000022,7.6,False
2026-02-09,Benelux,Commercial,Platform,230763.74,44953.52,0.2253,0.15,136,18,5.13,normal,No material exception,SYNTHETIC_DEMO_ONLY,0.07825386074835938,0.008376609378760724,-0.0007999999999999952,4.4,False
2026-02-09,Benelux,Enterprise,AI,245633.99,56157.89,0.2497,0.1465,178,46,4.37,normal,No material exception,SYNTHETIC_DEMO_ONLY,0.03376910182820092,0.2170389690321728,0.013600000000000001,3.2,False
2026-02-09,Benelux,Enterprise,Automation,286463.03,68880.7,0.269,0.1647,194,36,4.16,normal,No material exception,SYNTHETIC_DEMO_ONLY,-0.10785122481830356,0.26076457419335575,0.06670000000000001,12.6,False
2026-02-09,Benelux,Enterprise,Cloud,344860.48,69707.84,0.271,0.1492,214,51,4.95,normal,No material exception,SYNTHETIC_DEMO_ONLY,0.08900653444062834,0.16503905450248646,0.025900000000000006,7.5,False
2026-02-09,Benelux,Enterprise,Platform,379068.4,100873.64,0.2948,0.1664,248,54,3.76,normal,No material exception,SYNTHETIC_DEMO_ONLY,0.10106533974763887,0.005134901135740444,-0.027600000000000013,8.3,False
2026-02-09,DACH,Commercial,AI,241581.11,49125.9,0.2378,0.1352,140,17,4.92,normal,No material exception,SYNTHETIC_DEMO_ONLY,0.06506325960852766,-0.07985598628640611,-0.041700000000000015,7.7,False
2026-02-09,DACH,Commercial,Automation,321029.82,79350.67,0.2395,0.1242,184,40,4.05,normal,No material exception,SYNTHETIC_DEMO_ONLY,0.1047799145578574,0.48417353180752465,0.0189,7.7,False
2026-02-09,DACH,Commercial,Cloud,326090.7,68187.11,0.2189,0.1265,220,35,4.78,normal,No material exception,SYNTHETIC_DEMO_ONLY,0.03133125701232742,0.29752335507825256,0.024500000000000022,4.2,False
2026-02-09,DACH,Commercial,Platform,364064.49,75679.6,0.2366,0.1224,234,45,4.81,normal,No material exception,SYNTHETIC_DEMO_ONLY,-0.0382506606562697,-0.1903210327740904,-0.05889999999999998,8.0,False
2026-02-09,DACH,Enterprise,AI,401019.21,100484.23,0.2593,0.1209,261,54,3.99,normal,No material exception,SYNTHETIC_DEMO_ONLY,0.008556754001150413,0.025751631558337706,-0.02190000000000003,2.7,False
2026-02-09,DACH,Enterprise,Automation,486921.09,104674.9,0.2593,0.139,297,46,4.65,normal,No material exception,SYNTHETIC_DEMO_ONLY,-0.003818998990093414,0.03170569919996513,0.03879999999999997,4.1,False
2026-02-09,DACH,Enterprise,Cloud,563668.52,112838.32,0.2569,0.1307,372,64,5.0,normal,No material exception,SYNTHETIC_DEMO_ONLY,0.02611593609545726,0.00011309494054367875,-0.0020999999999999908,1.6,False
2026-02-09,DACH,Enterprise,Platform,649745.25,167641.28,0.3081,0.1794,411,60,3.88,normal,No material exception,SYNTHETIC_DEMO_ONLY,0.1433186993335429,0.30841984846203685,0.021499999999999964,10.0,False
2026-02-09,France,Commercial,AI,178722.36,33749.9,0.2158,0.1251,109,20,5.3,normal,No material exception,SYNTHETIC_DEMO_ONLY,0.12426895489785905,0.11679677249739995,0.0033999999999999864,7.2,False
2026-02-09,France,Commercial,Automation,221901.64,61098.84,0.2761,0.1523,144,25,3.63,normal,No material exception,SYNTHETIC_DEMO_ONLY,0.16588454728391366,0.878912694710253,0.08520000000000003,17.6,False
2026-02-09,France,Commercial,Cloud,230589.33,39624.35,0.222,0.1228,120,24,5.82,normal,No material exception,SYNTHETIC_DEMO_ONLY,-0.05686434521311157,-0.04166045902375215,-0.006000000000000005,3.7,False
2026-02-09,France,Commercial,Platform,267374.92,58084.92,0.2347,0.1399,190,27,4.6,normal,No material exception,SYNTHETIC_DEMO_ONLY,0.027369595299446825,0.2561536149203183,0.027499999999999997,4.3,False
2026-02-09,France,Enterprise,AI,297403.98,58019.02,0.2416,0.1375,197,41,5.13,normal,No material exception,SYNTHETIC_DEMO_ONLY,0.05465078281240121,-0.13178478553584683,-0.01059999999999997,4.1,False
2026-02-09,France,Enterprise,Automation,352698.6,75847.99,0.2586,0.1389,247,49,4.65,normal,No material exception,SYNTHETIC_DEMO_ONLY,0.003478473636891133,-0.15023455716244083,-0.015600000000000003,1.8,False
2026-02-09,France,Enterprise,Cloud,381323.36,84322.98,0.2517,0.1451,239,49,4.52,normal,No material exception,SYNTHETIC_DEMO_ONLY,0.04052070982795786,0.10243295425901655,0.007299999999999973,3.0,False
2026-02-09,France,Enterprise,Platform,421386.37,118154.64,0.3261,0.1683,274,51,3.57,normal,No material exception,SYNTHETIC_DEMO_ONLY,-0.034280440601456075,0.32484315829757104,0.07,8.9,False
2026-02-09,Iberia,Commercial,AI,138622.79,25482.06,0.195,0.0992,103,22,5.44,normal,No material exception,SYNTHETIC_DEMO_ONLY,0.06079693463251701,-0.01595430813432608,-0.03519999999999998,6.9,False
2026-02-09,Iberia,Commercial,Automation,174330.72,38358.09,0.2476,0.132,118,22,4.54,normal,No material exception,SYNTHETIC_DEMO_ONLY,0.003845727290222145,-0.00664050896929691,-0.006099999999999994,0.8,False
2026-02-09,Iberia,Commercial,Cloud,189177.67,42749.28,0.2416,0.1203,129,26,4.43,normal,No material exception,SYNTHETIC_DEMO_ONLY,-0.02033916526462476,0.3098213128521832,0.036000000000000004,4.7,False
2026-02-09,Iberia,Commercial,Platform,226155.2,54280.51,0.2653,0.1673,149,29,4.17,normal,No material exception,SYNTHETIC_DEMO_ONLY,0.14859565761087223,0.3138784489892936,0.00379999999999997,8.6,False
2026-02-09,Iberia,Enterprise,AI,233115.55,51892.73,0.2391,0.1305,168,39,4.49,normal,No material exception,SYNTHETIC_DEMO_ONLY,0.06077392288346717,-0.03284302725640065,-0.04489999999999997,7.8,False
2026-02-09,Iberia,Enterprise,Automation,274658.55,61362.42,0.2678,0.1455,186,22,4.48,normal,No material exception,SYNTHETIC_DEMO_ONLY,-0.014178800970780281,-0.06610529673653498,0.017100000000000004,2.5,False
2026-02-09,Iberia,Enterprise,Cloud,281258.54,68391.93,0.257,0.1363,179,24,4.11,normal,No material exception,SYNTHETIC_DEMO_ONLY,-0.12083026362631866,0.07410789838871068,0.020800000000000013,8.7,False
2026-02-09,Iberia,Enterprise,Platform,349539.76,85936.23,0.2849,0.1452,241,49,4.07,normal,No material exception,SYNTHETIC_DEMO_ONLY,0.04872566273122736,0.15878334007993966,0.020799999999999985,4.8,False
2026-02-09,Nordics,Commercial,AI,170734.43,35991.07,0.2289,0.1247,124,26,4.74,normal,No material exception,SYNTHETIC_DEMO_ONLY,0.006326436210355446,0.10048179427931592,0.011699999999999988,1.5,False
2026-02-09,Nordics,Commercial,Automation,196025.04,37190.95,0.2246,0.1277,131,23,5.27,normal,No material exception,SYNTHETIC_DEMO_ONLY,0.13456811438551042,0.2976369584362042,0.014899999999999997,8.9,False
2026-02-09,Nordics,Commercial,Cloud,231769.58,44158.06,0.2033,0.1128,145,29,5.25,normal,No material exception,SYNTHETIC_DEMO_ONLY,0.036954889673741276,0.31117987321735097,0.03160000000000002,5.2,False
2026-02-09,Nordics,Commercial,Platform,263817.42,51674.47,0.2313,0.1395,188,33,5.11,normal,No material exception,SYNTHETIC_DEMO_ONLY,0.08287146729328398,0.00031243751007825615,-0.012699999999999989,5.8,False
2026-02-09,Nordics,Enterprise,AI,272654.88,62640.6,0.2451,0.1447,182,29,4.35,normal,No material exception,SYNTHETIC_DEMO_ONLY,0.23025570812187968,0.6530117696793993,0.015400000000000025,14.2,False
2026-02-09,Nordics,Enterprise,Automation,313497.29,60717.64,0.2166,0.109,194,29,5.16,normal,No material exception,SYNTHETIC_DEMO_ONLY,0.09009324776496763,0.109315285431413,0.001799999999999996,5.1,False
2026-02-09,Nordics,Enterprise,Cloud,376596.19,76690.09,0.2288,0.1254,260,41,4.91,normal,No material exception,SYNTHETIC_DEMO_ONLY,0.09763174665260466,-0.06502591444235184,-0.057499999999999996,11.1,False
2026-02-09,Nordics,Enterprise,Platform,404224.68,100478.43,0.2722,0.1282,229,41,4.02,normal,No material exception,SYNTHETIC_DEMO_ONLY,0.05299055937763031,0.07063316453122725,-0.0028000000000000247,3.2,False
2026-02-09,UKI,Commercial,AI,224628.55,42825.37,0.2164,0.1058,147,28,5.25,normal,No material exception,SYNTHETIC_DEMO_ONLY,0.19983981022933728,0.12105980007219741,-0.022199999999999998,13.2,False
2026-02-09,UKI,Commercial,Automation,221291.75,40505.35,0.2241,0.1221,137,24,5.46,stalled_pipeline,Synthetic late-stage progression slowdown,SYNTHETIC_DEMO_ONLY,-0.003358487347134953,-0.22536078598092035,-0.009800000000000003,21.2,True
2026-02-09,UKI,Commercial,Cloud,299882.57,51834.23,0.2325,0.1317,163,27,5.79,normal,No material exception,SYNTHETIC_DEMO_ONLY,0.02259496764691793,-0.2279004732764095,-0.01679999999999998,2.9,False
2026-02-09,UKI,Commercial,Platform,325036.36,67158.23,0.2377,0.1084,202,46,4.84,normal,No material exception,SYNTHETIC_DEMO_ONLY,0.18454230779224656,0.2361230214101928,-0.011200000000000015,11.3,False
2026-02-09,UKI,Enterprise,AI,353228.95,71156.18,0.248,0.1464,210,39,4.96,normal,No material exception,SYNTHETIC_DEMO_ONLY,0.05904053874001769,-0.06424532186310405,-0.006199999999999983,3.9,False
2026-02-09,UKI,Enterprise,Automation,360077.61,71542.99,0.244,0.142,225,38,5.03,stalled_pipeline,Synthetic late-stage progression slowdown,SYNTHETIC_DEMO_ONLY,0.11624984805999006,0.04607539996382615,0.0058,27.0,True
2026-02-09,UKI,Enterprise,Cloud,513177.75,121281.2,0.2742,0.1567,305,54,4.23,normal,No material exception,SYNTHETIC_DEMO_ONLY,0.08004460365106247,0.08461001197459117,0.027100000000000013,7.1,False
2026-02-09,UKI,Enterprise,Platform,609993.48,149874.8,0.2729,0.1756,374,65,4.07,normal,No material exception,SYNTHETIC_DEMO_ONLY,0.20154772031262946,0.2918988460170888,0.017299999999999982,12.8,False
2026-02-16,Benelux,Commercial,AI,174024.0,38418.45,0.2234,0.1147,84,17,4.53,normal,No material exception,SYNTHETIC_DEMO_ONLY,0.3061120088767342,0.44052423399226903,0.0058,17.4,False
2026-02-16,Benelux,Commercial,Automation,178742.94,38381.71,0.2312,0.1313,106,17,4.66,normal,No material exception,SYNTHETIC_DEMO_ONLY,0.011309517915879086,0.06262479332619408,0.003599999999999992,1.0,False
2026-02-16,Benelux,Commercial,Cloud,206584.69,41062.55,0.2111,0.135,118,26,5.03,normal,No material exception,SYNTHETIC_DEMO_ONLY,-0.03766493379170466,0.06669051374610091,0.021699999999999997,4.2,False
2026-02-16,Benelux,Commercial,Platform,253660.92,58172.85,0.2567,0.1499,157,32,4.36,normal,No material exception,SYNTHETIC_DEMO_ONLY,0.09984545159232039,0.216194857610567,0.009399999999999992,6.4,False
2026-02-16,Benelux,Enterprise,AI,232836.49,50294.44,0.277,0.1449,139,27,4.63,normal,No material exception,SYNTHETIC_DEMO_ONLY,-0.07578696830454046,-0.010292521392245346,0.03880000000000003,8.0,False
2026-02-16,Benelux,Enterprise,Automation,287836.72,61612.58,0.2318,0.1218,180,33,4.67,normal,No material exception,SYNTHETIC_DEMO_ONLY,-0.06109045552538939,0.03066523049818315,-0.0041999999999999815,3.8,False
2026-02-16,Benelux,Enterprise,Cloud,348813.13,67550.78,0.2271,0.1378,226,45,5.16,normal,No material exception,SYNTHETIC_DEMO_ONLY,0.01200979465591323,-0.09494536507512874,-0.020300000000000012,2.7,False
2026-02-16,Benelux,Enterprise,Platform,412302.75,88219.57,0.2575,0.1292,284,52,4.67,normal,No material exception,SYNTHETIC_DEMO_ONLY,0.048279255866530146,-0.12428807112141693,-0.028700000000000003,5.5,False
2026-02-16,DACH,Commercial,AI,225122.55,49099.03,0.2421,0.1243,136,22,4.59,normal,No material exception,SYNTHETIC_DEMO_ONLY,-0.08634168120723285,-0.10719085599904143,-0.011099999999999971,5.9,False
2026-02-16,DACH,Commercial,Automation,296617.94,69442.75,0.2606,0.1459,167,32,4.27,normal,No material exception,SYNTHETIC_DEMO_ONLY,0.06423416442865704,0.1579343962096491,0.0406,7.6,False
2026-02-16,DACH,Commercial,Cloud,340466.75,64943.15,0.235,0.1201,220,38,5.24,normal,No material exception,SYNTHETIC_DEMO_ONLY,0.07357324736004478,0.0601727406796988,0.0174,5.8,False
2026-02-16,DACH,Commercial,Platform,371274.64,80809.19,0.2314,0.1282,235,43,4.59,normal,No material exception,SYNTHETIC_DEMO_ONLY,0.027050649586825237,-0.00549230716405924,-0.021299999999999986,3.6,False
2026-02-16,DACH,Enterprise,AI,408179.65,100807.54,0.264,0.1196,244,41,4.05,normal,No material exception,SYNTHETIC_DEMO_ONLY,0.023750926488109503,0.11821883725031901,0.015900000000000025,2.9,False
2026-02-16,DACH,Enterprise,Automation,545085.63,121913.53,0.2772,0.1694,353,81,4.47,normal,No material exception,SYNTHETIC_DEMO_ONLY,0.14598026995053726,0.20119816811498925,0.02310000000000001,10.3,False
2026-02-16,DACH,Enterprise,Cloud,533514.32,139291.16,0.3058,0.1541,345,57,3.83,normal,No material exception,SYNTHETIC_DEMO_ONLY,0.000315667526571195,0.12254776651200916,0.016699999999999993,1.7,False
2026-02-16,DACH,Enterprise,Platform,619949.82,147808.34,0.2765,0.1761,408,66,4.19,normal,No material exception,SYNTHETIC_DEMO_ONLY,-0.052890551529819474,-0.26381909898135847,-0.04049999999999998,7.0,False
2026-02-16,France,Commercial,AI,165175.14,28448.47,0.2031,0.1044,135,29,5.81,normal,No material exception,SYNTHETIC_DEMO_ONLY,-0.03293334151443417,-0.11693551140719927,-0.014800000000000008,3.3,False
2026-02-16,France,Commercial,Automation,220197.8,47850.86,0.2422,0.1315,144,29,4.6,normal,No material exception,SYNTHETIC_DEMO_ONLY,0.027513176751577495,0.40394600024880334,0.03670000000000001,5.2,False
2026-02-16,France,Commercial,Cloud,212980.02,40262.09,0.2269,0.1337,155,33,5.29,normal,No material exception,SYNTHETIC_DEMO_ONLY,-0.15804522930951104,-0.17339271621454055,-0.010200000000000015,9.7,False
2026-02-16,France,Commercial,Platform,286624.57,60379.67,0.2282,0.1344,190,37,4.75,normal,No material exception,SYNTHETIC_DEMO_ONLY,0.0998571651297806,0.04429419301457105,-0.01730000000000001,7.2,False
2026-02-16,France,Enterprise,AI,295676.2,75630.34,0.2889,0.1671,185,46,3.91,normal,No material exception,SYNTHETIC_DEMO_ONLY,0.10525279562313083,0.40715882087207356,0.05409999999999998,11.2,False
2026-02-16,France,Enterprise,Automation,360315.21,78149.64,0.2504,0.1399,249,52,4.61,normal,No material exception,SYNTHETIC_DEMO_ONLY,-0.0004740266122335024,-0.053173603448862794,-0.034499999999999975,3.5,False
2026-02-16,France,Enterprise,Cloud,438968.58,104562.51,0.2824,0.1225,285,59,4.2,normal,No material exception,SYNTHETIC_DEMO_ONLY,0.16887881054473386,0.4425871412226625,0.0691,16.2,False
2026-02-16,France,Enterprise,Platform,484523.82,119525.65,0.2668,0.1414,308,60,4.05,normal,No material exception,SYNTHETIC_DEMO_ONLY,0.09002465899259549,-0.06775927830882433,-0.018100000000000005,6.8,False
2026-02-16,Iberia,Commercial,AI,129082.14,26174.23,0.2274,0.135,94,17,4.93,normal,No material exception,SYNTHETIC_DEMO_ONLY,-0.07974319357752946,0.17198324652715602,0.046999999999999986,9.1,False
2026-02-16,Iberia,Commercial,Automation,166719.51,26936.29,0.208,0.1259,127,25,6.19,normal,No material exception,SYNTHETIC_DEMO_ONLY,0.04455623083507487,-0.19390630129492525,-0.01580000000000001,4.0,False
2026-02-16,Iberia,Commercial,Cloud,187793.01,35387.52,0.1956,0.126,127,22,5.31,normal,No material exception,SYNTHETIC_DEMO_ONLY,-0.05078988795820483,0.0016646517803791117,-0.017000000000000015,4.5,False
2026-02-16,Iberia,Commercial,Platform,234294.32,55378.45,0.2777,0.1725,161,23,4.23,normal,No material exception,SYNTHETIC_DEMO_ONLY,0.08281563662506808,0.44811192351412044,0.0819,12.7,False
2026-02-16,Iberia,Enterprise,AI,225540.72,56953.51,0.2789,0.1611,157,24,3.96,normal,No material exception,SYNTHETIC_DEMO_ONLY,0.02608338026836221,0.3820105108828744,0.07479999999999998,8.9,False
2026-02-16,Iberia,Enterprise,Automation,270715.22,72065.33,0.291,0.1466,177,38,3.76,normal,No material exception,SYNTHETIC_DEMO_ONLY,-0.01185419934521792,0.20234428115357117,0.05499999999999999,6.2,False
2026-02-16,Iberia,Enterprise,Cloud,309419.46,69688.78,0.2765,0.1545,209,42,4.44,normal,No material exception,SYNTHETIC_DEMO_ONLY,-0.006368188466548408,-0.04968324947744629,0.01970000000000005,2.3,False
2026-02-16,Iberia,Enterprise,Platform,349671.58,83543.67,0.2816,0.1347,236,54,4.19,normal,No material exception,SYNTHETIC_DEMO_ONLY,0.08942137894507285,0.4702056226471407,0.0695,11.9,False
2026-02-16,Nordics,Commercial,AI,158300.95,34805.08,0.2394,0.1414,85,16,4.55,normal,No material exception,SYNTHETIC_DEMO_ONLY,-0.0038272814263546895,-0.05578236681353255,-0.001799999999999996,0.4,False
2026-02-16,Nordics,Commercial,Automation,206912.91,45363.57,0.2365,0.1341,142,27,4.56,normal,No material exception,SYNTHETIC_DEMO_ONLY,0.12166017248419969,0.43491166466703723,0.05149999999999999,11.8,False
2026-02-16,Nordics,Commercial,Cloud,237287.24,47124.12,0.2165,0.1161,152,31,5.04,normal,No material exception,SYNTHETIC_DEMO_ONLY,0.12298661406534728,0.3001062727402146,0.01369999999999999,8.1,False
2026-02-16,Nordics,Commercial,Platform,250858.69,45345.19,0.2147,0.1305,158,33,5.53,normal,No material exception,SYNTHETIC_DEMO_ONLY,0.08001917920180279,0.0016556130473353026,-0.0121,5.6,False
2026-02-16,Nordics,Enterprise,AI,245439.21,57050.45,0.2686,0.1429,171,44,4.3,normal,No material exception,SYNTHETIC_DEMO_ONLY,-0.05001381401405991,0.11486867419612357,0.04550000000000001,7.3,False
2026-02-16,Nordics,Enterprise,Automation,353814.78,74323.56,0.2425,0.1391,216,36,4.76,normal,No material exception,SYNTHETIC_DEMO_ONLY,0.06664041478218663,-0.15259048388277396,-0.03689999999999999,7.4,False
2026-02-16,Nordics,Enterprise,Cloud,355578.43,72960.88,0.2408,0.1328,230,41,4.87,normal,No material exception,SYNTHETIC_DEMO_ONLY,0.07903575812474295,0.12964554547085871,0.001799999999999996,4.5,False
2026-02-16,Nordics,Enterprise,Platform,427106.32,98115.07,0.2661,0.1554,267,48,4.35,normal,No material exception,SYNTHETIC_DEMO_ONLY,0.014896926635324936,-0.0065642751392266385,-0.007400000000000018,1.6,False
2026-02-16,UKI,Commercial,AI,213736.0,41134.0,0.2381,0.1243,129,25,5.2,normal,No material exception,SYNTHETIC_DEMO_ONLY,0.06473229208065256,0.02633504771756856,0.005299999999999999,4.1,False
2026-02-16,UKI,Commercial,Automation,207422.65,44231.84,0.2294,0.1343,130,20,4.69,stalled_pipeline,Synthetic late-stage progression slowdown,SYNTHETIC_DEMO_ONLY,0.005726926372536356,0.20671410386312505,0.024900000000000005,22.8,True
2026-02-16,UKI,Commercial,Cloud,282154.81,57695.18,0.2254,0.1298,176,38,4.89,normal,No material exception,SYNTHETIC_DEMO_ONLY,0.04800100790609774,0.09116819408302912,-0.00940000000000002,3.6,False
2026-02-16,UKI,Commercial,Platform,344806.9,90677.56,0.2943,0.1681,226,36,3.8,normal,No material exception,SYNTHETIC_DEMO_ONLY,0.10271685062182656,0.5636334729340833,0.07300000000000001,12.9,False
2026-02-16,UKI,Enterprise,AI,357223.52,81869.28,0.2639,0.1591,203,30,4.36,normal,No material exception,SYNTHETIC_DEMO_ONLY,0.13166337385500682,0.24725915171311108,0.020700000000000024,9.3,False
2026-02-16,UKI,Enterprise,Automation,356521.17,87569.84,0.2774,0.1502,247,39,4.07,stalled_pipeline,Synthetic late-stage progression slowdown,SYNTHETIC_DEMO_ONLY,-0.023365757856316227,-0.008903810753136066,9.999999999998899e-05,21.3,True
2026-02-16,UKI,Enterprise,Cloud,490529.29,104574.4,0.2486,0.1314,322,58,4.69,normal,No material exception,SYNTHETIC_DEMO_ONLY,-0.043418373269872856,-0.15023321082373864,-0.020299999999999985,4.4,False
2026-02-16,UKI,Enterprise,Platform,564370.14,119434.36,0.2576,0.1237,347,74,4.73,normal,No material exception,SYNTHETIC_DEMO_ONLY,0.10890298149566635,-0.06681619356633761,-0.018900000000000028,7.9,False
2026-02-23,Benelux,Commercial,AI,141635.93,27512.7,0.2117,0.1047,102,21,5.15,normal,No material exception,SYNTHETIC_DEMO_ONLY,-0.007674906527212255,0.04386813266865208,0.01830000000000001,2.3,False
2026-02-23,Benelux,Commercial,Automation,179842.95,31137.79,0.1952,0.0992,126,18,5.78,normal,No material exception,SYNTHETIC_DEMO_ONLY,-0.014688213433966646,-0.10523926203723943,-0.02889999999999998,3.7,False
2026-02-23,Benelux,Commercial,Cloud,233659.45,44509.0,0.2088,0.1199,147,31,5.25,normal,No material exception,SYNTHETIC_DEMO_ONLY,0.03314197803336727,0.08409750812726058,0.00040000000000001146,1.9,False
2026-02-23,Benelux,Commercial,Platform,255794.18,55684.61,0.2581,0.1571,178,22,4.59,normal,No material exception,SYNTHETIC_DEMO_ONLY,0.05858157353247484,0.31319579406512,0.04799999999999999,8.0,False
2026-02-23,Benelux,Enterprise,AI,247280.78,58596.11,0.2715,0.1343,191,40,4.22,normal,No material exception,SYNTHETIC_DEMO_ONLY,-0.04213062511160848,0.04315643062291086,0.017900000000000027,4.1,False
2026-02-23,Benelux,Enterprise,Automation,315122.72,65433.91,0.2282,0.1253,227,52,4.82,normal,No material exception,SYNTHETIC_DEMO_ONLY,0.06604056155955584,-0.20392993980133134,-0.04780000000000004,8.4,False
2026-02-23,Benelux,Enterprise,Cloud,356156.49,68166.32,0.2243,0.1148,230,47,5.22,normal,No material exception,SYNTHETIC_DEMO_ONLY,-0.051592961928122905,-0.1674699502958712,-0.03489999999999999,6.3,False
2026-02-23,Benelux,Enterprise,Platform,411585.28,86420.73,0.2332,0.1166,298,62,4.76,normal,No material exception,SYNTHETIC_DEMO_ONLY,0.07761213451415849,-0.10243328675207097,-0.07039999999999999,11.3,False
2026-02-23,DACH,Commercial,AI,247391.37,47798.58,0.2461,0.1198,151,32,5.18,normal,No material exception,SYNTHETIC_DEMO_ONLY,0.11862879902237289,-0.12918441142777193,-0.014800000000000008,8.0,False
2026-02-23,DACH,Commercial,Automation,300707.93,66687.25,0.2365,0.1192,199,44,4.51,normal,No material exception,SYNTHETIC_DEMO_ONLY,0.006987107388776392,-0.047191198421149716,-0.014000000000000012,1.8,False
2026-02-23,DACH,Commercial,Cloud,321227.03,51066.95,0.2025,0.1133,199,31,6.29,normal,No material exception,SYNTHETIC_DEMO_ONLY,0.09254852095595001,-0.1588938901117436,-0.01369999999999999,6.5,False
2026-02-23,DACH,Commercial,Platform,366027.04,85523.6,0.3065,0.1526,265,54,4.28,normal,No material exception,SYNTHETIC_DEMO_ONLY,-0.005982025354819176,0.04953931188855121,0.05119999999999997,5.4,False
2026-02-23,DACH,Enterprise,AI,408172.18,104923.1,0.2692,0.1424,258,51,3.89,normal,No material exception,SYNTHETIC_DEMO_ONLY,0.07809730906056211,0.17747735959289135,0.006299999999999972,4.9,False
2026-02-23,DACH,Enterprise,Automation,499551.01,118624.08,0.269,0.1624,309,69,4.21,normal,No material exception,SYNTHETIC_DEMO_ONLY,0.11350511688614895,0.14975917144198037,-0.012399999999999967,7.5,False
2026-02-23,DACH,Enterprise,Cloud,601506.39,156625.19,0.3049,0.1643,378,78,3.84,normal,No material exception,SYNTHETIC_DEMO_ONLY,0.02430504450826354,0.4279667437547443,0.0645,7.8,False
2026-02-23,DACH,Enterprise,Platform,654161.85,154765.24,0.2668,0.1422,423,72,4.23,normal,No material exception,SYNTHETIC_DEMO_ONLY,0.2279776849438584,0.00569796071035622,-0.02040000000000003,14.6,False
2026-02-23,France,Commercial,AI,178270.22,34797.5,0.2064,0.1021,113,25,5.12,normal,No material exception,SYNTHETIC_DEMO_ONLY,0.05571374825175579,-0.08142292531854212,-0.053399999999999975,8.4,False
2026-02-23,France,Commercial,Automation,225520.07,48115.08,0.2357,0.1274,141,31,4.69,normal,No material exception,SYNTHETIC_DEMO_ONLY,0.10350023589805724,0.003189601789746588,-0.03509999999999999,9.2,False
2026-02-23,France,Commercial,Cloud,253111.3,53697.22,0.2244,0.1263,177,37,4.71,normal,No material exception,SYNTHETIC_DEMO_ONLY,0.04312896364097485,0.5706558222428666,0.03489999999999999,5.9,False
2026-02-23,France,Commercial,Platform,302047.31,68264.56,0.2566,0.1501,192,42,4.42,normal,No material exception,SYNTHETIC_DEMO_ONLY,0.11185300336790838,-0.042669866716180116,-0.04360000000000003,10.5,False
2026-02-23,France,Enterprise,AI,301841.75,55742.8,0.233,0.1349,200,38,5.41,normal,No material exception,SYNTHETIC_DEMO_ONLY,0.11639025898187993,-0.11544230978878789,-0.01369999999999999,7.8,False
2026-02-23,France,Enterprise,Automation,368745.22,73362.45,0.2439,0.1273,232,40,5.03,normal,No material exception,SYNTHETIC_DEMO_ONLY,0.07340634279445202,-0.03399026648653358,-0.010799999999999976,5.1,False
2026-02-23,France,Enterprise,Cloud,415171.59,93921.23,0.2777,0.1572,291,52,4.42,normal,No material exception,SYNTHETIC_DEMO_ONLY,0.045141575397435796,0.02809805991723424,0.03209999999999999,5.7,False
2026-02-23,France,Enterprise,Platform,452847.58,117550.88,0.2834,0.1462,301,46,3.85,normal,No material exception,SYNTHETIC_DEMO_ONLY,0.12321299416923237,0.4357611907922412,0.045899999999999996,11.4,False
2026-02-23,Iberia,Commercial,AI,156535.64,28054.93,0.2175,0.1197,88,18,5.58,normal,No material exception,SYNTHETIC_DEMO_ONLY,0.16715776790331116,0.2978845654747504,0.021199999999999997,11.3,False
2026-02-23,Iberia,Commercial,Automation,187350.46,37320.16,0.228,0.1632,119,27,5.02,normal,No material exception,SYNTHETIC_DEMO_ONLY,0.1460987560928595,0.13718430472995968,0.003500000000000003,8.4,False
2026-02-23,Iberia,Commercial,Cloud,192349.62,38239.0,0.2169,0.1118,109,22,5.03,normal,No material exception,SYNTHETIC_DEMO_ONLY,0.07050718766158859,-0.09423838592091294,-0.04350000000000001,8.2,False
2026-02-23,Iberia,Commercial,Platform,213955.04,46813.87,0.2377,0.1319,140,20,4.57,normal,No material exception,SYNTHETIC_DEMO_ONLY,0.025148732903849558,0.054927643940312576,-0.0067000000000000115,2.1,False
2026-02-23,Iberia,Enterprise,AI,218012.27,42543.71,0.2148,0.1226,145,24,5.12,normal,No material exception,SYNTHETIC_DEMO_ONLY,-0.03589394775803345,-0.11872206370913985,-0.027200000000000002,4.7,False
2026-02-23,Iberia,Enterprise,Automation,282698.31,59549.73,0.2407,0.1419,162,34,4.75,normal,No material exception,SYNTHETIC_DEMO_ONLY,0.07316834938470484,-0.0604033231105382,-0.010800000000000004,5.1,False
2026-02-23,Iberia,Enterprise,Cloud,361836.74,61696.15,0.2181,0.1133,238,45,5.86,normal,No material exception,SYNTHETIC_DEMO_ONLY,0.1719945328022472,0.21568672655233367,0.015099999999999975,11.0,False
2026-02-23,Iberia,Enterprise,Platform,350742.86,77571.14,0.2734,0.1716,234,39,4.52,normal,No material exception,SYNTHETIC_DEMO_ONLY,0.00826127029075474,-0.0387738816012847,0.032899999999999985,3.7,False
2026-02-23,Nordics,Commercial,AI,179287.76,38538.17,0.245,0.1397,134,20,4.65,normal,No material exception,SYNTHETIC_DEMO_ONLY,0.10016964510019233,0.30616788613091583,0.031200000000000006,8.6,False
2026-02-23,Nordics,Commercial,Automation,232373.5,44691.15,0.2316,0.1471,164,27,5.2,normal,No material exception,SYNTHETIC_DEMO_ONLY,0.1336294147741539,0.020961031086995208,-0.001799999999999996,7.5,False
2026-02-23,Nordics,Commercial,Cloud,241953.78,39715.85,0.167,0.106,172,34,6.09,normal,No material exception,SYNTHETIC_DEMO_ONLY,0.0907198792008852,-0.14746765855817678,-0.07619999999999999,12.6,False
2026-02-23,Nordics,Commercial,Platform,281236.1,59938.34,0.2422,0.1148,195,36,4.69,normal,No material exception,SYNTHETIC_DEMO_ONLY,0.05208986986211528,-0.01450577838853584,-0.024300000000000016,5.3,False
2026-02-23,Nordics,Enterprise,AI,267987.87,65301.98,0.2594,0.1377,181,31,4.1,normal,No material exception,SYNTHETIC_DEMO_ONLY,0.036224009755176034,0.06756535615140136,0.02350000000000002,4.3,False
2026-02-23,Nordics,Enterprise,Automation,319369.73,70810.69,0.2543,0.1441,215,44,4.51,normal,No material exception,SYNTHETIC_DEMO_ONLY,-0.03507123384089661,-0.05278761447266478,-0.0237,4.3,False
2026-02-23,Nordics,Enterprise,Cloud,384122.17,101858.44,0.2802,0.1536,242,51,3.77,normal,No material exception,SYNTHETIC_DEMO_ONLY,0.09807875894817486,0.2510303410823236,0.019199999999999995,7.3,False
2026-02-23,Nordics,Enterprise,Platform,436193.09,99217.09,0.2787,0.1585,305,57,4.4,normal,No material exception,SYNTHETIC_DEMO_ONLY,-0.05000601868399013,-0.19459338923775715,-0.012900000000000023,4.0,False
2026-02-23,UKI,Commercial,AI,189573.14,42197.02,0.2788,0.1524,134,25,4.49,normal,No material exception,SYNTHETIC_DEMO_ONLY,0.02696462033572966,-0.00431501827871672,0.044399999999999995,5.9,False
2026-02-23,UKI,Commercial,Automation,201205.15,38185.24,0.2201,0.1288,109,25,5.27,stalled_pipeline,Synthetic late-stage progression slowdown,SYNTHETIC_DEMO_ONLY,-0.1047411773767124,-0.3169357197352193,-0.0242,28.2,True
2026-02-23,UKI,Commercial,Cloud,275115.4,59861.39,0.2405,0.1382,174,38,4.6,normal,No material exception,SYNTHETIC_DEMO_ONLY,-0.008271439982079798,0.3661687774921958,0.05499999999999999,6.0,False
2026-02-23,UKI,Commercial,Platform,364778.22,80938.13,0.2473,0.1379,254,35,4.51,normal,No material exception,SYNTHETIC_DEMO_ONLY,0.06911747172384719,0.07954887845831426,-0.010499999999999982,4.9,False
2026-02-23,UKI,Enterprise,AI,353335.74,92054.64,0.2856,0.1678,224,37,3.84,normal,No material exception,SYNTHETIC_DEMO_ONLY,-0.024944060685890945,0.2792278050224357,0.060600000000000015,7.4,False
2026-02-23,UKI,Enterprise,Automation,371149.08,91505.92,0.273,0.1511,224,42,4.06,stalled_pipeline,Synthetic late-stage progression slowdown,SYNTHETIC_DEMO_ONLY,0.14579999126331145,0.4030370183083718,0.022300000000000042,30.2,True
2026-02-23,UKI,Enterprise,Cloud,524417.81,140269.87,0.273,0.1606,347,69,3.74,normal,No material exception,SYNTHETIC_DEMO_ONLY,0.16836358435981458,0.4431766294679922,0.010000000000000009,10.3,False
2026-02-23,UKI,Enterprise,Platform,580919.16,135477.08,0.278,0.1402,387,65,4.29,normal,No material exception,SYNTHETIC_DEMO_ONLY,0.0771099036942724,0.10978835090317651,0.012500000000000011,5.5,False
2026-03-02,Benelux,Commercial,AI,153925.07,27967.87,0.2154,0.1079,104,19,5.5,normal,No material exception,SYNTHETIC_DEMO_ONLY,0.1089132813278395,0.04901528708337666,-0.0116,7.2,False
2026-03-02,Benelux,Commercial,Automation,205766.08,37695.55,0.223,0.1229,136,22,5.46,normal,No material exception,SYNTHETIC_DEMO_ONLY,0.16996277563192375,-0.025457688236842246,-0.025900000000000006,11.9,False
2026-03-02,Benelux,Commercial,Cloud,203515.52,41289.7,0.2273,0.124,110,24,4.93,normal,No material exception,SYNTHETIC_DEMO_ONLY,-0.09400682919849856,-0.09257355394204836,-0.008000000000000007,6.0,False
2026-03-02,Benelux,Commercial,Platform,268236.41,54481.06,0.2512,0.1279,177,39,4.92,normal,No material exception,SYNTHETIC_DEMO_ONLY,0.1840881304612072,0.22767884203834887,0.008899999999999991,11.0,False
2026-03-02,Benelux,Enterprise,AI,254386.1,58946.18,0.2567,0.1503,132,27,4.32,normal,No material exception,SYNTHETIC_DEMO_ONLY,0.034248548303652315,0.2555519440270835,0.028799999999999992,4.8,False
2026-03-02,Benelux,Enterprise,Automation,312032.33,67037.02,0.2183,0.1208,207,32,4.65,normal,No material exception,SYNTHETIC_DEMO_ONLY,0.11508460596153225,0.20945677028212417,-0.004599999999999993,6.8,False
2026-03-02,Benelux,Enterprise,Cloud,325371.98,63377.47,0.2475,0.1504,206,34,5.13,normal,No material exception,SYNTHETIC_DEMO_ONLY,-0.0062887730402657605,-0.17107105609344642,-0.0012000000000000066,0.5,False
2026-03-02,Benelux,Enterprise,Platform,371690.63,92279.68,0.2762,0.1499,239,40,4.03,normal,No material exception,SYNTHETIC_DEMO_ONLY,-0.010831021355357962,-0.10429444160747303,-0.011900000000000022,1.8,False
2026-03-02,DACH,Commercial,AI,253798.02,47711.55,0.2039,0.107,150,29,5.32,normal,No material exception,SYNTHETIC_DEMO_ONLY,0.10099905815693311,-0.08095111053751347,-0.01780000000000001,7.3,False
2026-03-02,DACH,Commercial,Automation,275498.07,61435.83,0.2433,0.1518,190,40,4.48,normal,No material exception,SYNTHETIC_DEMO_ONLY,-0.07921269493504612,0.02265507867437999,0.02009999999999998,6.4,False
2026-03-02,DACH,Commercial,Cloud,329217.48,52659.79,0.2016,0.1292,227,50,6.25,normal,No material exception,SYNTHETIC_DEMO_ONLY,0.07598568962722818,-0.09847682035307115,-0.017499999999999988,5.9,False
2026-03-02,DACH,Commercial,Platform,417227.27,89909.24,0.2484,0.1391,269,58,4.64,normal,No material exception,SYNTHETIC_DEMO_ONLY,0.1671796055912529,0.23058708848517417,0.01570000000000002,10.8,False
2026-03-02,DACH,Enterprise,AI,434955.79,114360.24,0.3002,0.1604,294,57,3.8,normal,No material exception,SYNTHETIC_DEMO_ONLY,0.12124435508865572,0.2915651351329376,0.03540000000000004,10.2,False
2026-03-02,DACH,Enterprise,Automation,457283.11,89541.1,0.214,0.1192,278,61,5.11,normal,No material exception,SYNTHETIC_DEMO_ONLY,-0.08313735079704732,-0.2735447626904183,-0.045900000000000024,9.2,False
2026-03-02,DACH,Enterprise,Cloud,556935.48,107789.18,0.2462,0.1177,366,79,5.17,normal,No material exception,SYNTHETIC_DEMO_ONLY,0.09788712870162897,-0.16944908604801012,-0.019200000000000023,7.3,False
2026-03-02,DACH,Enterprise,Platform,655464.75,181768.78,0.3165,0.1799,395,92,3.61,normal,No material exception,SYNTHETIC_DEMO_ONLY,0.08250425783133619,0.14685762875546016,0.0368,8.2,False
2026-03-02,France,Commercial,AI,196225.74,40711.58,0.2378,0.1095,132,21,4.82,normal,No material exception,SYNTHETIC_DEMO_ONLY,0.04835728415768625,-0.01300834098014092,0.0028000000000000247,2.9,False
2026-03-02,France,Commercial,Automation,227360.08,42358.1,0.2113,0.1069,162,33,5.37,normal,No material exception,SYNTHETIC_DEMO_ONLY,0.0643049989221669,-0.07660308981244357,-0.020000000000000018,5.5,False
2026-03-02,France,Commercial,Cloud,162713.31,26092.87,0.1916,0.0983,107,20,6.24,pipeline_drop,Synthetic Cloud pipeline contraction,SYNTHETIC_DEMO_ONLY,-0.3456903825319172,-0.4899723845243876,-0.028600000000000014,41.9,True
2026-03-02,France,Commercial,Platform,280320.73,71889.75,0.261,0.1353,190,28,3.9,normal,No material exception,SYNTHETIC_DEMO_ONLY,0.09293068060763066,0.22635852645405619,-0.005799999999999972,5.7,False
2026-03-02,France,Enterprise,AI,290650.39,71184.75,0.2534,0.1483,174,26,4.08,normal,No material exception,SYNTHETIC_DEMO_ONLY,-0.0736973258683179,0.03060838756165607,0.027900000000000008,6.8,False
2026-03-02,France,Enterprise,Automation,380866.1,87029.46,0.2765,0.132,249,44,4.38,normal,No material exception,SYNTHETIC_DEMO_ONLY,0.15438967480655053,0.13050246554466116,0.01040000000000002,9.5,False
2026-03-02,France,Enterprise,Cloud,276058.14,47499.22,0.199,0.1106,181,30,5.81,pipeline_drop,Synthetic Cloud pipeline contraction,SYNTHETIC_DEMO_ONLY,-0.33168426456388445,-0.4744010286417415,-0.03269999999999998,41.5,True
2026-03-02,France,Enterprise,Platform,509331.29,145777.09,0.2868,0.1784,332,61,3.49,normal,No material exception,SYNTHETIC_DEMO_ONLY,0.16019209304656434,0.7285628961986625,0.05410000000000001,14.2,False
2026-03-02,Iberia,Commercial,AI,142631.99,25650.78,0.2002,0.1063,69,11,5.56,normal,No material exception,SYNTHETIC_DEMO_ONLY,0.042566955101537074,-0.015152370300663187,-0.013600000000000001,3.7,False
2026-03-02,Iberia,Commercial,Automation,184247.85,29885.19,0.1956,0.1144,122,21,6.17,normal,No material exception,SYNTHETIC_DEMO_ONLY,0.09430598482778274,-0.22070646805607863,-0.05830000000000002,11.0,False
2026-03-02,Iberia,Commercial,Cloud,187422.93,36603.36,0.2083,0.1204,146,20,5.12,normal,No material exception,SYNTHETIC_DEMO_ONLY,-0.12041116357337078,0.043000145322744654,-0.002599999999999991,6.9,False
2026-03-02,Iberia,Commercial,Platform,235053.85,45871.81,0.2308,0.1441,144,26,5.12,normal,No material exception,SYNTHETIC_DEMO_ONLY,0.025513467120692024,-0.2684199547130428,-0.06369999999999998,7.8,False
2026-03-02,Iberia,Enterprise,AI,233187.39,50800.96,0.2404,0.1279,134,30,4.59,normal,No material exception,SYNTHETIC_DEMO_ONLY,0.004204234491440362,0.10703954889426703,0.0007999999999999952,0.3,False
2026-03-02,Iberia,Enterprise,Automation,277456.36,58315.81,0.2357,0.1484,193,33,4.76,normal,No material exception,SYNTHETIC_DEMO_ONLY,0.07250248231571099,-0.0483633267835617,-0.02980000000000002,7.0,False
2026-03-02,Iberia,Enterprise,Cloud,328014.65,71753.78,0.2303,0.1327,198,36,4.57,normal,No material exception,SYNTHETIC_DEMO_ONLY,0.02261837284428503,0.06382447509514244,0.0049000000000000155,1.7,False
2026-03-02,Iberia,Enterprise,Platform,393506.08,73688.81,0.2296,0.1316,268,43,5.34,normal,No material exception,SYNTHETIC_DEMO_ONLY,0.12154159395759767,-0.04297549684192403,-0.017499999999999988,8.4,False
2026-03-02,Nordics,Commercial,AI,169934.21,32389.26,0.2112,0.101,97,13,5.25,normal,No material exception,SYNTHETIC_DEMO_ONLY,0.04047719082894097,-0.07686296103753976,-0.04780000000000001,7.0,False
2026-03-02,Nordics,Commercial,Automation,197795.58,45037.8,0.257,0.1251,125,24,4.39,normal,No material exception,SYNTHETIC_DEMO_ONLY,-0.11999481417105184,0.041984012260105175,0.028499999999999998,9.4,False
2026-03-02,Nordics,Commercial,Cloud,240796.6,51621.47,0.2594,0.151,131,21,4.66,normal,No material exception,SYNTHETIC_DEMO_ONLY,0.05724751207443757,0.034130959080070244,0.00720000000000004,3.9,False
2026-03-02,Nordics,Commercial,Platform,259438.38,55934.58,0.2539,0.1519,170,40,4.64,normal,No material exception,SYNTHETIC_DEMO_ONLY,0.1137756586639227,0.09680808508635708,0.01150000000000001,7.4,False
2026-03-02,Nordics,Enterprise,AI,296995.48,69096.5,0.2739,0.1804,206,37,4.3,normal,No material exception,SYNTHETIC_DEMO_ONLY,0.20107736257029285,0.13545590535175211,0.005499999999999949,11.6,False
2026-03-02,Nordics,Enterprise,Automation,324943.42,76646.76,0.2596,0.1207,209,34,4.24,normal,No material exception,SYNTHETIC_DEMO_ONLY,-0.049336305108635736,0.17554361029381083,0.033299999999999996,6.0,False
2026-03-02,Nordics,Enterprise,Cloud,368176.28,90281.23,0.2521,0.1494,244,42,4.08,normal,No material exception,SYNTHETIC_DEMO_ONLY,0.023291441366611876,0.4140959385550167,0.026499999999999996,3.9,False
2026-03-02,Nordics,Enterprise,Platform,451593.88,116650.28,0.2923,0.1509,270,55,3.87,normal,No material exception,SYNTHETIC_DEMO_ONLY,-0.013424943035223125,0.17677320583121237,0.04719999999999999,5.5,False
2026-03-02,UKI,Commercial,AI,233881.26,44578.67,0.2328,0.1323,162,28,5.25,normal,No material exception,SYNTHETIC_DEMO_ONLY,0.1465257168578129,0.18278908288659035,0.030799999999999994,11.1,False
2026-03-02,UKI,Commercial,Automation,283978.58,64417.87,0.2862,0.1619,173,33,4.41,normal,No material exception,SYNTHETIC_DEMO_ONLY,0.2994378683658008,0.4315565770221572,0.0413,20.6,False
2026-03-02,UKI,Commercial,Cloud,322674.77,68067.41,0.2544,0.1107,219,34,4.74,normal,No material exception,SYNTHETIC_DEMO_ONLY,0.08410923031095963,0.11597315594691082,0.03790000000000002,8.4,False
2026-03-02,UKI,Commercial,Platform,354375.96,76871.31,0.2509,0.1404,232,46,4.61,normal,No material exception,SYNTHETIC_DEMO_ONLY,0.0670279311098827,0.16124434569596113,0.021300000000000013,5.8,False
2026-03-02,UKI,Enterprise,AI,367330.08,84157.36,0.2496,0.134,233,52,4.36,normal,No material exception,SYNTHETIC_DEMO_ONLY,0.1309195581185172,0.08154495627097913,-0.02210000000000001,9.4,False
2026-03-02,UKI,Enterprise,Automation,421456.0,93145.51,0.2688,0.1389,272,53,4.52,normal,No material exception,SYNTHETIC_DEMO_ONLY,0.2854026241847629,0.1861510224503431,-0.013800000000000034,17.1,False
2026-03-02,UKI,Enterprise,Cloud,521152.53,97065.28,0.22,0.1245,354,58,5.37,normal,No material exception,SYNTHETIC_DEMO_ONLY,0.08941769062339211,-0.23362384457669538,-0.06849999999999998,11.8,False
2026-03-02,UKI,Enterprise,Platform,578254.42,129902.59,0.2666,0.146,377,68,4.45,normal,No material exception,SYNTHETIC_DEMO_ONLY,0.0010478159623363847,-0.05408164008341976,-0.021699999999999997,2.2,False
2026-03-09,Benelux,Commercial,AI,160834.8,30378.88,0.2286,0.1265,95,20,5.29,normal,No material exception,SYNTHETIC_DEMO_ONLY,0.09175268354887822,-0.002221928081787894,0.007099999999999995,5.8,False
2026-03-09,Benelux,Commercial,Automation,201617.04,39802.33,0.2144,0.1131,113,18,5.07,normal,No material exception,SYNTHETIC_DEMO_ONLY,0.10511719747548098,-0.007409577936854372,-0.019100000000000006,7.7,False
2026-03-09,Benelux,Commercial,Cloud,219503.02,39985.6,0.2076,0.1148,125,26,5.49,normal,No material exception,SYNTHETIC_DEMO_ONLY,0.004484055808274823,0.21015125680122937,0.017600000000000005,2.0,False
2026-03-09,Benelux,Commercial,Platform,245897.33,42663.66,0.2314,0.1417,152,26,5.76,normal,No material exception,SYNTHETIC_DEMO_ONLY,0.06558045037751592,-0.050938391476351375,0.006099999999999994,4.2,False
2026-03-09,Benelux,Enterprise,AI,275721.86,65068.53,0.2741,0.1565,184,31,4.24,normal,No material exception,SYNTHETIC_DEMO_ONLY,0.12249066181760915,0.15867120363674636,0.024400000000000005,9.2,False
2026-03-09,Benelux,Enterprise,Automation,343100.9,79249.42,0.2578,0.1357,217,29,4.33,normal,No material exception,SYNTHETIC_DEMO_ONLY,0.19771441361909758,0.1505315712529054,-0.011200000000000043,12.0,False
2026-03-09,Benelux,Enterprise,Cloud,356202.78,77956.44,0.2615,0.1584,206,37,4.57,normal,No material exception,SYNTHETIC_DEMO_ONLY,0.03288953260170624,0.11833102273718432,-0.009500000000000008,2.8,False
2026-03-09,Benelux,Enterprise,Platform,401161.14,96184.46,0.2777,0.1505,257,42,4.17,normal,No material exception,SYNTHETIC_DEMO_ONLY,0.05828167159277853,-0.04648568248355067,-0.017100000000000004,4.9,False
2026-03-09,DACH,Commercial,AI,247345.18,64150.08,0.2744,0.1428,171,45,3.86,normal,No material exception,SYNTHETIC_DEMO_ONLY,0.0238597711551205,0.3058301221962345,0.036599999999999966,5.0,False
2026-03-09,DACH,Commercial,Automation,324397.0,70075.41,0.2511,0.1595,219,35,4.63,normal,No material exception,SYNTHETIC_DEMO_ONLY,0.010488682951633521,-0.11688949822351835,0.0116,1.7,False
2026-03-09,DACH,Commercial,Cloud,352264.48,86140.48,0.2687,0.1589,220,45,4.09,normal,No material exception,SYNTHETIC_DEMO_ONLY,0.08026533722059526,0.2632956580796575,0.04979999999999998,9.4,False
2026-03-09,DACH,Commercial,Platform,409159.94,92337.91,0.2922,0.1519,257,61,4.43,normal,No material exception,SYNTHETIC_DEMO_ONLY,0.12386665340527991,0.22011625325715256,0.05560000000000001,12.4,False
2026-03-09,DACH,Enterprise,AI,406471.38,106685.01,0.2827,0.1785,267,55,3.81,normal,No material exception,SYNTHETIC_DEMO_ONLY,0.013595782606025342,0.06170898657431123,0.023400000000000032,3.1,False
2026-03-09,DACH,Enterprise,Automation,480837.99,125699.99,0.2888,0.165,315,65,3.83,normal,No material exception,SYNTHETIC_DEMO_ONLY,-0.012492989367127283,0.20086085584987434,0.029500000000000026,3.6,False
2026-03-09,DACH,Enterprise,Cloud,609184.56,157522.15,0.2805,0.1535,393,70,3.87,normal,No material exception,SYNTHETIC_DEMO_ONLY,0.08074965761792052,0.39599871745697723,0.02360000000000001,6.8,False
2026-03-09,DACH,Enterprise,Platform,616706.84,164812.66,0.2737,0.1267,400,70,3.74,normal,No material exception,SYNTHETIC_DEMO_ONLY,-0.050848251680177814,-0.016873051792493987,-0.034399999999999986,6.2,False
2026-03-09,France,Commercial,AI,174525.18,40760.75,0.2465,0.1239,105,14,4.28,normal,No material exception,SYNTHETIC_DEMO_ONLY,-0.023484358644324077,0.20772950438371662,0.030700000000000005,4.4,False
2026-03-09,France,Commercial,Automation,232272.34,38288.9,0.2106,0.1251,171,28,6.07,normal,No material exception,SYNTHETIC_DEMO_ONLY,0.04673557167040299,-0.3733285280047869,-0.0655,9.1,False
2026-03-09,France,Commercial,Cloud,165332.95,20301.41,0.1504,0.0797,105,25,8.0,pipeline_drop,Synthetic Cloud pipeline contraction,SYNTHETIC_DEMO_ONLY,-0.28299826362303915,-0.48765317285961784,-0.0716,42.7,True
2026-03-09,France,Commercial,Platform,300697.51,63013.77,0.2346,0.141,179,31,4.77,normal,No material exception,SYNTHETIC_DEMO_ONLY,0.12462870489124422,0.08485593162562677,-9.999999999998899e-05,6.9,False
2026-03-09,France,Enterprise,AI,304346.12,48989.17,0.2143,0.1199,210,30,6.21,normal,No material exception,SYNTHETIC_DEMO_ONLY,0.023342458295279034,-0.15563603108084212,-0.02730000000000002,4.0,False
2026-03-09,France,Enterprise,Automation,350156.26,81078.62,0.2538,0.1338,241,47,4.32,normal,No material exception,SYNTHETIC_DEMO_ONLY,-0.007208250897508428,0.06896201204540797,-0.004799999999999971,0.9,False
2026-03-09,France,Enterprise,Cloud,271854.85,43548.67,0.1799,0.103,164,39,6.24,pipeline_drop,Synthetic Cloud pipeline contraction,SYNTHETIC_DEMO_ONLY,-0.28707527910170516,-0.4835492056850932,-0.07179999999999997,43.0,True
2026-03-09,France,Enterprise,Platform,399451.26,95360.13,0.28,0.1329,269,49,4.19,normal,No material exception,SYNTHETIC_DEMO_ONLY,-0.052054626256658465,-0.1929209889683553,-0.046099999999999974,7.5,False
2026-03-09,Iberia,Commercial,AI,143915.89,26337.75,0.204,0.111,99,19,5.46,normal,No material exception,SYNTHETIC_DEMO_ONLY,0.03818347618021534,0.03358009517283911,0.00899999999999998,3.0,False
2026-03-09,Iberia,Commercial,Automation,191515.1,35696.22,0.2233,0.1233,140,32,5.37,normal,No material exception,SYNTHETIC_DEMO_ONLY,0.0985734470665871,-0.06939526968105025,-0.02429999999999999,7.9,False
2026-03-09,Iberia,Commercial,Cloud,219837.38,42784.17,0.2283,0.1394,114,18,5.14,normal,No material exception,SYNTHETIC_DEMO_ONLY,0.16206833502072415,0.0008161540966304948,-0.013300000000000006,10.2,False
2026-03-09,Iberia,Commercial,Platform,223301.85,49763.36,0.2388,0.1652,167,33,4.49,normal,No material exception,SYNTHETIC_DEMO_ONLY,-0.012616778212484192,-0.08321863593396606,-0.026499999999999968,3.3,False
2026-03-09,Iberia,Enterprise,AI,248732.22,49716.17,0.2605,0.1453,139,22,5.0,normal,No material exception,SYNTHETIC_DEMO_ONLY,0.06699111234750332,-0.041943447569630754,0.021400000000000002,5.8,False
2026-03-09,Iberia,Enterprise,Automation,283468.5,55986.88,0.2277,0.1193,177,32,5.06,normal,No material exception,SYNTHETIC_DEMO_ONLY,0.03207600855680637,-0.08760312908128465,-0.04009999999999997,5.8,False
2026-03-09,Iberia,Enterprise,Cloud,320596.64,75823.31,0.2611,0.1343,213,35,4.23,normal,No material exception,SYNTHETIC_DEMO_ONLY,0.13986455309054802,0.10865872625615336,0.0040999999999999925,8.1,False
2026-03-09,Iberia,Enterprise,Platform,390784.79,95413.67,0.2567,0.1272,268,49,4.1,normal,No material exception,SYNTHETIC_DEMO_ONLY,0.11799810699646862,0.11028456798721575,-0.028200000000000003,9.3,False
2026-03-09,Nordics,Commercial,AI,159078.85,29471.87,0.2079,0.1072,92,19,5.4,normal,No material exception,SYNTHETIC_DEMO_ONLY,-0.06826730847433637,-0.18113382013927348,-0.02099999999999999,5.9,False
2026-03-09,Nordics,Commercial,Automation,202407.3,45320.71,0.241,0.1475,127,18,4.47,normal,No material exception,SYNTHETIC_DEMO_ONLY,0.03255839151977713,0.21859511520947983,0.016399999999999998,3.4,False
2026-03-09,Nordics,Commercial,Cloud,242994.06,48155.92,0.2384,0.1367,181,31,5.05,normal,No material exception,SYNTHETIC_DEMO_ONLY,0.048429478967861206,0.09053522731750441,0.03509999999999999,6.2,False
2026-03-09,Nordics,Commercial,Platform,271772.32,62490.62,0.2559,0.1308,177,32,4.35,normal,No material exception,SYNTHETIC_DEMO_ONLY,0.03015305054533557,0.2093132256605632,0.02460000000000001,4.1,False
2026-03-09,Nordics,Enterprise,AI,266681.62,57112.7,0.2432,0.1312,156,36,4.67,normal,No material exception,SYNTHETIC_DEMO_ONLY,-0.021907768531412297,-0.08824787757460817,-0.0019000000000000128,1.4,False
2026-03-09,Nordics,Enterprise,Automation,353575.8,69730.99,0.2415,0.1273,231,37,5.07,normal,No material exception,SYNTHETIC_DEMO_ONLY,0.12784324228129695,0.1484469752118167,0.024900000000000005,9.5,False
2026-03-09,Nordics,Enterprise,Cloud,369306.91,88446.72,0.2792,0.1501,223,32,4.18,normal,No material exception,SYNTHETIC_DEMO_ONLY,-0.019355692366404553,0.1533005111872996,0.0504,6.1,False
2026-03-09,Nordics,Enterprise,Platform,427153.08,97431.52,0.2616,0.1439,277,40,4.38,normal,No material exception,SYNTHETIC_DEMO_ONLY,0.056721920096516776,-0.030324020787346972,-0.010599999999999998,4.2,False
2026-03-09,UKI,Commercial,AI,192653.82,34206.82,0.2122,0.1185,116,22,5.63,normal,No material exception,SYNTHETIC_DEMO_ONLY,-0.1423449067360315,-0.20124869907720588,-0.004200000000000009,8.2,False
2026-03-09,UKI,Commercial,Automation,269100.08,50618.12,0.2148,0.1216,170,33,5.32,normal,No material exception,SYNTHETIC_DEMO_ONLY,0.21604208019503668,0.24966504424724145,-0.009300000000000003,12.8,False
2026-03-09,UKI,Commercial,Cloud,297515.83,69736.18,0.2261,0.1127,197,36,4.27,normal,No material exception,SYNTHETIC_DEMO_ONLY,-0.007892222612337907,0.34536926660239753,-0.006400000000000017,1.1,False
2026-03-09,UKI,Commercial,Platform,362327.37,96406.62,0.2809,0.1424,239,45,3.76,normal,No material exception,SYNTHETIC_DEMO_ONLY,0.1147287337330507,0.4355146048369649,0.04319999999999999,10.6,False
2026-03-09,UKI,Enterprise,AI,368334.3,91368.14,0.2664,0.1417,244,45,4.03,normal,No material exception,SYNTHETIC_DEMO_ONLY,0.0427636239894833,0.2840506615166807,0.018400000000000027,4.2,False
2026-03-09,UKI,Enterprise,Automation,476463.55,106893.61,0.2584,0.137,314,55,4.46,normal,No material exception,SYNTHETIC_DEMO_ONLY,0.3232245959419693,0.494117173464514,0.014400000000000024,19.2,False
2026-03-09,UKI,Enterprise,Cloud,481225.7,100056.88,0.2473,0.1551,324,54,4.81,normal,No material exception,SYNTHETIC_DEMO_ONLY,-0.062263124229372746,-0.17500090698311022,-0.026900000000000007,6.1,False
2026-03-09,UKI,Enterprise,Platform,564797.34,130512.74,0.294,0.1464,367,74,4.33,normal,No material exception,SYNTHETIC_DEMO_ONLY,-0.07409282472986434,-0.12918822910856254,0.021100000000000008,6.2,False
2026-03-16,Benelux,Commercial,AI,155447.58,28973.47,0.2201,0.1204,102,14,5.37,normal,No material exception,SYNTHETIC_DEMO_ONLY,-0.10674631085367547,-0.24584490004151638,-0.0032999999999999974,6.2,False
2026-03-16,Benelux,Commercial,Automation,188461.24,42150.77,0.2358,0.1262,127,21,4.47,normal,No material exception,SYNTHETIC_DEMO_ONLY,0.05437025932324935,0.09819937673438717,0.004600000000000021,3.5,False
2026-03-16,Benelux,Commercial,Cloud,222303.43,37811.39,0.1992,0.1071,137,27,5.88,normal,No material exception,SYNTHETIC_DEMO_ONLY,0.07608860075739399,-0.07917579400207742,-0.011900000000000022,5.4,False
2026-03-16,Benelux,Commercial,Platform,246915.11,47087.87,0.2564,0.1615,184,34,5.24,normal,No material exception,SYNTHETIC_DEMO_ONLY,-0.02659380877432771,-0.1905524656261468,-0.00029999999999996696,1.5,False
2026-03-16,Benelux,Enterprise,AI,244568.87,65781.44,0.2691,0.1574,172,28,3.72,normal,No material exception,SYNTHETIC_DEMO_ONLY,0.05038892314516508,0.3079266813588142,-0.007900000000000018,3.6,False
2026-03-16,Benelux,Enterprise,Automation,317673.08,65638.45,0.2331,0.1171,218,36,4.84,normal,No material exception,SYNTHETIC_DEMO_ONLY,0.1036572401186342,0.06534168833702458,0.0012999999999999956,5.8,False
2026-03-16,Benelux,Enterprise,Cloud,369896.95,82724.47,0.2714,0.1852,241,46,4.47,normal,No material exception,SYNTHETIC_DEMO_ONLY,0.060444456319634465,0.22462642178225045,0.04429999999999998,7.8,False
2026-03-16,Benelux,Enterprise,Platform,429392.83,99200.51,0.2763,0.1499,263,59,4.33,normal,No material exception,SYNTHETIC_DEMO_ONLY,0.04145031775800678,0.12447283522238872,0.018799999999999983,4.2,False
2026-03-16,DACH,Commercial,AI,268442.95,53621.73,0.2548,0.1434,164,22,5.01,normal,No material exception,SYNTHETIC_DEMO_ONLY,0.19243030074064116,0.09211383605745382,0.012700000000000017,11.9,False
2026-03-16,DACH,Commercial,Automation,279549.66,55316.95,0.2522,0.1286,162,31,5.05,normal,No material exception,SYNTHETIC_DEMO_ONLY,-0.057542979362610436,-0.2034164833621941,-0.008400000000000019,4.0,False
2026-03-16,DACH,Commercial,Cloud,371910.19,81731.05,0.2401,0.1341,256,47,4.55,normal,No material exception,SYNTHETIC_DEMO_ONLY,0.09235392296017153,0.2585014739814746,0.005100000000000021,5.6,False
2026-03-16,DACH,Commercial,Platform,429515.3,104983.83,0.2761,0.1636,267,50,4.09,normal,No material exception,SYNTHETIC_DEMO_ONLY,0.15686678734642356,0.29915706369535444,0.04470000000000002,13.1,False
2026-03-16,DACH,Enterprise,AI,439833.53,97161.85,0.27,0.1554,273,58,4.53,normal,No material exception,SYNTHETIC_DEMO_ONLY,0.07754889299356305,-0.03616485433530059,0.006000000000000005,4.9,False
2026-03-16,DACH,Enterprise,Automation,502394.52,103114.67,0.2334,0.1352,316,48,4.87,normal,No material exception,SYNTHETIC_DEMO_ONLY,-0.07832000634469116,-0.1541983076037582,-0.043800000000000006,8.7,False
2026-03-16,DACH,Enterprise,Cloud,600308.69,130610.68,0.2552,0.143,379,70,4.6,normal,No material exception,SYNTHETIC_DEMO_ONLY,0.12519695816224763,-0.06231895836031531,-0.050600000000000034,11.9,False
2026-03-16,DACH,Enterprise,Platform,667977.01,168272.41,0.2807,0.1732,422,74,3.97,normal,No material exception,SYNTHETIC_DEMO_ONLY,0.07746947970724483,0.13845003603991501,0.0041999999999999815,4.7,False
2026-03-16,France,Commercial,AI,183482.17,41565.1,0.2375,0.1268,114,19,4.41,normal,No material exception,SYNTHETIC_DEMO_ONLY,0.1108340516617694,0.4610662717538059,0.034399999999999986,9.5,False
2026-03-16,France,Commercial,Automation,219137.88,48458.58,0.2543,0.154,127,31,4.52,normal,No material exception,SYNTHETIC_DEMO_ONLY,-0.004813490416343824,0.012700294205788554,0.012100000000000027,1.5,False
2026-03-16,France,Commercial,Cloud,174722.35,29688.23,0.1836,0.1042,101,16,5.89,pipeline_drop,Synthetic Cloud pipeline contraction,SYNTHETIC_DEMO_ONLY,-0.17963032400879664,-0.26262571068715,-0.04329999999999998,34.2,True
2026-03-16,France,Commercial,Platform,272873.8,52561.16,0.2181,0.1363,168,37,5.19,normal,No material exception,SYNTHETIC_DEMO_ONLY,-0.04797484737613389,-0.1294891144651833,-0.010099999999999998,3.6,False
2026-03-16,France,Enterprise,AI,309994.59,64769.54,0.2388,0.1247,177,30,4.79,normal,No material exception,SYNTHETIC_DEMO_ONLY,0.04842591321181766,-0.14360374421164834,-0.05009999999999998,7.7,False
2026-03-16,France,Enterprise,Automation,411777.75,102013.17,0.2951,0.1459,254,46,4.04,normal,No material exception,SYNTHETIC_DEMO_ONLY,0.14282644354647145,0.3053568768838859,0.04469999999999996,12.3,False
2026-03-16,France,Enterprise,Cloud,278805.36,43948.08,0.1923,0.1001,182,31,6.34,pipeline_drop,Synthetic Cloud pipeline contraction,SYNTHETIC_DEMO_ONLY,-0.3648626058840021,-0.5796956289591747,-0.09009999999999999,49.1,True
2026-03-16,France,Enterprise,Platform,470301.94,109009.67,0.2749,0.1347,302,57,4.31,normal,No material exception,SYNTHETIC_DEMO_ONLY,-0.029352282412039132,-0.08798094802245371,0.008099999999999996,2.4,False
2026-03-16,Iberia,Commercial,AI,121270.63,23741.73,0.2328,0.1128,77,13,5.11,normal,No material exception,SYNTHETIC_DEMO_ONLY,-0.06051580799636569,-0.09293492110369628,0.005400000000000016,3.9,False
2026-03-16,Iberia,Commercial,Automation,173533.69,32652.07,0.2172,0.127,114,25,5.31,normal,No material exception,SYNTHETIC_DEMO_ONLY,0.040872121085288704,0.2121962601382743,0.009200000000000014,3.2,False
2026-03-16,Iberia,Commercial,Cloud,204918.93,37922.36,0.2087,0.1214,128,24,5.4,normal,No material exception,SYNTHETIC_DEMO_ONLY,0.09119572661410547,0.07163090264590455,0.0131,6.3,False
2026-03-16,Iberia,Commercial,Platform,238245.61,45175.02,0.2146,0.1241,159,32,5.27,normal,No material exception,SYNTHETIC_DEMO_ONLY,0.016864642728001256,-0.18424910773053416,-0.06309999999999999,7.2,False
2026-03-16,Iberia,Enterprise,AI,249350.44,51636.9,0.2533,0.137,174,35,4.83,normal,No material exception,SYNTHETIC_DEMO_ONLY,0.10556727849410086,-0.09334999721702841,-0.025599999999999956,8.4,False
2026-03-16,Iberia,Enterprise,Automation,278684.65,61697.33,0.2439,0.1621,191,35,4.52,normal,No material exception,SYNTHETIC_DEMO_ONLY,0.029438426106962234,-0.14386945844832733,-0.047099999999999975,6.3,False
2026-03-16,Iberia,Enterprise,Cloud,331838.95,57378.96,0.2065,0.1265,212,36,5.78,normal,No material exception,SYNTHETIC_DEMO_ONLY,0.07245662570802747,-0.1766399124794551,-0.07000000000000003,11.0,False
2026-03-16,Iberia,Enterprise,Platform,401893.19,90573.19,0.2617,0.1281,260,42,4.44,normal,No material exception,SYNTHETIC_DEMO_ONLY,0.14934473656680924,0.0841418625731909,-0.01990000000000003,10.2,False
2026-03-16,Nordics,Commercial,AI,177334.25,39011.75,0.2398,0.1333,119,23,4.55,normal,No material exception,SYNTHETIC_DEMO_ONLY,0.12023490699202988,0.12086367852049174,0.00040000000000001146,6.7,False
2026-03-16,Nordics,Commercial,Automation,224219.03,45774.75,0.233,0.1428,134,28,4.9,normal,No material exception,SYNTHETIC_DEMO_ONLY,0.08363963369902816,0.00906410143646097,-0.0034999999999999754,5.0,False
2026-03-16,Nordics,Commercial,Cloud,220854.27,49921.95,0.2355,0.1272,136,26,4.42,normal,No material exception,SYNTHETIC_DEMO_ONLY,-0.06925349209675158,0.05937150656606405,0.01899999999999999,5.7,False
2026-03-16,Nordics,Commercial,Platform,251565.28,55111.83,0.253,0.1461,169,32,4.56,normal,No material exception,SYNTHETIC_DEMO_ONLY,0.002816685361786808,0.21538425575016884,0.0383,4.0,False
2026-03-16,Nordics,Enterprise,AI,261611.97,57293.24,0.2546,0.1458,162,32,4.57,normal,No material exception,SYNTHETIC_DEMO_ONLY,0.06589313907912264,0.00425570701019895,-0.014000000000000012,5.0,False
2026-03-16,Nordics,Enterprise,Automation,369699.17,79297.61,0.2544,0.1539,265,51,4.66,normal,No material exception,SYNTHETIC_DEMO_ONLY,0.044894647985027625,0.0669242700430388,0.011900000000000022,3.7,False
2026-03-16,Nordics,Enterprise,Cloud,369150.9,83788.04,0.2782,0.1524,200,40,4.41,normal,No material exception,SYNTHETIC_DEMO_ONLY,0.03817011622442901,0.14839678468790374,0.03740000000000002,5.8,False
2026-03-16,Nordics,Enterprise,Platform,399973.1,96613.72,0.2787,0.1397,276,60,4.14,normal,No material exception,SYNTHETIC_DEMO_ONLY,-0.06352802271809055,-0.015301930682004361,0.0126,4.8,False
2026-03-16,UKI,Commercial,AI,223040.21,52995.93,0.2594,0.1297,153,31,4.21,normal,No material exception,SYNTHETIC_DEMO_ONLY,0.043531319010367886,0.2883728788836486,0.021300000000000013,4.5,False
2026-03-16,UKI,Commercial,Automation,271693.19,57395.15,0.2323,0.1338,165,33,4.73,normal,No material exception,SYNTHETIC_DEMO_ONLY,0.30985304642477574,0.2975980651042327,0.0029000000000000137,17.3,False
2026-03-16,UKI,Commercial,Cloud,299471.26,61960.54,0.2492,0.1413,219,50,4.83,normal,No material exception,SYNTHETIC_DEMO_ONLY,0.061372159489324396,0.07392922597693596,0.023800000000000016,5.8,False
2026-03-16,UKI,Commercial,Platform,350586.27,79240.92,0.2437,0.1171,232,39,4.42,normal,No material exception,SYNTHETIC_DEMO_ONLY,0.01676117850309833,-0.12612425830602414,-0.050600000000000006,6.0,False
2026-03-16,UKI,Enterprise,AI,368877.15,90858.05,0.2819,0.1619,230,42,4.06,normal,No material exception,SYNTHETIC_DEMO_ONLY,0.03262279594579898,0.10979417432277416,0.01799999999999996,3.6,False
2026-03-16,UKI,Enterprise,Automation,458285.66,114882.3,0.2693,0.1449,262,51,3.99,normal,No material exception,SYNTHETIC_DEMO_ONLY,0.2854374398019619,0.3118934555550177,-0.008099999999999996,16.5,False
2026-03-16,UKI,Enterprise,Cloud,509883.39,105994.66,0.2384,0.1476,334,54,4.81,normal,No material exception,SYNTHETIC_DEMO_ONLY,0.03945554403081619,0.013581335393748395,-0.010199999999999987,3.2,False
2026-03-16,UKI,Enterprise,Platform,621721.8,156514.39,0.2581,0.1475,384,67,3.97,normal,No material exception,SYNTHETIC_DEMO_ONLY,0.10162064917183611,0.31046367226315796,0.0005000000000000004,5.6,False
2026-03-23,Benelux,Commercial,AI,168644.26,41442.14,0.254,0.1421,109,16,4.07,normal,No material exception,SYNTHETIC_DEMO_ONLY,0.19068840794846342,0.5062912763923568,0.042300000000000004,14.7,False
2026-03-23,Benelux,Commercial,Automation,200576.46,42341.69,0.2519,0.1571,116,22,4.74,normal,No material exception,SYNTHETIC_DEMO_ONLY,0.11528675435984548,0.35981680138506933,0.0567,12.0,False
2026-03-23,Benelux,Commercial,Cloud,217279.37,47810.63,0.2493,0.1469,140,25,4.54,normal,No material exception,SYNTHETIC_DEMO_ONLY,-0.07010236478772858,0.07417893010402388,0.04049999999999998,7.9,False
2026-03-23,Benelux,Commercial,Platform,248471.73,55197.8,0.2324,0.1322,156,26,4.5,normal,No material exception,SYNTHETIC_DEMO_ONLY,-0.02862633543890636,-0.008742271877274499,-0.0257,4.1,False
2026-03-23,Benelux,Enterprise,AI,266708.93,60615.65,0.262,0.1532,191,47,4.4,normal,No material exception,SYNTHETIC_DEMO_ONLY,0.07856716563252508,0.03446542782447515,-0.009500000000000008,5.3,False
2026-03-23,Benelux,Enterprise,Automation,280978.52,57546.19,0.2509,0.1415,186,31,4.88,normal,No material exception,SYNTHETIC_DEMO_ONLY,-0.1083520731224964,-0.12054483676735805,0.022700000000000026,8.2,False
2026-03-23,Benelux,Enterprise,Cloud,371718.67,77126.0,0.2605,0.1322,234,49,4.82,normal,No material exception,SYNTHETIC_DEMO_ONLY,0.04369478147092032,0.13143851685113694,0.03620000000000001,6.0,False
2026-03-23,Benelux,Enterprise,Platform,418305.54,88379.26,0.2624,0.1569,277,59,4.73,normal,No material exception,SYNTHETIC_DEMO_ONLY,0.016327746220661687,0.022662733813981983,0.02920000000000003,3.8,False
2026-03-23,DACH,Commercial,AI,238995.5,48681.26,0.2547,0.1495,154,26,4.91,normal,No material exception,SYNTHETIC_DEMO_ONLY,-0.03393760259300882,0.018466657377687712,0.008599999999999969,2.7,False
2026-03-23,DACH,Commercial,Automation,308060.3,64154.05,0.2358,0.1471,192,43,4.8,normal,No material exception,SYNTHETIC_DEMO_ONLY,0.024450203225435452,-0.037986271738600697,-0.0006999999999999784,1.4,False
2026-03-23,DACH,Commercial,Cloud,352039.57,72580.36,0.2472,0.1501,225,43,4.85,normal,No material exception,SYNTHETIC_DEMO_ONLY,0.0959213799660632,0.42127853729271103,0.04469999999999999,9.7,False
2026-03-23,DACH,Commercial,Platform,439434.07,105992.35,0.2576,0.1278,272,47,4.15,normal,No material exception,SYNTHETIC_DEMO_ONLY,0.20055083908554971,0.2393345228685415,-0.0489,15.9,False
2026-03-23,DACH,Enterprise,AI,375590.65,95063.47,0.289,0.1642,243,36,3.95,normal,No material exception,SYNTHETIC_DEMO_ONLY,-0.0798230050857458,-0.0939700599772596,0.019799999999999984,6.4,False
2026-03-23,DACH,Enterprise,Automation,503827.13,110808.18,0.2326,0.1329,333,67,4.55,normal,No material exception,SYNTHETIC_DEMO_ONLY,0.008559926642926818,-0.06588797148100123,-0.036400000000000016,4.1,False
2026-03-23,DACH,Enterprise,Cloud,580249.75,146011.58,0.2766,0.1622,360,71,3.97,normal,No material exception,SYNTHETIC_DEMO_ONLY,-0.035339009449259606,-0.06776438706953858,-0.028299999999999992,4.8,False
2026-03-23,DACH,Enterprise,Platform,697554.99,164044.14,0.2667,0.1469,451,83,4.25,normal,No material exception,SYNTHETIC_DEMO_ONLY,0.06633395084106475,0.059954677161357495,-9.999999999998899e-05,3.7,False
2026-03-23,France,Commercial,AI,191030.06,41808.14,0.2401,0.1485,116,25,4.57,normal,No material exception,SYNTHETIC_DEMO_ONLY,0.07157583582945026,0.2014696458078884,0.03370000000000001,7.3,False
2026-03-23,France,Commercial,Automation,224097.03,44886.13,0.2295,0.1346,168,30,4.99,normal,No material exception,SYNTHETIC_DEMO_ONLY,-0.006310037062333351,-0.0671088980835115,-0.006199999999999983,1.0,False
2026-03-23,France,Commercial,Cloud,144537.82,20453.9,0.1774,0.0956,88,19,7.07,pipeline_drop,Synthetic Cloud pipeline contraction,SYNTHETIC_DEMO_ONLY,-0.4289554832202276,-0.6190882879970323,-0.046999999999999986,48.3,True
2026-03-23,France,Commercial,Platform,270923.65,55576.49,0.2276,0.1269,164,31,4.87,normal,No material exception,SYNTHETIC_DEMO_ONLY,-0.10304233465942791,-0.18586613610341884,-0.028999999999999998,8.6,False
2026-03-23,France,Enterprise,AI,319426.33,71103.99,0.2578,0.1421,191,37,4.49,normal,No material exception,SYNTHETIC_DEMO_ONLY,0.058257613467984415,0.2755726300078216,0.02479999999999996,5.7,False
2026-03-23,France,Enterprise,Automation,376276.27,79840.06,0.2307,0.1394,247,49,4.71,normal,No material exception,SYNTHETIC_DEMO_ONLY,0.020423451183991137,0.08829598793388183,-0.013200000000000017,2.4,False
2026-03-23,France,Enterprise,Cloud,266247.12,46798.36,0.1948,0.124,166,28,5.69,pipeline_drop,Synthetic Cloud pipeline contraction,SYNTHETIC_DEMO_ONLY,-0.35870583052178506,-0.5017275646837248,-0.0829,48.0,True
2026-03-23,France,Enterprise,Platform,425476.98,99184.14,0.2491,0.1461,280,60,4.29,normal,No material exception,SYNTHETIC_DEMO_ONLY,-0.06044108704301798,-0.15624502343155577,-0.0343,6.8,False
2026-03-23,Iberia,Commercial,AI,145808.09,29904.83,0.2327,0.1178,88,16,4.88,normal,No material exception,SYNTHETIC_DEMO_ONLY,-0.06853103868230914,0.06593849993566203,0.015199999999999991,5.3,False
2026-03-23,Iberia,Commercial,Automation,175871.47,30786.78,0.1895,0.1018,140,18,5.71,normal,No material exception,SYNTHETIC_DEMO_ONLY,-0.06127014580054935,-0.17506302223784687,-0.038500000000000006,7.2,False
2026-03-23,Iberia,Commercial,Cloud,194230.55,44886.35,0.2614,0.1418,119,17,4.33,normal,No material exception,SYNTHETIC_DEMO_ONLY,0.009778704007837424,0.17383692042155907,0.04450000000000001,5.0,False
2026-03-23,Iberia,Commercial,Platform,226518.95,44671.12,0.2381,0.1448,131,21,5.07,normal,No material exception,SYNTHETIC_DEMO_ONLY,0.05872219696250203,-0.04577169116759627,0.00040000000000001146,3.3,False
2026-03-23,Iberia,Enterprise,AI,233455.13,50757.68,0.2768,0.1388,138,24,4.6,normal,No material exception,SYNTHETIC_DEMO_ONLY,0.07083482044382183,0.1930713141848701,0.062,10.1,False
2026-03-23,Iberia,Enterprise,Automation,327294.08,74036.09,0.2426,0.129,237,41,4.42,normal,No material exception,SYNTHETIC_DEMO_ONLY,0.157750394758285,0.24326491488710356,0.0019000000000000128,8.9,False
2026-03-23,Iberia,Enterprise,Cloud,340394.3,70184.53,0.255,0.1473,214,41,4.85,normal,No material exception,SYNTHETIC_DEMO_ONLY,-0.05925998559460821,0.13758362555848302,0.036900000000000016,6.9,False
2026-03-23,Iberia,Enterprise,Platform,393298.28,88814.85,0.2644,0.15,257,49,4.43,normal,No material exception,SYNTHETIC_DEMO_ONLY,0.12132939783863317,0.1449470769670267,-0.008999999999999952,7.6,False
2026-03-23,Nordics,Commercial,AI,168541.08,34454.99,0.227,0.1038,134,27,4.89,normal,No material exception,SYNTHETIC_DEMO_ONLY,-0.059940957486445345,-0.10595157995306992,-0.017999999999999988,5.1,False
2026-03-23,Nordics,Commercial,Automation,208040.32,43237.96,0.2288,0.1309,132,28,4.81,normal,No material exception,SYNTHETIC_DEMO_ONLY,-0.10471581311982647,-0.03251628118766248,-0.002799999999999997,6.0,False
2026-03-23,Nordics,Commercial,Cloud,218459.89,44588.93,0.2242,0.1259,139,30,4.9,normal,No material exception,SYNTHETIC_DEMO_ONLY,-0.09710073552064358,0.1226986203241276,0.0572,11.1,False
2026-03-23,Nordics,Commercial,Platform,257080.08,49243.61,0.2281,0.1367,145,26,5.22,normal,No material exception,SYNTHETIC_DEMO_ONLY,-0.08589231610024461,-0.17842886539733993,-0.014100000000000001,6.1,False
2026-03-23,Nordics,Enterprise,AI,262456.86,60504.88,0.2453,0.1486,153,25,4.34,normal,No material exception,SYNTHETIC_DEMO_ONLY,-0.020639031162119403,-0.07346025342570017,-0.01410000000000003,2.5,False
2026-03-23,Nordics,Enterprise,Automation,341416.89,89906.96,0.2904,0.1543,211,46,3.8,normal,No material exception,SYNTHETIC_DEMO_ONLY,0.06903334264020589,0.26968060895890167,0.036099999999999965,7.4,False
2026-03-23,Nordics,Enterprise,Cloud,423926.14,106475.65,0.2692,0.1543,283,55,3.98,normal,No material exception,SYNTHETIC_DEMO_ONLY,0.1036232040446925,0.04532967518450115,-0.01100000000000001,6.8,False
2026-03-23,Nordics,Enterprise,Platform,422974.22,109800.75,0.286,0.1669,276,50,3.85,normal,No material exception,SYNTHETIC_DEMO_ONLY,-0.030305088051715945,0.10667174374898525,0.007299999999999973,2.4,False
2026-03-23,UKI,Commercial,AI,229296.13,48797.55,0.2319,0.1222,145,25,4.7,normal,No material exception,SYNTHETIC_DEMO_ONLY,0.20953912563773525,0.15642170940033218,-0.0469,16.2,False
2026-03-23,UKI,Commercial,Automation,260089.0,50316.47,0.2213,0.1304,167,31,5.17,normal,No material exception,SYNTHETIC_DEMO_ONLY,0.29265577943705723,0.3176942190228478,0.0012000000000000066,16.2,False
2026-03-23,UKI,Commercial,Cloud,307905.9,72581.09,0.2568,0.15,224,35,4.24,normal,No material exception,SYNTHETIC_DEMO_ONLY,0.11918816612955863,0.21248587779201245,0.01629999999999998,8.2,False
2026-03-23,UKI,Commercial,Platform,359401.37,86788.49,0.2801,0.1714,205,31,4.14,normal,No material exception,SYNTHETIC_DEMO_ONLY,-0.01474005218842278,0.07228187752793391,0.032800000000000024,4.1,False
2026-03-23,UKI,Enterprise,AI,388606.66,85737.98,0.2482,0.1463,271,53,4.53,normal,No material exception,SYNTHETIC_DEMO_ONLY,0.09982267856628368,-0.06861859434787865,-0.03740000000000002,9.2,False
2026-03-23,UKI,Enterprise,Automation,486315.02,117083.66,0.259,0.1555,319,45,4.15,normal,No material exception,SYNTHETIC_DEMO_ONLY,0.31029563645961344,0.27952005728153995,-0.014000000000000012,18.5,False
2026-03-23,UKI,Enterprise,Cloud,512011.29,86301.12,0.2031,0.1217,324,62,5.93,normal,No material exception,SYNTHETIC_DEMO_ONLY,-0.02365770148042856,-0.3847494119727922,-0.06990000000000002,8.3,False
2026-03-23,UKI,Enterprise,Platform,523029.22,135459.76,0.2844,0.1634,338,77,3.86,normal,No material exception,SYNTHETIC_DEMO_ONLY,-0.09965231651164697,-0.00012784450329150765,0.006399999999999961,6.1,False
2026-03-30,Benelux,Commercial,AI,142642.44,25990.54,0.2066,0.133,113,23,5.49,normal,No material exception,SYNTHETIC_DEMO_ONLY,-0.07329949565720517,-0.070700056886706,-0.008800000000000002,4.9,False
2026-03-30,Benelux,Commercial,Automation,185768.59,35261.56,0.2296,0.1279,108,15,5.27,normal,No material exception,SYNTHETIC_DEMO_ONLY,-0.09718555167110143,-0.06456969058682005,0.006599999999999995,6.0,False
2026-03-30,Benelux,Commercial,Cloud,214157.18,39306.13,0.2133,0.1175,151,33,5.45,normal,No material exception,SYNTHETIC_DEMO_ONLY,0.05228918168009988,-0.048040310295303645,-0.014000000000000012,4.3,False
2026-03-30,Benelux,Commercial,Platform,236203.26,45694.61,0.2105,0.1239,166,20,5.17,normal,No material exception,SYNTHETIC_DEMO_ONLY,-0.11942133433712432,-0.16127531292526243,-0.040699999999999986,10.6,False
2026-03-30,Benelux,Enterprise,AI,257289.46,57644.76,0.2534,0.1296,153,30,4.46,normal,No material exception,SYNTHETIC_DEMO_ONLY,0.01141320221505815,-0.02207810582466918,-0.0032999999999999696,1.0,False
2026-03-30,Benelux,Enterprise,Automation,331049.62,65908.52,0.2467,0.148,202,40,5.02,normal,No material exception,SYNTHETIC_DEMO_ONLY,0.06094653717452925,-0.016833982178802054,0.02840000000000001,6.2,False
2026-03-30,Benelux,Enterprise,Cloud,359517.76,73435.51,0.2334,0.1313,234,51,4.9,normal,No material exception,SYNTHETIC_DEMO_ONLY,0.10494382460345864,0.15870056030952306,-0.014100000000000001,7.2,False
2026-03-30,Benelux,Enterprise,Platform,389863.6,108566.51,0.3135,0.1805,253,48,3.59,normal,No material exception,SYNTHETIC_DEMO_ONLY,0.04889273103279468,0.17649421844549096,0.0373,6.4,False
2026-03-30,DACH,Commercial,AI,242841.78,51948.31,0.2525,0.1449,157,28,4.67,normal,No material exception,SYNTHETIC_DEMO_ONLY,-0.04316913110669651,0.08879946260391858,0.048600000000000004,7.2,False
2026-03-30,DACH,Commercial,Automation,306194.47,53945.28,0.2083,0.133,187,31,5.68,normal,No material exception,SYNTHETIC_DEMO_ONLY,0.11142147021211435,-0.12192477907436106,-0.034999999999999976,9.6,False
2026-03-30,DACH,Commercial,Cloud,367089.37,74080.86,0.2429,0.1392,230,41,4.96,normal,No material exception,SYNTHETIC_DEMO_ONLY,0.11503608496122375,0.4067822906244023,0.0413,10.5,False
2026-03-30,DACH,Commercial,Platform,413200.32,94294.76,0.2354,0.1385,289,43,4.38,normal,No material exception,SYNTHETIC_DEMO_ONLY,-0.009651694147412737,0.04877718908534856,-0.013000000000000012,1.8,False
2026-03-30,DACH,Enterprise,AI,411828.51,104665.84,0.2735,0.1583,275,57,3.93,normal,No material exception,SYNTHETIC_DEMO_ONLY,-0.05317156486179886,-0.08477072101282757,-0.0267,5.6,False
2026-03-30,DACH,Enterprise,Automation,546872.27,140024.38,0.2766,0.153,358,56,3.91,normal,No material exception,SYNTHETIC_DEMO_ONLY,0.19591617980379827,0.5638000873341962,0.06260000000000002,17.0,False
2026-03-30,DACH,Enterprise,Cloud,568893.43,147804.17,0.2724,0.1694,372,57,3.85,normal,No material exception,SYNTHETIC_DEMO_ONLY,0.021470979008196833,0.371233828849983,0.026199999999999973,3.8,False
2026-03-30,DACH,Enterprise,Platform,661966.18,149888.51,0.2841,0.1679,428,89,4.42,normal,No material exception,SYNTHETIC_DEMO_ONLY,0.009918809516453964,-0.1753891399832248,-0.032399999999999984,3.8,False
2026-03-30,France,Commercial,AI,176062.17,35580.71,0.2297,0.1268,124,23,4.95,normal,No material exception,SYNTHETIC_DEMO_ONLY,-0.10275700833132284,-0.12602974387139976,-0.008100000000000024,6.5,False
2026-03-30,France,Commercial,Automation,243132.31,56728.47,0.2755,0.1603,159,28,4.29,normal,No material exception,SYNTHETIC_DEMO_ONLY,0.06937114906011654,0.33925907913716635,0.06420000000000003,10.2,False
2026-03-30,France,Commercial,Cloud,147321.29,21839.5,0.1622,0.0838,84,15,6.75,pipeline_drop,Synthetic Cloud pipeline contraction,SYNTHETIC_DEMO_ONLY,-0.09459594915744751,-0.1630088985995024,-0.02939999999999998,28.1,True
2026-03-30,France,Commercial,Platform,279423.62,51768.89,0.2154,0.1108,174,30,5.4,normal,No material exception,SYNTHETIC_DEMO_ONLY,-0.00320029845812686,-0.2798849627380816,-0.0456,4.7,False
2026-03-30,France,Enterprise,AI,316106.46,64793.39,0.2443,0.1378,229,38,4.88,normal,No material exception,SYNTHETIC_DEMO_ONLY,0.08758312693129366,-0.08978552288235897,-0.009100000000000025,5.7,False
2026-03-30,France,Enterprise,Automation,372425.43,77130.41,0.2197,0.1036,263,40,4.83,normal,No material exception,SYNTHETIC_DEMO_ONLY,-0.022161778115720954,-0.11374366794876123,-0.05680000000000002,6.9,False
2026-03-30,France,Enterprise,Cloud,270167.94,49648.9,0.2159,0.1138,177,28,5.44,pipeline_drop,Synthetic Cloud pipeline contraction,SYNTHETIC_DEMO_ONLY,-0.021336809702477977,0.045257164222907154,0.0169,22.9,True
2026-03-30,France,Enterprise,Platform,471008.08,101128.26,0.2641,0.1488,304,56,4.66,normal,No material exception,SYNTHETIC_DEMO_ONLY,-0.07524220630544798,-0.3062815288739815,-0.022699999999999998,6.4,False
2026-03-30,Iberia,Commercial,AI,147849.6,27884.53,0.22,0.1207,111,20,5.3,normal,No material exception,SYNTHETIC_DEMO_ONLY,0.036580924097041834,0.08708312183879019,0.019800000000000012,4.0,False
2026-03-30,Iberia,Commercial,Automation,178023.54,34159.65,0.2341,0.1331,134,24,5.21,normal,No material exception,SYNTHETIC_DEMO_ONLY,-0.03378226665874251,0.14302937341204802,0.038500000000000006,5.7,False
2026-03-30,Iberia,Commercial,Cloud,203142.04,39989.66,0.2331,0.1321,131,27,5.08,normal,No material exception,SYNTHETIC_DEMO_ONLY,0.0838697271459794,0.09251336489327766,0.02479999999999999,7.1,False
2026-03-30,Iberia,Commercial,Platform,223214.82,45375.56,0.2607,0.1584,142,22,4.92,normal,No material exception,SYNTHETIC_DEMO_ONLY,-0.050367309448451913,-0.0108181909543138,0.029899999999999982,5.8,False
2026-03-30,Iberia,Enterprise,AI,261458.68,55283.49,0.2454,0.1308,181,37,4.73,normal,No material exception,SYNTHETIC_DEMO_ONLY,0.1212385026480205,0.0882371120545753,0.0050000000000000044,7.2,False
2026-03-30,Iberia,Enterprise,Automation,298046.32,69299.86,0.264,0.1517,188,39,4.3,normal,No material exception,SYNTHETIC_DEMO_ONLY,0.07420972436890616,0.18835458171634767,0.02830000000000002,6.9,False
2026-03-30,Iberia,Enterprise,Cloud,300851.11,62972.24,0.2372,0.1221,207,33,4.78,normal,No material exception,SYNTHETIC_DEMO_ONLY,-0.08281197196527668,-0.12238435382777046,0.0068999999999999895,5.2,False
2026-03-30,Iberia,Enterprise,Platform,390553.85,102432.55,0.2736,0.1722,238,44,3.81,normal,No material exception,SYNTHETIC_DEMO_ONLY,-0.007502374550350077,0.3900692656049134,0.04400000000000001,4.8,False
2026-03-30,Nordics,Commercial,AI,172284.64,33790.93,0.2244,0.1147,105,19,5.1,normal,No material exception,SYNTHETIC_DEMO_ONLY,0.013831411579810826,0.0432757648677371,0.01319999999999999,2.1,False
2026-03-30,Nordics,Commercial,Automation,211226.78,41624.0,0.2115,0.1129,135,21,5.07,normal,No material exception,SYNTHETIC_DEMO_ONLY,0.06790444963431441,-0.07579855143901348,-0.04550000000000001,8.3,False
2026-03-30,Nordics,Commercial,Cloud,246638.37,51358.95,0.2181,0.1262,132,30,4.8,normal,No material exception,SYNTHETIC_DEMO_ONLY,0.02426018473682756,-0.005085480905522521,-0.04130000000000003,5.5,False
2026-03-30,Nordics,Commercial,Platform,269617.28,52713.94,0.2239,0.115,189,34,5.11,normal,No material exception,SYNTHETIC_DEMO_ONLY,0.03923436463024488,-0.05757869282293704,-0.030000000000000027,5.2,False
2026-03-30,Nordics,Enterprise,AI,287170.3,66521.49,0.2502,0.1402,202,42,4.32,normal,No material exception,SYNTHETIC_DEMO_ONLY,-0.03308191761032864,-0.03726686590493,-0.0237,4.2,False
2026-03-30,Nordics,Enterprise,Automation,337473.84,69538.91,0.2257,0.1318,223,44,4.85,normal,No material exception,SYNTHETIC_DEMO_ONLY,0.0385618517833044,-0.09273516584393116,-0.033899999999999986,5.5,False
2026-03-30,Nordics,Enterprise,Cloud,381809.38,84921.61,0.2386,0.1502,251,39,4.5,normal,No material exception,SYNTHETIC_DEMO_ONLY,0.03702872982474581,-0.05936582831226378,-0.013499999999999984,3.4,False
2026-03-30,Nordics,Enterprise,Platform,425080.76,88085.77,0.2343,0.1419,263,53,4.83,normal,No material exception,SYNTHETIC_DEMO_ONLY,-0.058710095894125014,-0.2448730513120071,-0.057999999999999996,9.0,False
2026-03-30,UKI,Commercial,AI,239227.87,52473.63,0.2437,0.1351,167,30,4.56,normal,No material exception,SYNTHETIC_DEMO_ONLY,0.022860360851485018,0.1771017394641876,0.010899999999999993,2.3,False
2026-03-30,UKI,Commercial,Automation,289513.92,49333.97,0.229,0.1422,188,34,5.87,normal,No material exception,SYNTHETIC_DEMO_ONLY,0.01949210394671308,-0.23415707473718084,-0.0572,6.8,False
2026-03-30,UKI,Commercial,Cloud,306824.43,70584.6,0.2455,0.1208,205,41,4.35,normal,No material exception,SYNTHETIC_DEMO_ONLY,-0.04912172092041789,0.03698084002314772,-0.008900000000000019,3.6,False
2026-03-30,UKI,Commercial,Platform,367135.99,91425.03,0.2714,0.1491,228,39,4.02,normal,No material exception,SYNTHETIC_DEMO_ONLY,0.03600704178692027,0.18932577056381628,0.020499999999999963,4.0,False
2026-03-30,UKI,Enterprise,AI,357787.13,93209.66,0.2795,0.1515,220,33,3.84,normal,No material exception,SYNTHETIC_DEMO_ONLY,-0.025979222828688586,0.10756397301436271,0.029900000000000038,4.4,False
2026-03-30,UKI,Enterprise,Automation,451686.09,95287.33,0.2318,0.125,291,47,4.74,normal,No material exception,SYNTHETIC_DEMO_ONLY,0.07172774856687303,0.022994345084373924,-0.03699999999999998,7.6,False
2026-03-30,UKI,Enterprise,Cloud,509129.11,100264.82,0.22,0.1249,320,56,5.08,normal,No material exception,SYNTHETIC_DEMO_ONLY,-0.023070827268170446,0.0329627648526849,0.0,1.3,False
2026-03-30,UKI,Enterprise,Platform,577180.54,127772.19,0.2561,0.1392,372,66,4.52,normal,No material exception,SYNTHETIC_DEMO_ONLY,-0.0018571064273058546,-0.016399980939563963,-0.01050000000000001,1.2,False
2026-04-06,Benelux,Commercial,AI,151733.91,31325.89,0.2449,0.1273,84,15,4.84,normal,No material exception,SYNTHETIC_DEMO_ONLY,-0.05658532854829912,0.031173301978216328,0.01630000000000001,4.7,False
2026-04-06,Benelux,Commercial,Automation,198745.56,31348.59,0.1716,0.0848,127,25,6.34,normal,No material exception,SYNTHETIC_DEMO_ONLY,-0.014242248571846972,-0.21239309357015035,-0.042800000000000005,5.1,False
2026-04-06,Benelux,Commercial,Cloud,219983.35,31660.41,0.1699,0.1011,137,24,6.95,normal,No material exception,SYNTHETIC_DEMO_ONLY,0.002188261464466379,-0.20820470369332955,-0.03770000000000001,3.9,False
2026-04-06,Benelux,Commercial,Platform,243750.83,54121.62,0.2483,0.1336,188,40,4.5,normal,No material exception,SYNTHETIC_DEMO_ONLY,-0.008729252977248692,0.26856486293018467,0.0169,2.2,False
2026-04-06,Benelux,Enterprise,AI,250407.47,58500.07,0.2375,0.0948,158,27,4.28,normal,No material exception,SYNTHETIC_DEMO_ONLY,-0.09181132754581012,-0.10094680177960069,-0.03660000000000002,8.7,False
2026-04-06,Benelux,Enterprise,Automation,322622.97,70598.93,0.2821,0.1543,190,36,4.57,normal,No material exception,SYNTHETIC_DEMO_ONLY,-0.059684862383048376,-0.10915524681442468,0.024300000000000044,5.7,False
2026-04-06,Benelux,Enterprise,Cloud,360218.6,77362.59,0.2299,0.1421,229,43,4.66,normal,No material exception,SYNTHETIC_DEMO_ONLY,0.011273971528239946,-0.007617715739713149,-0.03160000000000002,3.8,False
2026-04-06,Benelux,Enterprise,Platform,410155.28,92743.12,0.2502,0.1388,250,42,4.42,normal,No material exception,SYNTHETIC_DEMO_ONLY,0.022420267326989984,-0.03577854468382946,-0.027500000000000024,4.0,False
2026-04-06,DACH,Commercial,AI,255933.45,64357.77,0.2678,0.1527,146,23,3.98,normal,No material exception,SYNTHETIC_DEMO_ONLY,0.0347218005218457,0.0032375641620399076,-0.006599999999999995,2.6,False
2026-04-06,DACH,Commercial,Automation,327180.41,59746.06,0.2256,0.1311,216,43,5.48,normal,No material exception,SYNTHETIC_DEMO_ONLY,0.00858025814048835,-0.14740334733681904,-0.025499999999999995,3.0,False
2026-04-06,DACH,Commercial,Cloud,321287.83,79319.69,0.2575,0.1258,214,49,4.05,normal,No material exception,SYNTHETIC_DEMO_ONLY,-0.08793577484735327,-0.07918216847642356,-0.011199999999999988,6.0,False
2026-04-06,DACH,Commercial,Platform,400675.55,105939.68,0.3037,0.1877,277,55,3.78,normal,No material exception,SYNTHETIC_DEMO_ONLY,-0.020736120940872182,0.1473042870474326,0.01150000000000001,2.3,False
2026-04-06,DACH,Enterprise,AI,395291.05,77334.16,0.2233,0.1246,260,36,5.11,normal,No material exception,SYNTHETIC_DEMO_ONLY,-0.027505823411232533,-0.2751169072393581,-0.05940000000000001,7.5,False
2026-04-06,DACH,Enterprise,Automation,515980.03,108873.78,0.2684,0.1365,329,77,4.74,normal,No material exception,SYNTHETIC_DEMO_ONLY,0.07308499064310636,-0.13386007429276647,-0.020399999999999974,6.1,False
2026-04-06,DACH,Enterprise,Cloud,652025.58,143789.43,0.243,0.1511,432,96,4.53,normal,No material exception,SYNTHETIC_DEMO_ONLY,0.07032519011972305,-0.08717961251798556,-0.03750000000000003,7.6,False
2026-04-06,DACH,Enterprise,Platform,662543.0,156523.44,0.2725,0.1304,403,52,4.23,normal,No material exception,SYNTHETIC_DEMO_ONLY,0.07432406619650922,-0.050294801382369525,-0.0011999999999999789,4.2,False
2026-04-06,France,Commercial,AI,206309.01,39600.48,0.2419,0.1605,98,13,5.21,normal,No material exception,SYNTHETIC_DEMO_ONLY,0.1821160132881685,-0.028465374165097423,-0.004599999999999993,10.5,False
2026-04-06,France,Commercial,Automation,220085.78,35706.85,0.1908,0.1011,153,29,6.16,normal,No material exception,SYNTHETIC_DEMO_ONLY,-0.05246668630453366,-0.06743599319907345,-0.019800000000000012,4.9,False
2026-04-06,France,Commercial,Cloud,177196.76,27617.21,0.1783,0.1079,100,20,6.42,pipeline_drop,Synthetic Cloud pipeline contraction,SYNTHETIC_DEMO_ONLY,0.07175708169484674,0.36035920657727716,0.02789999999999998,26.7,True
2026-04-06,France,Commercial,Platform,270288.16,69291.73,0.2743,0.1577,161,34,3.9,normal,No material exception,SYNTHETIC_DEMO_ONLY,-0.10112937084181384,0.0996283828122011,0.039699999999999985,9.5,False
2026-04-06,France,Enterprise,AI,338778.28,69168.38,0.229,0.1353,201,39,4.9,normal,No material exception,SYNTHETIC_DEMO_ONLY,0.11313487420178059,0.4119116531265994,0.014700000000000019,7.7,False
2026-04-06,France,Enterprise,Automation,358537.05,87050.72,0.2751,0.1452,225,40,4.12,normal,No material exception,SYNTHETIC_DEMO_ONLY,0.023934428589110324,0.07365813576994773,0.021299999999999986,3.4,False
2026-04-06,France,Enterprise,Cloud,291228.36,50585.74,0.2083,0.1235,189,32,5.76,pipeline_drop,Synthetic Cloud pipeline contraction,SYNTHETIC_DEMO_ONLY,0.07126416909611888,0.16159092803523056,0.02840000000000001,26.8,True
2026-04-06,France,Enterprise,Platform,449832.52,117239.26,0.2553,0.1254,274,49,3.84,normal,No material exception,SYNTHETIC_DEMO_ONLY,0.12612617619481292,0.22943687262171286,-0.0247,9.4,False
2026-04-06,Iberia,Commercial,AI,140019.04,27366.76,0.2435,0.1407,71,17,5.12,normal,No material exception,SYNTHETIC_DEMO_ONLY,-0.027077274093917025,0.03906977627170116,0.03950000000000001,5.4,False
2026-04-06,Iberia,Commercial,Automation,183990.61,30092.87,0.2072,0.097,121,26,6.11,normal,No material exception,SYNTHETIC_DEMO_ONLY,-0.039289277973381886,-0.15697320332517006,-0.016100000000000003,3.8,False
2026-04-06,Iberia,Commercial,Cloud,219679.36,52080.25,0.2686,0.1437,154,37,4.22,normal,No material exception,SYNTHETIC_DEMO_ONLY,-0.0007188040541604712,0.21727849342408656,0.0403,4.1,False
2026-04-06,Iberia,Commercial,Platform,236685.08,43541.3,0.208,0.116,141,23,5.44,normal,No material exception,SYNTHETIC_DEMO_ONLY,0.05993335926236165,-0.12503295597403385,-0.030800000000000022,6.4,False
2026-04-06,Iberia,Enterprise,AI,249728.12,65765.74,0.2697,0.1415,152,33,3.8,normal,No material exception,SYNTHETIC_DEMO_ONLY,0.004003904279067605,0.322823942391379,0.009199999999999986,1.1,False
2026-04-06,Iberia,Enterprise,Automation,291045.01,62352.46,0.2363,0.1175,184,36,4.67,normal,No material exception,SYNTHETIC_DEMO_ONLY,0.026727872761876492,0.11369770917757882,0.008599999999999997,2.3,False
2026-04-06,Iberia,Enterprise,Cloud,359109.77,78840.2,0.2301,0.1242,232,45,4.55,normal,No material exception,SYNTHETIC_DEMO_ONLY,0.12012954970457579,0.03978842390288695,-0.031,9.7,False
2026-04-06,Iberia,Enterprise,Platform,360879.23,90859.2,0.2879,0.1777,222,44,3.97,normal,No material exception,SYNTHETIC_DEMO_ONLY,-0.07652692931063154,-0.04773393581863061,0.031200000000000006,7.3,False
2026-04-06,Nordics,Commercial,AI,163332.5,32701.97,0.2243,0.1291,104,18,4.99,normal,No material exception,SYNTHETIC_DEMO_ONLY,0.026739255406988294,0.1095994248074521,0.016399999999999998,3.1,False
2026-04-06,Nordics,Commercial,Automation,221482.93,38774.08,0.2029,0.1209,130,28,5.71,normal,No material exception,SYNTHETIC_DEMO_ONLY,0.09424378468563144,-0.14445117916290362,-0.038099999999999995,9.0,False
2026-04-06,Nordics,Commercial,Cloud,264138.86,55201.88,0.2392,0.1257,159,33,4.78,normal,No material exception,SYNTHETIC_DEMO_ONLY,0.08701776496100355,0.14631555164972454,0.0007999999999999952,4.9,False
2026-04-06,Nordics,Commercial,Platform,281045.46,58355.92,0.2282,0.134,203,35,4.82,normal,No material exception,SYNTHETIC_DEMO_ONLY,0.03412098774444727,-0.06616513006271985,-0.02770000000000003,4.6,False
2026-04-06,Nordics,Enterprise,AI,283062.71,82428.78,0.2969,0.1787,190,37,3.43,normal,No material exception,SYNTHETIC_DEMO_ONLY,0.06142564305706566,0.44326533327963835,0.0537,8.7,False
2026-04-06,Nordics,Enterprise,Automation,341157.9,73113.15,0.2541,0.1257,219,43,4.67,normal,No material exception,SYNTHETIC_DEMO_ONLY,-0.03512089911130789,0.04850296833588619,0.0126,3.2,False
2026-04-06,Nordics,Enterprise,Cloud,363978.04,74714.26,0.2534,0.1324,252,60,4.87,normal,No material exception,SYNTHETIC_DEMO_ONLY,-0.014429380701270866,-0.1552625128438907,-0.02579999999999999,3.4,False
2026-04-06,Nordics,Enterprise,Platform,454632.48,101821.66,0.2503,0.1477,311,61,4.46,normal,No material exception,SYNTHETIC_DEMO_ONLY,0.06433150382527963,0.04505872432247804,-0.011299999999999977,4.7,False
2026-04-06,UKI,Commercial,AI,209755.54,39266.53,0.2355,0.1379,123,28,5.34,normal,No material exception,SYNTHETIC_DEMO_ONLY,0.0887691715637926,0.147915240294187,0.023299999999999987,7.2,False
2026-04-06,UKI,Commercial,Automation,264780.97,49119.69,0.2154,0.1384,161,32,5.39,normal,No material exception,SYNTHETIC_DEMO_ONLY,-0.01605019961346743,-0.029602640319316476,0.0006000000000000172,0.9,False
2026-04-06,UKI,Commercial,Cloud,332853.56,82818.72,0.2828,0.1694,212,42,4.02,normal,No material exception,SYNTHETIC_DEMO_ONLY,0.11877596563517301,0.18760046793500895,0.0567,12.2,False
2026-04-06,UKI,Commercial,Platform,327058.1,70157.04,0.242,0.1505,223,46,4.66,normal,No material exception,SYNTHETIC_DEMO_ONLY,-0.09734089367855381,-0.2722798496617763,-0.03889999999999999,9.2,False
2026-04-06,UKI,Enterprise,AI,390612.51,106049.51,0.2951,0.169,251,41,3.68,normal,No material exception,SYNTHETIC_DEMO_ONLY,0.060483669318877054,0.16068369127356652,0.028699999999999948,6.2,False
2026-04-06,UKI,Enterprise,Automation,428023.71,92220.24,0.2666,0.1472,265,33,4.64,normal,No material exception,SYNTHETIC_DEMO_ONLY,-0.10166536348898036,-0.13727078728092346,0.008199999999999985,6.4,False
2026-04-06,UKI,Enterprise,Cloud,512151.46,123879.93,0.2596,0.1325,324,64,4.13,normal,No material exception,SYNTHETIC_DEMO_ONLY,0.06426456442372053,0.23809507152331744,0.012300000000000005,4.8,False
2026-04-06,UKI,Enterprise,Platform,549638.82,102711.88,0.229,0.1229,341,62,5.35,normal,No material exception,SYNTHETIC_DEMO_ONLY,-0.026838865777944365,-0.21301261470719257,-0.06499999999999997,8.0,False
2026-04-13,Benelux,Commercial,AI,148942.41,26816.25,0.215,0.1176,87,14,5.55,normal,No material exception,SYNTHETIC_DEMO_ONLY,-0.04184799789099314,-0.07445501004884814,-0.005099999999999993,2.8,False
2026-04-13,Benelux,Commercial,Automation,176482.93,39545.45,0.252,0.136,101,16,4.46,normal,No material exception,SYNTHETIC_DEMO_ONLY,-0.0635584802477156,-0.06180954701420638,0.016199999999999992,5.1,False
2026-04-13,Benelux,Commercial,Cloud,205325.46,38566.27,0.2285,0.1282,145,21,5.32,normal,No material exception,SYNTHETIC_DEMO_ONLY,-0.07637295564895241,0.019964354656097028,0.02930000000000002,7.1,False
2026-04-13,Benelux,Commercial,Platform,255692.81,46287.77,0.2176,0.1381,168,26,5.52,normal,No material exception,SYNTHETIC_DEMO_ONLY,0.03554946475329124,-0.016991637124380565,-0.03880000000000003,5.8,False
2026-04-13,Benelux,Enterprise,AI,246545.09,47040.94,0.2454,0.1308,164,30,5.24,normal,No material exception,SYNTHETIC_DEMO_ONLY,0.008080423317979868,-0.2848903885351248,-0.0237,2.8,False
2026-04-13,Benelux,Enterprise,Automation,345329.4,84978.97,0.2475,0.1201,224,35,4.06,normal,No material exception,SYNTHETIC_DEMO_ONLY,0.08705906084330461,0.2946522960246625,0.014399999999999996,6.2,False
2026-04-13,Benelux,Enterprise,Cloud,399657.7,82328.81,0.2396,0.1188,252,44,4.85,normal,No material exception,SYNTHETIC_DEMO_ONLY,0.08045686778439243,-0.004782865335976161,-0.03179999999999997,7.6,False
2026-04-13,Benelux,Enterprise,Platform,442254.15,98969.56,0.2659,0.136,284,61,4.47,normal,No material exception,SYNTHETIC_DEMO_ONLY,0.02995233991214996,-0.002328113030870438,-0.010399999999999965,2.7,False
2026-04-13,DACH,Commercial,AI,223169.78,46139.05,0.2463,0.1322,151,29,4.84,normal,No material exception,SYNTHETIC_DEMO_ONLY,-0.1686509926969586,-0.1395456655352224,-0.008500000000000035,10.1,False
2026-04-13,DACH,Commercial,Automation,319397.3,65002.16,0.2205,0.1225,201,34,4.91,normal,No material exception,SYNTHETIC_DEMO_ONLY,0.14254225886019678,0.17508575581263974,-0.03169999999999998,11.0,False
2026-04-13,DACH,Commercial,Cloud,348516.85,84021.23,0.2494,0.1272,233,42,4.15,normal,No material exception,SYNTHETIC_DEMO_ONLY,-0.06290050831895744,0.02802092962221825,0.009300000000000003,4.4,False
2026-04-13,DACH,Commercial,Platform,392395.15,83805.48,0.2243,0.1266,259,51,4.68,normal,No material exception,SYNTHETIC_DEMO_ONLY,-0.08642334743372349,-0.20172963779279152,-0.05180000000000001,9.9,False
2026-04-13,DACH,Enterprise,AI,413836.47,93768.78,0.2451,0.1343,279,50,4.41,normal,No material exception,SYNTHETIC_DEMO_ONLY,-0.059106589713612934,-0.03492183403259619,-0.024900000000000005,5.7,False
2026-04-13,DACH,Enterprise,Automation,445290.39,123383.05,0.2932,0.1612,295,69,3.61,normal,No material exception,SYNTHETIC_DEMO_ONLY,-0.11366391894561267,0.19656155617818505,0.05980000000000002,12.2,False
2026-04-13,DACH,Enterprise,Cloud,608964.51,151893.47,0.265,0.1419,393,84,4.01,normal,No material exception,SYNTHETIC_DEMO_ONLY,0.014418948358052353,0.16294831326197845,0.009800000000000031,1.8,False
2026-04-13,DACH,Enterprise,Platform,685651.59,151507.71,0.2691,0.1341,439,82,4.53,normal,No material exception,SYNTHETIC_DEMO_ONLY,0.026459862742880924,-0.09962833479356481,-0.0116,2.6,False
2026-04-13,France,Commercial,AI,204537.5,38519.22,0.2276,0.127,138,25,5.31,normal,No material exception,SYNTHETIC_DEMO_ONLY,0.11475409299988115,-0.07327974671058168,-0.009899999999999992,7.3,False
2026-04-13,France,Commercial,Automation,221464.25,47679.52,0.2587,0.1471,157,26,4.64,normal,No material exception,SYNTHETIC_DEMO_ONLY,0.01061601034015669,-0.01607682272159039,0.0043999999999999595,1.0,False
2026-04-13,France,Commercial,Cloud,169810.81,27432.14,0.1737,0.1011,129,29,6.19,pipeline_drop,Synthetic Cloud pipeline contraction,SYNTHETIC_DEMO_ONLY,-0.02811054224030307,-0.07599274190478855,-0.00990000000000002,22.5,True
2026-04-13,France,Commercial,Platform,302047.6,77245.56,0.2765,0.1661,202,42,3.91,normal,No material exception,SYNTHETIC_DEMO_ONLY,0.10691315912337496,0.46963194876216563,0.058400000000000035,11.7,False
2026-04-13,France,Enterprise,AI,322974.74,81976.34,0.2689,0.1361,176,28,3.94,normal,No material exception,SYNTHETIC_DEMO_ONLY,0.04187218235002099,0.2656619145357524,0.03009999999999996,5.3,False
2026-04-13,France,Enterprise,Automation,351681.32,75818.97,0.2329,0.1474,215,43,4.64,normal,No material exception,SYNTHETIC_DEMO_ONLY,-0.1459438495644798,-0.25677272846241317,-0.06219999999999998,14.2,False
2026-04-13,France,Enterprise,Cloud,319281.93,59474.05,0.213,0.1186,217,46,5.37,pipeline_drop,Synthetic Cloud pipeline contraction,SYNTHETIC_DEMO_ONLY,0.1451785934101124,0.35327982473864616,0.020699999999999996,30.1,True
2026-04-13,France,Enterprise,Platform,427751.9,93708.39,0.2643,0.145,301,63,4.56,normal,No material exception,SYNTHETIC_DEMO_ONLY,-0.09047387727126954,-0.14036626291961074,-0.010599999999999998,6.0,False
2026-04-13,Iberia,Commercial,AI,142707.87,28825.02,0.2038,0.1146,85,16,4.95,normal,No material exception,SYNTHETIC_DEMO_ONLY,0.17677190264452314,0.21410781775380316,-0.028999999999999998,12.6,False
2026-04-13,Iberia,Commercial,Automation,177202.78,33556.19,0.228,0.1165,121,28,5.28,normal,No material exception,SYNTHETIC_DEMO_ONLY,0.021143387200491137,0.027689515549856436,0.010800000000000004,2.2,False
2026-04-13,Iberia,Commercial,Cloud,214843.72,46087.54,0.2428,0.1554,149,31,4.66,normal,No material exception,SYNTHETIC_DEMO_ONLY,0.048432763141989854,0.21531307650684184,0.03409999999999999,6.1,False
2026-04-13,Iberia,Commercial,Platform,223443.05,50464.63,0.2673,0.1424,135,24,4.43,normal,No material exception,SYNTHETIC_DEMO_ONLY,-0.06213151209795642,0.11709148108844225,0.05269999999999997,8.7,False
2026-04-13,Iberia,Enterprise,AI,245798.58,56860.03,0.2577,0.1257,161,29,4.32,normal,No material exception,SYNTHETIC_DEMO_ONLY,-0.014244450501069927,0.10115111480356087,0.0043999999999999595,1.2,False
2026-04-13,Iberia,Enterprise,Automation,322968.52,63348.16,0.2242,0.1228,198,35,5.1,normal,No material exception,SYNTHETIC_DEMO_ONLY,0.15890315451532766,0.026756911522751503,-0.019699999999999995,10.7,False
2026-04-13,Iberia,Enterprise,Cloud,338316.44,67466.35,0.2161,0.1184,208,28,5.01,normal,No material exception,SYNTHETIC_DEMO_ONLY,0.01951998100283281,0.1758029424025811,0.009599999999999997,2.0,False
2026-04-13,Iberia,Enterprise,Platform,405658.13,97500.15,0.262,0.1623,246,43,4.16,normal,No material exception,SYNTHETIC_DEMO_ONLY,0.009368011436073465,0.07647914355230268,0.00030000000000002247,0.5,False
2026-04-13,Nordics,Commercial,AI,167184.85,22960.75,0.1793,0.0933,110,19,7.28,normal,No material exception,SYNTHETIC_DEMO_ONLY,-0.05723316279850055,-0.4114401430338296,-0.060500000000000026,9.2,False
2026-04-13,Nordics,Commercial,Automation,206148.43,43816.19,0.228,0.12,113,24,4.7,normal,No material exception,SYNTHETIC_DEMO_ONLY,-0.08059351608112841,-0.042786907629206006,-0.0050000000000000044,4.9,False
2026-04-13,Nordics,Commercial,Cloud,221484.08,39463.54,0.2317,0.117,145,31,5.61,normal,No material exception,SYNTHETIC_DEMO_ONLY,0.002851699448690681,-0.20949522204160687,-0.003799999999999998,0.5,False
2026-04-13,Nordics,Commercial,Platform,264979.03,48479.43,0.2253,0.1341,170,37,5.47,normal,No material exception,SYNTHETIC_DEMO_ONLY,0.05332114988205072,-0.1203443979269061,-0.027700000000000002,5.7,False
2026-04-13,Nordics,Enterprise,AI,276164.27,62663.72,0.2621,0.1329,179,38,4.41,normal,No material exception,SYNTHETIC_DEMO_ONLY,0.05562551285401818,0.09373671309215537,0.007500000000000007,3.8,False
2026-04-13,Nordics,Enterprise,Automation,365956.61,78691.92,0.2477,0.138,233,37,4.65,normal,No material exception,SYNTHETIC_DEMO_ONLY,-0.010123257782807538,-0.007638187329983892,-0.0067000000000000115,1.2,False
2026-04-13,Nordics,Enterprise,Cloud,392643.94,92447.94,0.2713,0.1565,249,35,4.25,normal,No material exception,SYNTHETIC_DEMO_ONLY,0.06364074962298605,0.10335484634799919,-0.006900000000000017,4.2,False
2026-04-13,Nordics,Enterprise,Platform,396077.46,107583.21,0.2932,0.1477,224,37,3.68,normal,No material exception,SYNTHETIC_DEMO_ONLY,-0.009739754998523531,0.11353967117713726,0.014500000000000013,2.0,False
2026-04-13,UKI,Commercial,AI,232216.34,57571.65,0.2667,0.1459,126,17,4.03,normal,No material exception,SYNTHETIC_DEMO_ONLY,0.04114114670175395,0.0863409699575044,0.007299999999999973,3.0,False
2026-04-13,UKI,Commercial,Automation,270906.09,61885.13,0.2684,0.1531,184,34,4.38,normal,No material exception,SYNTHETIC_DEMO_ONLY,-0.0028970177721421297,0.07822925804706493,0.03610000000000002,3.8,False
2026-04-13,UKI,Commercial,Cloud,327746.19,82135.9,0.2602,0.1484,204,41,3.99,normal,No material exception,SYNTHETIC_DEMO_ONLY,0.09441617202265085,0.32561627125909487,0.010999999999999982,6.3,False
2026-04-13,UKI,Commercial,Platform,305599.91,71570.39,0.2656,0.1176,177,39,4.27,normal,No material exception,SYNTHETIC_DEMO_ONLY,-0.12831751796783153,-0.09680011287097623,0.021900000000000003,9.2,False
2026-04-13,UKI,Enterprise,AI,332178.52,74316.81,0.2594,0.1475,242,41,4.47,normal,No material exception,SYNTHETIC_DEMO_ONLY,-0.09948740386874055,-0.18205585525993573,-0.022499999999999964,7.7,False
2026-04-13,UKI,Enterprise,Automation,492690.25,100648.08,0.2571,0.135,313,56,4.9,normal,No material exception,SYNTHETIC_DEMO_ONLY,0.07507236861829814,-0.12390263774315102,-0.012199999999999989,5.3,False
2026-04-13,UKI,Enterprise,Cloud,530185.42,126868.76,0.2736,0.1508,346,66,4.18,normal,No material exception,SYNTHETIC_DEMO_ONLY,0.03981700600209792,0.19693539278299488,0.03520000000000001,5.7,False
2026-04-13,UKI,Enterprise,Platform,587362.66,164096.1,0.286,0.1549,387,59,3.58,normal,No material exception,SYNTHETIC_DEMO_ONLY,-0.055264492896983874,0.04844097721621621,0.02789999999999998,5.8,False
2026-04-20,Benelux,Commercial,AI,159543.83,27597.33,0.2033,0.1201,96,22,5.78,normal,No material exception,SYNTHETIC_DEMO_ONLY,-0.053962287242981355,-0.33407565342909407,-0.050699999999999995,8.0,False
2026-04-20,Benelux,Commercial,Automation,188897.08,38365.96,0.2122,0.131,103,15,4.92,normal,No material exception,SYNTHETIC_DEMO_ONLY,-0.05822906636202474,-0.09389634660307611,-0.03970000000000001,7.2,False
2026-04-20,Benelux,Commercial,Cloud,224956.24,39488.23,0.1981,0.1141,118,18,5.7,normal,No material exception,SYNTHETIC_DEMO_ONLY,0.03533179427020605,-0.17407007604794156,-0.051199999999999996,7.1,False
2026-04-20,Benelux,Commercial,Platform,256530.06,54480.26,0.2298,0.133,159,32,4.71,normal,No material exception,SYNTHETIC_DEMO_ONLY,0.032431576823649166,-0.012999431136748174,-0.002599999999999991,2.0,False
2026-04-20,Benelux,Enterprise,AI,238717.37,54690.3,0.2402,0.1332,137,31,4.36,normal,No material exception,SYNTHETIC_DEMO_ONLY,-0.10495171646483681,-0.09775280806194442,-0.021800000000000014,8.0,False
2026-04-20,Benelux,Enterprise,Automation,317833.25,74485.07,0.2696,0.139,222,33,4.27,normal,No material exception,SYNTHETIC_DEMO_ONLY,0.13116564924607044,0.29435276253736364,0.018699999999999994,9.1,False
2026-04-20,Benelux,Enterprise,Cloud,333246.39,81402.13,0.277,0.1516,217,32,4.09,normal,No material exception,SYNTHETIC_DEMO_ONLY,-0.10349837956753682,0.05544343023105047,0.016500000000000015,7.3,False
2026-04-20,Benelux,Enterprise,Platform,408190.48,90785.33,0.2418,0.1463,260,53,4.5,normal,No material exception,SYNTHETIC_DEMO_ONLY,-0.024181032840253525,0.02722437368224173,-0.020600000000000035,3.4,False
2026-04-20,DACH,Commercial,AI,245279.53,59756.09,0.2814,0.1563,160,34,4.1,normal,No material exception,SYNTHETIC_DEMO_ONLY,0.02629350761834437,0.2274967821293039,0.0267,4.1,False
2026-04-20,DACH,Commercial,Automation,327558.87,76877.23,0.2476,0.1404,202,30,4.26,normal,No material exception,SYNTHETIC_DEMO_ONLY,0.06329465367656928,0.19832231947944035,0.011799999999999977,4.7,False
2026-04-20,DACH,Commercial,Cloud,353913.11,72959.0,0.2409,0.1459,230,42,4.85,normal,No material exception,SYNTHETIC_DEMO_ONLY,0.005321958551420813,0.005216838274155755,-0.0063,0.9,False
2026-04-20,DACH,Commercial,Platform,370061.17,64564.84,0.1901,0.1076,237,30,5.73,normal,No material exception,SYNTHETIC_DEMO_ONLY,-0.1578687333005382,-0.39085377388085085,-0.0675,15.4,False
2026-04-20,DACH,Enterprise,AI,384485.85,90344.68,0.2453,0.1115,264,48,4.26,normal,No material exception,SYNTHETIC_DEMO_ONLY,0.023683230666152078,-0.0496383100679999,-0.04369999999999999,5.7,False
2026-04-20,DACH,Enterprise,Automation,493791.73,105001.03,0.2443,0.1511,317,58,4.7,normal,No material exception,SYNTHETIC_DEMO_ONLY,-0.019918339848034816,-0.0524072320292599,0.011699999999999988,2.3,False
2026-04-20,DACH,Enterprise,Cloud,636852.02,134287.29,0.2473,0.1436,397,64,4.74,normal,No material exception,SYNTHETIC_DEMO_ONLY,0.0975481161344749,-0.08029698740332769,-0.02930000000000002,8.3,False
2026-04-20,DACH,Enterprise,Platform,672943.57,166637.72,0.2749,0.1584,435,84,4.04,normal,No material exception,SYNTHETIC_DEMO_ONLY,-0.035282408344609606,0.015810256922313526,0.008199999999999985,2.8,False
2026-04-20,France,Commercial,AI,180145.72,41040.26,0.2418,0.1439,96,15,4.39,normal,No material exception,SYNTHETIC_DEMO_ONLY,-0.05697710611617879,-0.018366758243729464,0.0016999999999999793,3.3,False
2026-04-20,France,Commercial,Automation,223887.62,42889.31,0.2192,0.1303,153,29,5.22,normal,No material exception,SYNTHETIC_DEMO_ONLY,-0.000934461291164812,-0.044486348009953214,-0.010300000000000004,1.1,False
2026-04-20,France,Commercial,Cloud,157015.16,19801.32,0.151,0.0906,91,19,7.93,pipeline_drop,Synthetic Cloud pipeline contraction,SYNTHETIC_DEMO_ONLY,0.08632577964715393,-0.03190491788852012,-0.026400000000000007,27.4,True
2026-04-20,France,Commercial,Platform,319189.81,58297.19,0.2347,0.125,221,46,5.48,normal,No material exception,SYNTHETIC_DEMO_ONLY,0.17815410356386363,0.04895415309603046,0.007099999999999995,10.5,False
2026-04-20,France,Enterprise,AI,287236.49,71826.53,0.2793,0.1464,185,32,4.0,normal,No material exception,SYNTHETIC_DEMO_ONLY,-0.10077390927667118,0.010161736352629402,0.02150000000000002,7.7,False
2026-04-20,France,Enterprise,Automation,361400.59,79609.43,0.2511,0.1517,223,38,4.54,normal,No material exception,SYNTHETIC_DEMO_ONLY,-0.03953393074721401,-0.002888650133780035,0.0204,4.2,False
2026-04-20,France,Enterprise,Cloud,265567.65,44356.85,0.1958,0.1178,171,34,5.99,pipeline_drop,Synthetic Cloud pipeline contraction,SYNTHETIC_DEMO_ONLY,-0.0025520276050309265,-0.0521708453031261,0.0010000000000000009,20.2,True
2026-04-20,France,Enterprise,Platform,470742.94,127176.9,0.2729,0.1388,328,49,3.7,normal,No material exception,SYNTHETIC_DEMO_ONLY,0.10638874046722813,0.2822302033369448,0.023799999999999988,8.2,False
2026-04-20,Iberia,Commercial,AI,156397.71,30944.02,0.2144,0.127,97,17,5.05,normal,No material exception,SYNTHETIC_DEMO_ONLY,0.07262710868786493,0.03474990494846475,-0.018299999999999983,5.8,False
2026-04-20,Iberia,Commercial,Automation,175678.08,37440.24,0.2325,0.1356,114,20,4.69,normal,No material exception,SYNTHETIC_DEMO_ONLY,-0.0010996098457584091,0.21611418927214854,0.04300000000000001,4.4,False
2026-04-20,Iberia,Commercial,Cloud,186754.29,43926.72,0.2567,0.1421,111,21,4.25,normal,No material exception,SYNTHETIC_DEMO_ONLY,-0.038491679089617925,-0.021379105229095252,-0.0047000000000000375,2.6,False
2026-04-20,Iberia,Commercial,Platform,226193.34,44088.33,0.2303,0.1224,115,23,5.13,normal,No material exception,SYNTHETIC_DEMO_ONLY,-0.0014374514803286997,-0.013046236584173365,-0.007800000000000001,0.9,False
2026-04-20,Iberia,Enterprise,AI,222116.91,44049.3,0.234,0.1234,159,26,5.04,normal,No material exception,SYNTHETIC_DEMO_ONLY,-0.04856702013787406,-0.13216482707641475,-0.04279999999999998,7.0,False
2026-04-20,Iberia,Enterprise,Automation,254527.07,52753.91,0.2339,0.1486,156,26,4.82,normal,No material exception,SYNTHETIC_DEMO_ONLY,-0.22232913592570935,-0.28745683355239304,-0.008700000000000013,13.1,False
2026-04-20,Iberia,Enterprise,Cloud,334389.55,75340.97,0.2462,0.145,218,39,4.44,normal,No material exception,SYNTHETIC_DEMO_ONLY,-0.017640571537185012,0.07346975180997872,-0.008800000000000002,1.9,False
2026-04-20,Iberia,Enterprise,Platform,367735.04,91695.63,0.2736,0.1571,250,45,4.01,normal,No material exception,SYNTHETIC_DEMO_ONLY,-0.0649970805872836,0.03243579198748847,0.009199999999999986,4.5,False
2026-04-20,Nordics,Commercial,AI,171349.22,32035.35,0.215,0.104,98,17,5.35,normal,No material exception,SYNTHETIC_DEMO_ONLY,0.016661457254219636,-0.07022611238604337,-0.01200000000000001,2.1,False
2026-04-20,Nordics,Commercial,Automation,190579.36,32567.86,0.1941,0.0943,130,21,5.85,normal,No material exception,SYNTHETIC_DEMO_ONLY,-0.08393065344256356,-0.24677621238374792,-0.03470000000000001,8.1,False
2026-04-20,Nordics,Commercial,Cloud,237423.19,43983.94,0.2276,0.1098,144,21,5.4,normal,No material exception,SYNTHETIC_DEMO_ONLY,0.08680449303531179,-0.013568165910238239,0.0033999999999999864,5.1,False
2026-04-20,Nordics,Commercial,Platform,297165.31,60649.09,0.2527,0.1421,192,36,4.9,normal,No material exception,SYNTHETIC_DEMO_ONLY,0.15592507206314865,0.2316134012108373,0.024599999999999983,11.0,False
2026-04-20,Nordics,Enterprise,AI,294865.66,59349.78,0.2086,0.1257,188,36,4.97,normal,No material exception,SYNTHETIC_DEMO_ONLY,0.12348238868665873,-0.019091022079541276,-0.03669999999999998,10.5,False
2026-04-20,Nordics,Enterprise,Automation,341707.63,74174.04,0.2365,0.1448,220,41,4.61,normal,No material exception,SYNTHETIC_DEMO_ONLY,0.0008515688840116109,-0.17499112415768492,-0.0539,5.4,False
2026-04-20,Nordics,Enterprise,Cloud,381487.53,77754.03,0.2249,0.1098,265,58,4.91,normal,No material exception,SYNTHETIC_DEMO_ONLY,-0.10010850003257643,-0.2697482476040296,-0.044300000000000006,9.9,False
2026-04-20,Nordics,Enterprise,Platform,448244.55,97045.03,0.2491,0.1477,283,56,4.62,normal,No material exception,SYNTHETIC_DEMO_ONLY,0.059744374018823265,-0.11617151977559348,-0.03689999999999999,7.0,False
2026-04-20,UKI,Commercial,AI,224018.14,42228.6,0.2306,0.1174,128,21,5.3,normal,No material exception,SYNTHETIC_DEMO_ONLY,-0.02301822538391729,-0.13461638955234445,-0.0012999999999999956,1.4,False
2026-04-20,UKI,Commercial,Automation,287332.76,56025.68,0.2499,0.1552,169,25,5.13,normal,No material exception,SYNTHETIC_DEMO_ONLY,0.10474783631756823,0.11346602812160711,0.028600000000000014,8.6,False
2026-04-20,UKI,Commercial,Cloud,310679.89,62640.5,0.2366,0.1522,193,31,4.96,normal,No material exception,SYNTHETIC_DEMO_ONLY,0.009009213529198368,-0.13695840059718034,-0.020199999999999968,2.5,False
2026-04-20,UKI,Commercial,Platform,337732.99,93615.17,0.3086,0.1336,231,49,3.61,normal,No material exception,SYNTHETIC_DEMO_ONLY,-0.060290198671196005,0.07865881754596704,0.02849999999999997,6.2,False
2026-04-20,UKI,Enterprise,AI,375759.67,94291.3,0.2851,0.154,255,46,3.99,normal,No material exception,SYNTHETIC_DEMO_ONLY,-0.03305910917738775,0.09976115602443647,0.036900000000000016,5.5,False
2026-04-20,UKI,Enterprise,Automation,440806.6,118750.6,0.2959,0.1567,305,77,3.71,normal,No material exception,SYNTHETIC_DEMO_ONLY,-0.0935780679774193,0.01423717024220128,0.03689999999999999,8.8,False
2026-04-20,UKI,Enterprise,Cloud,496065.16,106507.22,0.2263,0.1191,334,50,4.66,normal,No material exception,SYNTHETIC_DEMO_ONLY,-0.031144098404548903,0.23413485247931898,0.0232,4.0,False
2026-04-20,UKI,Enterprise,Platform,590232.43,117607.54,0.2707,0.1349,376,82,5.02,normal,No material exception,SYNTHETIC_DEMO_ONLY,0.12848844276807347,-0.13178983928511323,-0.01369999999999999,8.4,False
2026-04-27,Benelux,Commercial,AI,173872.31,34392.81,0.2247,0.116,95,15,5.06,normal,No material exception,SYNTHETIC_DEMO_ONLY,0.21893813650411476,0.3232818556290096,0.018100000000000005,13.9,False
2026-04-27,Benelux,Commercial,Automation,196593.22,44555.2,0.2464,0.1514,111,23,4.41,normal,No material exception,SYNTHETIC_DEMO_ONLY,0.058269430800976574,0.2635629280156635,0.01680000000000001,4.9,False
2026-04-27,Benelux,Commercial,Cloud,199969.62,52249.1,0.2675,0.1549,134,27,3.83,normal,No material exception,SYNTHETIC_DEMO_ONLY,-0.06624835086080227,0.32928629707376444,0.054200000000000026,9.1,False
2026-04-27,Benelux,Commercial,Platform,253822.39,52202.32,0.2369,0.1478,152,31,4.86,normal,No material exception,SYNTHETIC_DEMO_ONLY,0.07459308563311118,0.14241745361214364,0.026400000000000007,6.7,False
2026-04-27,Benelux,Enterprise,AI,257768.96,50082.61,0.2279,0.1184,172,42,5.15,normal,No material exception,SYNTHETIC_DEMO_ONLY,0.0018636597084078499,-0.13118538441308458,-0.025500000000000023,2.7,False
2026-04-27,Benelux,Enterprise,Automation,324264.04,56475.22,0.2087,0.09,220,47,5.74,normal,No material exception,SYNTHETIC_DEMO_ONLY,-0.02049716897424625,-0.14312717081190718,-0.038000000000000006,4.9,False
2026-04-27,Benelux,Enterprise,Cloud,366718.68,81933.07,0.2298,0.1242,243,45,4.48,normal,No material exception,SYNTHETIC_DEMO_ONLY,0.020029386030887553,0.11571459093836234,-0.003599999999999992,1.5,False
2026-04-27,Benelux,Enterprise,Platform,419342.09,80834.64,0.234,0.1352,280,55,5.19,normal,No material exception,SYNTHETIC_DEMO_ONLY,0.07561231671794966,-0.25543669037532846,-0.07949999999999999,12.1,False
2026-04-27,DACH,Commercial,AI,229484.95,48250.09,0.2243,0.1226,141,25,4.76,normal,No material exception,SYNTHETIC_DEMO_ONLY,-0.055002191138608825,-0.07119038136178057,-0.028200000000000003,5.8,False
2026-04-27,DACH,Commercial,Automation,314921.86,82531.29,0.2806,0.1406,201,39,3.82,normal,No material exception,SYNTHETIC_DEMO_ONLY,0.028502768191731365,0.5299075285177868,0.0723,8.8,False
2026-04-27,DACH,Commercial,Cloud,378717.23,71925.86,0.2188,0.1076,255,48,5.27,normal,No material exception,SYNTHETIC_DEMO_ONLY,0.03167582869533914,-0.02908983508020835,-0.02410000000000001,4.2,False
2026-04-27,DACH,Commercial,Platform,425211.97,97435.74,0.271,0.1539,275,45,4.36,normal,No material exception,SYNTHETIC_DEMO_ONLY,0.029069798397058255,0.0333102284792921,0.03560000000000002,5.2,False
2026-04-27,DACH,Enterprise,AI,435031.94,104690.69,0.2804,0.1533,275,59,4.16,normal,No material exception,SYNTHETIC_DEMO_ONLY,0.056342456718210254,0.00023742225734779687,0.006899999999999962,3.8,False
2026-04-27,DACH,Enterprise,Automation,534930.34,126680.21,0.2878,0.1787,325,65,4.22,normal,No material exception,SYNTHETIC_DEMO_ONLY,-0.021836781009210937,-0.09529890437650923,0.011199999999999988,2.3,False
2026-04-27,DACH,Enterprise,Cloud,571730.74,122510.55,0.2495,0.1546,366,64,4.67,normal,No material exception,SYNTHETIC_DEMO_ONLY,0.004987419172691077,-0.17112927192784888,-0.022899999999999976,2.6,False
2026-04-27,DACH,Enterprise,Platform,635975.58,148485.3,0.2579,0.1483,418,76,4.28,normal,No material exception,SYNTHETIC_DEMO_ONLY,-0.03926273091474264,-0.00936169156661859,-0.0262,4.8,False
2026-04-27,France,Commercial,AI,167376.83,38696.2,0.2622,0.1478,143,23,4.33,normal,No material exception,SYNTHETIC_DEMO_ONLY,-0.049331097077810804,0.08756120943061552,0.0325,6.0,False
2026-04-27,France,Commercial,Automation,209638.84,44352.44,0.2253,0.1435,118,18,4.73,normal,No material exception,SYNTHETIC_DEMO_ONLY,-0.13775820251944304,-0.21816259102351954,-0.05020000000000002,12.6,False
2026-04-27,France,Commercial,Cloud,164254.37,27835.29,0.1909,0.1029,107,23,5.9,pipeline_drop,Synthetic Cloud pipeline contraction,SYNTHETIC_DEMO_ONLY,0.11493980265852954,0.27453879438631845,0.028699999999999976,29.2,True
2026-04-27,France,Commercial,Platform,304759.29,79776.73,0.2743,0.162,200,35,3.82,normal,No material exception,SYNTHETIC_DEMO_ONLY,0.09067118234313898,0.5410168153112804,0.05889999999999998,10.9,False
2026-04-27,France,Enterprise,AI,313794.49,60891.17,0.2293,0.142,228,47,5.15,normal,No material exception,SYNTHETIC_DEMO_ONLY,-0.007313896716947932,-0.060225587826165605,-0.014999999999999986,1.9,False
2026-04-27,France,Enterprise,Automation,403382.95,86731.32,0.2484,0.1418,273,52,4.65,normal,No material exception,SYNTHETIC_DEMO_ONLY,0.08312407667757826,0.12447632522632768,0.028700000000000003,7.4,False
2026-04-27,France,Enterprise,Cloud,254625.96,51958.24,0.2319,0.1247,142,24,4.9,pipeline_drop,Synthetic Cloud pipeline contraction,SYNTHETIC_DEMO_ONLY,-0.057527107028317315,0.04651341721568847,0.015999999999999986,24.8,True
2026-04-27,France,Enterprise,Platform,488292.13,145901.99,0.3371,0.1883,321,72,3.35,normal,No material exception,SYNTHETIC_DEMO_ONLY,0.036695867298072615,0.44274201889758613,0.07300000000000001,9.3,False
2026-04-27,Iberia,Commercial,AI,148397.96,27430.87,0.2227,0.1191,112,21,5.41,normal,No material exception,SYNTHETIC_DEMO_ONLY,0.003708904183710837,-0.01626923602441932,0.002700000000000008,0.5,False
2026-04-27,Iberia,Commercial,Automation,185920.86,36836.96,0.257,0.1419,134,22,5.05,normal,No material exception,SYNTHETIC_DEMO_ONLY,0.04436109966131441,0.07837638851686113,0.022900000000000004,4.7,False
2026-04-27,Iberia,Commercial,Cloud,222877.47,45956.28,0.2371,0.1524,158,33,4.85,normal,No material exception,SYNTHETIC_DEMO_ONLY,0.09715089008656208,0.14920406925190144,0.0040000000000000036,5.7,False
2026-04-27,Iberia,Commercial,Platform,225164.71,40223.16,0.226,0.1354,173,31,5.6,normal,No material exception,SYNTHETIC_DEMO_ONLY,0.008735486290739836,-0.11355011376168123,-0.03469999999999998,4.0,False
2026-04-27,Iberia,Enterprise,AI,229460.68,57785.6,0.2656,0.1443,139,20,3.97,normal,No material exception,SYNTHETIC_DEMO_ONLY,-0.12238262657793575,0.04525962452804633,0.020199999999999996,8.8,False
2026-04-27,Iberia,Enterprise,Automation,266671.62,49578.17,0.2112,0.1393,172,38,5.38,normal,No material exception,SYNTHETIC_DEMO_ONLY,-0.10526786574650548,-0.2845848462031525,-0.052800000000000014,11.1,False
2026-04-27,Iberia,Enterprise,Cloud,355052.78,73255.19,0.2331,0.1313,237,43,4.85,normal,No material exception,SYNTHETIC_DEMO_ONLY,0.18016111025816084,0.16329338133755456,-0.0040999999999999925,10.3,False
2026-04-27,Iberia,Enterprise,Platform,365128.11,92640.93,0.2855,0.1656,228,47,3.94,normal,No material exception,SYNTHETIC_DEMO_ONLY,-0.06510175229356974,-0.09559090347745913,0.011899999999999966,4.8,False
2026-04-27,Nordics,Commercial,AI,175751.45,36806.98,0.2435,0.1215,116,24,4.77,normal,No material exception,SYNTHETIC_DEMO_ONLY,0.02012257157689734,0.08925619981456578,0.019100000000000006,3.0,False
2026-04-27,Nordics,Commercial,Automation,218955.19,47542.6,0.2601,0.1452,150,31,4.61,normal,No material exception,SYNTHETIC_DEMO_ONLY,0.03658821102134868,0.1421920046127234,0.048600000000000004,6.9,False
2026-04-27,Nordics,Commercial,Cloud,249478.01,43557.82,0.2143,0.1271,187,27,5.73,normal,No material exception,SYNTHETIC_DEMO_ONLY,0.011513374824849931,-0.1518942657511495,-0.003799999999999998,1.0,False
2026-04-27,Nordics,Commercial,Platform,267708.14,49973.29,0.2055,0.1253,179,30,5.36,normal,No material exception,SYNTHETIC_DEMO_ONLY,-0.007080925970323615,-0.0519909913772334,-0.0184,2.2,False
2026-04-27,Nordics,Enterprise,AI,284111.91,56890.72,0.2349,0.1173,207,49,4.99,normal,No material exception,SYNTHETIC_DEMO_ONLY,-0.010650091600698297,-0.14477682324914853,-0.01529999999999998,2.1,False
2026-04-27,Nordics,Enterprise,Automation,334474.65,72676.4,0.26,0.1641,226,43,4.6,normal,No material exception,SYNTHETIC_DEMO_ONLY,-0.008887177743910457,0.04511848114961814,0.0343,3.9,False
2026-04-27,Nordics,Enterprise,Cloud,406529.22,83480.77,0.2267,0.1355,251,40,4.87,normal,No material exception,SYNTHETIC_DEMO_ONLY,0.06474393059699057,-0.016966706118736963,-0.011899999999999994,4.8,False
2026-04-27,Nordics,Enterprise,Platform,430575.55,110080.65,0.2637,0.1457,282,54,3.91,normal,No material exception,SYNTHETIC_DEMO_ONLY,0.012926461315256876,0.24969844732015156,0.02939999999999998,3.7,False
2026-04-27,UKI,Commercial,AI,215749.11,30441.07,0.1692,0.0849,122,20,7.09,normal,No material exception,SYNTHETIC_DEMO_ONLY,-0.09814391609138184,-0.4198787086008725,-0.07450000000000001,12.8,False
2026-04-27,UKI,Commercial,Automation,289028.12,37885.64,0.1536,0.0884,200,44,7.63,normal,No material exception,SYNTHETIC_DEMO_ONLY,-0.001677984948012079,-0.23205774844392213,-0.07540000000000002,7.6,False
2026-04-27,UKI,Commercial,Cloud,297078.4,58947.48,0.2382,0.1252,216,57,5.04,normal,No material exception,SYNTHETIC_DEMO_ONLY,-0.03176419165840205,-0.16486769068607032,-0.007300000000000001,2.5,False
2026-04-27,UKI,Commercial,Platform,348588.46,78634.86,0.2784,0.1577,229,43,4.43,normal,No material exception,SYNTHETIC_DEMO_ONLY,-0.05051950913338665,-0.13989790323284557,0.007000000000000006,3.5,False
2026-04-27,UKI,Enterprise,AI,356623.69,86966.93,0.2597,0.1401,230,47,4.1,normal,No material exception,SYNTHETIC_DEMO_ONLY,-0.0032517659313234804,-0.06697513970118563,-0.01980000000000004,2.2,False
2026-04-27,UKI,Enterprise,Automation,453407.26,99097.79,0.257,0.1379,295,64,4.58,normal,No material exception,SYNTHETIC_DEMO_ONLY,0.0038105446196050607,0.039989157005448694,0.0252,2.7,False
2026-04-27,UKI,Enterprise,Cloud,524110.93,117844.91,0.2432,0.1427,347,54,4.45,normal,No material exception,SYNTHETIC_DEMO_ONLY,0.029426366918992253,0.17533657368556588,0.0232,3.9,False
2026-04-27,UKI,Enterprise,Platform,591731.44,147465.17,0.259,0.1334,394,95,4.01,normal,No material exception,SYNTHETIC_DEMO_ONLY,0.02521030941202551,0.1541257138975234,0.0029000000000000137,1.7,False
2026-05-04,Benelux,Commercial,AI,164479.36,33730.7,0.2207,0.1234,110,17,4.88,normal,No material exception,SYNTHETIC_DEMO_ONLY,0.08399869218423217,0.07676749168180041,-0.0242,7.0,False
2026-05-04,Benelux,Commercial,Automation,199788.59,30260.34,0.186,0.1253,122,27,6.6,normal,No material exception,SYNTHETIC_DEMO_ONLY,0.005248066925369388,-0.03471447998139632,0.014399999999999996,1.7,False
2026-05-04,Benelux,Commercial,Cloud,200892.12,41415.44,0.2489,0.1507,143,32,4.85,normal,No material exception,SYNTHETIC_DEMO_ONLY,-0.08678488621979807,0.30811445587722974,0.07900000000000001,12.7,False
2026-05-04,Benelux,Commercial,Platform,258502.66,45157.1,0.2049,0.1255,188,25,5.72,normal,No material exception,SYNTHETIC_DEMO_ONLY,0.06052012212635338,-0.16563657924504116,-0.043399999999999994,7.7,False
2026-05-04,Benelux,Enterprise,AI,272214.64,63317.27,0.2205,0.1293,190,34,4.3,normal,No material exception,SYNTHETIC_DEMO_ONLY,0.0870867390657315,0.08234520061258044,-0.016999999999999987,6.5,False
2026-05-04,Benelux,Enterprise,Automation,337209.5,84994.16,0.2521,0.1278,223,33,3.97,normal,No material exception,SYNTHETIC_DEMO_ONLY,0.045212310828333324,0.20390153221868967,-0.030000000000000027,5.5,False
2026-05-04,Benelux,Enterprise,Cloud,424497.47,82824.52,0.2306,0.1425,262,50,5.13,normal,No material exception,SYNTHETIC_DEMO_ONLY,0.17844406146712033,0.07060169521211757,0.0007000000000000062,9.9,False
2026-05-04,Benelux,Enterprise,Platform,387573.19,75748.35,0.2458,0.1348,267,58,5.12,normal,No material exception,SYNTHETIC_DEMO_ONLY,-0.05505741630340588,-0.18324561433775344,-0.004399999999999987,3.5,False
2026-05-04,DACH,Commercial,AI,367197.47,92070.71,0.2718,0.1562,234,47,3.99,pipeline_surge,Synthetic AI opportunity surge,SYNTHETIC_DEMO_ONLY,0.4347380930472353,0.430607524157534,0.0040000000000000036,44.3,True
2026-05-04,DACH,Commercial,Automation,319666.75,74383.45,0.2391,0.124,230,44,4.3,normal,No material exception,SYNTHETIC_DEMO_ONLY,-0.022964883502652134,0.2449933937066311,0.013500000000000012,2.6,False
2026-05-04,DACH,Commercial,Cloud,366995.25,72998.13,0.2328,0.1208,216,40,5.03,normal,No material exception,SYNTHETIC_DEMO_ONLY,0.14226315388292177,-0.07969723532706696,-0.0247,10.3,False
2026-05-04,DACH,Commercial,Platform,393282.24,84280.64,0.2485,0.1654,247,43,4.67,normal,No material exception,SYNTHETIC_DEMO_ONLY,-0.01845211168986982,-0.2044469079007979,-0.05520000000000003,6.5,False
2026-05-04,DACH,Enterprise,AI,599351.22,157913.07,0.2966,0.1759,409,97,3.8,pipeline_surge,Synthetic AI opportunity surge,SYNTHETIC_DEMO_ONLY,0.5162276504869008,1.0419575256264504,0.07329999999999998,55.7,True
2026-05-04,DACH,Enterprise,Automation,527850.37,140141.15,0.3178,0.1805,343,59,3.77,normal,No material exception,SYNTHETIC_DEMO_ONLY,0.023005425229344567,0.2871891652884653,0.0494,6.2,False
2026-05-04,DACH,Enterprise,Cloud,551007.72,152035.41,0.2925,0.1697,339,71,3.62,normal,No material exception,SYNTHETIC_DEMO_ONLY,-0.15492928973737496,0.05734760893064261,0.04949999999999999,13.5,False
2026-05-04,DACH,Enterprise,Platform,686830.92,164632.57,0.26,0.1434,435,75,4.17,normal,No material exception,SYNTHETIC_DEMO_ONLY,0.036658631968038424,0.05180776757781458,-0.012500000000000011,3.3,False
2026-05-04,France,Commercial,AI,202156.71,37680.6,0.2081,0.1008,162,29,5.37,normal,No material exception,SYNTHETIC_DEMO_ONLY,-0.020126605231637784,-0.0484812305305391,-0.0338,4.5,False
2026-05-04,France,Commercial,Automation,245620.71,46606.79,0.2182,0.1156,156,32,5.27,normal,No material exception,SYNTHETIC_DEMO_ONLY,0.11602262535998453,0.30526187552248385,0.027400000000000008,9.1,False
2026-05-04,France,Commercial,Cloud,262625.85,45417.99,0.2049,0.1165,178,36,5.78,normal,No material exception,SYNTHETIC_DEMO_ONLY,0.48211428922289534,0.6445538850593524,0.026600000000000013,29.2,False
2026-05-04,France,Commercial,Platform,285091.75,63347.79,0.2459,0.1236,208,36,4.5,normal,No material exception,SYNTHETIC_DEMO_ONLY,0.05476965768681841,-0.08578137679633624,-0.02839999999999998,5.9,False
2026-05-04,France,Enterprise,AI,317855.83,76537.95,0.2738,0.1611,196,30,4.15,normal,No material exception,SYNTHETIC_DEMO_ONLY,-0.061758534224803374,0.10654536075588283,0.04479999999999998,7.9,False
2026-05-04,France,Enterprise,Automation,382417.71,78774.68,0.2244,0.1212,252,50,4.85,normal,No material exception,SYNTHETIC_DEMO_ONLY,0.06660583613325333,-0.09507147097692026,-0.05070000000000002,8.7,False
2026-05-04,France,Enterprise,Cloud,413355.47,97575.98,0.2594,0.1458,277,60,4.24,normal,No material exception,SYNTHETIC_DEMO_ONLY,0.41935170736805993,0.9289226568594233,0.051100000000000007,28.2,False
2026-05-04,France,Enterprise,Platform,512451.44,125733.43,0.2778,0.162,331,68,4.08,normal,No material exception,SYNTHETIC_DEMO_ONLY,0.13920496454991738,0.07245158319832457,0.022499999999999964,9.9,False
2026-05-04,Iberia,Commercial,AI,137906.89,28911.27,0.2451,0.1506,99,18,4.77,normal,No material exception,SYNTHETIC_DEMO_ONLY,-0.015084734190435767,0.05643744454951927,0.001600000000000018,1.0,False
2026-05-04,Iberia,Commercial,Automation,188367.29,35556.6,0.2091,0.1168,113,19,5.3,normal,No material exception,SYNTHETIC_DEMO_ONLY,0.023787518286938703,0.181562277044363,0.0019000000000000128,1.5,False
2026-05-04,Iberia,Commercial,Cloud,208800.81,40190.89,0.2253,0.1192,138,25,5.2,normal,No material exception,SYNTHETIC_DEMO_ONLY,-0.04952012788092608,-0.22828922672222196,-0.043300000000000005,7.1,False
2026-05-04,Iberia,Commercial,Platform,238470.76,58366.99,0.2899,0.1551,161,26,4.09,normal,No material exception,SYNTHETIC_DEMO_ONLY,0.007544539774116732,0.34049718313417365,0.0819,8.6,False
2026-05-04,Iberia,Enterprise,AI,232819.38,62167.06,0.2751,0.1427,129,23,3.75,normal,No material exception,SYNTHETIC_DEMO_ONLY,-0.06770859445063693,-0.0547196762326404,0.005400000000000016,4.3,False
2026-05-04,Iberia,Enterprise,Automation,307220.52,70917.63,0.244,0.1448,201,44,4.33,normal,No material exception,SYNTHETIC_DEMO_ONLY,0.05557734867194597,0.13736699402076535,0.007699999999999985,3.8,False
2026-05-04,Iberia,Enterprise,Cloud,330287.6,72135.01,0.2478,0.1412,225,40,4.58,normal,No material exception,SYNTHETIC_DEMO_ONLY,-0.0802600553028675,-0.0850478562966609,0.017699999999999994,6.2,False
2026-05-04,Iberia,Enterprise,Platform,390507.47,92064.15,0.2577,0.1615,263,51,4.24,normal,No material exception,SYNTHETIC_DEMO_ONLY,0.0821001530068659,0.013261728036346287,-0.030200000000000005,7.5,False
2026-05-04,Nordics,Commercial,AI,176891.33,29625.71,0.2019,0.1073,111,20,5.97,normal,No material exception,SYNTHETIC_DEMO_ONLY,0.08301366843708369,-0.09406956217010787,-0.022400000000000003,6.8,False
2026-05-04,Nordics,Commercial,Automation,211793.62,44427.03,0.2409,0.1466,119,27,4.77,normal,No material exception,SYNTHETIC_DEMO_ONLY,-0.043747434621711045,0.14579198268534022,0.038000000000000006,6.2,False
2026-05-04,Nordics,Commercial,Cloud,263159.11,47194.79,0.2201,0.1233,155,32,5.58,normal,No material exception,SYNTHETIC_DEMO_ONLY,-0.0037092232471965803,-0.14505103811681774,-0.019100000000000006,2.1,False
2026-05-04,Nordics,Commercial,Platform,249279.35,51348.94,0.248,0.1137,163,25,4.85,normal,No material exception,SYNTHETIC_DEMO_ONLY,-0.11302836914711245,-0.12007316481344132,0.019800000000000012,8.2,False
2026-05-04,Nordics,Enterprise,AI,283724.41,72630.67,0.2666,0.1399,177,32,3.91,normal,No material exception,SYNTHETIC_DEMO_ONLY,0.0023376445452667483,-0.11886758484111981,-0.030299999999999994,3.2,False
2026-05-04,Nordics,Enterprise,Automation,352028.07,72267.01,0.2484,0.1365,219,46,4.87,normal,No material exception,SYNTHETIC_DEMO_ONLY,0.03186257741649823,-0.011573020721990512,-0.005699999999999983,2.3,False
2026-05-04,Nordics,Enterprise,Cloud,451744.19,106016.99,0.2604,0.1341,314,57,4.26,normal,No material exception,SYNTHETIC_DEMO_ONLY,0.24113034401745792,0.41896593769382195,0.007000000000000006,14.0,False
2026-05-04,Nordics,Enterprise,Platform,456381.54,108009.36,0.2731,0.1505,306,69,4.23,normal,No material exception,SYNTHETIC_DEMO_ONLY,0.00384719543135148,0.06076997762558567,0.022799999999999987,2.5,False
2026-05-04,UKI,Commercial,AI,223355.09,40209.35,0.192,0.1013,167,32,5.55,normal,No material exception,SYNTHETIC_DEMO_ONLY,0.0648352362945932,0.02401077966400389,-0.04349999999999998,7.9,False
2026-05-04,UKI,Commercial,Automation,292598.1,52151.61,0.2095,0.1215,170,33,5.61,normal,No material exception,SYNTHETIC_DEMO_ONLY,0.1050571345818394,0.06172514525234174,-0.005900000000000016,6.4,False
2026-05-04,UKI,Commercial,Cloud,343376.0,75810.38,0.2403,0.1347,254,46,4.53,normal,No material exception,SYNTHETIC_DEMO_ONLY,0.03161282096547202,-0.0846226553610101,-0.04249999999999998,6.0,False
2026-05-04,UKI,Commercial,Platform,377896.71,84149.82,0.2679,0.1472,275,58,4.49,normal,No material exception,SYNTHETIC_DEMO_ONLY,0.15544213703926024,0.19944940664543442,0.025900000000000034,11.1,False
2026-05-04,UKI,Enterprise,AI,347645.21,72905.99,0.2634,0.1441,220,46,4.77,normal,No material exception,SYNTHETIC_DEMO_ONLY,-0.10999980517777064,-0.312528742471323,-0.03169999999999995,9.2,False
2026-05-04,UKI,Enterprise,Automation,446910.09,100046.25,0.2773,0.1371,258,60,4.47,normal,No material exception,SYNTHETIC_DEMO_ONLY,0.044124611694992266,0.08486217342310098,0.010699999999999987,3.5,False
2026-05-04,UKI,Enterprise,Cloud,525701.57,121068.25,0.2647,0.1503,337,64,4.34,normal,No material exception,SYNTHETIC_DEMO_ONLY,0.0264572320071097,-0.022696816183218615,0.005099999999999993,2.0,False
2026-05-04,UKI,Enterprise,Platform,556678.78,123363.83,0.2446,0.1466,368,63,4.51,normal,No material exception,SYNTHETIC_DEMO_ONLY,0.012808338392110041,0.20106680940899913,0.015600000000000003,2.3,False
2026-05-11,Benelux,Commercial,AI,161768.74,27603.04,0.1984,0.1054,98,20,5.86,normal,No material exception,SYNTHETIC_DEMO_ONLY,0.08611603639285814,0.0293400456812567,-0.016600000000000004,6.4,False
2026-05-11,Benelux,Commercial,Automation,224040.19,41001.86,0.2046,0.1184,147,31,5.46,normal,No material exception,SYNTHETIC_DEMO_ONLY,0.26947229400599837,0.036828762853880814,-0.0474,19.6,False
2026-05-11,Benelux,Commercial,Cloud,219629.02,48100.63,0.2574,0.1496,114,23,4.57,normal,No material exception,SYNTHETIC_DEMO_ONLY,0.06966286596898397,0.24722017452037748,0.02890000000000001,6.7,False
2026-05-11,Benelux,Commercial,Platform,232674.91,50929.29,0.2563,0.1486,129,27,4.57,normal,No material exception,SYNTHETIC_DEMO_ONLY,-0.09002169439179775,0.10027529950135872,0.038699999999999984,8.8,False
2026-05-11,Benelux,Enterprise,AI,248997.89,61464.63,0.2753,0.1567,168,33,4.05,normal,No material exception,SYNTHETIC_DEMO_ONLY,0.00994868727663567,0.30661993574107993,0.029899999999999982,3.5,False
2026-05-11,Benelux,Enterprise,Automation,343563.03,76192.53,0.2682,0.1534,206,41,4.51,normal,No material exception,SYNTHETIC_DEMO_ONLY,-0.00511502930245733,-0.10339546360705476,0.020699999999999996,2.4,False
2026-05-11,Benelux,Enterprise,Cloud,386684.32,81492.08,0.2296,0.1209,247,45,4.75,normal,No material exception,SYNTHETIC_DEMO_ONLY,-0.032461228696456956,-0.010163270913304823,-0.010000000000000009,2.8,False
2026-05-11,Benelux,Enterprise,Platform,357633.49,98743.89,0.3028,0.155,248,48,3.62,normal,No material exception,SYNTHETIC_DEMO_ONLY,-0.19133943683739318,-0.0022801960522003117,0.03689999999999999,14.2,False
2026-05-11,DACH,Commercial,AI,371786.2,80381.57,0.2563,0.1503,233,45,4.63,pipeline_surge,Synthetic AI opportunity surge,SYNTHETIC_DEMO_ONLY,0.6659343393178054,0.7421591905338321,0.009999999999999981,57.6,True
2026-05-11,DACH,Commercial,Automation,302347.32,74910.64,0.2753,0.1589,197,42,4.04,normal,No material exception,SYNTHETIC_DEMO_ONLY,-0.05338172864955337,0.1524330883773708,0.05479999999999999,8.4,False
2026-05-11,DACH,Commercial,Cloud,347053.97,69401.21,0.2165,0.1183,225,49,5.0,normal,No material exception,SYNTHETIC_DEMO_ONLY,-0.0041974441120996575,-0.1740038797337291,-0.03290000000000001,3.5,False
2026-05-11,DACH,Commercial,Platform,381213.55,76535.86,0.2246,0.1213,245,43,4.98,normal,No material exception,SYNTHETIC_DEMO_ONLY,-0.028495765047045096,-0.08674396948743679,0.0002999999999999947,1.6,False
2026-05-11,DACH,Enterprise,AI,609294.17,131225.19,0.2703,0.1467,394,69,4.64,pipeline_surge,Synthetic AI opportunity surge,SYNTHETIC_DEMO_ONLY,0.47230660941989977,0.3994550211701593,0.025199999999999972,48.5,True
2026-05-11,DACH,Enterprise,Automation,501379.56,116507.67,0.2673,0.1288,329,63,4.3,normal,No material exception,SYNTHETIC_DEMO_ONLY,0.1259608813924773,-0.055723861583904744,-0.025900000000000034,9.5,False
2026-05-11,DACH,Enterprise,Cloud,555123.27,119988.02,0.2395,0.148,360,71,4.63,normal,No material exception,SYNTHETIC_DEMO_ONLY,-0.08841441350991042,-0.21005149200949846,-0.025500000000000023,7.4,False
2026-05-11,DACH,Enterprise,Platform,689018.44,170524.48,0.278,0.1573,430,99,4.04,normal,No material exception,SYNTHETIC_DEMO_ONLY,0.004910438550868035,0.12551684663440565,0.008900000000000019,1.2,False
2026-05-11,France,Commercial,AI,167554.51,34521.72,0.2194,0.1034,116,20,4.85,normal,No material exception,SYNTHETIC_DEMO_ONLY,-0.1808127604962415,-0.10377936001819354,-0.008199999999999985,10.8,False
2026-05-11,France,Commercial,Automation,247561.57,53111.86,0.2441,0.1186,174,39,4.66,normal,No material exception,SYNTHETIC_DEMO_ONLY,0.11783987709077204,0.11393445236025879,-0.014599999999999974,7.9,False
2026-05-11,France,Commercial,Cloud,263352.75,49457.94,0.2314,0.1354,162,28,5.32,normal,No material exception,SYNTHETIC_DEMO_ONLY,0.5508597479748198,0.8029194951615151,0.0577,36.1,True
2026-05-11,France,Commercial,Platform,303738.11,46102.45,0.1713,0.0978,192,27,6.59,normal,No material exception,SYNTHETIC_DEMO_ONLY,0.005596833081938035,-0.40317022751857845,-0.10520000000000002,10.8,False
2026-05-11,France,Enterprise,AI,325995.7,76358.87,0.2689,0.1533,213,45,4.27,normal,No material exception,SYNTHETIC_DEMO_ONLY,0.009353548825521196,-0.06852550382220046,0.0,0.5,False
2026-05-11,France,Enterprise,Automation,368585.05,77312.36,0.2435,0.1559,214,44,4.77,normal,No material exception,SYNTHETIC_DEMO_ONLY,0.04806547586889165,0.019696785646125203,0.010599999999999998,3.7,False
2026-05-11,France,Enterprise,Cloud,454145.21,111922.54,0.2569,0.1442,277,49,4.06,normal,No material exception,SYNTHETIC_DEMO_ONLY,0.4223955925097296,0.8818718415846909,0.04390000000000002,27.6,False
2026-05-11,France,Enterprise,Platform,460189.89,140826.57,0.3201,0.1846,313,45,3.27,normal,No material exception,SYNTHETIC_DEMO_ONLY,0.07583365497616734,0.5028170903373754,0.055800000000000016,9.8,False
2026-05-11,Iberia,Commercial,AI,152105.98,31704.63,0.2304,0.123,97,18,4.8,normal,No material exception,SYNTHETIC_DEMO_ONLY,0.06585558315739704,0.09989967049459114,0.026599999999999985,6.3,False
2026-05-11,Iberia,Commercial,Automation,170722.92,26151.27,0.1799,0.1019,123,21,6.53,normal,No material exception,SYNTHETIC_DEMO_ONLY,-0.03656748500221041,-0.22067225152795955,-0.048100000000000004,6.8,False
2026-05-11,Iberia,Commercial,Cloud,217725.09,46979.62,0.2609,0.1675,159,28,4.63,normal,No material exception,SYNTHETIC_DEMO_ONLY,0.013411469509092555,0.019356207773294054,0.018100000000000033,2.5,False
2026-05-11,Iberia,Commercial,Platform,219823.23,52774.24,0.256,0.1278,148,30,4.17,normal,No material exception,SYNTHETIC_DEMO_ONLY,-0.016200190607852827,0.045766906445167566,-0.011299999999999977,2.0,False
2026-05-11,Iberia,Enterprise,AI,241684.83,55511.66,0.258,0.1709,143,31,4.35,normal,No material exception,SYNTHETIC_DEMO_ONLY,-0.016736264302259163,-0.02371384608836813,0.00030000000000002247,1.0,False
2026-05-11,Iberia,Enterprise,Automation,321884.78,61142.15,0.2213,0.14,187,37,5.26,normal,No material exception,SYNTHETIC_DEMO_ONLY,-0.003355559235308725,-0.03482358445770173,-0.0029000000000000137,0.5,False
2026-05-11,Iberia,Enterprise,Cloud,344442.24,86151.93,0.2885,0.1439,235,41,4.0,normal,No material exception,SYNTHETIC_DEMO_ONLY,0.01810671689498733,0.27696147783302316,0.07239999999999999,8.2,False
2026-05-11,Iberia,Enterprise,Platform,355733.14,75922.4,0.2568,0.1687,224,42,4.69,normal,No material exception,SYNTHETIC_DEMO_ONLY,-0.12307158739798951,-0.22130991593346272,-0.005200000000000038,7.3,False
2026-05-11,Nordics,Commercial,AI,141751.28,30655.43,0.2425,0.1139,106,15,4.62,normal,No material exception,SYNTHETIC_DEMO_ONLY,-0.15212843747504634,0.33512319937284274,0.0632,14.7,False
2026-05-11,Nordics,Commercial,Automation,198827.43,45102.09,0.2471,0.1673,147,33,4.41,normal,No material exception,SYNTHETIC_DEMO_ONLY,-0.03551324645062781,0.029347599597317586,0.019099999999999978,3.9,False
2026-05-11,Nordics,Commercial,Cloud,239683.55,46996.28,0.2378,0.139,157,33,5.1,normal,No material exception,SYNTHETIC_DEMO_ONLY,0.08217055600565071,0.19087846655419138,0.006100000000000022,5.1,False
2026-05-11,Nordics,Commercial,Platform,276828.25,62442.94,0.2592,0.1406,180,35,4.43,normal,No material exception,SYNTHETIC_DEMO_ONLY,0.04471757633047413,0.28802958285606906,0.033899999999999986,5.8,False
2026-05-11,Nordics,Enterprise,AI,268979.07,58474.87,0.2408,0.1246,165,35,4.6,normal,No material exception,SYNTHETIC_DEMO_ONLY,-0.02601784800039486,-0.06684649427132638,-0.021300000000000013,3.6,False
2026-05-11,Nordics,Enterprise,Automation,359546.45,75489.07,0.2688,0.1531,237,59,4.76,normal,No material exception,SYNTHETIC_DEMO_ONLY,-0.017516174936695328,-0.04070112916294322,0.02109999999999998,3.1,False
2026-05-11,Nordics,Enterprise,Cloud,374182.55,67253.2,0.2109,0.1232,252,39,5.56,normal,No material exception,SYNTHETIC_DEMO_ONLY,-0.0470181457531218,-0.2725289498067778,-0.06039999999999998,8.6,False
2026-05-11,Nordics,Enterprise,Platform,433656.16,89677.08,0.2538,0.1335,275,52,4.84,normal,No material exception,SYNTHETIC_DEMO_ONLY,0.09487714852544227,-0.16643981900149663,-0.03939999999999999,9.2,False
2026-05-11,UKI,Commercial,AI,225844.94,39674.52,0.2193,0.1099,161,31,5.69,normal,No material exception,SYNTHETIC_DEMO_ONLY,-0.02743734570960854,-0.31086706738472847,-0.0474,6.2,False
2026-05-11,UKI,Commercial,Automation,277865.32,61033.94,0.2509,0.1352,187,36,4.55,normal,No material exception,SYNTHETIC_DEMO_ONLY,0.0256887174444842,-0.013754354236631516,-0.017500000000000016,3.2,False
2026-05-11,UKI,Commercial,Cloud,315620.22,60067.75,0.2054,0.1136,199,32,5.25,normal,No material exception,SYNTHETIC_DEMO_ONLY,-0.03699805022905078,-0.26867849503079644,-0.05479999999999999,7.5,False
2026-05-11,UKI,Commercial,Platform,328933.92,78169.0,0.2567,0.1506,224,41,4.21,normal,No material exception,SYNTHETIC_DEMO_ONLY,0.0763547672510767,0.09219748558027985,-0.008900000000000019,5.1,False
2026-05-11,UKI,Enterprise,AI,406290.85,102411.55,0.296,0.1746,261,65,3.97,normal,No material exception,SYNTHETIC_DEMO_ONLY,0.22310994100401182,0.37804017691286806,0.036599999999999966,15.9,False
2026-05-11,UKI,Enterprise,Automation,484871.7,124881.73,0.2714,0.166,311,48,3.88,normal,No material exception,SYNTHETIC_DEMO_ONLY,-0.015869098282338623,0.24077607839116255,0.01429999999999998,2.3,False
2026-05-11,UKI,Enterprise,Cloud,517192.45,113162.58,0.2445,0.1357,319,57,4.57,normal,No material exception,SYNTHETIC_DEMO_ONLY,-0.024506464172477704,-0.10803431829868904,-0.029100000000000015,4.3,False
2026-05-11,UKI,Enterprise,Platform,503517.45,107673.1,0.2787,0.1334,330,61,4.68,normal,No material exception,SYNTHETIC_DEMO_ONLY,-0.14274862143943579,-0.3438412003697833,-0.007299999999999973,8.6,False
2026-05-18,Benelux,Commercial,AI,145210.94,33309.04,0.2355,0.1249,101,18,4.36,normal,No material exception,SYNTHETIC_DEMO_ONLY,-0.08983669252518245,0.20696603620712573,0.03219999999999998,8.2,False
2026-05-18,Benelux,Commercial,Automation,209101.24,43148.81,0.2326,0.1247,126,30,4.85,normal,No material exception,SYNTHETIC_DEMO_ONLY,0.10695856177342722,0.12466389476504691,0.0204,7.9,False
2026-05-18,Benelux,Commercial,Cloud,202132.52,31740.01,0.1885,0.0987,134,28,6.37,normal,No material exception,SYNTHETIC_DEMO_ONLY,-0.10145848810417524,-0.19621593573578766,-0.009599999999999997,6.5,False
2026-05-18,Benelux,Commercial,Platform,216938.91,40571.88,0.2244,0.1224,149,34,5.35,normal,No material exception,SYNTHETIC_DEMO_ONLY,-0.15433337519977186,-0.25529210029467564,-0.005400000000000016,9.0,False
2026-05-18,Benelux,Enterprise,AI,284933.31,60836.06,0.2545,0.1365,178,36,4.68,normal,No material exception,SYNTHETIC_DEMO_ONLY,0.1936010772906891,0.11237385788704746,0.014300000000000007,12.1,False
2026-05-18,Benelux,Enterprise,Automation,290976.58,69720.21,0.2758,0.143,195,33,4.17,normal,No material exception,SYNTHETIC_DEMO_ONLY,-0.08449924606692338,-0.06397067224344422,0.006199999999999983,5.3,False
2026-05-18,Benelux,Enterprise,Cloud,369880.18,76049.16,0.2326,0.1019,236,50,4.86,normal,No material exception,SYNTHETIC_DEMO_ONLY,0.10993004305312959,-0.06575958147532501,-0.04440000000000002,10.5,False
2026-05-18,Benelux,Enterprise,Platform,401828.4,86904.85,0.2376,0.133,261,60,4.62,normal,No material exception,SYNTHETIC_DEMO_ONLY,-0.015586056784077762,-0.04274346967731457,-0.0041999999999999815,1.3,False
2026-05-18,DACH,Commercial,AI,371086.26,75115.98,0.2374,0.1473,235,45,4.94,pipeline_surge,Synthetic AI opportunity surge,SYNTHETIC_DEMO_ONLY,0.5129116563457212,0.25704308966667666,-0.043999999999999984,52.6,True
2026-05-18,DACH,Commercial,Automation,310306.97,66520.28,0.2329,0.1199,208,38,4.66,normal,No material exception,SYNTHETIC_DEMO_ONLY,-0.05266808986122107,-0.1347206448515379,-0.01469999999999999,4.4,False
2026-05-18,DACH,Commercial,Cloud,364988.95,62243.22,0.2077,0.1172,225,40,5.86,normal,No material exception,SYNTHETIC_DEMO_ONLY,0.031295365125072694,-0.14687399772474952,-0.03320000000000001,5.0,False
2026-05-18,DACH,Commercial,Platform,407326.22,100273.94,0.246,0.138,263,47,4.06,normal,No material exception,SYNTHETIC_DEMO_ONLY,0.10069970324095334,0.553073468469836,0.055900000000000005,11.1,False
2026-05-18,DACH,Enterprise,AI,649623.29,195155.66,0.3178,0.167,418,80,3.33,pipeline_surge,Synthetic AI opportunity surge,SYNTHETIC_DEMO_ONLY,0.6895895908783121,1.1601234295146101,0.07250000000000004,65.2,True
2026-05-18,DACH,Enterprise,Automation,547664.13,118839.4,0.2677,0.1291,347,68,4.61,normal,No material exception,SYNTHETIC_DEMO_ONLY,0.10909943753006957,0.13179270717630098,0.023400000000000004,8.3,False
2026-05-18,DACH,Enterprise,Cloud,586253.47,149774.32,0.269,0.1367,358,67,3.91,normal,No material exception,SYNTHETIC_DEMO_ONLY,-0.07945103165410394,0.1153275935496203,0.021700000000000025,6.5,False
2026-05-18,DACH,Enterprise,Platform,652048.59,159559.26,0.2997,0.1744,395,84,4.09,normal,No material exception,SYNTHETIC_DEMO_ONLY,-0.031050122077843745,-0.04247813760293884,0.024800000000000044,4.2,False
2026-05-18,France,Commercial,AI,189333.93,35690.87,0.2112,0.1187,110,21,5.3,normal,No material exception,SYNTHETIC_DEMO_ONLY,0.0510043202802708,-0.1303449344619162,-0.03059999999999999,5.9,False
2026-05-18,France,Commercial,Automation,230152.45,44912.58,0.2198,0.1234,165,30,5.12,normal,No material exception,SYNTHETIC_DEMO_ONLY,0.027982029555720933,0.0471742259318233,0.0005999999999999894,1.6,False
2026-05-18,France,Commercial,Cloud,264512.4,53466.45,0.2243,0.1322,167,37,4.95,normal,No material exception,SYNTHETIC_DEMO_ONLY,0.6846296879868161,1.7001457478592337,0.0733,45.0,True
2026-05-18,France,Commercial,Platform,309531.85,55795.84,0.2213,0.1301,191,35,5.55,normal,No material exception,SYNTHETIC_DEMO_ONLY,-0.030257732851810104,-0.04290687081144062,-0.013399999999999995,3.0,False
2026-05-18,France,Enterprise,AI,315928.74,78165.97,0.2748,0.1392,188,39,4.04,normal,No material exception,SYNTHETIC_DEMO_ONLY,0.0998906858944002,0.08826042410791679,-0.004500000000000004,5.9,False
2026-05-18,France,Enterprise,Automation,383307.59,93864.04,0.2654,0.1333,237,47,4.08,normal,No material exception,SYNTHETIC_DEMO_ONLY,0.060616945866081684,0.17905680269284674,0.014300000000000035,4.8,False
2026-05-18,France,Enterprise,Cloud,427103.46,86324.04,0.2316,0.1495,282,51,4.95,normal,No material exception,SYNTHETIC_DEMO_ONLY,0.6082661423558178,0.9461264720105236,0.0358,37.0,True
2026-05-18,France,Enterprise,Platform,494431.49,129925.7,0.2871,0.1732,303,57,3.81,normal,No material exception,SYNTHETIC_DEMO_ONLY,0.050321625641374546,0.021613988074878465,0.014200000000000046,4.2,False
2026-05-18,Iberia,Commercial,AI,146469.36,29513.43,0.2324,0.1484,106,22,4.96,normal,No material exception,SYNTHETIC_DEMO_ONLY,-0.06348142821272773,-0.04623154974693011,0.017999999999999988,5.3,False
2026-05-18,Iberia,Commercial,Automation,161685.39,28738.98,0.2053,0.113,90,14,5.63,normal,No material exception,SYNTHETIC_DEMO_ONLY,-0.07964960682630395,-0.23240395894898103,-0.027200000000000002,7.1,False
2026-05-18,Iberia,Commercial,Cloud,197359.35,33796.49,0.216,0.1344,126,24,5.84,normal,No material exception,SYNTHETIC_DEMO_ONLY,0.05678616539411219,-0.23061658143380614,-0.040699999999999986,7.2,False
2026-05-18,Iberia,Commercial,Platform,233204.85,47288.19,0.2214,0.1299,152,32,4.93,normal,No material exception,SYNTHETIC_DEMO_ONLY,0.030997862271276544,0.07257838979158437,-0.008899999999999991,2.6,False
2026-05-18,Iberia,Enterprise,AI,238257.19,51915.48,0.2774,0.1443,162,37,4.59,normal,No material exception,SYNTHETIC_DEMO_ONLY,0.07266569663696476,0.1785767310717763,0.043399999999999966,8.3,False
2026-05-18,Iberia,Enterprise,Automation,306338.28,72433.17,0.2673,0.1738,201,29,4.23,normal,No material exception,SYNTHETIC_DEMO_ONLY,0.20355874131580598,0.3730388894396641,0.033399999999999985,14.5,False
2026-05-18,Iberia,Enterprise,Cloud,311736.44,79486.67,0.2812,0.1525,182,37,3.92,normal,No material exception,SYNTHETIC_DEMO_ONLY,-0.06774467084871516,0.055025837867497485,0.035,7.2,False
2026-05-18,Iberia,Enterprise,Platform,389528.04,104096.81,0.3037,0.1582,249,42,3.74,normal,No material exception,SYNTHETIC_DEMO_ONLY,0.059262777895737084,0.13524286817158027,0.030100000000000016,6.3,False
2026-05-18,Nordics,Commercial,AI,173787.95,33701.8,0.2157,0.119,122,23,5.16,normal,No material exception,SYNTHETIC_DEMO_ONLY,0.014232512993056057,0.05201909765306145,0.0007000000000000062,0.9,False
2026-05-18,Nordics,Commercial,Automation,227509.57,41917.74,0.2141,0.114,139,21,5.43,normal,No material exception,SYNTHETIC_DEMO_ONLY,0.19377864423513658,0.2870891731909926,0.020000000000000018,12.7,False
2026-05-18,Nordics,Commercial,Cloud,229396.98,39876.85,0.2179,0.104,146,26,5.75,normal,No material exception,SYNTHETIC_DEMO_ONLY,-0.033805501476077304,-0.09337703716401946,-0.009699999999999986,2.8,False
2026-05-18,Nordics,Commercial,Platform,280351.25,72363.19,0.2986,0.1602,185,25,3.87,normal,No material exception,SYNTHETIC_DEMO_ONLY,-0.05658150340630275,0.1931455195782823,0.045899999999999996,7.7,False
2026-05-18,Nordics,Enterprise,AI,282671.81,61636.64,0.2576,0.1385,181,43,4.59,normal,No material exception,SYNTHETIC_DEMO_ONLY,-0.04135391689897017,0.038531903572346815,0.04899999999999999,7.2,False
2026-05-18,Nordics,Enterprise,Automation,357981.66,79770.15,0.2393,0.1498,244,47,4.49,normal,No material exception,SYNTHETIC_DEMO_ONLY,0.04762559735643013,0.07544566805313568,0.0028000000000000247,2.9,False
2026-05-18,Nordics,Enterprise,Cloud,388647.4,87695.95,0.2438,0.137,252,40,4.43,normal,No material exception,SYNTHETIC_DEMO_ONLY,0.01876829368446198,0.12786372616313257,0.0189,2.9,False
2026-05-18,Nordics,Enterprise,Platform,429583.83,101755.83,0.2551,0.155,271,59,4.22,normal,No material exception,SYNTHETIC_DEMO_ONLY,-0.04163066790215286,0.04854241376400226,0.006000000000000005,2.9,False
2026-05-18,UKI,Commercial,AI,240049.13,54832.31,0.2588,0.1433,159,33,4.38,normal,No material exception,SYNTHETIC_DEMO_ONLY,0.07156112446965235,0.2984638373045756,0.028199999999999975,6.8,False
2026-05-18,UKI,Commercial,Automation,248864.0,55158.85,0.2575,0.1539,156,35,4.51,normal,No material exception,SYNTHETIC_DEMO_ONLY,-0.13388226250289037,-0.015472012120156364,0.007599999999999996,8.1,False
2026-05-18,UKI,Commercial,Cloud,330132.14,75311.79,0.2586,0.1301,223,42,4.38,normal,No material exception,SYNTHETIC_DEMO_ONLY,0.06261187359117448,0.20228590129389112,0.021999999999999992,5.6,False
2026-05-18,UKI,Commercial,Platform,358852.93,82837.09,0.2755,0.1492,247,44,4.33,normal,No material exception,SYNTHETIC_DEMO_ONLY,0.06253442993531677,-0.11513176763979605,-0.03309999999999996,6.7,False
2026-05-18,UKI,Enterprise,AI,398316.85,70083.19,0.2215,0.1426,271,49,5.68,normal,No material exception,SYNTHETIC_DEMO_ONLY,0.06003087026343201,-0.2567374720679426,-0.06360000000000002,9.7,False
2026-05-18,UKI,Enterprise,Automation,453825.14,85162.47,0.2342,0.1291,312,77,5.33,normal,No material exception,SYNTHETIC_DEMO_ONLY,0.02953345072419533,-0.2828459814097781,-0.061700000000000005,7.8,False
2026-05-18,UKI,Enterprise,Cloud,566780.97,128996.27,0.2778,0.1615,374,60,4.39,normal,No material exception,SYNTHETIC_DEMO_ONLY,0.14255347019331088,0.21115047411809273,0.05149999999999999,13.0,False
2026-05-18,UKI,Enterprise,Platform,526135.45,142850.79,0.2916,0.1556,340,67,3.68,normal,No material exception,SYNTHETIC_DEMO_ONLY,-0.10859616778427461,0.21463972462990055,0.02090000000000003,8.1,False
2026-05-25,Benelux,Commercial,AI,162771.6,34397.05,0.2419,0.132,100,17,4.73,normal,No material exception,SYNTHETIC_DEMO_ONLY,-0.06384403589047616,0.0001232815812375332,0.017199999999999993,5.2,False
2026-05-25,Benelux,Commercial,Automation,193070.68,37189.89,0.2309,0.1354,112,17,5.19,normal,No material exception,SYNTHETIC_DEMO_ONLY,-0.017917911919851592,-0.16530752863863252,-0.015500000000000014,2.5,False
2026-05-25,Benelux,Commercial,Cloud,221131.54,42305.33,0.2151,0.1129,176,33,5.23,normal,No material exception,SYNTHETIC_DEMO_ONLY,0.10582567492002037,-0.1903146657071605,-0.0524,11.1,False
2026-05-25,Benelux,Commercial,Platform,255546.04,57925.49,0.2344,0.1445,161,31,4.41,normal,No material exception,SYNTHETIC_DEMO_ONLY,0.006790772082793772,0.10963439939067832,-0.0025000000000000022,0.6,False
2026-05-25,Benelux,Enterprise,AI,270450.68,67789.48,0.2732,0.1519,166,34,3.99,normal,No material exception,SYNTHETIC_DEMO_ONLY,0.04919801049746253,0.35355325930497616,0.04530000000000001,7.2,False
2026-05-25,Benelux,Enterprise,Automation,304692.01,72674.27,0.2804,0.1528,204,37,4.19,normal,No material exception,SYNTHETIC_DEMO_ONLY,-0.06035831170178463,0.2868346506662569,0.07169999999999999,10.5,False
2026-05-25,Benelux,Enterprise,Cloud,377992.17,99211.18,0.2839,0.1364,235,45,3.81,normal,No material exception,SYNTHETIC_DEMO_ONLY,0.03074152099369476,0.21088078354686313,0.05409999999999998,7.1,False
2026-05-25,Benelux,Enterprise,Platform,417835.83,86481.49,0.2441,0.127,273,51,4.83,normal,No material exception,SYNTHETIC_DEMO_ONLY,-0.0035919599675768854,0.06985680891261481,0.010099999999999998,1.2,False
2026-05-25,DACH,Commercial,AI,356572.84,79248.13,0.2516,0.1313,228,43,4.5,pipeline_surge,Synthetic AI opportunity surge,SYNTHETIC_DEMO_ONLY,0.5537961857629443,0.6424452265270388,0.02729999999999999,53.2,True
2026-05-25,DACH,Commercial,Automation,307778.32,63828.86,0.2424,0.1208,206,50,4.82,normal,No material exception,SYNTHETIC_DEMO_ONLY,-0.022683531717994976,-0.22661017415334228,-0.03820000000000001,5.1,False
2026-05-25,DACH,Commercial,Cloud,372638.27,73166.73,0.2507,0.1552,247,43,5.09,normal,No material exception,SYNTHETIC_DEMO_ONLY,-0.016051448200547824,0.01725207039582144,0.031899999999999984,4.1,False
2026-05-25,DACH,Commercial,Platform,412172.74,106171.2,0.2842,0.1498,279,47,3.88,normal,No material exception,SYNTHETIC_DEMO_ONLY,-0.030665246794439938,0.08965355012442044,0.01319999999999999,3.0,False
2026-05-25,DACH,Enterprise,AI,689493.92,177101.03,0.2699,0.1454,426,101,3.89,pipeline_surge,Synthetic AI opportunity surge,SYNTHETIC_DEMO_ONLY,0.5849271205236104,0.6916597836923226,-0.01050000000000001,53.2,True
2026-05-25,DACH,Enterprise,Automation,529223.73,109364.95,0.2413,0.1371,339,70,4.84,normal,No material exception,SYNTHETIC_DEMO_ONLY,-0.010667949774544438,-0.13668480656923454,-0.046500000000000014,5.2,False
2026-05-25,DACH,Enterprise,Cloud,521526.06,108803.87,0.2382,0.1049,335,46,4.79,normal,No material exception,SYNTHETIC_DEMO_ONLY,-0.0878117555827066,-0.11188162978616945,-0.011300000000000004,6.0,False
2026-05-25,DACH,Enterprise,Platform,686151.82,177597.61,0.2875,0.1741,438,93,3.86,normal,No material exception,SYNTHETIC_DEMO_ONLY,0.07889648844693053,0.19606189973014154,0.02959999999999996,7.3,False
2026-05-25,France,Commercial,AI,207882.39,49661.87,0.2457,0.1391,134,25,4.19,normal,No material exception,SYNTHETIC_DEMO_ONLY,0.24200219349356789,0.28337847127108096,-0.016499999999999987,15.0,False
2026-05-25,France,Commercial,Automation,246727.71,55922.17,0.2503,0.1429,193,37,4.41,normal,No material exception,SYNTHETIC_DEMO_ONLY,0.17691793181072746,0.2608589290690657,0.025000000000000022,12.2,False
2026-05-25,France,Commercial,Cloud,263303.44,44340.25,0.1964,0.1168,155,29,5.94,normal,No material exception,SYNTHETIC_DEMO_ONLY,0.6030224340454382,0.5929508907577394,0.005500000000000005,33.7,False
2026-05-25,France,Commercial,Platform,304854.86,66400.82,0.2533,0.1247,211,39,4.59,normal,No material exception,SYNTHETIC_DEMO_ONLY,0.00031359175301926,-0.16766681211425927,-0.020999999999999963,2.1,False
2026-05-25,France,Enterprise,AI,304392.29,64932.96,0.2293,0.137,181,32,4.69,normal,No material exception,SYNTHETIC_DEMO_ONLY,-0.0299629225484489,0.06637727604839916,0.0,1.6,False
2026-05-25,France,Enterprise,Automation,370038.43,93873.71,0.2703,0.1487,249,52,3.94,normal,No material exception,SYNTHETIC_DEMO_ONLY,-0.08266219482008352,0.08235075864174557,0.021899999999999975,6.7,False
2026-05-25,France,Enterprise,Cloud,390298.3,96438.04,0.2763,0.1342,248,47,4.05,normal,No material exception,SYNTHETIC_DEMO_ONLY,0.5328299596788952,0.8560682578932619,0.044399999999999995,33.7,False
2026-05-25,France,Enterprise,Platform,517190.65,108078.97,0.233,0.1288,366,71,4.79,normal,No material exception,SYNTHETIC_DEMO_ONLY,0.05918285023352721,-0.25923580617371966,-0.1041,13.7,False
2026-05-25,Iberia,Commercial,AI,146658.58,26794.47,0.2251,0.1321,104,22,5.47,normal,No material exception,SYNTHETIC_DEMO_ONLY,-0.011721050612825135,-0.023200139113341955,0.0023999999999999855,0.9,False
2026-05-25,Iberia,Commercial,Automation,182476.77,26904.61,0.1764,0.0945,115,18,6.78,normal,No material exception,SYNTHETIC_DEMO_ONLY,-0.018524494776971268,-0.26963001290008726,-0.0806,9.1,False
2026-05-25,Iberia,Commercial,Cloud,210390.4,39070.46,0.2233,0.1136,133,26,5.38,normal,No material exception,SYNTHETIC_DEMO_ONLY,-0.056026614085308846,-0.14983414671509532,-0.013800000000000007,4.5,False
2026-05-25,Iberia,Commercial,Platform,225149.78,52527.67,0.2618,0.1497,126,25,4.29,normal,No material exception,SYNTHETIC_DEMO_ONLY,-6.630701587295729e-05,0.30590609986883166,0.03579999999999997,3.6,False
2026-05-25,Iberia,Enterprise,AI,233212.44,48531.59,0.2484,0.1683,138,26,4.81,normal,No material exception,SYNTHETIC_DEMO_ONLY,0.01635033941327113,-0.16014387667515784,-0.017199999999999993,2.6,False
2026-05-25,Iberia,Enterprise,Automation,303430.0,78919.59,0.2761,0.1354,187,35,3.84,normal,No material exception,SYNTHETIC_DEMO_ONLY,0.13784136459665253,0.5918213600865059,0.06490000000000001,14.1,False
2026-05-25,Iberia,Enterprise,Cloud,312716.64,54089.95,0.2193,0.1163,200,43,5.78,normal,No material exception,SYNTHETIC_DEMO_ONLY,-0.11923900440942892,-0.261622964871158,-0.013800000000000007,7.9,False
2026-05-25,Iberia,Enterprise,Platform,370236.15,80014.28,0.2477,0.1347,248,54,4.63,normal,No material exception,SYNTHETIC_DEMO_ONLY,0.013989719936928546,-0.13629666714269806,-0.03779999999999997,4.5,False
2026-05-25,Nordics,Commercial,AI,167997.22,32732.64,0.2057,0.1043,113,16,5.13,normal,No material exception,SYNTHETIC_DEMO_ONLY,-0.04412043257680098,-0.11069476496034181,-0.0378,6.2,False
2026-05-25,Nordics,Commercial,Automation,202520.84,33668.92,0.2006,0.0936,139,25,6.02,normal,No material exception,SYNTHETIC_DEMO_ONLY,-0.07505805183243208,-0.291815761022746,-0.0595,10.1,False
2026-05-25,Nordics,Commercial,Cloud,236560.42,53280.11,0.2536,0.1411,150,29,4.44,normal,No material exception,SYNTHETIC_DEMO_ONLY,-0.05177847137709646,0.22320423749397933,0.0393,6.8,False
2026-05-25,Nordics,Commercial,Platform,256887.78,50588.66,0.223,0.1264,176,35,5.08,normal,No material exception,SYNTHETIC_DEMO_ONLY,-0.04041849455903734,0.012313978127115544,0.017500000000000016,4.0,False
2026-05-25,Nordics,Enterprise,AI,269950.08,53912.59,0.232,0.1347,167,30,5.01,normal,No material exception,SYNTHETIC_DEMO_ONLY,-0.049845956827364146,-0.05234825644674568,-0.002899999999999986,3.0,False
2026-05-25,Nordics,Enterprise,Automation,355247.24,82076.93,0.2426,0.1257,204,40,4.33,normal,No material exception,SYNTHETIC_DEMO_ONLY,0.06210512515671951,0.12934776626250066,-0.0174,5.2,False
2026-05-25,Nordics,Enterprise,Cloud,421465.06,120456.03,0.2949,0.1779,277,53,3.5,normal,No material exception,SYNTHETIC_DEMO_ONLY,0.036739892891340054,0.4429194891230639,0.06819999999999998,8.8,False
2026-05-25,Nordics,Enterprise,Platform,420398.07,103040.12,0.2605,0.1495,285,58,4.08,normal,No material exception,SYNTHETIC_DEMO_ONLY,-0.02363692039643217,-0.06395792539379086,-0.0031999999999999806,1.6,False
2026-05-25,UKI,Commercial,AI,205841.2,47291.5,0.2335,0.125,111,21,4.35,normal,No material exception,SYNTHETIC_DEMO_ONLY,-0.045923294886361155,0.5535426317143255,0.06430000000000002,9.0,False
2026-05-25,UKI,Commercial,Automation,281538.31,58852.52,0.2277,0.1282,174,35,4.78,normal,No material exception,SYNTHETIC_DEMO_ONLY,-0.025913776140536027,0.5534255195372177,0.07410000000000003,8.8,False
2026-05-25,UKI,Commercial,Cloud,323669.11,75113.07,0.2439,0.1271,212,37,4.31,normal,No material exception,SYNTHETIC_DEMO_ONLY,0.08950738256298663,0.274237168408217,0.005700000000000011,5.5,False
2026-05-25,UKI,Commercial,Platform,311856.8,78679.72,0.2691,0.1279,204,32,3.96,normal,No material exception,SYNTHETIC_DEMO_ONLY,-0.10537256454215393,0.0005704848969019238,-0.009299999999999975,6.7,False
2026-05-25,UKI,Enterprise,AI,408742.9,94671.12,0.2478,0.1706,254,50,4.32,normal,No material exception,SYNTHETIC_DEMO_ONLY,0.14614623610674893,0.08858758150943125,-0.011899999999999994,9.2,False
2026-05-25,UKI,Enterprise,Automation,452694.2,97307.25,0.2326,0.1342,287,49,4.65,normal,No material exception,SYNTHETIC_DEMO_ONLY,-0.0015726700097391522,-0.01806841504739909,-0.024400000000000005,2.5,False
2026-05-25,UKI,Enterprise,Cloud,450767.89,107016.03,0.2786,0.1582,284,42,4.21,normal,No material exception,SYNTHETIC_DEMO_ONLY,-0.13993800892494268,-0.09189094378365603,0.035400000000000015,11.2,False
2026-05-25,UKI,Enterprise,Platform,582055.89,149488.66,0.2941,0.1656,380,70,3.89,normal,No material exception,SYNTHETIC_DEMO_ONLY,-0.016351252182915887,0.013721816480461113,0.035099999999999965,4.4,False
2026-06-01,Benelux,Commercial,AI,152467.56,30466.04,0.2107,0.1237,85,14,5.0,normal,No material exception,SYNTHETIC_DEMO_ONLY,-0.07302922384911992,-0.0967860139279646,-0.010000000000000009,5.0,False
2026-06-01,Benelux,Commercial,Automation,194266.69,44280.64,0.2567,0.1418,109,20,4.39,normal,No material exception,SYNTHETIC_DEMO_ONLY,-0.0276387155042237,0.4633226196400966,0.07069999999999999,8.6,False
2026-06-01,Benelux,Commercial,Cloud,246187.69,50460.27,0.2133,0.0997,173,27,4.88,normal,No material exception,SYNTHETIC_DEMO_ONLY,0.2254721091101035,0.21839270571554947,-0.03560000000000002,16.0,False
2026-06-01,Benelux,Commercial,Platform,264134.81,49344.98,0.2175,0.1193,168,39,5.35,normal,No material exception,SYNTHETIC_DEMO_ONLY,0.02178759011609399,0.09274023354024075,0.0126,2.5,False
2026-06-01,Benelux,Enterprise,AI,255840.81,52199.76,0.2449,0.1446,183,32,4.9,normal,No material exception,SYNTHETIC_DEMO_ONLY,-0.060150438639156256,-0.17558416526802234,0.024400000000000005,5.7,False
2026-06-01,Benelux,Enterprise,Automation,322506.21,65170.46,0.2362,0.1351,192,38,4.95,normal,No material exception,SYNTHETIC_DEMO_ONLY,-0.043602834439717686,-0.23323602468687266,-0.015899999999999997,4.0,False
2026-06-01,Benelux,Enterprise,Cloud,359372.53,86330.2,0.2617,0.143,228,51,4.16,normal,No material exception,SYNTHETIC_DEMO_ONLY,-0.15341655628713158,0.04232659603701894,0.03109999999999999,11.5,False
2026-06-01,Benelux,Enterprise,Platform,386896.82,99306.24,0.2862,0.1482,247,43,3.9,normal,No material exception,SYNTHETIC_DEMO_ONLY,-0.001745141349947299,0.31100202182621794,0.04040000000000002,4.1,False
2026-06-01,DACH,Commercial,AI,348566.36,68853.87,0.2386,0.1383,239,44,5.06,pipeline_surge,Synthetic AI opportunity surge,SYNTHETIC_DEMO_ONLY,-0.0507386665817714,-0.25216314721587363,-0.03319999999999998,26.1,True
2026-06-01,DACH,Commercial,Automation,298997.98,68009.74,0.2359,0.1155,189,35,4.4,normal,No material exception,SYNTHETIC_DEMO_ONLY,-0.06465724070457757,-0.08568720595777679,-0.0032000000000000084,3.9,False
2026-06-01,DACH,Commercial,Cloud,366031.9,96006.84,0.2589,0.1538,236,39,3.81,normal,No material exception,SYNTHETIC_DEMO_ONLY,-0.002624965854462591,0.31519588241507,0.026100000000000012,2.8,False
2026-06-01,DACH,Commercial,Platform,358815.17,73576.36,0.2438,0.1396,228,44,4.88,normal,No material exception,SYNTHETIC_DEMO_ONLY,-0.08763952829398047,-0.1270075784901491,-0.00470000000000001,5.3,False
2026-06-01,DACH,Enterprise,AI,587632.28,149624.91,0.2528,0.1332,376,49,3.93,pipeline_surge,Synthetic AI opportunity surge,SYNTHETIC_DEMO_ONLY,-0.0195527090109201,-0.05248558589862129,-0.04379999999999995,25.5,True
2026-06-01,DACH,Enterprise,Automation,496367.97,120488.03,0.2821,0.1726,322,53,4.12,normal,No material exception,SYNTHETIC_DEMO_ONLY,-0.059642659718131874,-0.14023803857753414,-0.03570000000000001,6.9,False
2026-06-01,DACH,Enterprise,Cloud,592129.89,140999.59,0.2691,0.1585,357,77,4.2,normal,No material exception,SYNTHETIC_DEMO_ONLY,0.0746308418328514,-0.07258716900227391,-0.023399999999999976,6.4,False
2026-06-01,DACH,Enterprise,Platform,626731.79,163665.23,0.2891,0.161,414,91,3.83,normal,No material exception,SYNTHETIC_DEMO_ONLY,-0.0875020740184499,-0.005875751074043256,0.029100000000000015,7.7,False
2026-06-01,France,Commercial,AI,181697.16,39456.98,0.23,0.1352,115,17,4.6,normal,No material exception,SYNTHETIC_DEMO_ONLY,-0.10120638587756992,0.04714309220129209,0.021900000000000003,7.8,False
2026-06-01,France,Commercial,Automation,240246.92,53823.06,0.238,0.1408,154,31,4.46,normal,No material exception,SYNTHETIC_DEMO_ONLY,-0.021878407565876556,0.15483301896569146,0.019799999999999984,3.2,False
2026-06-01,France,Commercial,Cloud,256983.88,55585.87,0.2615,0.1488,159,31,4.62,normal,No material exception,SYNTHETIC_DEMO_ONLY,-0.02148291952220227,0.22387340346853768,0.05660000000000001,6.8,False
2026-06-01,France,Commercial,Platform,269315.78,52126.84,0.2386,0.1344,172,33,5.17,normal,No material exception,SYNTHETIC_DEMO_ONLY,-0.05533646624288491,-0.17713246192171828,-0.007300000000000001,3.8,False
2026-06-01,France,Enterprise,AI,319607.66,76573.17,0.273,0.1507,226,42,4.17,normal,No material exception,SYNTHETIC_DEMO_ONLY,0.005511398044830473,0.0004601638794872187,-0.0007999999999999674,0.4,False
2026-06-01,France,Enterprise,Automation,353315.53,65220.43,0.2249,0.1291,216,42,5.42,normal,No material exception,SYNTHETIC_DEMO_ONLY,-0.07610050277221725,-0.17206353615146386,0.0005000000000000004,4.2,False
2026-06-01,France,Enterprise,Cloud,425611.36,117194.69,0.2884,0.1591,279,50,3.63,normal,No material exception,SYNTHETIC_DEMO_ONLY,0.029649758838319107,0.20106085534575224,0.02899999999999997,4.5,False
2026-06-01,France,Enterprise,Platform,479920.41,123322.8,0.2721,0.156,298,47,3.89,normal,No material exception,SYNTHETIC_DEMO_ONLY,-0.06348119540848596,-0.019172546235316945,-0.005699999999999983,4.1,False
2026-06-01,Iberia,Commercial,AI,145273.52,29018.8,0.215,0.1155,89,15,5.01,normal,No material exception,SYNTHETIC_DEMO_ONLY,0.05341741808549205,0.003719310843141699,-0.030100000000000016,5.9,False
2026-06-01,Iberia,Commercial,Automation,156599.47,27150.93,0.215,0.126,93,19,5.77,normal,No material exception,SYNTHETIC_DEMO_ONLY,-0.1686482828308461,-0.23640252442584497,0.005899999999999989,9.9,False
2026-06-01,Iberia,Commercial,Cloud,197935.14,32584.84,0.2,0.1045,125,21,6.07,normal,No material exception,SYNTHETIC_DEMO_ONLY,-0.05203844755199938,-0.1892481107036943,-0.02529999999999999,5.4,False
2026-06-01,Iberia,Commercial,Platform,233135.95,44855.11,0.2343,0.1354,140,29,5.2,normal,No material exception,SYNTHETIC_DEMO_ONLY,-0.022370918765889813,-0.23149866045859135,-0.05559999999999998,6.8,False
2026-06-01,Iberia,Enterprise,AI,240139.0,50811.05,0.2295,0.1343,140,28,4.73,normal,No material exception,SYNTHETIC_DEMO_ONLY,0.031439049446828626,-0.18266924638224802,-0.0456,6.3,False
2026-06-01,Iberia,Enterprise,Automation,299663.09,80675.33,0.2967,0.1705,208,38,3.71,normal,No material exception,SYNTHETIC_DEMO_ONLY,-0.024599365953810626,0.13759202048912234,0.052700000000000025,6.6,False
2026-06-01,Iberia,Enterprise,Cloud,332370.56,69815.0,0.2254,0.1294,212,35,4.76,normal,No material exception,SYNTHETIC_DEMO_ONLY,0.0063065037863971884,-0.03216205279516837,-0.022400000000000003,2.6,False
2026-06-01,Iberia,Enterprise,Platform,373370.49,94919.49,0.2806,0.153,234,43,3.93,normal,No material exception,SYNTHETIC_DEMO_ONLY,-0.04388387243911107,0.031014678351997116,0.02290000000000003,4.7,False
2026-06-01,Nordics,Commercial,AI,162108.69,30510.24,0.2175,0.1208,123,20,5.31,normal,No material exception,SYNTHETIC_DEMO_ONLY,-0.08356904773116913,0.02985683718634946,0.015600000000000003,6.2,False
2026-06-01,Nordics,Commercial,Automation,196081.05,35625.98,0.2261,0.0981,120,26,5.5,normal,No material exception,SYNTHETIC_DEMO_ONLY,-0.0741881176590683,-0.198101246020722,-0.014800000000000008,5.6,False
2026-06-01,Nordics,Commercial,Cloud,217925.84,40417.86,0.2227,0.1285,109,17,5.39,normal,No material exception,SYNTHETIC_DEMO_ONLY,-0.17188563223215036,-0.14359487562080475,0.002600000000000019,9.7,False
2026-06-01,Nordics,Commercial,Platform,266446.61,56959.38,0.2529,0.1548,180,28,4.68,normal,No material exception,SYNTHETIC_DEMO_ONLY,0.06886755762160002,0.1092610675118122,0.0049000000000000155,4.3,False
2026-06-01,Nordics,Enterprise,AI,256133.13,54153.91,0.2472,0.1391,159,32,4.73,normal,No material exception,SYNTHETIC_DEMO_ONLY,-0.09724676139074528,-0.25439335751687264,-0.0194,7.3,False
2026-06-01,Nordics,Enterprise,Automation,347331.51,79974.49,0.2509,0.1649,213,41,4.34,normal,No material exception,SYNTHETIC_DEMO_ONLY,-0.013341436096274917,0.10665281433395424,0.0025000000000000022,1.0,False
2026-06-01,Nordics,Enterprise,Cloud,408505.64,96867.92,0.247,0.1388,253,48,4.22,normal,No material exception,SYNTHETIC_DEMO_ONLY,-0.09571467869902206,-0.08629814900423038,-0.013400000000000023,6.6,False
2026-06-01,Nordics,Enterprise,Platform,466833.67,112608.28,0.257,0.1427,304,49,4.15,normal,No material exception,SYNTHETIC_DEMO_ONLY,0.022902175228209254,0.04257890242104945,-0.016100000000000003,2.9,False
2026-06-01,UKI,Commercial,AI,210040.52,41542.3,0.261,0.148,124,24,5.06,normal,No material exception,SYNTHETIC_DEMO_ONLY,-0.059611670367574865,0.033150249879692284,0.069,10.2,False
2026-06-01,UKI,Commercial,Automation,265764.09,53765.05,0.2411,0.1226,169,37,4.94,normal,No material exception,SYNTHETIC_DEMO_ONLY,-0.09170944719053187,0.030937491670918638,0.03160000000000002,8.2,False
2026-06-01,UKI,Commercial,Cloud,317716.06,75190.66,0.262,0.1362,206,39,4.23,normal,No material exception,SYNTHETIC_DEMO_ONLY,-0.07472840268393832,-0.008174606168706688,0.021699999999999997,6.3,False
2026-06-01,UKI,Commercial,Platform,311544.52,84652.31,0.2937,0.1678,208,45,3.68,normal,No material exception,SYNTHETIC_DEMO_ONLY,-0.17558287289667063,0.0059713734384694295,0.02579999999999999,12.2,False
2026-06-01,UKI,Enterprise,AI,366179.01,78504.66,0.2418,0.1437,241,37,4.66,normal,No material exception,SYNTHETIC_DEMO_ONLY,0.05331239858015002,0.07679300425109092,-0.021600000000000036,5.1,False
2026-06-01,UKI,Enterprise,Automation,461016.8,91186.78,0.2727,0.1563,297,51,5.06,normal,No material exception,SYNTHETIC_DEMO_ONLY,0.03156498435736799,-0.08855374389344928,-0.004599999999999993,2.2,False
2026-06-01,UKI,Enterprise,Cloud,535948.88,102511.53,0.2185,0.1315,356,52,5.23,normal,No material exception,SYNTHETIC_DEMO_ONLY,0.01949263723903294,-0.1532748676882667,-0.04619999999999999,5.7,False
2026-06-01,UKI,Enterprise,Platform,541269.35,139206.61,0.3077,0.161,350,72,3.89,normal,No material exception,SYNTHETIC_DEMO_ONLY,-0.027681008426439502,0.12842321772921594,0.06309999999999996,7.8,False
2026-06-08,Benelux,Commercial,AI,149840.2,26680.92,0.2028,0.1103,97,15,5.62,normal,No material exception,SYNTHETIC_DEMO_ONLY,-0.07373822655724449,-0.03340646537482839,0.004400000000000015,4.5,False
2026-06-08,Benelux,Commercial,Automation,203802.77,37284.71,0.2184,0.1185,142,28,5.47,normal,No material exception,SYNTHETIC_DEMO_ONLY,-0.09032941812806006,-0.09065808234065487,0.013800000000000007,6.3,False
2026-06-08,Benelux,Commercial,Cloud,227233.01,45571.49,0.2224,0.1349,146,33,4.99,normal,No material exception,SYNTHETIC_DEMO_ONLY,0.0346219729979218,-0.05258018450070201,-0.03500000000000003,5.4,False
2026-06-08,Benelux,Commercial,Platform,235943.25,44667.43,0.2241,0.1122,144,28,5.28,normal,No material exception,SYNTHETIC_DEMO_ONLY,0.0140468089146355,-0.12295203801191812,-0.03219999999999998,4.0,False
2026-06-08,Benelux,Enterprise,AI,219053.11,43797.81,0.2261,0.1316,124,22,5.0,normal,No material exception,SYNTHETIC_DEMO_ONLY,-0.12026117972325001,-0.2874306735434672,-0.049199999999999994,11.5,False
2026-06-08,Benelux,Enterprise,Automation,341817.78,66965.59,0.2296,0.1175,207,38,5.1,normal,No material exception,SYNTHETIC_DEMO_ONLY,-0.005079853906283183,-0.12110032308941576,-0.038599999999999995,4.1,False
2026-06-08,Benelux,Enterprise,Cloud,383824.36,93526.85,0.2665,0.1614,244,42,4.1,normal,No material exception,SYNTHETIC_DEMO_ONLY,-0.007396110605157213,0.1476802408283111,0.036900000000000016,4.1,False
2026-06-08,Benelux,Enterprise,Platform,427562.39,105806.08,0.31,0.1743,267,49,4.04,normal,No material exception,SYNTHETIC_DEMO_ONLY,0.19553230319677284,0.07152027330501154,0.007199999999999984,11.5,False
2026-06-08,DACH,Commercial,AI,372708.9,82065.63,0.2436,0.1317,239,47,4.54,pipeline_surge,Synthetic AI opportunity surge,SYNTHETIC_DEMO_ONLY,0.0024818027134949627,0.020950822433550398,-0.012699999999999961,21.4,True
2026-06-08,DACH,Commercial,Automation,296258.86,52814.25,0.2227,0.148,186,37,5.61,normal,No material exception,SYNTHETIC_DEMO_ONLY,-0.020137304342568774,-0.2949699802324476,-0.05259999999999998,6.4,False
2026-06-08,DACH,Commercial,Cloud,361811.23,88812.14,0.2543,0.1373,242,39,4.07,normal,No material exception,SYNTHETIC_DEMO_ONLY,0.042521513296620794,0.27969152122852026,0.03780000000000003,6.1,False
2026-06-08,DACH,Commercial,Platform,411111.46,97229.04,0.2562,0.1576,261,49,4.23,normal,No material exception,SYNTHETIC_DEMO_ONLY,0.0784282457955654,0.27037234572133895,0.03159999999999999,7.5,False
2026-06-08,DACH,Enterprise,AI,629855.6,141033.94,0.2417,0.126,403,74,4.47,pipeline_surge,Synthetic AI opportunity surge,SYNTHETIC_DEMO_ONLY,0.03374631009517115,0.07474746273943289,-0.028599999999999987,24.7,True
2026-06-08,DACH,Enterprise,Automation,528384.32,121063.95,0.2621,0.1505,351,68,4.36,normal,No material exception,SYNTHETIC_DEMO_ONLY,0.053860911282462176,0.039107124878559496,-0.005199999999999982,3.5,False
2026-06-08,DACH,Enterprise,Cloud,613589.24,152555.76,0.2761,0.1615,397,90,4.02,normal,No material exception,SYNTHETIC_DEMO_ONLY,0.10532069750922157,0.2714249305889038,0.03660000000000002,9.5,False
2026-06-08,DACH,Enterprise,Platform,617625.65,148451.34,0.291,0.1575,373,88,4.16,normal,No material exception,SYNTHETIC_DEMO_ONLY,-0.10361520948553993,-0.12944264659244242,0.012999999999999956,7.0,False
2026-06-08,France,Commercial,AI,172837.65,35777.19,0.2326,0.1375,101,18,4.83,normal,No material exception,SYNTHETIC_DEMO_ONLY,0.031530873146893956,0.0363675390449838,0.01319999999999999,3.1,False
2026-06-08,France,Commercial,Automation,236599.2,48692.9,0.2372,0.1038,142,27,4.86,normal,No material exception,SYNTHETIC_DEMO_ONLY,-0.044281388262321975,-0.08320100256326923,-0.006900000000000017,3.1,False
2026-06-08,France,Commercial,Cloud,255270.39,57149.63,0.2398,0.1493,163,32,4.47,normal,No material exception,SYNTHETIC_DEMO_ONLY,-0.030690243409267515,0.15551982148872345,0.008400000000000019,2.5,False
2026-06-08,France,Commercial,Platform,291009.92,64094.66,0.2616,0.1594,198,31,4.54,normal,No material exception,SYNTHETIC_DEMO_ONLY,-0.041905146509274016,0.3902658101684402,0.09029999999999999,11.3,False
2026-06-08,France,Enterprise,AI,299954.96,74032.17,0.2703,0.1588,178,29,4.05,normal,No material exception,SYNTHETIC_DEMO_ONLY,-0.07988062419228226,-0.030470592348996184,0.0014000000000000123,4.5,False
2026-06-08,France,Enterprise,Automation,315425.3,83011.07,0.2845,0.1562,188,31,3.8,normal,No material exception,SYNTHETIC_DEMO_ONLY,-0.14422654961181958,0.0737102062335182,0.04099999999999998,12.0,False
2026-06-08,France,Enterprise,Cloud,432042.22,101690.66,0.2691,0.1413,268,52,4.25,normal,No material exception,SYNTHETIC_DEMO_ONLY,-0.04866943328544637,-0.09141929766783341,0.012199999999999989,3.9,False
2026-06-08,France,Enterprise,Platform,442996.35,102454.91,0.2667,0.1384,270,47,4.32,normal,No material exception,SYNTHETIC_DEMO_ONLY,-0.03736183774050328,-0.27247457635302774,-0.0534,7.4,False
2026-06-08,Iberia,Commercial,AI,152010.58,29834.25,0.2488,0.1578,72,12,5.1,normal,No material exception,SYNTHETIC_DEMO_ONLY,-0.0006271942759911164,-0.05899390719904318,0.0184,1.9,False
2026-06-08,Iberia,Commercial,Automation,193764.22,39408.8,0.2335,0.1351,132,24,4.92,normal,No material exception,SYNTHETIC_DEMO_ONLY,0.1349631320738891,0.5069554939396825,0.05360000000000001,12.8,False
2026-06-08,Iberia,Commercial,Cloud,210849.72,45425.0,0.2402,0.1424,132,26,4.64,normal,No material exception,SYNTHETIC_DEMO_ONLY,-0.03157821636449887,-0.03309137025799702,-0.020700000000000024,3.8,False
2026-06-08,Iberia,Commercial,Platform,225763.84,55538.39,0.2706,0.1288,147,22,4.07,normal,No material exception,SYNTHETIC_DEMO_ONLY,0.027024486902498923,0.052376879325974235,0.014600000000000002,2.9,False
2026-06-08,Iberia,Enterprise,AI,226030.97,54157.11,0.2917,0.143,177,30,4.17,normal,No material exception,SYNTHETIC_DEMO_ONLY,-0.06476972510024726,-0.02440117986023127,0.03370000000000001,6.9,False
2026-06-08,Iberia,Enterprise,Automation,293232.33,60771.89,0.2444,0.1426,180,28,4.83,normal,No material exception,SYNTHETIC_DEMO_ONLY,-0.08901461572678271,-0.006055724242605143,0.02310000000000001,7.2,False
2026-06-08,Iberia,Enterprise,Cloud,365162.57,68283.66,0.2319,0.1277,255,45,5.35,normal,No material exception,SYNTHETIC_DEMO_ONLY,0.060156181773757034,-0.20740417539107936,-0.056599999999999984,9.0,False
2026-06-08,Iberia,Enterprise,Platform,370195.99,102053.96,0.2822,0.1539,240,44,3.63,normal,No material exception,SYNTHETIC_DEMO_ONLY,0.04065645950219876,0.34418774959695697,0.025400000000000034,4.8,False
2026-06-08,Nordics,Commercial,AI,164860.29,41106.23,0.242,0.1558,115,16,4.01,normal,No material exception,SYNTHETIC_DEMO_ONLY,0.16302505345983476,0.3409118710779788,-0.0005000000000000004,9.0,False
2026-06-08,Nordics,Commercial,Automation,190864.82,40597.83,0.2476,0.1244,108,19,4.7,normal,No material exception,SYNTHETIC_DEMO_ONLY,-0.04004784450515697,-0.09986809923885998,0.0005000000000000004,2.3,False
2026-06-08,Nordics,Commercial,Cloud,229941.61,45604.48,0.221,0.1424,143,34,5.04,normal,No material exception,SYNTHETIC_DEMO_ONLY,-0.040645008804317206,-0.02961510996189476,-0.01680000000000001,3.9,False
2026-06-08,Nordics,Commercial,Platform,259689.29,67252.07,0.2707,0.1369,170,36,3.86,normal,No material exception,SYNTHETIC_DEMO_ONLY,-0.06191188941157555,0.07701639288604922,0.01150000000000001,4.6,False
2026-06-08,Nordics,Enterprise,AI,263323.74,57513.47,0.2411,0.1338,183,36,4.58,normal,No material exception,SYNTHETIC_DEMO_ONLY,-0.021025167497233155,-0.016441250745833247,0.00030000000000002247,1.2,False
2026-06-08,Nordics,Enterprise,Automation,332673.31,76279.59,0.2666,0.1629,224,44,4.36,normal,No material exception,SYNTHETIC_DEMO_ONLY,-0.07474177536727178,0.010471979585918723,-0.0021999999999999797,4.3,False
2026-06-08,Nordics,Enterprise,Cloud,382187.31,59032.95,0.1834,0.1168,250,50,6.47,normal,No material exception,SYNTHETIC_DEMO_ONLY,0.021392659812703663,-0.12222838467165875,-0.027499999999999997,3.9,False
2026-06-08,Nordics,Enterprise,Platform,440929.35,97480.2,0.2665,0.151,280,61,4.52,normal,No material exception,SYNTHETIC_DEMO_ONLY,0.01677178988994421,0.0870135379073449,0.012699999999999989,2.2,False
2026-06-08,UKI,Commercial,AI,220831.35,47602.35,0.2286,0.1405,157,33,4.64,normal,No material exception,SYNTHETIC_DEMO_ONLY,-0.022199257596827282,0.1998216991661148,0.009300000000000003,2.2,False
2026-06-08,UKI,Commercial,Automation,260838.33,39586.43,0.1725,0.1008,211,45,6.59,normal,No material exception,SYNTHETIC_DEMO_ONLY,-0.06127785216233539,-0.3514030062617619,-0.07840000000000003,11.2,False
2026-06-08,UKI,Commercial,Cloud,308641.63,61010.36,0.2281,0.1383,179,27,5.06,normal,No material exception,SYNTHETIC_DEMO_ONLY,-0.022110719015403957,0.015692447278281563,0.022699999999999998,3.5,False
2026-06-08,UKI,Commercial,Platform,365513.39,84945.09,0.2537,0.1585,247,51,4.3,normal,No material exception,SYNTHETIC_DEMO_ONLY,0.1112061352626692,0.08668513093425778,-0.0030000000000000027,6.4,False
2026-06-08,UKI,Enterprise,AI,343693.31,78997.63,0.2835,0.1675,206,41,4.35,normal,No material exception,SYNTHETIC_DEMO_ONLY,-0.15407075990020447,-0.2286257751200914,-0.012500000000000011,9.7,False
2026-06-08,UKI,Enterprise,Automation,511517.95,107347.94,0.2444,0.1167,318,75,4.77,normal,No material exception,SYNTHETIC_DEMO_ONLY,0.054955259298490766,-0.1404031638575154,-0.02699999999999997,5.7,False
2026-06-08,UKI,Enterprise,Cloud,450864.76,108913.83,0.2652,0.1226,266,36,4.14,normal,No material exception,SYNTHETIC_DEMO_ONLY,-0.1282456656124814,-0.03754553846333297,0.020699999999999996,9.1,False
2026-06-08,UKI,Enterprise,Platform,557884.5,145630.11,0.3068,0.1654,347,51,3.83,normal,No material exception,SYNTHETIC_DEMO_ONLY,0.10797451011876547,0.35252082460707435,0.028100000000000014,8.7,False
2026-06-15,Benelux,Commercial,AI,146798.77,29921.63,0.2165,0.127,88,16,4.91,normal,No material exception,SYNTHETIC_DEMO_ONLY,0.010934644455851572,-0.10169641634823456,-0.01899999999999999,2.5,False
2026-06-15,Benelux,Commercial,Automation,194587.56,43845.79,0.2358,0.127,158,29,4.44,normal,No material exception,SYNTHETIC_DEMO_ONLY,-0.06940982272510676,0.01615293677855778,0.0032000000000000084,4.1,False
2026-06-15,Benelux,Commercial,Cloud,209255.81,42225.35,0.2339,0.111,134,25,4.96,normal,No material exception,SYNTHETIC_DEMO_ONLY,0.03524069259117746,0.3303508726052702,0.045399999999999996,6.5,False
2026-06-15,Benelux,Commercial,Platform,231840.58,52022.76,0.2564,0.1534,145,27,4.46,normal,No material exception,SYNTHETIC_DEMO_ONLY,0.06869062815886728,0.2822368596180409,0.03200000000000003,7.0,False
2026-06-15,Benelux,Enterprise,AI,243044.08,57764.5,0.2577,0.1335,168,30,4.21,normal,No material exception,SYNTHETIC_DEMO_ONLY,-0.14701415569839837,-0.05048913424044876,0.0031999999999999806,8.4,False
2026-06-15,Benelux,Enterprise,Automation,320462.73,52745.79,0.2066,0.1209,191,26,6.08,normal,No material exception,SYNTHETIC_DEMO_ONLY,0.10133513150783457,-0.24346484326424156,-0.06919999999999998,12.5,False
2026-06-15,Benelux,Enterprise,Cloud,357441.16,91234.64,0.2802,0.1414,223,44,3.92,normal,No material exception,SYNTHETIC_DEMO_ONLY,-0.033629863595286524,0.19967978607521752,0.0476,6.6,False
2026-06-15,Benelux,Enterprise,Platform,383110.5,89937.64,0.2457,0.1467,253,39,4.26,normal,No material exception,SYNTHETIC_DEMO_ONLY,-0.04658182448030057,0.034897822158372005,0.008099999999999996,3.4,False
2026-06-15,DACH,Commercial,AI,355423.85,71046.95,0.2487,0.1301,226,30,5.0,pipeline_surge,Synthetic AI opportunity surge,SYNTHETIC_DEMO_ONLY,-0.042206925149963825,-0.054169964899612566,0.011300000000000004,23.5,True
2026-06-15,DACH,Commercial,Automation,331203.36,78437.87,0.2639,0.1313,248,48,4.22,normal,No material exception,SYNTHETIC_DEMO_ONLY,0.06734102685479493,0.17915724347522288,0.031000000000000028,6.8,False
2026-06-15,DACH,Commercial,Cloud,377219.51,81843.08,0.2564,0.152,256,54,4.61,normal,No material exception,SYNTHETIC_DEMO_ONLY,0.03350939802424158,0.31489148536981215,0.04870000000000002,6.7,False
2026-06-15,DACH,Commercial,Platform,392900.88,94609.8,0.2656,0.1403,254,41,4.15,normal,No material exception,SYNTHETIC_DEMO_ONLY,-0.03541471010631225,-0.05648666044238415,0.019600000000000006,3.9,False
2026-06-15,DACH,Enterprise,AI,611424.92,159476.12,0.2961,0.175,391,61,3.83,pipeline_surge,Synthetic AI opportunity surge,SYNTHETIC_DEMO_ONLY,-0.05880080130747778,-0.18282605792729767,-0.021700000000000053,25.4,True
2026-06-15,DACH,Enterprise,Automation,519385.22,103905.61,0.2386,0.1367,340,71,5.0,normal,No material exception,SYNTHETIC_DEMO_ONLY,-0.05163549783696808,-0.12566362670966025,-0.029099999999999987,5.7,False
2026-06-15,DACH,Enterprise,Cloud,607653.02,135119.33,0.2437,0.1361,384,80,4.5,normal,No material exception,SYNTHETIC_DEMO_ONLY,0.0365022146478724,-0.0978471476285121,-0.025300000000000017,4.5,False
2026-06-15,DACH,Enterprise,Platform,685581.38,180660.29,0.3089,0.167,436,81,3.79,normal,No material exception,SYNTHETIC_DEMO_ONLY,0.05142682694858691,0.13224572487989716,0.009199999999999986,3.7,False
2026-06-15,France,Commercial,AI,188806.75,36243.47,0.2037,0.1212,115,22,5.21,normal,No material exception,SYNTHETIC_DEMO_ONLY,-0.0027843926336922342,0.015482951242152376,-0.007500000000000007,0.9,False
2026-06-15,France,Commercial,Automation,236265.47,45291.31,0.2255,0.1231,159,39,5.22,normal,No material exception,SYNTHETIC_DEMO_ONLY,0.026560742672954385,0.008432603960849994,0.005700000000000011,2.0,False
2026-06-15,France,Commercial,Cloud,261588.17,53467.75,0.2256,0.1291,154,30,4.89,normal,No material exception,SYNTHETIC_DEMO_ONLY,-0.011055171704615785,2.431431299454445e-05,0.0012999999999999956,0.7,False
2026-06-15,France,Commercial,Platform,304116.5,54088.3,0.1875,0.1105,163,21,5.62,normal,No material exception,SYNTHETIC_DEMO_ONLY,-0.017495291679999858,-0.03060335680939641,-0.0338,4.3,False
2026-06-15,France,Enterprise,AI,312869.67,60068.14,0.2493,0.1427,184,38,5.21,normal,No material exception,SYNTHETIC_DEMO_ONLY,-0.00968278479507756,-0.2315308055410814,-0.025499999999999995,3.1,False
2026-06-15,France,Enterprise,Automation,372679.86,78850.3,0.2646,0.1432,242,42,4.73,normal,No material exception,SYNTHETIC_DEMO_ONLY,-0.02772637505038722,-0.15995199013381478,-0.0008000000000000229,1.6,False
2026-06-15,France,Enterprise,Cloud,435334.92,89165.76,0.2545,0.1424,287,51,4.88,normal,No material exception,SYNTHETIC_DEMO_ONLY,0.019272754194030517,0.03291921925804209,0.022900000000000004,3.4,False
2026-06-15,France,Enterprise,Platform,504663.28,100212.98,0.2423,0.1522,306,63,5.04,normal,No material exception,SYNTHETIC_DEMO_ONLY,0.020694050049279822,-0.22869008979747663,-0.044800000000000034,5.6,False
2026-06-15,Iberia,Commercial,AI,145281.22,22327.92,0.1773,0.0879,108,17,6.51,normal,No material exception,SYNTHETIC_DEMO_ONLY,-0.00811186721919166,-0.243465771345452,-0.05509999999999998,6.0,False
2026-06-15,Iberia,Commercial,Automation,186012.04,42403.66,0.2544,0.1372,126,22,4.39,normal,No material exception,SYNTHETIC_DEMO_ONLY,0.15045669865409605,0.47547546920593575,0.049100000000000005,13.2,False
2026-06-15,Iberia,Commercial,Cloud,218241.46,40984.63,0.2289,0.1314,129,22,5.32,normal,No material exception,SYNTHETIC_DEMO_ONLY,0.10580755358182925,0.2126889508348353,0.012899999999999995,7.1,False
2026-06-15,Iberia,Commercial,Platform,236040.29,54608.74,0.269,0.1548,136,24,4.32,normal,No material exception,SYNTHETIC_DEMO_ONLY,0.012158580749928705,0.1548071516376499,0.0476,5.4,False
2026-06-15,Iberia,Enterprise,AI,243508.4,38282.86,0.1891,0.1045,148,30,6.36,normal,No material exception,SYNTHETIC_DEMO_ONLY,0.022040090374607413,-0.262592583175577,-0.08829999999999999,10.0,False
2026-06-15,Iberia,Enterprise,Automation,300241.64,69537.25,0.2582,0.1433,212,34,4.32,normal,No material exception,SYNTHETIC_DEMO_ONLY,-0.019901659041762665,-0.03998057795896548,-0.009099999999999997,2.0,False
2026-06-15,Iberia,Enterprise,Cloud,313914.74,72527.47,0.2654,0.1536,205,47,4.33,normal,No material exception,SYNTHETIC_DEMO_ONLY,0.006987633527860915,-0.08755178698516364,-0.01579999999999998,2.0,False
2026-06-15,Iberia,Enterprise,Platform,376034.28,76045.02,0.2559,0.1541,228,42,4.94,normal,No material exception,SYNTHETIC_DEMO_ONLY,-0.03464130592498538,-0.26947790234878466,-0.04780000000000001,6.7,False
2026-06-15,Nordics,Commercial,AI,167803.55,29833.19,0.2276,0.1175,99,19,5.62,normal,No material exception,SYNTHETIC_DEMO_ONLY,-0.03443506871448809,-0.11478941777590523,0.011899999999999994,3.1,False
2026-06-15,Nordics,Commercial,Automation,198996.08,34600.58,0.1957,0.116,138,24,5.75,normal,No material exception,SYNTHETIC_DEMO_ONLY,-0.12532874990709186,-0.1745599834342213,-0.0184,8.7,False
2026-06-15,Nordics,Commercial,Cloud,245039.49,51982.75,0.2341,0.1264,187,38,4.71,normal,No material exception,SYNTHETIC_DEMO_ONLY,0.06818969456354651,0.3035821535552583,0.016199999999999992,5.4,False
2026-06-15,Nordics,Commercial,Platform,300461.44,76286.19,0.2524,0.146,195,44,3.94,normal,No material exception,SYNTHETIC_DEMO_ONLY,0.07173212175797317,0.05421264595991415,-0.04619999999999996,8.6,False
2026-06-15,Nordics,Enterprise,AI,284001.46,57788.33,0.2479,0.128,191,35,4.91,normal,No material exception,SYNTHETIC_DEMO_ONLY,0.00470386488132668,-0.06243542801813984,-0.009699999999999986,1.2,False
2026-06-15,Nordics,Enterprise,Automation,326646.31,67992.29,0.2589,0.1407,200,42,4.8,normal,No material exception,SYNTHETIC_DEMO_ONLY,-0.0875333948672119,-0.14764745960738446,0.019600000000000006,6.8,False
2026-06-15,Nordics,Enterprise,Cloud,370970.25,84477.64,0.2355,0.1267,251,43,4.39,normal,No material exception,SYNTHETIC_DEMO_ONLY,-0.04548377269473569,-0.03669850204028802,-0.008300000000000002,3.3,False
2026-06-15,Nordics,Enterprise,Platform,437823.03,110684.1,0.2774,0.1734,285,60,3.96,normal,No material exception,SYNTHETIC_DEMO_ONLY,0.019179492859403124,0.08774209792205512,0.022299999999999986,3.3,False
2026-06-15,UKI,Commercial,AI,210821.6,47253.36,0.2398,0.1483,134,29,4.46,normal,No material exception,SYNTHETIC_DEMO_ONLY,-0.12175645043995786,-0.1382205126867717,-0.01899999999999996,8.6,False
2026-06-15,UKI,Commercial,Automation,270121.06,50220.54,0.2311,0.1273,168,28,5.38,normal,No material exception,SYNTHETIC_DEMO_ONLY,0.08541637199434238,-0.08952887886531347,-0.026400000000000007,7.3,False
2026-06-15,UKI,Commercial,Cloud,306993.39,78382.67,0.2542,0.1455,215,38,3.92,normal,No material exception,SYNTHETIC_DEMO_ONLY,-0.0700893587640391,0.04077555453136883,-0.004400000000000015,4.3,False
2026-06-15,UKI,Commercial,Platform,316379.12,57560.71,0.2136,0.1243,222,47,5.5,normal,No material exception,SYNTHETIC_DEMO_ONLY,-0.1183599364787129,-0.30513360621431773,-0.06190000000000001,12.7,False
2026-06-15,UKI,Enterprise,AI,351347.57,86307.2,0.2641,0.1448,202,31,4.07,normal,No material exception,SYNTHETIC_DEMO_ONLY,-0.117919390053421,0.23149645442794475,0.0426,10.7,False
2026-06-15,UKI,Enterprise,Automation,441855.04,89614.57,0.2463,0.1401,293,46,4.93,normal,No material exception,SYNTHETIC_DEMO_ONLY,-0.026376017864501833,0.05227772280442311,0.0121,2.7,False
2026-06-15,UKI,Enterprise,Cloud,466669.57,85629.85,0.232,0.1384,315,54,5.45,normal,No material exception,SYNTHETIC_DEMO_ONLY,-0.17663154780937684,-0.33618351910485467,-0.04579999999999998,14.3,False
2026-06-15,UKI,Enterprise,Platform,519892.3,135166.06,0.2823,0.148,340,61,3.85,normal,No material exception,SYNTHETIC_DEMO_ONLY,-0.011866050842991083,-0.05379550228598673,-0.00930000000000003,1.6,False
2026-06-22,Benelux,Commercial,AI,157278.96,29235.46,0.2249,0.1395,91,15,5.38,normal,No material exception,SYNTHETIC_DEMO_ONLY,-0.033744461564548245,-0.15005908936958268,-0.017000000000000015,3.6,False
2026-06-22,Benelux,Commercial,Automation,193824.82,33160.89,0.1986,0.1237,146,26,5.84,normal,No material exception,SYNTHETIC_DEMO_ONLY,0.0039060306826494973,-0.10833589451326686,-0.032299999999999995,3.4,False
2026-06-22,Benelux,Commercial,Cloud,221630.1,42565.53,0.2191,0.1082,152,31,5.21,normal,No material exception,SYNTHETIC_DEMO_ONLY,0.0022545856642612883,0.006150525241145566,0.003999999999999976,0.5,False
2026-06-22,Benelux,Commercial,Platform,229141.96,52436.11,0.273,0.1511,151,34,4.37,normal,No material exception,SYNTHETIC_DEMO_ONLY,-0.10332416029612512,-0.09476622467932505,0.03860000000000002,9.5,False
2026-06-22,Benelux,Enterprise,AI,256248.21,44465.27,0.2039,0.1131,144,26,5.76,normal,No material exception,SYNTHETIC_DEMO_ONLY,-0.052514085008031786,-0.3440682831613401,-0.0693,9.8,False
2026-06-22,Benelux,Enterprise,Automation,300915.99,66056.1,0.2359,0.1257,213,40,4.56,normal,No material exception,SYNTHETIC_DEMO_ONLY,-0.01239290784159397,-0.0910662054121768,-0.044499999999999984,5.1,False
2026-06-22,Benelux,Enterprise,Cloud,306548.85,80872.33,0.2978,0.1779,215,32,3.79,normal,No material exception,SYNTHETIC_DEMO_ONLY,-0.18900740721692733,-0.1848466070053798,0.013900000000000023,11.8,False
2026-06-22,Benelux,Enterprise,Platform,423626.48,91517.86,0.231,0.1281,292,57,4.63,normal,No material exception,SYNTHETIC_DEMO_ONLY,0.013858672675342243,0.058236392550590876,-0.0131,2.1,False
2026-06-22,DACH,Commercial,AI,350143.55,80147.91,0.2696,0.1686,215,42,4.37,pipeline_surge,Synthetic AI opportunity surge,SYNTHETIC_DEMO_ONLY,-0.018030790006328123,0.011353958762181593,0.018000000000000016,22.8,True
2026-06-22,DACH,Commercial,Automation,321513.71,71518.29,0.2382,0.1353,196,28,4.5,normal,No material exception,SYNTHETIC_DEMO_ONLY,0.044627542316820756,0.12046948668674307,-0.004200000000000009,2.9,False
2026-06-22,DACH,Commercial,Cloud,358449.9,71592.34,0.2435,0.1348,238,56,5.01,normal,No material exception,SYNTHETIC_DEMO_ONLY,-0.03807545048982752,-0.021517840144010814,-0.007199999999999984,2.8,False
2026-06-22,DACH,Commercial,Platform,414391.99,92422.03,0.2717,0.1575,265,50,4.48,normal,No material exception,SYNTHETIC_DEMO_ONLY,0.005384271652705719,-0.12949999623249997,-0.012500000000000011,1.5,False
2026-06-22,DACH,Enterprise,AI,594531.26,146983.57,0.2735,0.1452,395,73,4.04,pipeline_surge,Synthetic AI opportunity surge,SYNTHETIC_DEMO_ONLY,-0.13772806002408267,-0.17005807363175696,0.0036000000000000476,27.9,True
2026-06-22,DACH,Enterprise,Automation,471278.85,115870.09,0.3049,0.1665,297,60,4.07,normal,No material exception,SYNTHETIC_DEMO_ONLY,-0.10949032840987682,0.05948103117132142,0.06360000000000002,12.4,False
2026-06-22,DACH,Enterprise,Cloud,564902.04,137331.88,0.2661,0.1361,384,78,4.11,normal,No material exception,SYNTHETIC_DEMO_ONLY,0.08317126089538074,0.26219664796849607,0.027900000000000008,7.4,False
2026-06-22,DACH,Enterprise,Platform,647527.32,155885.43,0.2804,0.1397,430,46,4.15,normal,No material exception,SYNTHETIC_DEMO_ONLY,-0.056291477883130936,-0.12225491097543484,-0.007099999999999995,3.8,False
2026-06-22,France,Commercial,AI,182934.41,34354.39,0.206,0.1289,116,26,5.32,normal,No material exception,SYNTHETIC_DEMO_ONLY,-0.12001006915496792,-0.30823406367903594,-0.03970000000000001,10.6,False
2026-06-22,France,Commercial,Automation,225012.8,44472.74,0.2152,0.1219,120,20,5.06,normal,No material exception,SYNTHETIC_DEMO_ONLY,-0.08801163841710369,-0.2047386573160519,-0.03510000000000002,8.4,False
2026-06-22,France,Commercial,Cloud,273318.87,61062.6,0.2501,0.1278,145,27,4.48,normal,No material exception,SYNTHETIC_DEMO_ONLY,0.03803759647044491,0.37713702561442486,0.0537,7.5,False
2026-06-22,France,Commercial,Platform,278683.91,68625.37,0.271,0.1656,188,35,4.06,normal,No material exception,SYNTHETIC_DEMO_ONLY,-0.08584724547281286,0.033501845308536726,0.017699999999999994,6.5,False
2026-06-22,France,Enterprise,AI,301306.67,66383.5,0.2748,0.1752,196,40,4.54,normal,No material exception,SYNTHETIC_DEMO_ONLY,-0.010136984744258837,0.02233904014232535,0.045499999999999985,5.1,False
2026-06-22,France,Enterprise,Automation,371558.69,68768.09,0.2489,0.1508,232,38,5.4,normal,No material exception,SYNTHETIC_DEMO_ONLY,0.00410838409405212,-0.2674403728157757,-0.021399999999999975,2.4,False
2026-06-22,France,Enterprise,Cloud,442017.01,94585.12,0.2239,0.1375,290,60,4.67,normal,No material exception,SYNTHETIC_DEMO_ONLY,0.13251072320837687,-0.019213580035429945,-0.0524,12.5,False
2026-06-22,France,Enterprise,Platform,464191.37,110693.67,0.2832,0.1293,295,48,4.19,normal,No material exception,SYNTHETIC_DEMO_ONLY,-0.1024753251049686,0.024192495542842307,0.050199999999999995,10.7,False
2026-06-22,Iberia,Commercial,AI,144039.29,25861.25,0.2227,0.1325,100,18,5.57,normal,No material exception,SYNTHETIC_DEMO_ONLY,-0.017859780177879703,-0.03482882848587787,-0.0023999999999999855,1.2,False
2026-06-22,Iberia,Commercial,Automation,169842.5,31709.53,0.2371,0.151,125,20,5.36,normal,No material exception,SYNTHETIC_DEMO_ONLY,-0.06923768981662703,0.17859095523034885,0.060700000000000004,9.9,False
2026-06-22,Iberia,Commercial,Cloud,214547.47,46136.68,0.2504,0.1162,126,30,4.65,normal,No material exception,SYNTHETIC_DEMO_ONLY,0.019758838806333445,0.18085837740328636,0.027100000000000013,3.8,False
2026-06-22,Iberia,Commercial,Platform,220515.43,46467.17,0.2458,0.1467,137,29,4.75,normal,No material exception,SYNTHETIC_DEMO_ONLY,-0.020583408964468086,-0.115377285914262,-0.015999999999999986,2.7,False
2026-06-22,Iberia,Enterprise,AI,232288.57,51981.76,0.2377,0.1287,132,25,4.47,normal,No material exception,SYNTHETIC_DEMO_ONLY,-0.00396149536448398,0.07109122120251987,-0.010700000000000015,1.3,False
2026-06-22,Iberia,Enterprise,Automation,278249.92,68903.63,0.2742,0.1518,163,35,4.04,normal,No material exception,SYNTHETIC_DEMO_ONLY,-0.08298480703951494,-0.12691348244459955,-0.0019000000000000128,4.8,False
2026-06-22,Iberia,Enterprise,Cloud,337113.27,64444.54,0.234,0.134,203,31,5.23,normal,No material exception,SYNTHETIC_DEMO_ONLY,0.07801513216565636,0.19143278927046525,0.014700000000000019,5.8,False
2026-06-22,Iberia,Enterprise,Platform,367140.73,76652.47,0.2761,0.1535,203,38,4.79,normal,No material exception,SYNTHETIC_DEMO_ONLY,-0.00836066386278067,-0.04201512530013385,0.02840000000000001,3.3,False
2026-06-22,Nordics,Commercial,AI,168432.79,27115.96,0.1904,0.1117,122,22,6.21,normal,No material exception,SYNTHETIC_DEMO_ONLY,0.002592721474795834,-0.17159263658537782,-0.01529999999999998,1.7,False
2026-06-22,Nordics,Commercial,Automation,195828.46,39256.43,0.2156,0.1167,113,22,4.99,normal,No material exception,SYNTHETIC_DEMO_ONLY,-0.03304538930413292,0.16595453611223654,0.015000000000000013,3.3,False
2026-06-22,Nordics,Commercial,Cloud,247315.88,46170.52,0.2084,0.117,155,28,5.36,normal,No material exception,SYNTHETIC_DEMO_ONLY,0.045466016673457066,-0.13343797525943557,-0.04519999999999999,7.0,False
2026-06-22,Nordics,Commercial,Platform,258405.85,52514.24,0.2337,0.1467,150,22,4.92,normal,No material exception,SYNTHETIC_DEMO_ONLY,0.0059094675503832406,0.03806347114155617,0.010699999999999987,1.4,False
2026-06-22,Nordics,Enterprise,AI,298296.06,57031.48,0.2265,0.1258,194,37,5.23,normal,No material exception,SYNTHETIC_DEMO_ONLY,0.10500452528111848,0.05785086563268438,-0.005500000000000005,6.3,False
2026-06-22,Nordics,Enterprise,Automation,361852.69,80501.5,0.2614,0.1473,234,52,4.49,normal,No material exception,SYNTHETIC_DEMO_ONLY,0.01859395163773825,-0.01919455320758212,0.01880000000000001,2.9,False
2026-06-22,Nordics,Enterprise,Cloud,350625.76,77414.31,0.2454,0.1433,226,41,4.53,normal,No material exception,SYNTHETIC_DEMO_ONLY,-0.16807870147053228,-0.35732308295400406,-0.04949999999999999,14.2,False
2026-06-22,Nordics,Enterprise,Platform,428273.47,115027.15,0.2984,0.1514,267,45,3.72,normal,No material exception,SYNTHETIC_DEMO_ONLY,0.01873319732414558,0.11633361840028922,0.03789999999999999,4.8,False
2026-06-22,UKI,Commercial,AI,198503.58,38789.43,0.2295,0.1268,125,16,5.12,normal,No material exception,SYNTHETIC_DEMO_ONLY,-0.0356469938962658,-0.17978008733070427,-0.0040000000000000036,2.4,False
2026-06-22,UKI,Commercial,Automation,273885.26,58237.25,0.2524,0.1418,161,28,4.7,normal,No material exception,SYNTHETIC_DEMO_ONLY,-0.027182979112149952,-0.010454437634955904,0.0247,4.0,False
2026-06-22,UKI,Commercial,Cloud,304802.04,55377.56,0.2099,0.1008,182,39,5.5,normal,No material exception,SYNTHETIC_DEMO_ONLY,-0.058291228347369994,-0.26274402044810585,-0.034,6.6,False
2026-06-22,UKI,Commercial,Platform,363278.95,74090.07,0.2323,0.14,212,47,4.9,normal,No material exception,SYNTHETIC_DEMO_ONLY,0.1648902637364329,-0.058333329096748154,-0.0368,12.7,False
2026-06-22,UKI,Enterprise,AI,329093.56,80003.0,0.2616,0.1522,203,36,4.11,normal,No material exception,SYNTHETIC_DEMO_ONLY,-0.19486415543854096,-0.1549376409616786,0.013800000000000007,12.1,False
2026-06-22,UKI,Enterprise,Automation,412125.27,93180.28,0.262,0.1443,276,47,4.42,normal,No material exception,SYNTHETIC_DEMO_ONLY,-0.0896166330383733,-0.04241174218776089,0.02940000000000001,7.9,False
2026-06-22,UKI,Enterprise,Cloud,543967.05,121854.89,0.2577,0.142,335,68,4.46,normal,No material exception,SYNTHETIC_DEMO_ONLY,0.2067564306765508,0.13866016147300542,-0.02090000000000003,13.5,False
2026-06-22,UKI,Enterprise,Platform,501144.1,129575.72,0.3125,0.1575,324,60,3.87,normal,No material exception,SYNTHETIC_DEMO_ONLY,-0.13901034486567954,-0.1332070272086191,0.018400000000000027,9.5,False
2026-06-29,Benelux,Commercial,AI,155399.62,30852.96,0.2312,0.1398,102,14,5.04,normal,No material exception,SYNTHETIC_DEMO_ONLY,0.019230713733465743,0.012700042407874479,0.02049999999999999,3.1,False
2026-06-29,Benelux,Commercial,Automation,198171.57,34917.53,0.1865,0.0913,102,21,5.68,normal,No material exception,SYNTHETIC_DEMO_ONLY,0.020100615293337176,-0.211449292512484,-0.07019999999999998,8.1,False
2026-06-29,Benelux,Commercial,Cloud,206420.24,38035.91,0.2183,0.1276,142,23,5.43,normal,No material exception,SYNTHETIC_DEMO_ONLY,-0.16153305634412518,-0.24622064051579573,0.0050000000000000044,9.4,False
2026-06-29,Benelux,Commercial,Platform,238761.33,43697.67,0.2215,0.1319,156,30,5.46,normal,No material exception,SYNTHETIC_DEMO_ONLY,-0.09606261287559947,-0.1144454815869822,0.0040000000000000036,5.7,False
2026-06-29,Benelux,Enterprise,AI,267859.26,45105.33,0.2089,0.1254,173,31,5.94,normal,No material exception,SYNTHETIC_DEMO_ONLY,0.046976281852766144,-0.1359092455597497,-0.036000000000000004,6.2,False
2026-06-29,Benelux,Enterprise,Automation,275119.87,58609.09,0.2455,0.1416,167,29,4.69,normal,No material exception,SYNTHETIC_DEMO_ONLY,-0.1469315583101486,-0.1006801240930324,0.009300000000000003,9.0,False
2026-06-29,Benelux,Enterprise,Cloud,374569.17,79751.02,0.254,0.1308,252,52,4.7,normal,No material exception,SYNTHETIC_DEMO_ONLY,0.04228659324628947,-0.07620948405077244,-0.007699999999999985,3.1,False
2026-06-29,Benelux,Enterprise,Platform,381169.08,78244.54,0.2315,0.1345,232,39,4.87,normal,No material exception,SYNTHETIC_DEMO_ONLY,-0.014804308807707445,-0.2120883843754432,-0.0547,6.3,False
2026-06-29,DACH,Commercial,AI,384511.53,74994.97,0.2428,0.1425,252,60,5.13,pipeline_surge,Synthetic AI opportunity surge,SYNTHETIC_DEMO_ONLY,0.10312288885249865,0.08919033890179318,0.0041999999999999815,26.1,True
2026-06-29,DACH,Commercial,Automation,296882.2,71494.82,0.2707,0.144,192,29,4.15,normal,No material exception,SYNTHETIC_DEMO_ONLY,-0.0070762350969727494,0.05124383654458908,0.0348,3.9,False
2026-06-29,DACH,Commercial,Cloud,335111.97,70790.74,0.2405,0.1497,226,46,4.73,normal,No material exception,SYNTHETIC_DEMO_ONLY,-0.08447332049474388,-0.2626489945924685,-0.018400000000000027,6.5,False
2026-06-29,DACH,Commercial,Platform,410918.6,99710.07,0.242,0.1243,261,40,4.12,normal,No material exception,SYNTHETIC_DEMO_ONLY,0.14520966323692508,0.3551916675410418,-0.001799999999999996,8.2,False
2026-06-29,DACH,Enterprise,AI,658942.41,181473.9,0.3102,0.1775,422,89,3.63,pipeline_surge,Synthetic AI opportunity surge,SYNTHETIC_DEMO_ONLY,0.1213516214595971,0.21285887490258126,0.05739999999999995,32.4,True
2026-06-29,DACH,Enterprise,Automation,507217.09,117504.36,0.2722,0.158,323,62,4.32,normal,No material exception,SYNTHETIC_DEMO_ONLY,0.021857010636685548,-0.02476320676834043,-0.00990000000000002,2.2,False
2026-06-29,DACH,Enterprise,Cloud,593551.33,135030.9,0.2774,0.1587,390,70,4.4,normal,No material exception,SYNTHETIC_DEMO_ONLY,0.0024005543783645056,-0.04233125784266467,0.008299999999999974,1.0,False
2026-06-29,DACH,Enterprise,Platform,650131.48,140402.97,0.2697,0.137,415,78,4.63,normal,No material exception,SYNTHETIC_DEMO_ONLY,0.037336050880712346,-0.1421331824725387,-0.01940000000000003,4.0,False
2026-06-29,France,Commercial,AI,181916.99,33766.75,0.2189,0.1016,107,24,5.39,normal,No material exception,SYNTHETIC_DEMO_ONLY,0.001209870313878314,-0.14421352064957838,-0.011099999999999999,1.2,False
2026-06-29,France,Commercial,Automation,239714.97,43729.4,0.1927,0.1195,148,26,5.48,normal,No material exception,SYNTHETIC_DEMO_ONLY,-0.0022141803108235436,-0.1875341164177584,-0.04529999999999998,4.7,False
2026-06-29,France,Commercial,Cloud,244828.51,50592.0,0.2427,0.126,162,31,4.84,normal,No material exception,SYNTHETIC_DEMO_ONLY,-0.047300126373685414,-0.08984063755771032,-0.01880000000000001,4.5,False
2026-06-29,France,Commercial,Platform,271328.87,62609.72,0.2629,0.1554,157,31,4.33,normal,No material exception,SYNTHETIC_DEMO_ONLY,0.007474831218579059,0.20110330877528737,0.024300000000000016,2.8,False
2026-06-29,France,Enterprise,AI,289978.31,61923.81,0.2652,0.1574,201,42,4.68,normal,No material exception,SYNTHETIC_DEMO_ONLY,-0.0927053813416111,-0.19131191773828882,-0.007800000000000029,5.9,False
2026-06-29,France,Enterprise,Automation,381082.24,77932.68,0.2536,0.1525,265,52,4.89,normal,No material exception,SYNTHETIC_DEMO_ONLY,0.07858898814892168,0.19491208506291646,0.028700000000000003,7.2,False
2026-06-29,France,Enterprise,Cloud,410885.27,94869.8,0.2681,0.1394,272,52,4.33,normal,No material exception,SYNTHETIC_DEMO_ONLY,-0.034599851846059626,-0.1904940403016553,-0.020299999999999985,3.9,False
2026-06-29,France,Enterprise,Platform,452616.43,100323.26,0.254,0.1489,289,56,4.51,normal,No material exception,SYNTHETIC_DEMO_ONLY,-0.05689272519166244,-0.18649868475253573,-0.018100000000000005,4.9,False
2026-06-29,Iberia,Commercial,AI,147935.36,24419.81,0.2223,0.1259,95,14,6.06,normal,No material exception,SYNTHETIC_DEMO_ONLY,0.018322953832191846,-0.1584831212868898,0.007300000000000001,1.7,False
2026-06-29,Iberia,Commercial,Automation,178156.69,35118.02,0.2379,0.1289,107,19,5.07,normal,No material exception,SYNTHETIC_DEMO_ONLY,0.13765832029955138,0.2934370940516584,0.022900000000000004,9.9,False
2026-06-29,Iberia,Commercial,Cloud,194056.97,40311.65,0.2523,0.1429,129,23,4.81,normal,No material exception,SYNTHETIC_DEMO_ONLY,-0.01959313540789176,0.23712898390785409,0.05230000000000001,6.3,False
2026-06-29,Iberia,Commercial,Platform,227597.81,48289.32,0.2406,0.1468,147,24,4.71,normal,No material exception,SYNTHETIC_DEMO_ONLY,-0.02375498073120008,0.07656229134205672,0.0063,1.9,False
2026-06-29,Iberia,Enterprise,AI,231985.19,59356.71,0.2767,0.1712,157,31,3.91,normal,No material exception,SYNTHETIC_DEMO_ONLY,-0.03395454299384937,0.1681850699798566,0.04719999999999999,6.6,False
2026-06-29,Iberia,Enterprise,Automation,286082.64,55662.3,0.2206,0.1213,172,28,5.14,normal,No material exception,SYNTHETIC_DEMO_ONLY,-0.045319061483347856,-0.3100455864264825,-0.07610000000000003,10.1,False
2026-06-29,Iberia,Enterprise,Cloud,372413.41,90261.41,0.2704,0.1496,233,53,4.13,normal,No material exception,SYNTHETIC_DEMO_ONLY,0.12047652475598314,0.2928655733008667,0.044999999999999984,11.1,False
2026-06-29,Iberia,Enterprise,Platform,362177.12,78766.52,0.2587,0.1641,234,45,4.6,normal,No material exception,SYNTHETIC_DEMO_ONLY,-0.029979257332308218,-0.1701754824009274,-0.02190000000000003,3.8,False
2026-06-29,Nordics,Commercial,AI,165178.17,27913.8,0.2124,0.1191,92,16,5.92,normal,No material exception,SYNTHETIC_DEMO_ONLY,0.018934703623846527,-0.08510060884476822,-0.005099999999999993,1.6,False
2026-06-29,Nordics,Commercial,Automation,226146.34,46419.81,0.2278,0.1225,121,28,4.87,normal,No material exception,SYNTHETIC_DEMO_ONLY,0.15333093126541297,0.30297636724659904,0.001700000000000007,8.6,False
2026-06-29,Nordics,Commercial,Cloud,233398.68,49111.1,0.2361,0.1153,153,28,4.75,normal,No material exception,SYNTHETIC_DEMO_ONLY,0.07100048346721977,0.21508412370174956,0.013399999999999995,5.2,False
2026-06-29,Nordics,Commercial,Platform,254614.52,56803.75,0.2456,0.156,141,26,4.48,normal,No material exception,SYNTHETIC_DEMO_ONLY,-0.044406982697208996,-0.0027322979990301866,-0.007300000000000001,3.2,False
2026-06-29,Nordics,Enterprise,AI,290690.49,55758.0,0.2253,0.1323,195,32,5.21,normal,No material exception,SYNTHETIC_DEMO_ONLY,0.13491952407718588,0.029620945191215053,-0.021900000000000003,9.6,False
2026-06-29,Nordics,Enterprise,Automation,323792.91,67977.65,0.2413,0.1482,217,38,4.76,normal,No material exception,SYNTHETIC_DEMO_ONLY,-0.0677698375249629,-0.15000833390747492,-0.009600000000000025,4.7,False
2026-06-29,Nordics,Enterprise,Cloud,424498.99,106385.87,0.2775,0.1532,285,64,3.99,normal,No material exception,SYNTHETIC_DEMO_ONLY,0.03915086704800452,0.09825698745260558,0.030500000000000027,5.2,False
2026-06-29,Nordics,Enterprise,Platform,411382.26,97711.93,0.295,0.174,258,36,4.21,normal,No material exception,SYNTHETIC_DEMO_ONLY,-0.11878194218510407,-0.13228467746776706,0.03799999999999998,10.3,False
2026-06-29,UKI,Commercial,AI,228538.88,52518.79,0.263,0.1257,172,28,4.35,normal,No material exception,SYNTHETIC_DEMO_ONLY,0.08807043517127089,0.2642244170399808,0.0020000000000000018,5.0,False
2026-06-29,UKI,Commercial,Automation,273556.05,52733.09,0.2175,0.1219,183,32,5.19,normal,No material exception,SYNTHETIC_DEMO_ONLY,0.02931908520823856,-0.019193881527125978,-0.02360000000000001,4.0,False
2026-06-29,UKI,Commercial,Cloud,329992.21,61895.02,0.2222,0.1255,213,37,5.33,normal,No material exception,SYNTHETIC_DEMO_ONLY,0.038638745551609954,-0.17682568553062317,-0.0398,6.1,False
2026-06-29,UKI,Commercial,Platform,345810.0,82283.56,0.2643,0.1495,217,37,4.2,normal,No material exception,SYNTHETIC_DEMO_ONLY,0.10998582160905923,-0.02798210704468662,-0.029400000000000037,9.0,False
2026-06-29,UKI,Enterprise,AI,354329.84,65332.72,0.2043,0.1065,237,42,5.42,normal,No material exception,SYNTHETIC_DEMO_ONLY,-0.03235895470906425,-0.16778545375522935,-0.03749999999999998,5.5,False
2026-06-29,UKI,Enterprise,Automation,479905.15,78694.57,0.2328,0.1231,294,53,6.1,normal,No material exception,SYNTHETIC_DEMO_ONLY,0.04097106656416871,-0.136995845231074,-0.03989999999999999,6.2,False
2026-06-29,UKI,Enterprise,Cloud,504901.05,117298.65,0.2729,0.1487,318,65,4.3,normal,No material exception,SYNTHETIC_DEMO_ONLY,-0.05793058099123183,0.14424835918457157,0.054399999999999976,8.6,False
2026-06-29,UKI,Enterprise,Platform,548728.79,127840.97,0.2632,0.1414,357,60,4.29,normal,No material exception,SYNTHETIC_DEMO_ONLY,0.013781382596298908,-0.08164583563955752,-0.044499999999999984,5.2,False
2026-07-06,Benelux,Commercial,AI,157961.39,32658.97,0.219,0.1142,82,15,4.84,normal,No material exception,SYNTHETIC_DEMO_ONLY,0.05419900667511124,0.22405711647124615,0.016199999999999992,4.6,False
2026-07-06,Benelux,Commercial,Automation,184462.09,34056.15,0.1894,0.0983,113,18,5.42,normal,No material exception,SYNTHETIC_DEMO_ONLY,-0.09489900456210676,-0.08659206414640208,-0.028999999999999998,8.1,False
2026-07-06,Benelux,Commercial,Cloud,229957.04,45696.85,0.2184,0.1141,149,29,5.03,normal,No material exception,SYNTHETIC_DEMO_ONLY,0.011987826944685587,0.0027508426869518043,-0.003999999999999976,1.1,False
2026-07-06,Benelux,Commercial,Platform,245110.19,49818.92,0.2468,0.1441,126,20,4.92,normal,No material exception,SYNTHETIC_DEMO_ONLY,0.038852308764925514,0.11532989473538091,0.022699999999999998,4.4,False
2026-07-06,Benelux,Enterprise,AI,261046.17,57053.24,0.2596,0.1578,189,36,4.58,normal,No material exception,SYNTHETIC_DEMO_ONLY,0.19170264234093737,0.30265052065388653,0.0335,13.9,False
2026-07-06,Benelux,Enterprise,Automation,303770.77,73769.34,0.2518,0.1365,182,41,4.12,normal,No material exception,SYNTHETIC_DEMO_ONLY,-0.11130787286723354,0.10160068775620434,0.022200000000000025,8.3,False
2026-07-06,Benelux,Enterprise,Cloud,343809.64,84330.59,0.2779,0.1466,222,47,4.08,normal,No material exception,SYNTHETIC_DEMO_ONLY,-0.10425268474361549,-0.09832748563647775,0.011399999999999966,6.9,False
2026-07-06,Benelux,Enterprise,Platform,384213.29,107574.97,0.3357,0.1882,259,41,3.57,normal,No material exception,SYNTHETIC_DEMO_ONLY,-0.10138660699319235,0.016718226400600056,0.0257,8.1,False
2026-07-06,DACH,Commercial,AI,240507.89,53871.77,0.2309,0.1225,140,22,4.46,normal,No material exception,SYNTHETIC_DEMO_ONLY,-0.35470312085383526,-0.3435525932110679,-0.012700000000000017,20.8,False
2026-07-06,DACH,Commercial,Automation,319572.84,49769.41,0.1758,0.0999,194,29,6.42,normal,No material exception,SYNTHETIC_DEMO_ONLY,0.07869462536917893,-0.05765186479027906,-0.0469,9.0,False
2026-07-06,DACH,Commercial,Cloud,332496.36,70911.98,0.2314,0.1399,226,40,4.69,normal,No material exception,SYNTHETIC_DEMO_ONLY,-0.08102255421977922,-0.20155082402022972,-0.02290000000000003,6.7,False
2026-07-06,DACH,Commercial,Platform,329040.15,88949.9,0.2879,0.16,212,41,3.7,normal,No material exception,SYNTHETIC_DEMO_ONLY,-0.19963274679815546,-0.0851508973039331,0.031700000000000006,14.1,False
2026-07-06,DACH,Enterprise,AI,383411.45,87602.29,0.269,0.1506,266,43,4.38,normal,No material exception,SYNTHETIC_DEMO_ONLY,-0.3912708722443684,-0.3788566780450153,0.02730000000000002,24.2,False
2026-07-06,DACH,Enterprise,Automation,469606.28,128796.6,0.3123,0.1619,308,54,3.65,normal,No material exception,SYNTHETIC_DEMO_ONLY,-0.11124107543539508,0.06387244097024758,0.05020000000000002,11.1,False
2026-07-06,DACH,Enterprise,Cloud,585724.69,120895.07,0.2229,0.1298,379,73,4.84,normal,No material exception,SYNTHETIC_DEMO_ONLY,-0.045412383698253955,-0.20753519893316386,-0.053200000000000025,7.8,False
2026-07-06,DACH,Enterprise,Platform,553626.92,138218.3,0.2655,0.1463,373,63,4.01,normal,No material exception,SYNTHETIC_DEMO_ONLY,-0.10362058311535471,-0.0689319476671616,-0.025499999999999967,8.2,False
2026-07-06,France,Commercial,AI,183063.78,35830.0,0.2267,0.1099,94,21,5.11,normal,No material exception,SYNTHETIC_DEMO_ONLY,0.05916610183024362,0.0014760801505091514,-0.005899999999999989,3.8,False
2026-07-06,France,Commercial,Automation,215102.96,41588.93,0.2235,0.1121,131,26,5.17,normal,No material exception,SYNTHETIC_DEMO_ONLY,-0.09085508319554769,-0.14589334379344832,-0.01369999999999999,6.4,False
2026-07-06,France,Commercial,Cloud,253448.39,48901.85,0.2305,0.118,154,27,5.18,normal,No material exception,SYNTHETIC_DEMO_ONLY,-0.00713752973856463,-0.14431904458524047,-0.009300000000000003,1.3,False
2026-07-06,France,Commercial,Platform,297187.8,68121.7,0.2597,0.1594,198,26,4.36,normal,No material exception,SYNTHETIC_DEMO_ONLY,0.02122910449238291,0.06282957113743937,-0.0019000000000000128,1.4,False
2026-07-06,France,Enterprise,AI,318010.73,62163.82,0.2006,0.1138,204,39,5.12,normal,No material exception,SYNTHETIC_DEMO_ONLY,0.06019493726658154,-0.16031341510048935,-0.06969999999999998,10.3,False
2026-07-06,France,Enterprise,Automation,376124.97,87979.0,0.2695,0.1417,237,49,4.28,normal,No material exception,SYNTHETIC_DEMO_ONLY,0.19243754384952627,0.05984659636359324,-0.014999999999999958,12.1,False
2026-07-06,France,Enterprise,Cloud,443210.26,81515.28,0.2351,0.1304,269,65,5.44,normal,No material exception,SYNTHETIC_DEMO_ONLY,0.025849418142513958,-0.19839953836468371,-0.034,4.8,False
2026-07-06,France,Enterprise,Platform,496570.17,110430.52,0.2699,0.1768,334,60,4.5,normal,No material exception,SYNTHETIC_DEMO_ONLY,0.12093512734360012,0.0778450735059939,0.0031999999999999806,7.0,False
2026-07-06,Iberia,Commercial,AI,144685.86,28079.57,0.2153,0.1165,112,21,5.15,normal,No material exception,SYNTHETIC_DEMO_ONLY,-0.04818559339751216,-0.05881428224272445,-0.0335,6.0,False
2026-07-06,Iberia,Commercial,Automation,203372.66,44703.13,0.2263,0.1269,135,28,4.55,normal,No material exception,SYNTHETIC_DEMO_ONLY,0.04958830892514632,0.13434385213454858,-0.007200000000000012,3.4,False
2026-07-06,Iberia,Commercial,Cloud,195290.9,34907.08,0.2069,0.1223,128,24,5.59,normal,No material exception,SYNTHETIC_DEMO_ONLY,-0.0737910394189758,-0.23154474408365433,-0.033299999999999996,7.4,False
2026-07-06,Iberia,Commercial,Platform,222035.82,36293.29,0.1818,0.1104,120,24,6.12,normal,No material exception,SYNTHETIC_DEMO_ONLY,-0.016512918986494873,-0.3465188673996491,-0.08880000000000002,9.8,False
2026-07-06,Iberia,Enterprise,AI,233064.62,49759.18,0.2384,0.1527,151,33,4.68,normal,No material exception,SYNTHETIC_DEMO_ONLY,0.03111808085414136,-0.08120688123867759,-0.053300000000000014,7.0,False
2026-07-06,Iberia,Enterprise,Automation,277759.71,69421.61,0.2808,0.1385,174,31,4.0,normal,No material exception,SYNTHETIC_DEMO_ONLY,-0.052765736984049405,0.14233093622725912,0.03639999999999999,6.5,False
2026-07-06,Iberia,Enterprise,Cloud,343918.79,73035.58,0.2465,0.125,231,42,4.71,normal,No material exception,SYNTHETIC_DEMO_ONLY,-0.05817622545487078,0.06959088016078807,0.014600000000000002,4.7,False
2026-07-06,Iberia,Enterprise,Platform,348197.3,93711.56,0.3141,0.1751,258,57,3.72,normal,No material exception,SYNTHETIC_DEMO_ONLY,-0.059424441631580116,-0.08174499059125195,0.031899999999999984,6.5,False
2026-07-06,Nordics,Commercial,AI,164526.94,36568.27,0.2514,0.118,108,24,4.5,normal,No material exception,SYNTHETIC_DEMO_ONLY,-0.002022015125655807,-0.11039591808832883,0.00940000000000002,1.1,False
2026-07-06,Nordics,Commercial,Automation,224290.76,37644.48,0.1907,0.1116,155,28,5.96,normal,No material exception,SYNTHETIC_DEMO_ONLY,0.17512886869356015,-0.07274649901238561,-0.05689999999999998,15.3,False
2026-07-06,Nordics,Commercial,Cloud,230764.08,41024.83,0.2038,0.1155,132,28,5.62,normal,No material exception,SYNTHETIC_DEMO_ONLY,0.0035768645787945808,-0.10042105512440891,-0.017199999999999993,1.9,False
2026-07-06,Nordics,Commercial,Platform,276760.93,54330.75,0.2237,0.1237,181,37,5.09,normal,No material exception,SYNTHETIC_DEMO_ONLY,0.06573871413796084,-0.1921326733883434,-0.046999999999999986,8.3,False
2026-07-06,Nordics,Enterprise,AI,255768.62,54321.59,0.2543,0.1501,170,35,4.71,normal,No material exception,SYNTHETIC_DEMO_ONLY,-0.028691374351587084,-0.05549795552241943,0.013200000000000017,2.9,False
2026-07-06,Nordics,Enterprise,Automation,319538.36,72506.04,0.2629,0.133,190,36,4.41,normal,No material exception,SYNTHETIC_DEMO_ONLY,-0.039483029161552,-0.049469982730636075,-0.003699999999999981,2.5,False
2026-07-06,Nordics,Enterprise,Cloud,374770.92,96191.28,0.2966,0.1572,236,46,3.9,normal,No material exception,SYNTHETIC_DEMO_ONLY,-0.01940511839600334,0.6294506711929524,0.11319999999999997,12.4,False
2026-07-06,Nordics,Enterprise,Platform,446132.37,116296.21,0.3095,0.1649,279,53,3.84,normal,No material exception,SYNTHETIC_DEMO_ONLY,0.011800121720180412,0.19302391665179197,0.04299999999999998,4.9,False
2026-07-06,UKI,Commercial,AI,211502.16,46854.58,0.2313,0.1403,144,27,4.51,normal,No material exception,SYNTHETIC_DEMO_ONLY,-0.042245768094068215,-0.015708678248027574,0.002700000000000008,2.6,False
2026-07-06,UKI,Commercial,Automation,265889.21,59174.8,0.2217,0.1118,191,40,4.49,normal,No material exception,SYNTHETIC_DEMO_ONLY,0.019364025218226333,0.49482537324027454,0.04920000000000002,6.0,False
2026-07-06,UKI,Commercial,Cloud,292863.55,61830.57,0.227,0.1189,199,46,4.74,normal,No material exception,SYNTHETIC_DEMO_ONLY,-0.05112103639421561,0.01344378233467225,-0.0010999999999999899,2.9,False
2026-07-06,UKI,Commercial,Platform,321039.91,59186.99,0.2172,0.1205,187,34,5.42,normal,No material exception,SYNTHETIC_DEMO_ONLY,-0.12167401035568093,-0.3032323586919503,-0.03649999999999998,10.3,False
2026-07-06,UKI,Enterprise,AI,318151.44,69592.16,0.2513,0.1675,220,35,4.57,normal,No material exception,SYNTHETIC_DEMO_ONLY,-0.07431587772249626,-0.11906015408310355,-0.03219999999999995,7.3,False
2026-07-06,UKI,Enterprise,Automation,406024.3,94484.41,0.2703,0.1665,264,55,4.3,normal,No material exception,SYNTHETIC_DEMO_ONLY,-0.20623645758667908,-0.1198302454616269,0.02589999999999998,13.9,False
2026-07-06,UKI,Enterprise,Cloud,475779.17,101206.71,0.2431,0.1166,282,57,4.7,normal,No material exception,SYNTHETIC_DEMO_ONLY,0.05525916463287128,-0.070763465025516,-0.02209999999999998,5.2,False
2026-07-06,UKI,Enterprise,Platform,566129.23,123531.64,0.2623,0.1586,346,59,4.58,normal,No material exception,SYNTHETIC_DEMO_ONLY,0.014778560795289941,-0.1517438255042174,-0.04450000000000004,5.3,False
2026-07-13,Benelux,Commercial,AI,141982.18,29480.2,0.2239,0.1398,88,16,4.82,normal,No material exception,SYNTHETIC_DEMO_ONLY,-0.03281083349676561,-0.014752872754592583,0.00739999999999999,2.5,False
2026-07-13,Benelux,Commercial,Automation,177320.41,31504.56,0.2113,0.1228,92,19,5.63,normal,No material exception,SYNTHETIC_DEMO_ONLY,-0.08873717312658624,-0.2814689848215758,-0.024500000000000022,7.3,False
2026-07-13,Benelux,Commercial,Cloud,216193.36,43645.31,0.2489,0.1555,140,30,4.95,normal,No material exception,SYNTHETIC_DEMO_ONLY,0.03315344027962697,0.03362814044170137,0.015000000000000013,3.3,False
2026-07-13,Benelux,Commercial,Platform,252140.48,53944.76,0.2422,0.1402,154,28,4.67,normal,No material exception,SYNTHETIC_DEMO_ONLY,0.0875597360910676,0.036945367758265846,-0.014200000000000018,6.2,False
2026-07-13,Benelux,Enterprise,AI,223187.04,51291.3,0.2772,0.1432,153,30,4.35,normal,No material exception,SYNTHETIC_DEMO_ONLY,-0.08170139342624594,-0.11206190653429005,0.019500000000000017,6.4,False
2026-07-13,Benelux,Enterprise,Automation,315080.11,80280.91,0.2832,0.1898,212,33,3.92,normal,No material exception,SYNTHETIC_DEMO_ONLY,-0.016796399381606708,0.5220344600014524,0.0766,8.6,False
2026-07-13,Benelux,Enterprise,Cloud,359423.94,75705.53,0.2354,0.134,202,46,4.75,normal,No material exception,SYNTHETIC_DEMO_ONLY,0.005547150753427488,-0.17021067875096563,-0.044800000000000006,4.8,False
2026-07-13,Benelux,Enterprise,Platform,383210.51,86025.67,0.276,0.1608,251,51,4.45,normal,No material exception,SYNTHETIC_DEMO_ONLY,0.0002610474001627505,-0.04349647155517977,0.03030000000000002,3.0,False
2026-07-13,DACH,Commercial,AI,263217.09,54643.86,0.2288,0.1334,166,36,4.82,normal,No material exception,SYNTHETIC_DEMO_ONLY,-0.25942761016178273,-0.23087676529393586,-0.0199,16.3,False
2026-07-13,DACH,Commercial,Automation,293816.11,58905.59,0.2084,0.1226,188,29,4.99,normal,No material exception,SYNTHETIC_DEMO_ONLY,-0.11288306374669632,-0.24901594089691625,-0.05550000000000002,11.8,False
2026-07-13,DACH,Commercial,Cloud,351756.42,77582.45,0.2471,0.1401,224,54,4.53,normal,No material exception,SYNTHETIC_DEMO_ONLY,-0.06750204940354232,-0.05205852467917882,-0.00930000000000003,4.6,False
2026-07-13,DACH,Commercial,Platform,362051.15,85096.0,0.269,0.1502,219,38,4.25,normal,No material exception,SYNTHETIC_DEMO_ONLY,-0.078517843991594,-0.10055829311551234,0.003400000000000014,4.7,False
2026-07-13,DACH,Enterprise,AI,387969.54,88244.23,0.2695,0.1388,262,57,4.4,normal,No material exception,SYNTHETIC_DEMO_ONLY,-0.36546658909486396,-0.44666179488189206,-0.026599999999999957,22.8,False
2026-07-13,DACH,Enterprise,Automation,494280.69,112349.19,0.2513,0.1479,325,66,4.4,normal,No material exception,SYNTHETIC_DEMO_ONLY,-0.04833508739428505,0.08126202232968938,0.012700000000000017,3.9,False
2026-07-13,DACH,Enterprise,Cloud,584725.72,121468.34,0.2591,0.1427,377,65,4.81,normal,No material exception,SYNTHETIC_DEMO_ONLY,-0.03773090768149234,-0.10102914216640946,0.015399999999999997,3.6,False
2026-07-13,DACH,Enterprise,Platform,589247.1,138293.09,0.2708,0.1467,384,74,4.26,normal,No material exception,SYNTHETIC_DEMO_ONLY,-0.1405147263480231,-0.2345130742345205,-0.03810000000000002,11.5,False
2026-07-13,France,Commercial,AI,171529.99,30634.71,0.2309,0.1474,117,20,5.6,normal,No material exception,SYNTHETIC_DEMO_ONLY,-0.09150499121456201,-0.15475229055054607,0.027200000000000002,7.8,False
2026-07-13,France,Commercial,Automation,229646.76,39287.47,0.2182,0.1135,163,40,5.85,normal,No material exception,SYNTHETIC_DEMO_ONLY,-0.02801386931403893,-0.13256052871952695,-0.007300000000000001,2.3,False
2026-07-13,France,Commercial,Cloud,260755.97,60179.37,0.245,0.1293,152,27,4.33,normal,No material exception,SYNTHETIC_DEMO_ONLY,-0.00318133652603636,0.12552650897036077,0.0194,2.1,False
2026-07-13,France,Commercial,Platform,290163.43,60400.56,0.2237,0.117,157,28,4.8,normal,No material exception,SYNTHETIC_DEMO_ONLY,-0.0458806740180161,0.11670287289487735,0.03620000000000001,6.1,False
2026-07-13,France,Enterprise,AI,270501.05,63456.43,0.2779,0.1565,163,22,4.26,normal,No material exception,SYNTHETIC_DEMO_ONLY,-0.13541939044458995,0.05640743995069597,0.028599999999999987,10.3,False
2026-07-13,France,Enterprise,Automation,322400.81,61629.31,0.2262,0.1256,195,30,5.23,normal,No material exception,SYNTHETIC_DEMO_ONLY,-0.13491217368172237,-0.2184010713973188,-0.03839999999999999,11.3,False
2026-07-13,France,Enterprise,Cloud,430077.58,98807.63,0.2713,0.1521,285,45,4.35,normal,No material exception,SYNTHETIC_DEMO_ONLY,-0.012076540976772465,0.10813422102834114,0.01679999999999998,2.3,False
2026-07-13,France,Enterprise,Platform,435739.52,108510.42,0.2684,0.1416,283,54,4.02,normal,No material exception,SYNTHETIC_DEMO_ONLY,-0.13657375666404736,0.08279805669884288,0.02610000000000004,10.1,False
2026-07-13,Iberia,Commercial,AI,139710.05,27014.23,0.2206,0.128,83,19,5.17,normal,No material exception,SYNTHETIC_DEMO_ONLY,-0.03834748909735208,0.20988564989484026,0.04329999999999998,6.4,False
2026-07-13,Iberia,Commercial,Automation,158770.81,23703.73,0.1778,0.0974,101,21,6.7,normal,No material exception,SYNTHETIC_DEMO_ONLY,-0.14644874600590374,-0.4409980176239504,-0.0766,15.7,False
2026-07-13,Iberia,Commercial,Cloud,191016.89,37609.75,0.2275,0.1254,104,18,5.08,normal,No material exception,SYNTHETIC_DEMO_ONLY,-0.12474517903243487,-0.08234501568026842,-0.0013999999999999846,7.0,False
2026-07-13,Iberia,Commercial,Platform,220593.37,46163.85,0.2405,0.1303,153,26,4.78,normal,No material exception,SYNTHETIC_DEMO_ONLY,-0.06544187858776152,-0.15464356071940133,-0.028500000000000025,6.4,False
2026-07-13,Iberia,Enterprise,AI,231768.15,50048.09,0.263,0.1426,137,29,4.63,normal,No material exception,SYNTHETIC_DEMO_ONLY,-0.048212915858344085,0.3073236952516085,0.07390000000000002,10.0,False
2026-07-13,Iberia,Enterprise,Automation,284353.98,63863.51,0.2668,0.1623,178,30,4.45,normal,No material exception,SYNTHETIC_DEMO_ONLY,-0.05291624439568088,-0.08159281536155083,0.008599999999999997,3.8,False
2026-07-13,Iberia,Enterprise,Cloud,329706.64,61631.24,0.2236,0.115,196,27,5.35,normal,No material exception,SYNTHETIC_DEMO_ONLY,0.050306334771027306,-0.15023590372034212,-0.04180000000000003,6.9,False
2026-07-13,Iberia,Enterprise,Platform,308596.76,71445.04,0.2765,0.1403,189,32,4.32,normal,No material exception,SYNTHETIC_DEMO_ONLY,-0.17933875603043425,-0.060490220135388406,0.020600000000000007,11.9,False
2026-07-13,Nordics,Commercial,AI,165114.27,31472.31,0.2243,0.1485,109,21,5.25,normal,No material exception,SYNTHETIC_DEMO_ONLY,-0.016026359394661238,0.05494283380355913,-0.0032999999999999974,1.2,False
2026-07-13,Nordics,Commercial,Automation,206813.61,34418.65,0.2115,0.1039,136,31,6.01,normal,No material exception,SYNTHETIC_DEMO_ONLY,0.03928484420396616,-0.005258004345591871,0.01579999999999998,3.7,False
2026-07-13,Nordics,Commercial,Cloud,218779.39,34721.91,0.1675,0.0901,151,21,6.3,normal,No material exception,SYNTHETIC_DEMO_ONLY,-0.10716680809285062,-0.3320493817660666,-0.06659999999999999,12.6,False
2026-07-13,Nordics,Commercial,Platform,255782.14,55821.34,0.2319,0.1101,155,28,4.58,normal,No material exception,SYNTHETIC_DEMO_ONLY,-0.14870227607243047,-0.2682641510868482,-0.020500000000000018,10.2,False
2026-07-13,Nordics,Enterprise,AI,261578.0,55669.85,0.2641,0.1532,193,36,4.7,normal,No material exception,SYNTHETIC_DEMO_ONLY,-0.07895543917274239,-0.036659304741978205,0.016199999999999992,6.0,False
2026-07-13,Nordics,Enterprise,Automation,312585.7,75868.43,0.2762,0.1409,195,42,4.12,normal,No material exception,SYNTHETIC_DEMO_ONLY,-0.043045366102559046,0.11583872230219039,0.017299999999999982,4.1,False
2026-07-13,Nordics,Enterprise,Cloud,352247.43,60825.64,0.2044,0.1058,226,38,5.79,normal,No material exception,SYNTHETIC_DEMO_ONLY,-0.050469869214579854,-0.2799794123036581,-0.03109999999999999,5.9,False
2026-07-13,Nordics,Enterprise,Platform,464373.87,108600.96,0.2491,0.1361,291,54,4.28,normal,No material exception,SYNTHETIC_DEMO_ONLY,0.06064285837133787,-0.01882058940715059,-0.028299999999999992,6.2,False
2026-07-13,UKI,Commercial,AI,200340.84,43440.83,0.2635,0.1575,141,31,4.61,normal,No material exception,SYNTHETIC_DEMO_ONLY,-0.04971388131007448,-0.08068272817001798,0.0237,5.1,False
2026-07-13,UKI,Commercial,Automation,261908.73,49790.18,0.2106,0.1239,164,29,5.26,normal,No material exception,SYNTHETIC_DEMO_ONLY,-0.03040240549922313,-0.00856940208129986,-0.02049999999999999,3.7,False
2026-07-13,UKI,Commercial,Cloud,304596.22,72673.57,0.2715,0.1611,211,35,4.19,normal,No material exception,SYNTHETIC_DEMO_ONLY,-0.007808539460735786,-0.07283625321770737,0.017300000000000038,2.2,False
2026-07-13,UKI,Commercial,Platform,312464.98,59707.74,0.2336,0.1012,222,40,5.23,normal,No material exception,SYNTHETIC_DEMO_ONLY,-0.012371676108081986,0.03730026957624388,0.01999999999999999,2.7,False
2026-07-13,UKI,Enterprise,AI,353067.0,93119.18,0.2878,0.181,217,29,3.79,normal,No material exception,SYNTHETIC_DEMO_ONLY,0.004893814976434818,0.0789271347002336,0.0237,2.6,False
2026-07-13,UKI,Enterprise,Automation,418268.79,100612.25,0.2819,0.1588,274,44,4.16,normal,No material exception,SYNTHETIC_DEMO_ONLY,-0.05338006328953493,0.12272200826271873,0.03559999999999999,6.5,False
2026-07-13,UKI,Enterprise,Cloud,494423.95,127637.32,0.2689,0.141,312,58,3.87,normal,No material exception,SYNTHETIC_DEMO_ONLY,0.05947330141967466,0.4905704027275535,0.03689999999999996,7.0,False
2026-07-13,UKI,Enterprise,Platform,547812.73,135126.13,0.2976,0.1769,365,68,4.05,normal,No material exception,SYNTHETIC_DEMO_ONLY,0.05370425759335151,-0.00029541439618785414,0.01529999999999998,4.5,False
2026-07-20,Benelux,Commercial,AI,155673.59,25643.38,0.2018,0.1168,90,18,6.07,normal,No material exception,SYNTHETIC_DEMO_ONLY,-0.010207150403334309,-0.12286723041128811,-0.02309999999999998,2.9,False
2026-07-20,Benelux,Commercial,Automation,190230.91,34173.53,0.1942,0.1054,104,19,5.57,normal,No material exception,SYNTHETIC_DEMO_ONLY,-0.018542052560657662,0.03053717798285871,-0.004399999999999987,1.5,False
2026-07-20,Benelux,Commercial,Cloud,204774.45,36724.99,0.2155,0.1303,114,18,5.58,normal,No material exception,SYNTHETIC_DEMO_ONLY,-0.07605307221356661,-0.1372129044322954,-0.003599999999999992,4.5,False
2026-07-20,Benelux,Commercial,Platform,232194.13,57883.2,0.2591,0.1334,126,24,4.01,normal,No material exception,SYNTHETIC_DEMO_ONLY,0.013319996040882298,0.10388051287557376,-0.013900000000000023,2.1,False
2026-07-20,Benelux,Enterprise,AI,255354.66,55390.18,0.2424,0.1644,141,26,4.61,normal,No material exception,SYNTHETIC_DEMO_ONLY,-0.0034870487485550994,0.24569534830216933,0.038500000000000006,4.0,False
2026-07-20,Benelux,Enterprise,Automation,323752.32,69172.5,0.2449,0.1389,215,46,4.68,normal,No material exception,SYNTHETIC_DEMO_ONLY,0.0758893869348718,0.04717808044979943,0.009000000000000008,5.1,False
2026-07-20,Benelux,Enterprise,Cloud,355728.07,67605.08,0.2293,0.1317,216,43,5.26,normal,No material exception,SYNTHETIC_DEMO_ONLY,0.16042865598745526,-0.1640517838425083,-0.0685,15.7,False
2026-07-20,Benelux,Enterprise,Platform,396253.75,92767.88,0.2644,0.1491,245,37,4.27,normal,No material exception,SYNTHETIC_DEMO_ONLY,-0.06461524784758499,0.013658754695531572,0.03340000000000001,6.9,False
2026-07-20,DACH,Commercial,AI,228772.25,50565.68,0.2452,0.1382,133,23,4.52,normal,No material exception,SYNTHETIC_DEMO_ONLY,-0.3466329738188808,-0.3690954636246909,-0.024400000000000005,21.5,False
2026-07-20,DACH,Commercial,Automation,278214.35,56600.65,0.2334,0.1351,180,35,4.92,normal,No material exception,SYNTHETIC_DEMO_ONLY,-0.13467344829556427,-0.208584964769152,-0.004799999999999999,7.9,False
2026-07-20,DACH,Commercial,Cloud,306515.51,57318.87,0.2164,0.129,199,39,5.35,normal,No material exception,SYNTHETIC_DEMO_ONLY,-0.14488604962646112,-0.19937146907057368,-0.027099999999999985,10.7,False
2026-07-20,DACH,Commercial,Platform,364397.91,88785.85,0.2679,0.1485,209,39,4.1,normal,No material exception,SYNTHETIC_DEMO_ONLY,-0.12064441689618566,-0.03934321719615974,-0.00379999999999997,7.0,False
2026-07-20,DACH,Enterprise,AI,368171.82,100388.27,0.3128,0.1586,245,37,3.67,normal,No material exception,SYNTHETIC_DEMO_ONLY,-0.3807359767760572,-0.31701026175918845,0.0393,24.9,False
2026-07-20,DACH,Enterprise,Automation,494030.84,100298.02,0.2559,0.1354,321,59,4.93,normal,No material exception,SYNTHETIC_DEMO_ONLY,0.048277129347094716,-0.1343924907627153,-0.04899999999999999,7.6,False
2026-07-20,DACH,Enterprise,Cloud,602890.46,124265.99,0.222,0.1153,396,78,4.85,normal,No material exception,SYNTHETIC_DEMO_ONLY,0.06724780105237338,-0.09514098255991255,-0.0441,8.1,False
2026-07-20,DACH,Enterprise,Platform,677453.88,164501.18,0.2458,0.1588,458,82,4.12,normal,No material exception,SYNTHETIC_DEMO_ONLY,0.046216675460118095,0.05526975805243639,-0.03459999999999999,6.0,False
2026-07-20,France,Commercial,AI,193252.74,39677.9,0.2146,0.1147,137,23,4.87,normal,No material exception,SYNTHETIC_DEMO_ONLY,0.0564045331876053,0.15495865302804113,0.008600000000000024,4.0,False
2026-07-20,France,Commercial,Automation,243654.4,38042.38,0.1892,0.1037,157,25,6.4,normal,No material exception,SYNTHETIC_DEMO_ONLY,0.08284684249073826,-0.14459104611049378,-0.025999999999999995,7.2,False
2026-07-20,France,Commercial,Cloud,271579.5,37521.18,0.1707,0.0986,187,37,7.24,normal,No material exception,SYNTHETIC_DEMO_ONLY,-0.006363885523162027,-0.38552927651295554,-0.0794,8.3,False
2026-07-20,France,Commercial,Platform,286053.8,63185.51,0.2364,0.1398,182,31,4.53,normal,No material exception,SYNTHETIC_DEMO_ONLY,0.0264453372998823,-0.07926893508916588,-0.03460000000000002,4.9,False
2026-07-20,France,Enterprise,AI,291075.84,51336.7,0.2073,0.1077,194,36,5.67,normal,No material exception,SYNTHETIC_DEMO_ONLY,-0.033954873949521125,-0.22666475856199209,-0.06749999999999998,8.6,False
2026-07-20,France,Enterprise,Automation,388829.75,91079.37,0.2823,0.1608,231,48,4.27,normal,No material exception,SYNTHETIC_DEMO_ONLY,0.04648272390022701,0.32444233946296896,0.033399999999999985,5.9,False
2026-07-20,France,Enterprise,Cloud,436283.79,92271.44,0.2439,0.1446,292,50,4.73,normal,No material exception,SYNTHETIC_DEMO_ONLY,-0.012970586810675089,-0.024461352906249845,0.020000000000000018,2.7,False
2026-07-20,France,Enterprise,Platform,476801.99,112486.05,0.3012,0.171,318,51,4.24,normal,No material exception,SYNTHETIC_DEMO_ONLY,0.027166855773298915,0.016192253811803337,0.018000000000000016,3.3,False
2026-07-20,Iberia,Commercial,AI,141518.16,36166.81,0.28,0.1588,103,19,3.91,normal,No material exception,SYNTHETIC_DEMO_ONLY,-0.017503071557767313,0.39849427231862333,0.05730000000000002,6.7,False
2026-07-20,Iberia,Commercial,Automation,168313.67,29610.93,0.2025,0.1119,118,18,5.68,normal,No material exception,SYNTHETIC_DEMO_ONLY,-0.009001457232435839,-0.0661819963903596,-0.03459999999999999,4.0,False
2026-07-20,Iberia,Commercial,Cloud,204336.87,37223.3,0.2133,0.1066,127,21,5.49,normal,No material exception,SYNTHETIC_DEMO_ONLY,-0.047591332584812185,-0.19319508902677862,-0.03710000000000002,6.3,False
2026-07-20,Iberia,Commercial,Platform,203732.04,46965.02,0.2493,0.1423,148,27,4.34,normal,No material exception,SYNTHETIC_DEMO_ONLY,-0.07610982143063638,0.010714015938564803,0.003500000000000003,4.5,False
2026-07-20,Iberia,Enterprise,AI,230440.41,46072.44,0.2173,0.1129,133,26,5.0,normal,No material exception,SYNTHETIC_DEMO_ONLY,-0.007956310549417034,-0.11368064490313523,-0.0204,2.5,False
2026-07-20,Iberia,Enterprise,Automation,287221.36,67227.17,0.2364,0.1141,180,34,4.27,normal,No material exception,SYNTHETIC_DEMO_ONLY,0.032242381237701734,-0.024330503342131715,-0.0378,5.6,False
2026-07-20,Iberia,Enterprise,Cloud,320263.06,69223.15,0.2732,0.1476,248,50,4.63,normal,No material exception,SYNTHETIC_DEMO_ONLY,-0.049983822944733136,0.07415073487994484,0.039199999999999985,6.7,False
2026-07-20,Iberia,Enterprise,Platform,355975.46,90259.66,0.2513,0.1542,225,55,3.94,normal,No material exception,SYNTHETIC_DEMO_ONLY,-0.030411417442025468,0.17751795865156073,-0.02479999999999999,4.2,False
2026-07-20,Nordics,Commercial,AI,160832.11,30059.94,0.214,0.105,92,17,5.35,normal,No material exception,SYNTHETIC_DEMO_ONLY,-0.04512589264833777,0.10857000821656326,0.023599999999999982,4.8,False
2026-07-20,Nordics,Commercial,Automation,196841.04,36703.25,0.2207,0.1155,118,24,5.36,normal,No material exception,SYNTHETIC_DEMO_ONLY,0.005170749951258546,-0.06503851725691823,0.005099999999999993,0.8,False
2026-07-20,Nordics,Commercial,Cloud,230233.93,46919.3,0.2245,0.1197,169,37,4.91,normal,No material exception,SYNTHETIC_DEMO_ONLY,-0.06906936182181267,0.016217707749447197,0.016100000000000003,5.4,False
2026-07-20,Nordics,Commercial,Platform,240426.54,62700.98,0.2795,0.1545,189,36,3.83,normal,No material exception,SYNTHETIC_DEMO_ONLY,-0.06957779787106211,0.19398052794822895,0.045800000000000035,8.4,False
2026-07-20,Nordics,Enterprise,AI,265022.02,51699.65,0.2373,0.1476,170,25,5.13,normal,No material exception,SYNTHETIC_DEMO_ONLY,-0.11154703149615852,-0.09348924488720967,0.010800000000000004,7.2,False
2026-07-20,Nordics,Enterprise,Automation,320229.14,53986.15,0.2089,0.1308,207,35,5.93,normal,No material exception,SYNTHETIC_DEMO_ONLY,-0.11502899149374846,-0.3293770923523164,-0.05250000000000002,11.6,False
2026-07-20,Nordics,Enterprise,Cloud,371021.64,79717.33,0.2586,0.1592,225,42,4.65,normal,No material exception,SYNTHETIC_DEMO_ONLY,0.05816994164946698,0.029749280204137918,0.01319999999999999,4.5,False
2026-07-20,Nordics,Enterprise,Platform,411851.41,100567.71,0.2982,0.1728,273,56,4.1,normal,No material exception,SYNTHETIC_DEMO_ONLY,-0.03834479871003915,-0.12570458365698867,-0.00019999999999997797,2.1,False
2026-07-20,UKI,Commercial,AI,222145.72,42170.92,0.2102,0.124,141,28,5.27,normal,No material exception,SYNTHETIC_DEMO_ONLY,0.11910183181582923,0.08717555272145017,-0.01930000000000001,8.5,False
2026-07-20,UKI,Commercial,Automation,290279.72,65417.16,0.2657,0.1439,205,43,4.44,normal,No material exception,SYNTHETIC_DEMO_ONLY,0.05985886206508506,0.12328724313047057,0.013299999999999979,4.6,False
2026-07-20,UKI,Commercial,Cloud,325979.78,52840.58,0.1983,0.1175,215,38,6.17,normal,No material exception,SYNTHETIC_DEMO_ONLY,0.06948030925252358,-0.045812419326528575,-0.0116,5.0,False
2026-07-20,UKI,Commercial,Platform,315149.48,70620.46,0.282,0.1718,206,35,4.46,normal,No material exception,SYNTHETIC_DEMO_ONLY,-0.13248626159043908,-0.04682962237719579,0.049699999999999966,12.3,False
2026-07-20,UKI,Enterprise,AI,313978.75,70930.97,0.2719,0.1408,203,38,4.43,normal,No material exception,SYNTHETIC_DEMO_ONLY,-0.04592861069660559,-0.11339612264540078,0.010299999999999976,3.6,False
2026-07-20,UKI,Enterprise,Automation,432115.03,91019.83,0.2486,0.1468,272,56,4.75,normal,No material exception,SYNTHETIC_DEMO_ONLY,0.04850408711894816,-0.02318569980686902,-0.013400000000000023,4.0,False
2026-07-20,UKI,Enterprise,Cloud,516476.39,113683.53,0.2345,0.1265,326,71,4.54,normal,No material exception,SYNTHETIC_DEMO_ONLY,-0.050537362511203665,-0.067058121344166,-0.0232,5.1,False
2026-07-20,UKI,Enterprise,Platform,546615.13,119108.26,0.2603,0.1674,373,69,4.59,normal,No material exception,SYNTHETIC_DEMO_ONLY,0.09073444145107179,-0.08078257253750942,-0.052200000000000024,10.2,False
2026-07-27,Benelux,Commercial,AI,134698.9,24940.15,0.2184,0.139,90,16,5.4,normal,No material exception,SYNTHETIC_DEMO_ONLY,-0.13320959214700778,-0.1916448211127878,-0.012799999999999978,8.6,False
2026-07-27,Benelux,Commercial,Automation,187793.43,26359.31,0.1829,0.1028,118,19,7.12,normal,No material exception,SYNTHETIC_DEMO_ONLY,-0.05236946954601007,-0.24509809256267545,-0.003599999999999992,3.2,False
2026-07-27,Benelux,Commercial,Cloud,201667.06,43020.02,0.2386,0.1386,122,22,4.69,normal,No material exception,SYNTHETIC_DEMO_ONLY,-0.02302671482215113,0.13103695954691208,0.020300000000000012,3.3,False
2026-07-27,Benelux,Commercial,Platform,224233.35,44944.46,0.2263,0.114,147,25,4.99,normal,No material exception,SYNTHETIC_DEMO_ONLY,-0.06084729047203741,0.02853218489681497,0.004799999999999999,3.8,False
2026-07-27,Benelux,Enterprise,AI,252702.76,46390.22,0.2375,0.1493,175,39,5.45,normal,No material exception,SYNTHETIC_DEMO_ONLY,-0.05658381942815793,0.028486433864911342,0.028599999999999987,6.0,False
2026-07-27,Benelux,Enterprise,Automation,335272.6,79746.21,0.2686,0.1665,201,43,4.2,normal,No material exception,SYNTHETIC_DEMO_ONLY,0.21864189598519368,0.3606457633107767,0.02310000000000001,14.3,False
2026-07-27,Benelux,Enterprise,Cloud,338174.68,69324.15,0.2277,0.1234,202,39,4.88,normal,No material exception,SYNTHETIC_DEMO_ONLY,-0.0971636026531495,-0.13074277921461075,-0.02629999999999999,8.0,False
2026-07-27,Benelux,Enterprise,Platform,388686.44,98259.82,0.2805,0.1508,253,48,3.96,normal,No material exception,SYNTHETIC_DEMO_ONLY,0.01972185152059014,0.2558041749622404,0.049000000000000016,6.0,False
2026-07-27,DACH,Commercial,AI,266905.27,53415.35,0.2329,0.1248,167,26,5.0,normal,No material exception,SYNTHETIC_DEMO_ONLY,-0.305858864622343,-0.2877475649366884,-0.009899999999999992,17.8,False
2026-07-27,DACH,Commercial,Automation,274093.86,65522.99,0.2627,0.1211,196,32,4.18,normal,No material exception,SYNTHETIC_DEMO_ONLY,-0.0767588626061112,-0.0835281493120762,-0.008000000000000007,5.0,False
2026-07-27,DACH,Commercial,Cloud,362417.32,76553.66,0.2483,0.1592,212,31,4.73,normal,No material exception,SYNTHETIC_DEMO_ONLY,0.08148127325920362,0.0814078225485424,0.007800000000000001,5.3,False
2026-07-27,DACH,Commercial,Platform,373926.37,99350.83,0.2696,0.1491,249,51,3.76,normal,No material exception,SYNTHETIC_DEMO_ONLY,-0.09002325521404964,-0.003602845730626858,0.027600000000000013,7.7,False
2026-07-27,DACH,Enterprise,AI,426311.59,104562.29,0.2577,0.1432,263,55,4.08,normal,No material exception,SYNTHETIC_DEMO_ONLY,-0.3530366485289663,-0.42381637249213244,-0.05249999999999999,24.7,False
2026-07-27,DACH,Enterprise,Automation,457324.04,104874.87,0.2618,0.1246,269,36,4.36,normal,No material exception,SYNTHETIC_DEMO_ONLY,-0.09836626364462608,-0.10748103304422074,-0.01040000000000002,6.5,False
2026-07-27,DACH,Enterprise,Cloud,537065.09,137770.44,0.2946,0.1518,352,80,3.9,normal,No material exception,SYNTHETIC_DEMO_ONLY,-0.09516656293230785,0.020288245135002603,0.017199999999999993,7.0,False
2026-07-27,DACH,Enterprise,Platform,591986.1,188448.28,0.3444,0.1836,382,73,3.14,normal,No material exception,SYNTHETIC_DEMO_ONLY,-0.08943633986159227,0.34219582392024894,0.07469999999999999,12.4,False
2026-07-27,France,Commercial,AI,162225.53,28836.77,0.1871,0.1201,105,23,5.63,normal,No material exception,SYNTHETIC_DEMO_ONLY,-0.10824420522788991,-0.14600102171514873,-0.03180000000000002,9.1,False
2026-07-27,France,Commercial,Automation,233552.11,46615.59,0.2617,0.1498,155,22,5.01,normal,No material exception,SYNTHETIC_DEMO_ONLY,-0.02570911612236826,0.06600113424835463,0.06899999999999998,8.3,False
2026-07-27,France,Commercial,Cloud,247232.88,56319.67,0.2442,0.1292,136,18,4.39,normal,No material exception,SYNTHETIC_DEMO_ONLY,0.00982062914159787,0.11321295857052505,0.0015000000000000013,0.7,False
2026-07-27,France,Commercial,Platform,257280.54,50806.98,0.2236,0.1296,181,36,5.06,normal,No material exception,SYNTHETIC_DEMO_ONLY,-0.05177602368667955,-0.18851290183057834,-0.03930000000000003,6.8,False
2026-07-27,France,Enterprise,AI,268620.0,62792.43,0.2705,0.1483,183,36,4.28,normal,No material exception,SYNTHETIC_DEMO_ONLY,-0.07365485370267866,0.01402723766512426,0.005300000000000027,4.6,False
2026-07-27,France,Enterprise,Automation,337974.25,83824.57,0.2883,0.1672,225,42,4.03,normal,No material exception,SYNTHETIC_DEMO_ONLY,-0.11311991343390859,0.07560230188413919,0.03470000000000001,9.7,False
2026-07-27,France,Enterprise,Cloud,405766.25,82706.38,0.232,0.1363,269,51,4.91,normal,No material exception,SYNTHETIC_DEMO_ONLY,-0.01245851427090594,-0.1282117175328713,-0.03609999999999999,4.3,False
2026-07-27,France,Enterprise,Platform,441793.14,111183.61,0.263,0.1359,296,44,3.97,normal,No material exception,SYNTHETIC_DEMO_ONLY,-0.023912720092816753,0.10825355954341997,0.009000000000000008,2.2,False
2026-07-27,Iberia,Commercial,AI,144090.79,30859.23,0.2271,0.1211,90,13,4.67,normal,No material exception,SYNTHETIC_DEMO_ONLY,-0.025988174835279265,0.26369656438768363,0.004799999999999999,1.9,False
2026-07-27,Iberia,Commercial,Automation,177973.3,28150.2,0.1897,0.0975,127,22,6.32,normal,No material exception,SYNTHETIC_DEMO_ONLY,-0.0010293747599374736,-0.1984115277569748,-0.04819999999999999,4.9,False
2026-07-27,Iberia,Commercial,Cloud,191814.17,36111.23,0.1984,0.106,102,23,5.31,normal,No material exception,SYNTHETIC_DEMO_ONLY,-0.011557430789525314,-0.10419866217334195,-0.05390000000000003,6.0,False
2026-07-27,Iberia,Commercial,Platform,208698.43,35490.19,0.2114,0.1081,118,20,5.88,normal,No material exception,SYNTHETIC_DEMO_ONLY,-0.08303849672367236,-0.26505094708312305,-0.029200000000000004,7.5,False
2026-07-27,Iberia,Enterprise,AI,238183.72,51486.39,0.2573,0.1479,156,28,4.63,normal,No material exception,SYNTHETIC_DEMO_ONLY,0.026719507396140152,-0.1325936023071359,-0.01940000000000003,3.4,False
2026-07-27,Iberia,Enterprise,Automation,278133.61,49858.19,0.2341,0.1207,197,37,5.58,normal,No material exception,SYNTHETIC_DEMO_ONLY,-0.02778578245782415,-0.10427362864991208,0.013500000000000012,2.9,False
2026-07-27,Iberia,Enterprise,Cloud,334386.6,73841.26,0.2604,0.1308,228,38,4.53,normal,No material exception,SYNTHETIC_DEMO_ONLY,-0.10210913189189397,-0.18191772098397319,-0.009999999999999953,6.6,False
2026-07-27,Iberia,Enterprise,Platform,373618.13,71017.07,0.2252,0.1073,244,55,5.26,normal,No material exception,SYNTHETIC_DEMO_ONLY,0.03158954381215473,-0.0983850752832548,-0.033499999999999974,5.1,False
2026-07-27,Nordics,Commercial,AI,149634.44,24416.73,0.1856,0.1076,91,18,6.13,normal,No material exception,SYNTHETIC_DEMO_ONLY,-0.09410281031688394,-0.12528104378479465,-0.026800000000000018,7.9,False
2026-07-27,Nordics,Commercial,Automation,193493.35,43114.18,0.2435,0.1217,149,25,4.49,normal,No material exception,SYNTHETIC_DEMO_ONLY,-0.1443887617195131,-0.07121162279638793,0.015699999999999992,9.5,False
2026-07-27,Nordics,Commercial,Cloud,211885.11,43132.32,0.2387,0.12,143,26,4.91,normal,No material exception,SYNTHETIC_DEMO_ONLY,-0.09217519996257051,-0.12173989179635558,0.002599999999999991,5.3,False
2026-07-27,Nordics,Commercial,Platform,256951.14,50769.98,0.2323,0.1219,170,37,5.06,normal,No material exception,SYNTHETIC_DEMO_ONLY,0.009177088565098357,-0.10622133221838337,-0.013300000000000006,1.8,False
2026-07-27,Nordics,Enterprise,AI,259013.55,53892.44,0.2575,0.1385,163,29,4.81,normal,No material exception,SYNTHETIC_DEMO_ONLY,-0.10897136676194674,-0.03345815847053335,0.032200000000000006,9.2,False
2026-07-27,Nordics,Enterprise,Automation,290832.77,57330.99,0.2314,0.1149,216,38,5.07,normal,No material exception,SYNTHETIC_DEMO_ONLY,-0.10179389042212184,-0.15662000672279786,-0.009899999999999992,6.6,False
2026-07-27,Nordics,Enterprise,Cloud,354638.76,86747.58,0.2622,0.1498,254,42,4.09,normal,No material exception,SYNTHETIC_DEMO_ONLY,-0.16457101582267597,-0.184594909079561,-0.015300000000000036,10.6,False
2026-07-27,Nordics,Enterprise,Platform,430541.51,89302.28,0.2393,0.1285,273,52,4.82,normal,No material exception,SYNTHETIC_DEMO_ONLY,0.04657286388576898,-0.08606574447971704,-0.05569999999999997,8.1,False
2026-07-27,UKI,Commercial,AI,192124.89,37595.88,0.2338,0.1362,107,16,5.11,normal,No material exception,SYNTHETIC_DEMO_ONLY,-0.1593338953967044,-0.2841442081967236,-0.029200000000000004,11.7,False
2026-07-27,UKI,Commercial,Automation,235468.44,51230.21,0.2474,0.1412,154,31,4.6,normal,No material exception,SYNTHETIC_DEMO_ONLY,-0.13923146645815354,-0.028499752242851617,0.02990000000000001,10.6,False
2026-07-27,UKI,Commercial,Cloud,293485.47,62115.4,0.248,0.1282,184,41,4.72,normal,No material exception,SYNTHETIC_DEMO_ONLY,-0.11062909636563856,0.0035605449356024277,0.02579999999999999,8.7,False
2026-07-27,UKI,Commercial,Platform,352921.31,86040.64,0.2746,0.1558,248,40,4.1,normal,No material exception,SYNTHETIC_DEMO_ONLY,0.02056421156126187,0.0456601537415251,0.010300000000000031,2.2,False
2026-07-27,UKI,Enterprise,AI,325266.84,81470.8,0.2689,0.139,187,34,3.99,normal,No material exception,SYNTHETIC_DEMO_ONLY,-0.08202244552702642,0.2470137474759968,0.06459999999999996,11.0,False
2026-07-27,UKI,Enterprise,Automation,407294.98,96194.5,0.2455,0.1605,296,51,4.23,normal,No material exception,SYNTHETIC_DEMO_ONLY,-0.15130108522486174,0.22237785910768681,0.012699999999999989,9.6,False
2026-07-27,UKI,Enterprise,Cloud,512900.13,141453.81,0.2826,0.1556,340,66,3.63,normal,No material exception,SYNTHETIC_DEMO_ONLY,0.015842866636938124,0.2059287127345455,0.009700000000000042,1.8,False
2026-07-27,UKI,Enterprise,Platform,553780.83,144191.03,0.2924,0.1428,368,72,3.84,normal,No material exception,SYNTHETIC_DEMO_ONLY,0.009206806881774776,0.12789374173240398,0.029200000000000004,3.4,False
